{"argv": ["train.py", "--seed", "77", "--optimizer", "SGD", "--run_name", "sgd-0.01.json", "--output_path", "experiments/nonconvex_stl10/sgd-0.01.json", "--dataset", "STL10", "--layer_sizes", "27648", "100", "10", "--batch_size", "10", "--learning_rate", "0.01", "--weight_decay", "0.001", "--num_epochs", "300"], "args": {"seed": 77, "optimizer": "SGD", "run_name": "sgd-0.01.json", "output_path": "experiments/nonconvex_stl10/sgd-0.01.json", "device": "cpu", "dataset": "STL10", "dataset_root": "~/datasets/pytorch", "dataset_size": null, "download": false, "layer_sizes": [27648, 100, 10], "batch_size": 10, "test_batch_size": 256, "learning_rate": 0.01, "weight_decay": 0.001, "warmup_learning_rate": 0.01, "num_warmup_epochs": 10, "num_outer_epochs": 100, "num_inner_epochs": 5, "inner_epoch_fraction": null, "choose_random_iterate": false, "num_epochs": 300}, "metrics": [{"epoch": 1, "train_loss": 2.0677619779109957, "grad_norm": 2.0308585166931152, "test_error": 0.7805}, {"epoch": 2, "train_loss": 1.917460608959198, "grad_norm": 2.583939790725708, "test_error": 0.72525}, {"epoch": 3, "train_loss": 1.843020603656769, "grad_norm": 2.16115140914917, "test_error": 0.67575}, {"epoch": 4, "train_loss": 1.791853464961052, "grad_norm": 2.4323301315307617, "test_error": 0.69825}, {"epoch": 5, "train_loss": 1.747514509677887, "grad_norm": 3.8748977184295654, "test_error": 0.706375}, {"epoch": 6, "train_loss": 1.7151303634643555, "grad_norm": 1.4645028114318848, "test_error": 0.655125}, {"epoch": 7, "train_loss": 1.6787351245880127, "grad_norm": 2.9395017623901367, "test_error": 0.66475}, {"epoch": 8, "train_loss": 1.6515806059837341, "grad_norm": 2.4863364696502686, "test_error": 0.661125}, {"epoch": 9, "train_loss": 1.614955154657364, "grad_norm": 1.6311984062194824, "test_error": 0.64325}, {"epoch": 10, "train_loss": 1.5886695582866668, "grad_norm": 3.6520349979400635, "test_error": 0.666875}, {"epoch": 11, "train_loss": 1.5600037339925765, "grad_norm": 3.962477207183838, "test_error": 0.64625}, {"epoch": 12, "train_loss": 1.5254494315385818, "grad_norm": 6.198329925537109, "test_error": 0.69975}, {"epoch": 13, "train_loss": 1.5099818031787873, "grad_norm": 4.389881134033203, "test_error": 0.665}, {"epoch": 14, "train_loss": 1.473533216714859, "grad_norm": 3.287391424179077, "test_error": 0.645125}, {"epoch": 15, "train_loss": 1.4447594133615493, "grad_norm": 4.480236530303955, "test_error": 0.650625}, {"epoch": 16, "train_loss": 1.4374345304965972, "grad_norm": 3.037005662918091, "test_error": 0.62275}, {"epoch": 17, "train_loss": 1.3940466536283493, "grad_norm": 3.1025397777557373, "test_error": 0.637}, {"epoch": 18, "train_loss": 1.3759714019298555, "grad_norm": 2.240220546722412, "test_error": 0.6315}, {"epoch": 19, "train_loss": 1.3499819176197052, "grad_norm": 4.125885963439941, "test_error": 0.636875}, {"epoch": 20, "train_loss": 1.3333457427620887, "grad_norm": 4.193251132965088, "test_error": 0.634625}, {"epoch": 21, "train_loss": 1.307899017214775, "grad_norm": 2.261371612548828, "test_error": 0.618375}, {"epoch": 22, "train_loss": 1.2716126497983933, "grad_norm": 6.434057235717773, "test_error": 0.6385}, {"epoch": 23, "train_loss": 1.2578471491336822, "grad_norm": 4.58240270614624, "test_error": 0.637375}, {"epoch": 24, "train_loss": 1.2143524588346482, "grad_norm": 3.783937931060791, "test_error": 0.62925}, {"epoch": 25, "train_loss": 1.185714710354805, "grad_norm": 2.8630359172821045, "test_error": 0.63025}, {"epoch": 26, "train_loss": 1.1733350303769112, "grad_norm": 6.897157669067383, "test_error": 0.658375}, {"epoch": 27, "train_loss": 1.1418343169689178, "grad_norm": 4.700024127960205, "test_error": 0.648}, {"epoch": 28, "train_loss": 1.1307299399375916, "grad_norm": 2.676913261413574, "test_error": 0.6115}, {"epoch": 29, "train_loss": 1.09468254250288, "grad_norm": 3.505645751953125, "test_error": 0.622625}, {"epoch": 30, "train_loss": 1.0884708978533746, "grad_norm": 3.6650898456573486, "test_error": 0.624375}, {"epoch": 31, "train_loss": 1.0593714526891709, "grad_norm": 3.810636043548584, "test_error": 0.628375}, {"epoch": 32, "train_loss": 1.023280746281147, "grad_norm": 9.998648643493652, "test_error": 0.653375}, {"epoch": 33, "train_loss": 1.0296161072254182, "grad_norm": 5.371076583862305, "test_error": 0.643}, {"epoch": 34, "train_loss": 1.0280369348824023, "grad_norm": 4.284527778625488, "test_error": 0.626375}, {"epoch": 35, "train_loss": 0.9592593799829483, "grad_norm": 9.290281295776367, "test_error": 0.665125}, {"epoch": 36, "train_loss": 0.9440486982762814, "grad_norm": 4.363331317901611, "test_error": 0.614875}, {"epoch": 37, "train_loss": 0.9268744418621063, "grad_norm": 5.540582180023193, "test_error": 0.63675}, {"epoch": 38, "train_loss": 0.8813878429234028, "grad_norm": 4.846782684326172, "test_error": 0.626875}, {"epoch": 39, "train_loss": 0.8849641064405441, "grad_norm": 4.196010589599609, "test_error": 0.636}, {"epoch": 40, "train_loss": 0.8637934950888156, "grad_norm": 3.8684489727020264, "test_error": 0.61625}, {"epoch": 41, "train_loss": 0.8405907990634441, "grad_norm": 2.786536455154419, "test_error": 0.61125}, {"epoch": 42, "train_loss": 0.8392367616295815, "grad_norm": 2.5897023677825928, "test_error": 0.61925}, {"epoch": 43, "train_loss": 0.8087312250733375, "grad_norm": 3.8402652740478516, "test_error": 0.613375}, {"epoch": 44, "train_loss": 0.7979479835629463, "grad_norm": 5.114895343780518, "test_error": 0.63275}, {"epoch": 45, "train_loss": 0.7950497016310691, "grad_norm": 6.908261299133301, "test_error": 0.627625}, {"epoch": 46, "train_loss": 0.755640561580658, "grad_norm": 5.6922607421875, "test_error": 0.62}, {"epoch": 47, "train_loss": 0.7596243137344718, "grad_norm": 7.39617395401001, "test_error": 0.65775}, {"epoch": 48, "train_loss": 0.7179760638475418, "grad_norm": 3.117514133453369, "test_error": 0.6185}, {"epoch": 49, "train_loss": 0.7573058326095342, "grad_norm": 3.3800299167633057, "test_error": 0.607375}, {"epoch": 50, "train_loss": 0.7121847234070301, "grad_norm": 3.334026336669922, "test_error": 0.60925}, {"epoch": 51, "train_loss": 0.7056570540815592, "grad_norm": 5.414610862731934, "test_error": 0.62175}, {"epoch": 52, "train_loss": 0.6741843371838331, "grad_norm": 5.010588645935059, "test_error": 0.630125}, {"epoch": 53, "train_loss": 0.6320294795259833, "grad_norm": 4.6662445068359375, "test_error": 0.607375}, {"epoch": 54, "train_loss": 0.6415857142210006, "grad_norm": 2.336292028427124, "test_error": 0.6125}, {"epoch": 55, "train_loss": 0.6520760965496302, "grad_norm": 3.7569937705993652, "test_error": 0.622625}, {"epoch": 56, "train_loss": 0.6293759031742812, "grad_norm": 6.855746746063232, "test_error": 0.63075}, {"epoch": 57, "train_loss": 0.5835515405014158, "grad_norm": 2.0956554412841797, "test_error": 0.609125}, {"epoch": 58, "train_loss": 0.5740980857089162, "grad_norm": 20.465063095092773, "test_error": 0.69675}, {"epoch": 59, "train_loss": 0.5674416987746954, "grad_norm": 9.163302421569824, "test_error": 0.65225}, {"epoch": 60, "train_loss": 0.5696754355095327, "grad_norm": 4.2416605949401855, "test_error": 0.617375}, {"epoch": 61, "train_loss": 0.5449125506281852, "grad_norm": 5.347214698791504, "test_error": 0.6275}, {"epoch": 62, "train_loss": 0.5418690840303898, "grad_norm": 5.111252307891846, "test_error": 0.62025}, {"epoch": 63, "train_loss": 0.5074312172010541, "grad_norm": 19.47718048095703, "test_error": 0.698375}, {"epoch": 64, "train_loss": 0.53877812127769, "grad_norm": 4.011099338531494, "test_error": 0.619625}, {"epoch": 65, "train_loss": 0.5136006023362278, "grad_norm": 2.660022497177124, "test_error": 0.609375}, {"epoch": 66, "train_loss": 0.4467484446316958, "grad_norm": 4.649762153625488, "test_error": 0.61275}, {"epoch": 67, "train_loss": 0.45065601337701083, "grad_norm": 4.417655944824219, "test_error": 0.62975}, {"epoch": 68, "train_loss": 0.4811637320071459, "grad_norm": 5.725419521331787, "test_error": 0.628375}, {"epoch": 69, "train_loss": 0.4548776256889105, "grad_norm": 11.352219581604004, "test_error": 0.670375}, {"epoch": 70, "train_loss": 0.4977436595931649, "grad_norm": 2.5159385204315186, "test_error": 0.60975}, {"epoch": 71, "train_loss": 0.47407265116646885, "grad_norm": 3.382603168487549, "test_error": 0.60825}, {"epoch": 72, "train_loss": 0.487854277972132, "grad_norm": 4.6072282791137695, "test_error": 0.615}, {"epoch": 73, "train_loss": 0.4881405605301261, "grad_norm": 2.289757251739502, "test_error": 0.606625}, {"epoch": 74, "train_loss": 0.43508034833148124, "grad_norm": 10.328816413879395, "test_error": 0.650875}, {"epoch": 75, "train_loss": 0.43693387690559027, "grad_norm": 2.9191977977752686, "test_error": 0.622}, {"epoch": 76, "train_loss": 0.3940534975267947, "grad_norm": 2.8682827949523926, "test_error": 0.617625}, {"epoch": 77, "train_loss": 0.3614350254582241, "grad_norm": 3.2372493743896484, "test_error": 0.622875}, {"epoch": 78, "train_loss": 0.39197641038149594, "grad_norm": 3.7504210472106934, "test_error": 0.622875}, {"epoch": 79, "train_loss": 0.34121707890555264, "grad_norm": 2.70802640914917, "test_error": 0.62475}, {"epoch": 80, "train_loss": 0.34029627016186714, "grad_norm": 4.533834934234619, "test_error": 0.62975}, {"epoch": 81, "train_loss": 0.4017567692352459, "grad_norm": 5.255914688110352, "test_error": 0.621}, {"epoch": 82, "train_loss": 0.32123777146451177, "grad_norm": 4.918046951293945, "test_error": 0.622125}, {"epoch": 83, "train_loss": 0.35586790573783217, "grad_norm": 4.715354919433594, "test_error": 0.629375}, {"epoch": 84, "train_loss": 0.32837468927167357, "grad_norm": 2.430184841156006, "test_error": 0.610875}, {"epoch": 85, "train_loss": 0.34850546937435867, "grad_norm": 2.2579379081726074, "test_error": 0.609625}, {"epoch": 86, "train_loss": 0.3202783590964973, "grad_norm": 1.969772458076477, "test_error": 0.60275}, {"epoch": 87, "train_loss": 0.29692061003670095, "grad_norm": 4.758210182189941, "test_error": 0.63625}, {"epoch": 88, "train_loss": 0.30887324644252656, "grad_norm": 2.213911294937134, "test_error": 0.61725}, {"epoch": 89, "train_loss": 0.28621076615154745, "grad_norm": 3.324157476425171, "test_error": 0.61875}, {"epoch": 90, "train_loss": 0.28337808771431444, "grad_norm": 4.483616828918457, "test_error": 0.630875}, {"epoch": 91, "train_loss": 0.3695784232784063, "grad_norm": 5.042330741882324, "test_error": 0.627}, {"epoch": 92, "train_loss": 0.24627756602922454, "grad_norm": 2.702042579650879, "test_error": 0.623125}, {"epoch": 93, "train_loss": 0.24148644140269607, "grad_norm": 1.2817320823669434, "test_error": 0.606625}, {"epoch": 94, "train_loss": 0.2556485609728843, "grad_norm": 3.686892032623291, "test_error": 0.621125}, {"epoch": 95, "train_loss": 0.2599655555197969, "grad_norm": 2.827608823776245, "test_error": 0.61975}, {"epoch": 96, "train_loss": 0.2678626940702088, "grad_norm": 4.529928684234619, "test_error": 0.621625}, {"epoch": 97, "train_loss": 0.3538658641893417, "grad_norm": 0.9442726373672485, "test_error": 0.606875}, {"epoch": 98, "train_loss": 0.23895549187995493, "grad_norm": 2.123741388320923, "test_error": 0.616375}, {"epoch": 99, "train_loss": 0.21992397760320453, "grad_norm": 5.33393669128418, "test_error": 0.633875}, {"epoch": 100, "train_loss": 0.2260992912966758, "grad_norm": 1.4976091384887695, "test_error": 0.606125}, {"epoch": 101, "train_loss": 0.18023901188187302, "grad_norm": 4.341614246368408, "test_error": 0.6175}, {"epoch": 102, "train_loss": 0.21298696941602976, "grad_norm": 1.7159819602966309, "test_error": 0.608625}, {"epoch": 103, "train_loss": 0.322982185119763, "grad_norm": 3.51283597946167, "test_error": 0.6255}, {"epoch": 104, "train_loss": 0.16129064614884556, "grad_norm": 2.840278148651123, "test_error": 0.615875}, {"epoch": 105, "train_loss": 0.3645758042503148, "grad_norm": 11.727157592773438, "test_error": 0.670625}, {"epoch": 106, "train_loss": 0.24052430295199156, "grad_norm": 5.00576639175415, "test_error": 0.658125}, {"epoch": 107, "train_loss": 0.22118516619876027, "grad_norm": 1.6175280809402466, "test_error": 0.618625}, {"epoch": 108, "train_loss": 0.19216240848787128, "grad_norm": 4.106913089752197, "test_error": 0.61725}, {"epoch": 109, "train_loss": 0.14728218724648467, "grad_norm": 1.0623921155929565, "test_error": 0.61325}, {"epoch": 110, "train_loss": 0.2988718547234312, "grad_norm": 4.030083656311035, "test_error": 0.621}, {"epoch": 111, "train_loss": 0.27898008779250083, "grad_norm": 1.179280161857605, "test_error": 0.614125}, {"epoch": 112, "train_loss": 0.2608210199503228, "grad_norm": 16.69758415222168, "test_error": 0.714625}, {"epoch": 113, "train_loss": 0.2675474670445547, "grad_norm": 6.479874134063721, "test_error": 0.626625}, {"epoch": 114, "train_loss": 0.14275624664966016, "grad_norm": 5.720434188842773, "test_error": 0.62225}, {"epoch": 115, "train_loss": 0.10990992868598551, "grad_norm": 0.8221461772918701, "test_error": 0.604}, {"epoch": 116, "train_loss": 0.2768036024067551, "grad_norm": 4.1493916511535645, "test_error": 0.63625}, {"epoch": 117, "train_loss": 0.15170182581571862, "grad_norm": 0.6563754677772522, "test_error": 0.608375}, {"epoch": 118, "train_loss": 0.1778570003104396, "grad_norm": 3.2622992992401123, "test_error": 0.630625}, {"epoch": 119, "train_loss": 0.1798612326523289, "grad_norm": 6.684593677520752, "test_error": 0.63325}, {"epoch": 120, "train_loss": 0.1733777842046693, "grad_norm": 9.368437767028809, "test_error": 0.665125}, {"epoch": 121, "train_loss": 0.18631968804169446, "grad_norm": 6.099882125854492, "test_error": 0.637625}, {"epoch": 122, "train_loss": 0.0819250126867555, "grad_norm": 5.6621198654174805, "test_error": 0.636875}, {"epoch": 123, "train_loss": 0.18878788074990735, "grad_norm": 3.439925193786621, "test_error": 0.627625}, {"epoch": 124, "train_loss": 0.2567257942808792, "grad_norm": 1.022497296333313, "test_error": 0.617875}, {"epoch": 125, "train_loss": 0.2593722676634789, "grad_norm": 0.7763627767562866, "test_error": 0.6115}, {"epoch": 126, "train_loss": 0.23389446643646805, "grad_norm": 2.6079320907592773, "test_error": 0.630375}, {"epoch": 127, "train_loss": 0.2740022319927812, "grad_norm": 4.419683933258057, "test_error": 0.623125}, {"epoch": 128, "train_loss": 0.22481151609215885, "grad_norm": 9.750054359436035, "test_error": 0.6475}, {"epoch": 129, "train_loss": 0.16898525655316188, "grad_norm": 0.6687546968460083, "test_error": 0.610625}, {"epoch": 130, "train_loss": 0.246755568837747, "grad_norm": 1.3112837076187134, "test_error": 0.61425}, {"epoch": 131, "train_loss": 0.11089464071532712, "grad_norm": 6.137516975402832, "test_error": 0.633625}, {"epoch": 132, "train_loss": 0.13778196496004239, "grad_norm": 1.2437808513641357, "test_error": 0.613625}, {"epoch": 133, "train_loss": 0.06724624299164861, "grad_norm": 0.5605288743972778, "test_error": 0.606625}, {"epoch": 134, "train_loss": 0.06461693283962086, "grad_norm": 6.047727108001709, "test_error": 0.62925}, {"epoch": 135, "train_loss": 0.403305305688642, "grad_norm": 3.84578275680542, "test_error": 0.63675}, {"epoch": 136, "train_loss": 0.5241826763190329, "grad_norm": 9.28994083404541, "test_error": 0.66675}, {"epoch": 137, "train_loss": 0.45043412277288736, "grad_norm": 6.8219685554504395, "test_error": 0.644125}, {"epoch": 138, "train_loss": 0.22893185210973024, "grad_norm": 3.842633008956909, "test_error": 0.63}, {"epoch": 139, "train_loss": 0.21136787948571145, "grad_norm": 1.6186860799789429, "test_error": 0.618875}, {"epoch": 140, "train_loss": 0.35183644593926144, "grad_norm": 0.8198123574256897, "test_error": 0.616875}, {"epoch": 141, "train_loss": 0.1845635930877179, "grad_norm": 0.7943034172058105, "test_error": 0.621875}, {"epoch": 142, "train_loss": 0.23978008130192757, "grad_norm": 1.3995084762573242, "test_error": 0.620625}, {"epoch": 143, "train_loss": 0.18046601403784007, "grad_norm": 1.049134612083435, "test_error": 0.615875}, {"epoch": 144, "train_loss": 0.06354387889243662, "grad_norm": 1.0363885164260864, "test_error": 0.615625}, {"epoch": 145, "train_loss": 0.09376262490078807, "grad_norm": 2.424335241317749, "test_error": 0.62375}, {"epoch": 146, "train_loss": 0.05804844101588242, "grad_norm": 1.2785265445709229, "test_error": 0.614375}, {"epoch": 147, "train_loss": 0.07204681319231167, "grad_norm": 0.6293978691101074, "test_error": 0.609}, {"epoch": 148, "train_loss": 0.0751462777997367, "grad_norm": 0.8457908630371094, "test_error": 0.61}, {"epoch": 149, "train_loss": 0.04260265385452658, "grad_norm": 0.3675178587436676, "test_error": 0.607125}, {"epoch": 150, "train_loss": 0.04789156447350979, "grad_norm": 0.48844414949417114, "test_error": 0.608375}, {"epoch": 151, "train_loss": 0.20601799469301477, "grad_norm": 1.2177597284317017, "test_error": 0.619625}, {"epoch": 152, "train_loss": 0.039427728795446454, "grad_norm": 0.2684764564037323, "test_error": 0.60125}, {"epoch": 153, "train_loss": 0.34893583390302957, "grad_norm": 12.50506591796875, "test_error": 0.66475}, {"epoch": 154, "train_loss": 0.3530575882089324, "grad_norm": 1.2271125316619873, "test_error": 0.613625}, {"epoch": 155, "train_loss": 0.4142781432271004, "grad_norm": 2.2440450191497803, "test_error": 0.624875}, {"epoch": 156, "train_loss": 0.09013607988599688, "grad_norm": 3.494201183319092, "test_error": 0.62325}, {"epoch": 157, "train_loss": 0.33284736753907057, "grad_norm": 1.340837001800537, "test_error": 0.611375}, {"epoch": 158, "train_loss": 0.11633742740703747, "grad_norm": 2.176301956176758, "test_error": 0.621}, {"epoch": 159, "train_loss": 0.05369534069788642, "grad_norm": 0.7666321992874146, "test_error": 0.607625}, {"epoch": 160, "train_loss": 0.22128871201560832, "grad_norm": 2.803924798965454, "test_error": 0.6245}, {"epoch": 161, "train_loss": 0.06139032697910443, "grad_norm": 0.523162305355072, "test_error": 0.603875}, {"epoch": 162, "train_loss": 0.07731517807999626, "grad_norm": 4.219282627105713, "test_error": 0.646125}, {"epoch": 163, "train_loss": 0.11387929298495873, "grad_norm": 0.5685480833053589, "test_error": 0.6065}, {"epoch": 164, "train_loss": 0.049295245024142786, "grad_norm": 0.33823755383491516, "test_error": 0.606625}, {"epoch": 165, "train_loss": 0.049578706900822, "grad_norm": 0.22157223522663116, "test_error": 0.606875}, {"epoch": 166, "train_loss": 0.15204722836613654, "grad_norm": 0.7402576208114624, "test_error": 0.613375}, {"epoch": 167, "train_loss": 0.05813872270379215, "grad_norm": 0.42781656980514526, "test_error": 0.60975}, {"epoch": 168, "train_loss": 0.03250162746151909, "grad_norm": 0.30739566683769226, "test_error": 0.607375}, {"epoch": 169, "train_loss": 0.02669244386604987, "grad_norm": 0.3563699722290039, "test_error": 0.606625}, {"epoch": 170, "train_loss": 0.3513863115897402, "grad_norm": 2.8451974391937256, "test_error": 0.632625}, {"epoch": 171, "train_loss": 0.17112446691654623, "grad_norm": 0.6993175148963928, "test_error": 0.605625}, {"epoch": 172, "train_loss": 0.3426487434431911, "grad_norm": 3.5037524700164795, "test_error": 0.629375}, {"epoch": 173, "train_loss": 0.20988272253330797, "grad_norm": 0.6986367702484131, "test_error": 0.60375}, {"epoch": 174, "train_loss": 0.26657238651392984, "grad_norm": 2.42101788520813, "test_error": 0.623875}, {"epoch": 175, "train_loss": 0.0679940263684839, "grad_norm": 0.47236472368240356, "test_error": 0.605}, {"epoch": 176, "train_loss": 0.034453615123638884, "grad_norm": 0.3757975697517395, "test_error": 0.601}, {"epoch": 177, "train_loss": 0.07357584068179131, "grad_norm": 0.6230758428573608, "test_error": 0.608}, {"epoch": 178, "train_loss": 0.3801584701631218, "grad_norm": 0.6780020594596863, "test_error": 0.608}, {"epoch": 179, "train_loss": 0.3782776841279119, "grad_norm": 1.1625961065292358, "test_error": 0.61525}, {"epoch": 180, "train_loss": 0.08676578530622646, "grad_norm": 0.5474873185157776, "test_error": 0.60575}, {"epoch": 181, "train_loss": 0.061778992205625397, "grad_norm": 0.44140931963920593, "test_error": 0.602375}, {"epoch": 182, "train_loss": 0.03736395128676668, "grad_norm": 0.25309357047080994, "test_error": 0.60175}, {"epoch": 183, "train_loss": 0.034630358404945584, "grad_norm": 0.3373483717441559, "test_error": 0.60425}, {"epoch": 184, "train_loss": 0.03444853893923573, "grad_norm": 2.322683811187744, "test_error": 0.616125}, {"epoch": 185, "train_loss": 0.149905998791568, "grad_norm": 0.8163312077522278, "test_error": 0.60475}, {"epoch": 186, "train_loss": 0.03240109079307876, "grad_norm": 0.2949357330799103, "test_error": 0.602125}, {"epoch": 187, "train_loss": 0.11751299741328694, "grad_norm": 0.16225185990333557, "test_error": 0.602875}, {"epoch": 188, "train_loss": 0.028159423541510478, "grad_norm": 0.34196585416793823, "test_error": 0.60425}, {"epoch": 189, "train_loss": 0.4390801763627678, "grad_norm": 0.8199906349182129, "test_error": 0.6075}, {"epoch": 190, "train_loss": 0.0468458574062679, "grad_norm": 1.3204731941223145, "test_error": 0.605375}, {"epoch": 191, "train_loss": 0.08501099078555126, "grad_norm": 2.190037488937378, "test_error": 0.62025}, {"epoch": 192, "train_loss": 0.08093142262031325, "grad_norm": 0.22638331353664398, "test_error": 0.60325}, {"epoch": 193, "train_loss": 0.1911163330557756, "grad_norm": 0.605888307094574, "test_error": 0.60625}, {"epoch": 194, "train_loss": 0.03251324744289741, "grad_norm": 0.6918051242828369, "test_error": 0.610125}, {"epoch": 195, "train_loss": 0.133803916987963, "grad_norm": 4.248805999755859, "test_error": 0.652875}, {"epoch": 196, "train_loss": 0.11859590743202716, "grad_norm": 0.3829634189605713, "test_error": 0.59925}, {"epoch": 197, "train_loss": 0.1505192332996521, "grad_norm": 4.738255500793457, "test_error": 0.673}, {"epoch": 198, "train_loss": 0.6278458025474102, "grad_norm": 6.144445419311523, "test_error": 0.64675}, {"epoch": 199, "train_loss": 0.3338561428263783, "grad_norm": 4.553536415100098, "test_error": 0.624375}, {"epoch": 200, "train_loss": 0.3778415598543361, "grad_norm": 1.7508858442306519, "test_error": 0.608375}, {"epoch": 201, "train_loss": 0.16640566428285092, "grad_norm": 2.581127405166626, "test_error": 0.61675}, {"epoch": 202, "train_loss": 0.17838505674898625, "grad_norm": 0.8061895966529846, "test_error": 0.608875}, {"epoch": 203, "train_loss": 0.11629090244602412, "grad_norm": 1.0213221311569214, "test_error": 0.619}, {"epoch": 204, "train_loss": 0.4509904347201809, "grad_norm": 4.3897786140441895, "test_error": 0.629875}, {"epoch": 205, "train_loss": 0.5257116011716425, "grad_norm": 2.2470710277557373, "test_error": 0.625375}, {"epoch": 206, "train_loss": 0.36430390433594584, "grad_norm": 7.749380111694336, "test_error": 0.6475}, {"epoch": 207, "train_loss": 0.32840761496685444, "grad_norm": 2.204329013824463, "test_error": 0.608875}, {"epoch": 208, "train_loss": 0.2316306248670444, "grad_norm": 4.635461330413818, "test_error": 0.63225}, {"epoch": 209, "train_loss": 0.29849261522106824, "grad_norm": 1.7903176546096802, "test_error": 0.61775}, {"epoch": 210, "train_loss": 0.24612464473210274, "grad_norm": 3.1382126808166504, "test_error": 0.624}, {"epoch": 211, "train_loss": 0.0445617263559252, "grad_norm": 0.93241947889328, "test_error": 0.605125}, {"epoch": 212, "train_loss": 0.04202003432298079, "grad_norm": 0.549328625202179, "test_error": 0.605}, {"epoch": 213, "train_loss": 0.05803528380440548, "grad_norm": 1.0072481632232666, "test_error": 0.611125}, {"epoch": 214, "train_loss": 0.06604097597673535, "grad_norm": 0.34308624267578125, "test_error": 0.602625}, {"epoch": 215, "train_loss": 0.051263955648522826, "grad_norm": 0.7812870144844055, "test_error": 0.6075}, {"epoch": 216, "train_loss": 0.02908175995433703, "grad_norm": 0.5866418480873108, "test_error": 0.606625}, {"epoch": 217, "train_loss": 0.02449456847831607, "grad_norm": 0.24359607696533203, "test_error": 0.60275}, {"epoch": 218, "train_loss": 0.025484734961530194, "grad_norm": 0.4114267826080322, "test_error": 0.601625}, {"epoch": 219, "train_loss": 0.023990510001312942, "grad_norm": 0.21672958135604858, "test_error": 0.60325}, {"epoch": 220, "train_loss": 0.028026814084616488, "grad_norm": 0.22446736693382263, "test_error": 0.60675}, {"epoch": 221, "train_loss": 0.3910908597400412, "grad_norm": 5.581894874572754, "test_error": 0.646}, {"epoch": 222, "train_loss": 0.42083858512947336, "grad_norm": 1.217583417892456, "test_error": 0.60725}, {"epoch": 223, "train_loss": 0.10366229278733954, "grad_norm": 2.6384453773498535, "test_error": 0.61675}, {"epoch": 224, "train_loss": 0.07084913876606151, "grad_norm": 0.282696396112442, "test_error": 0.59875}, {"epoch": 225, "train_loss": 0.03685226852074266, "grad_norm": 0.6496965289115906, "test_error": 0.600625}, {"epoch": 226, "train_loss": 0.09760962722590193, "grad_norm": 9.086212158203125, "test_error": 0.664}, {"epoch": 227, "train_loss": 0.05040511433174834, "grad_norm": 1.453579306602478, "test_error": 0.62275}, {"epoch": 228, "train_loss": 0.36253864656295626, "grad_norm": 10.919245719909668, "test_error": 0.673}, {"epoch": 229, "train_loss": 0.08231437697913498, "grad_norm": 0.8236477375030518, "test_error": 0.607}, {"epoch": 230, "train_loss": 0.15377479357551782, "grad_norm": 0.6154161691665649, "test_error": 0.61}, {"epoch": 231, "train_loss": 0.2789866616846994, "grad_norm": 3.748629331588745, "test_error": 0.612125}, {"epoch": 232, "train_loss": 0.034268268264830114, "grad_norm": 0.31635433435440063, "test_error": 0.607}, {"epoch": 233, "train_loss": 0.036785498401150106, "grad_norm": 0.808442234992981, "test_error": 0.6105}, {"epoch": 234, "train_loss": 0.03892161614680663, "grad_norm": 0.2344992309808731, "test_error": 0.606875}, {"epoch": 235, "train_loss": 0.02530264597572386, "grad_norm": 0.2908370792865753, "test_error": 0.607625}, {"epoch": 236, "train_loss": 0.02221461665444076, "grad_norm": 0.20864203572273254, "test_error": 0.6015}, {"epoch": 237, "train_loss": 0.02115526778367348, "grad_norm": 0.31737181544303894, "test_error": 0.605625}, {"epoch": 238, "train_loss": 0.3755968946334906, "grad_norm": 1.7671293020248413, "test_error": 0.602625}, {"epoch": 239, "train_loss": 0.5368721187505872, "grad_norm": 2.6132233142852783, "test_error": 0.6415}, {"epoch": 240, "train_loss": 0.3832961160466075, "grad_norm": 3.756002902984619, "test_error": 0.63075}, {"epoch": 241, "train_loss": 0.21440814313385637, "grad_norm": 1.5154331922531128, "test_error": 0.614875}, {"epoch": 242, "train_loss": 0.36851491091353816, "grad_norm": 5.244832515716553, "test_error": 0.6545}, {"epoch": 243, "train_loss": 0.3128502567540854, "grad_norm": 3.412170171737671, "test_error": 0.6225}, {"epoch": 244, "train_loss": 0.10452302221255377, "grad_norm": 0.8176171779632568, "test_error": 0.60525}, {"epoch": 245, "train_loss": 0.03639750132197514, "grad_norm": 0.2843538820743561, "test_error": 0.60075}, {"epoch": 246, "train_loss": 0.04249327362072654, "grad_norm": 0.3952828645706177, "test_error": 0.601375}, {"epoch": 247, "train_loss": 0.222598412836669, "grad_norm": 2.3297622203826904, "test_error": 0.615375}, {"epoch": 248, "train_loss": 0.24805404168739914, "grad_norm": 1.2755018472671509, "test_error": 0.615875}, {"epoch": 249, "train_loss": 0.04030179700627923, "grad_norm": 0.5434460639953613, "test_error": 0.608125}, {"epoch": 250, "train_loss": 0.16380622483044863, "grad_norm": 1.7818859815597534, "test_error": 0.612625}, {"epoch": 251, "train_loss": 0.0805417439690209, "grad_norm": 0.468925416469574, "test_error": 0.602125}, {"epoch": 252, "train_loss": 0.04153421545540914, "grad_norm": 0.824567973613739, "test_error": 0.613875}, {"epoch": 253, "train_loss": 0.2116446576740127, "grad_norm": 1.8948166370391846, "test_error": 0.6155}, {"epoch": 254, "train_loss": 0.5147356271296739, "grad_norm": 2.3602967262268066, "test_error": 0.614375}, {"epoch": 255, "train_loss": 0.34489556379336866, "grad_norm": 12.819623947143555, "test_error": 0.67225}, {"epoch": 256, "train_loss": 0.2226575472932309, "grad_norm": 1.2641308307647705, "test_error": 0.611625}, {"epoch": 257, "train_loss": 0.17565068069053813, "grad_norm": 3.7113795280456543, "test_error": 0.634625}, {"epoch": 258, "train_loss": 0.15862353046936914, "grad_norm": 1.1220413446426392, "test_error": 0.611125}, {"epoch": 259, "train_loss": 0.2596843545730226, "grad_norm": 4.897993564605713, "test_error": 0.634875}, {"epoch": 260, "train_loss": 0.2258645083103329, "grad_norm": 0.7524393200874329, "test_error": 0.611375}, {"epoch": 261, "train_loss": 0.18765021582506597, "grad_norm": 4.346827030181885, "test_error": 0.629}, {"epoch": 262, "train_loss": 0.22539705156255513, "grad_norm": 2.926439046859741, "test_error": 0.616875}, {"epoch": 263, "train_loss": 0.08678895260253922, "grad_norm": 1.7243715524673462, "test_error": 0.620625}, {"epoch": 264, "train_loss": 0.24395102684851735, "grad_norm": 2.174412727355957, "test_error": 0.61975}, {"epoch": 265, "train_loss": 0.1973027869090438, "grad_norm": 18.976543426513672, "test_error": 0.677875}, {"epoch": 266, "train_loss": 0.09632134987413883, "grad_norm": 1.5094339847564697, "test_error": 0.61075}, {"epoch": 267, "train_loss": 0.07471019584871828, "grad_norm": 2.8752927780151367, "test_error": 0.61575}, {"epoch": 268, "train_loss": 0.13995402354514228, "grad_norm": 0.5996406078338623, "test_error": 0.6075}, {"epoch": 269, "train_loss": 0.10217938587954267, "grad_norm": 19.097949981689453, "test_error": 0.71}, {"epoch": 270, "train_loss": 0.7533475865554065, "grad_norm": 8.321112632751465, "test_error": 0.641875}, {"epoch": 271, "train_loss": 0.24737736508063973, "grad_norm": 1.4414763450622559, "test_error": 0.6245}, {"epoch": 272, "train_loss": 0.1084616734010633, "grad_norm": 2.963794231414795, "test_error": 0.62425}, {"epoch": 273, "train_loss": 0.05888535558246076, "grad_norm": 0.34334248304367065, "test_error": 0.60575}, {"epoch": 274, "train_loss": 0.05418997956602834, "grad_norm": 0.43682390451431274, "test_error": 0.611125}, {"epoch": 275, "train_loss": 0.04615822723740712, "grad_norm": 0.27609869837760925, "test_error": 0.603875}, {"epoch": 276, "train_loss": 0.03842044830787927, "grad_norm": 0.9003735780715942, "test_error": 0.610875}, {"epoch": 277, "train_loss": 0.1374301764019765, "grad_norm": 6.112151622772217, "test_error": 0.634}, {"epoch": 278, "train_loss": 0.06220490481238812, "grad_norm": 0.9806779026985168, "test_error": 0.615875}, {"epoch": 279, "train_loss": 0.12648850698349998, "grad_norm": 0.7173758745193481, "test_error": 0.607375}, {"epoch": 280, "train_loss": 0.20448687100689858, "grad_norm": 0.7827377915382385, "test_error": 0.6085}, {"epoch": 281, "train_loss": 0.03499449790688232, "grad_norm": 1.0366098880767822, "test_error": 0.61475}, {"epoch": 282, "train_loss": 0.10854391813930124, "grad_norm": 0.49220865964889526, "test_error": 0.60625}, {"epoch": 283, "train_loss": 0.42738614945812153, "grad_norm": 7.206064224243164, "test_error": 0.638875}, {"epoch": 284, "train_loss": 0.5482978534963914, "grad_norm": 4.034289836883545, "test_error": 0.6385}, {"epoch": 285, "train_loss": 0.2790871605426073, "grad_norm": 0.998831570148468, "test_error": 0.603375}, {"epoch": 286, "train_loss": 0.13789021845534444, "grad_norm": 11.108875274658203, "test_error": 0.640125}, {"epoch": 287, "train_loss": 0.2645015928228386, "grad_norm": 1.6673271656036377, "test_error": 0.609125}, {"epoch": 288, "train_loss": 0.042388111172243954, "grad_norm": 0.4770487844944, "test_error": 0.606375}, {"epoch": 289, "train_loss": 0.08353429233469069, "grad_norm": 1.1147667169570923, "test_error": 0.611875}, {"epoch": 290, "train_loss": 0.31854377294378355, "grad_norm": 0.43133822083473206, "test_error": 0.602875}, {"epoch": 291, "train_loss": 0.2769038024218753, "grad_norm": 6.483620643615723, "test_error": 0.666625}, {"epoch": 292, "train_loss": 0.2656470435960218, "grad_norm": 1.4602077007293701, "test_error": 0.616875}, {"epoch": 293, "train_loss": 0.07127763016801328, "grad_norm": 0.5771083831787109, "test_error": 0.6055}, {"epoch": 294, "train_loss": 0.03305697675049305, "grad_norm": 0.3288957476615906, "test_error": 0.604125}, {"epoch": 295, "train_loss": 0.3336434567342512, "grad_norm": 1.049128770828247, "test_error": 0.6125}, {"epoch": 296, "train_loss": 0.2484221533262171, "grad_norm": 1.3250672817230225, "test_error": 0.60975}, {"epoch": 297, "train_loss": 0.07772938033239916, "grad_norm": 1.0995913743972778, "test_error": 0.609125}, {"epoch": 298, "train_loss": 0.041207037687301634, "grad_norm": 0.3073575794696808, "test_error": 0.605125}, {"epoch": 299, "train_loss": 0.030973683074582366, "grad_norm": 0.8976556062698364, "test_error": 0.610375}, {"epoch": 300, "train_loss": 0.031127111308975147, "grad_norm": 0.2409922182559967, "test_error": 0.605875}]}