{"argv": ["train.py", "--seed", "77", "--optimizer", "SVRG", "--run_name", "svrg_0.05.json", "--output_path", "experiments/nonconvex_stl10/svrg-0.05.json", "--dataset", "STL10", "--layer_sizes", "27648", "100", "10", "--batch_size", "10", "--learning_rate", "0.05", "--weight_decay", "0.01", "--warmup_learning_rate", "0.001", "--num_warmup_epochs", "20", "--num_outer_epochs", "250", "--num_inner_epochs", "1", "--device", "cuda"], "args": {"seed": 77, "optimizer": "SVRG", "run_name": "svrg_0.05.json", "output_path": "experiments/nonconvex_stl10/svrg-0.05.json", "device": "cuda", "dataset": "STL10", "dataset_root": "~/datasets/pytorch", "dataset_size": null, "download": false, "layer_sizes": [27648, 100, 10], "batch_size": 10, "test_batch_size": 256, "learning_rate": 0.05, "weight_decay": 0.01, "warmup_learning_rate": 0.001, "num_warmup_epochs": 20, "num_outer_epochs": 250, "num_inner_epochs": 1, "inner_epoch_fraction": null, "choose_random_iterate": false, "num_epochs": 10}, "metrics": [{"warmup_epoch": 1, "train_loss": 2.1348800573349, "grad_norm": 1.8805115222930908, "test_error": 0.733125}, {"warmup_epoch": 2, "train_loss": 1.952679219007492, "grad_norm": 1.3904025554656982, "test_error": 0.68525}, {"warmup_epoch": 3, "train_loss": 1.880379913330078, "grad_norm": 1.9659830331802368, "test_error": 0.678375}, {"warmup_epoch": 4, "train_loss": 1.835884770154953, "grad_norm": 1.6122037172317505, "test_error": 0.661625}, {"warmup_epoch": 5, "train_loss": 1.8045151345729828, "grad_norm": 1.6934443712234497, "test_error": 0.658875}, {"warmup_epoch": 6, "train_loss": 1.778914482831955, "grad_norm": 3.7849440574645996, "test_error": 0.67725}, {"warmup_epoch": 7, "train_loss": 1.7538169412612914, "grad_norm": 2.62298321723938, "test_error": 0.659375}, {"warmup_epoch": 8, "train_loss": 1.7306526463031768, "grad_norm": 2.4293901920318604, "test_error": 0.662125}, {"warmup_epoch": 9, "train_loss": 1.7082515306472779, "grad_norm": 2.8963584899902344, "test_error": 0.653375}, {"warmup_epoch": 10, "train_loss": 1.6863615746498108, "grad_norm": 4.028270244598389, "test_error": 0.646125}, {"warmup_epoch": 11, "train_loss": 1.66167369556427, "grad_norm": 3.1208910942077637, "test_error": 0.645}, {"warmup_epoch": 12, "train_loss": 1.6443801749944686, "grad_norm": 1.2179313898086548, "test_error": 0.620875}, {"warmup_epoch": 13, "train_loss": 1.618789933204651, "grad_norm": 2.593471050262451, "test_error": 0.646125}, {"warmup_epoch": 14, "train_loss": 1.5979233669042587, "grad_norm": 1.743858814239502, "test_error": 0.6295}, {"warmup_epoch": 15, "train_loss": 1.5805437738895416, "grad_norm": 3.6566174030303955, "test_error": 0.648875}, {"warmup_epoch": 16, "train_loss": 1.561762242794037, "grad_norm": 2.7268295288085938, "test_error": 0.63125}, {"warmup_epoch": 17, "train_loss": 1.5389812490940094, "grad_norm": 2.4517672061920166, "test_error": 0.62575}, {"warmup_epoch": 18, "train_loss": 1.5221547589302062, "grad_norm": 1.9178624153137207, "test_error": 0.622125}, {"warmup_epoch": 19, "train_loss": 1.5059223752021789, "grad_norm": 2.3122904300689697, "test_error": 0.616125}, {"warmup_epoch": 20, "train_loss": 1.4843166764974594, "grad_norm": 3.172278642654419, "test_error": 0.615125}, {"outer_epoch": 1, "inner_epoch": 1, "train_loss": 2.540885634422302, "grad_norm": 0.07658962160348892, "test_error": 0.8915}, {"outer_epoch": 2, "inner_epoch": 1, "train_loss": 2.304745156288147, "grad_norm": 0.002316138008609414, "test_error": 0.89975}, {"outer_epoch": 3, "inner_epoch": 1, "train_loss": 2.3026133580207824, "grad_norm": 0.00018747201829683036, "test_error": 0.89975}, {"outer_epoch": 4, "inner_epoch": 1, "train_loss": 2.3025873112678528, "grad_norm": 8.723244536668062e-05, "test_error": 0.900125}, {"outer_epoch": 5, "inner_epoch": 1, "train_loss": 2.302584933757782, "grad_norm": 0.00010028853284893557, "test_error": 0.90025}, {"outer_epoch": 6, "inner_epoch": 1, "train_loss": 2.3025847878456114, "grad_norm": 0.00011010187881765887, "test_error": 0.900125}, {"outer_epoch": 7, "inner_epoch": 1, "train_loss": 2.3025847883224486, "grad_norm": 0.00010954132449114695, "test_error": 0.900125}, {"outer_epoch": 8, "inner_epoch": 1, "train_loss": 2.3025847525596617, "grad_norm": 0.00011719622852979228, "test_error": 0.900125}, {"outer_epoch": 9, "inner_epoch": 1, "train_loss": 2.302215687274933, "grad_norm": 0.003136139130219817, "test_error": 0.899625}, {"outer_epoch": 10, "inner_epoch": 1, "train_loss": 2.3024548592567444, "grad_norm": 0.0008814659668132663, "test_error": 0.9}, {"outer_epoch": 11, "inner_epoch": 1, "train_loss": 2.302574269294739, "grad_norm": 5.6188160669989884e-05, "test_error": 0.899875}, {"outer_epoch": 12, "inner_epoch": 1, "train_loss": 2.3025851821899415, "grad_norm": 3.576308245101245e-06, "test_error": 0.90025}, {"outer_epoch": 13, "inner_epoch": 1, "train_loss": 2.302585157394409, "grad_norm": 2.3297828022350586e-07, "test_error": 0.90025}, {"outer_epoch": 14, "inner_epoch": 1, "train_loss": 2.302585204124451, "grad_norm": 4.070883719009544e-08, "test_error": 0.900125}, {"outer_epoch": 15, "inner_epoch": 1, "train_loss": 2.3025853462219237, "grad_norm": 5.0223633252244326e-08, "test_error": 0.899875}, {"outer_epoch": 16, "inner_epoch": 1, "train_loss": 2.3025853633880615, "grad_norm": 2.1390331284010244e-08, "test_error": 0.899875}, {"outer_epoch": 17, "inner_epoch": 1, "train_loss": 2.3025853633880615, "grad_norm": 2.6049619350487774e-08, "test_error": 0.899875}, {"outer_epoch": 18, "inner_epoch": 1, "train_loss": 2.3025853633880615, "grad_norm": 2.3793342407429918e-08, "test_error": 0.89975}, {"outer_epoch": 19, "inner_epoch": 1, "train_loss": 2.3025853633880615, "grad_norm": 2.7411228842311175e-08, "test_error": 0.900375}, {"outer_epoch": 20, "inner_epoch": 1, "train_loss": 2.3025853633880615, "grad_norm": 2.5026427152852193e-08, "test_error": 0.900125}, {"outer_epoch": 21, "inner_epoch": 1, "train_loss": 2.3025853633880615, "grad_norm": 2.219903905142928e-08, "test_error": 0.9}, {"outer_epoch": 22, "inner_epoch": 1, "train_loss": 2.3025853633880615, "grad_norm": 1.8883159924598658e-08, "test_error": 0.90025}, {"outer_epoch": 23, "inner_epoch": 1, "train_loss": 2.3025853633880615, "grad_norm": 2.1768620683815243e-08, "test_error": 0.899875}, {"outer_epoch": 24, "inner_epoch": 1, "train_loss": 2.3025853633880615, "grad_norm": 2.9521391553544163e-08, "test_error": 0.899875}, {"outer_epoch": 25, "inner_epoch": 1, "train_loss": 2.3025853633880615, "grad_norm": 4.453856661257305e-08, "test_error": 0.9}, {"outer_epoch": 26, "inner_epoch": 1, "train_loss": 2.3025853633880615, "grad_norm": 3.102716306102593e-08, "test_error": 0.9}, {"outer_epoch": 27, "inner_epoch": 1, "train_loss": 2.3025853633880615, "grad_norm": 2.7273124203475163e-08, "test_error": 0.9005}, {"outer_epoch": 28, "inner_epoch": 1, "train_loss": 2.3025853633880615, "grad_norm": 2.6475257541846986e-08, "test_error": 0.89975}, {"outer_epoch": 29, "inner_epoch": 1, "train_loss": 2.3025853633880615, "grad_norm": 1.9813388263401066e-08, "test_error": 0.9}, {"outer_epoch": 30, "inner_epoch": 1, "train_loss": 2.3025853633880615, "grad_norm": 3.998765407686733e-08, "test_error": 0.9}, {"outer_epoch": 31, "inner_epoch": 1, "train_loss": 2.3025853633880615, "grad_norm": 5.286898741019286e-08, "test_error": 0.9}, {"outer_epoch": 32, "inner_epoch": 1, "train_loss": 2.3025853633880615, "grad_norm": 3.106940482666687e-08, "test_error": 0.9}, {"outer_epoch": 33, "inner_epoch": 1, "train_loss": 2.3025853633880615, "grad_norm": 4.2793597998525e-08, "test_error": 0.9}, {"outer_epoch": 34, "inner_epoch": 1, "train_loss": 2.3025853633880615, "grad_norm": 2.5836840222837054e-08, "test_error": 0.9}, {"outer_epoch": 35, "inner_epoch": 1, "train_loss": 2.3025853633880615, "grad_norm": 3.064635833993634e-08, "test_error": 0.9}, {"outer_epoch": 36, "inner_epoch": 1, "train_loss": 2.3025853633880615, "grad_norm": 4.4572200152970254e-08, "test_error": 0.9}, {"outer_epoch": 37, "inner_epoch": 1, "train_loss": 2.3025853633880615, "grad_norm": 2.5981320206369674e-08, "test_error": 0.9}, {"outer_epoch": 38, "inner_epoch": 1, "train_loss": 2.3025853633880615, "grad_norm": 3.158562478233762e-08, "test_error": 0.9}, {"outer_epoch": 39, "inner_epoch": 1, "train_loss": 2.3025853633880615, "grad_norm": 2.406072852068064e-08, "test_error": 0.9}, {"outer_epoch": 40, "inner_epoch": 1, "train_loss": 2.3025853633880615, "grad_norm": 5.292798022082934e-08, "test_error": 0.9}, {"outer_epoch": 41, "inner_epoch": 1, "train_loss": 2.3025853633880615, "grad_norm": 3.7587930989957385e-08, "test_error": 0.9}, {"outer_epoch": 42, "inner_epoch": 1, "train_loss": 2.3025853633880615, "grad_norm": 5.3371238095678564e-08, "test_error": 0.9}, {"outer_epoch": 43, "inner_epoch": 1, "train_loss": 2.3025853633880615, "grad_norm": 3.9324369538462633e-08, "test_error": 0.9}, {"outer_epoch": 44, "inner_epoch": 1, "train_loss": 2.3025853633880615, "grad_norm": 4.574151901692858e-08, "test_error": 0.9}, {"outer_epoch": 45, "inner_epoch": 1, "train_loss": 2.3025853633880615, "grad_norm": 4.669883679753184e-08, "test_error": 0.9}, {"outer_epoch": 46, "inner_epoch": 1, "train_loss": 2.3025853633880615, "grad_norm": 3.321257580068959e-08, "test_error": 0.9}, {"outer_epoch": 47, "inner_epoch": 1, "train_loss": 2.3025853633880615, "grad_norm": 4.713550083579321e-08, "test_error": 0.9}, {"outer_epoch": 48, "inner_epoch": 1, "train_loss": 2.3025853633880615, "grad_norm": 4.333084291374689e-08, "test_error": 0.9}, {"outer_epoch": 49, "inner_epoch": 1, "train_loss": 2.3025853633880615, "grad_norm": 3.939285164733519e-08, "test_error": 0.9}, {"outer_epoch": 50, "inner_epoch": 1, "train_loss": 2.3025853633880615, "grad_norm": 4.627017347047513e-08, "test_error": 0.9}, {"outer_epoch": 51, "inner_epoch": 1, "train_loss": 2.3025853633880615, "grad_norm": 3.93298549283827e-08, "test_error": 0.9}, {"outer_epoch": 52, "inner_epoch": 1, "train_loss": 2.3025853633880615, "grad_norm": 2.5335998188324993e-08, "test_error": 0.9}, {"outer_epoch": 53, "inner_epoch": 1, "train_loss": 2.3025853633880615, "grad_norm": 4.0521772604051876e-08, "test_error": 0.9}, {"outer_epoch": 54, "inner_epoch": 1, "train_loss": 2.3025853633880615, "grad_norm": 2.81251946177008e-08, "test_error": 0.9}, {"outer_epoch": 55, "inner_epoch": 1, "train_loss": 2.3025853633880615, "grad_norm": 3.650970015200983e-08, "test_error": 0.9}, {"outer_epoch": 56, "inner_epoch": 1, "train_loss": 2.3025853633880615, "grad_norm": 4.199488401468443e-08, "test_error": 0.9}, {"outer_epoch": 57, "inner_epoch": 1, "train_loss": 2.3025853633880615, "grad_norm": 4.1045602472422615e-08, "test_error": 0.9}, {"outer_epoch": 58, "inner_epoch": 1, "train_loss": 2.3025853633880615, "grad_norm": 4.3482572209541104e-08, "test_error": 0.9}, {"outer_epoch": 59, "inner_epoch": 1, "train_loss": 2.3025853633880615, "grad_norm": 4.627325367323465e-08, "test_error": 0.9}, {"outer_epoch": 60, "inner_epoch": 1, "train_loss": 2.3025853633880615, "grad_norm": 3.658071179302169e-08, "test_error": 0.9}, {"outer_epoch": 61, "inner_epoch": 1, "train_loss": 2.3025853633880615, "grad_norm": 4.234982853290603e-08, "test_error": 0.9}, {"outer_epoch": 62, "inner_epoch": 1, "train_loss": 2.3025853633880615, "grad_norm": 2.8753973424500145e-08, "test_error": 0.9}, {"outer_epoch": 63, "inner_epoch": 1, "train_loss": 2.3025853633880615, "grad_norm": 4.477080750575624e-08, "test_error": 0.9}, {"outer_epoch": 64, "inner_epoch": 1, "train_loss": 2.3025853633880615, "grad_norm": 4.6581082102648e-08, "test_error": 0.9}, {"outer_epoch": 65, "inner_epoch": 1, "train_loss": 2.3025853633880615, "grad_norm": 4.155804944616648e-08, "test_error": 0.9}, {"outer_epoch": 66, "inner_epoch": 1, "train_loss": 2.3025853633880615, "grad_norm": 4.229101691066717e-08, "test_error": 0.9}, {"outer_epoch": 67, "inner_epoch": 1, "train_loss": 2.3025853633880615, "grad_norm": 4.599137781724494e-08, "test_error": 0.9}, {"outer_epoch": 68, "inner_epoch": 1, "train_loss": 2.3025853633880615, "grad_norm": 4.9040707494896196e-08, "test_error": 0.9}, {"outer_epoch": 69, "inner_epoch": 1, "train_loss": 2.3025853633880615, "grad_norm": 3.526163538936089e-08, "test_error": 0.9}, {"outer_epoch": 70, "inner_epoch": 1, "train_loss": 2.3025853633880615, "grad_norm": 3.8499258891988575e-08, "test_error": 0.9}, {"outer_epoch": 71, "inner_epoch": 1, "train_loss": 2.3025853633880615, "grad_norm": 4.0571588755256016e-08, "test_error": 0.9}, {"outer_epoch": 72, "inner_epoch": 1, "train_loss": 2.3025853633880615, "grad_norm": 3.077537513718198e-08, "test_error": 0.9}, {"outer_epoch": 73, "inner_epoch": 1, "train_loss": 2.3025853633880615, "grad_norm": 5.005258074675112e-08, "test_error": 0.9}, {"outer_epoch": 74, "inner_epoch": 1, "train_loss": 2.3025853633880615, "grad_norm": 4.246782125960635e-08, "test_error": 0.9}, {"outer_epoch": 75, "inner_epoch": 1, "train_loss": 2.3025853633880615, "grad_norm": 4.230557237860921e-08, "test_error": 0.9}, {"outer_epoch": 76, "inner_epoch": 1, "train_loss": 2.3025853633880615, "grad_norm": 4.8021423282307296e-08, "test_error": 0.9}, {"outer_epoch": 77, "inner_epoch": 1, "train_loss": 2.3025853633880615, "grad_norm": 3.297247275213522e-08, "test_error": 0.9}, {"outer_epoch": 78, "inner_epoch": 1, "train_loss": 2.3025853633880615, "grad_norm": 4.238264494915711e-08, "test_error": 0.9}, {"outer_epoch": 79, "inner_epoch": 1, "train_loss": 2.3025853633880615, "grad_norm": 3.390802660874215e-08, "test_error": 0.9}, {"outer_epoch": 80, "inner_epoch": 1, "train_loss": 2.3025853633880615, "grad_norm": 4.1934001160370826e-08, "test_error": 0.9}, {"outer_epoch": 81, "inner_epoch": 1, "train_loss": 2.3025853633880615, "grad_norm": 3.6416651028048364e-08, "test_error": 0.9}, {"outer_epoch": 82, "inner_epoch": 1, "train_loss": 2.3025853633880615, "grad_norm": 4.0182285943046736e-08, "test_error": 0.9}, {"outer_epoch": 83, "inner_epoch": 1, "train_loss": 2.3025853633880615, "grad_norm": 3.078237398312922e-08, "test_error": 0.9}, {"outer_epoch": 84, "inner_epoch": 1, "train_loss": 2.3025853633880615, "grad_norm": 3.582582763783648e-08, "test_error": 0.9}, {"outer_epoch": 85, "inner_epoch": 1, "train_loss": 2.3025853633880615, "grad_norm": 4.766029704228458e-08, "test_error": 0.9}, {"outer_epoch": 86, "inner_epoch": 1, "train_loss": 2.3025853633880615, "grad_norm": 3.551323501937986e-08, "test_error": 0.9}, {"outer_epoch": 87, "inner_epoch": 1, "train_loss": 2.3025853633880615, "grad_norm": 4.305202594423463e-08, "test_error": 0.9}, {"outer_epoch": 88, "inner_epoch": 1, "train_loss": 2.3025853633880615, "grad_norm": 2.9077160235146948e-08, "test_error": 0.9}, {"outer_epoch": 89, "inner_epoch": 1, "train_loss": 2.3025853633880615, "grad_norm": 3.254205793723486e-08, "test_error": 0.9}, {"outer_epoch": 90, "inner_epoch": 1, "train_loss": 2.3025853633880615, "grad_norm": 3.7764809945883826e-08, "test_error": 0.9}, {"outer_epoch": 91, "inner_epoch": 1, "train_loss": 2.3025853633880615, "grad_norm": 3.648261426292265e-08, "test_error": 0.9}, {"outer_epoch": 92, "inner_epoch": 1, "train_loss": 2.3025853633880615, "grad_norm": 4.347482018829396e-08, "test_error": 0.9}, {"outer_epoch": 93, "inner_epoch": 1, "train_loss": 2.3025853633880615, "grad_norm": 4.540427411825476e-08, "test_error": 0.9}, {"outer_epoch": 94, "inner_epoch": 1, "train_loss": 2.3025853633880615, "grad_norm": 3.715474150567388e-08, "test_error": 0.9}, {"outer_epoch": 95, "inner_epoch": 1, "train_loss": 2.3025853633880615, "grad_norm": 4.1159722741213045e-08, "test_error": 0.9}, {"outer_epoch": 96, "inner_epoch": 1, "train_loss": 2.3025853633880615, "grad_norm": 4.134187037152515e-08, "test_error": 0.9}, {"outer_epoch": 97, "inner_epoch": 1, "train_loss": 2.3025853562355043, "grad_norm": 3.87588094952207e-08, "test_error": 0.9}, {"outer_epoch": 98, "inner_epoch": 1, "train_loss": 2.3025853633880615, "grad_norm": 3.926967906409118e-08, "test_error": 0.9}, {"outer_epoch": 99, "inner_epoch": 1, "train_loss": 2.3025853633880615, "grad_norm": 3.003065174311814e-08, "test_error": 0.9}, {"outer_epoch": 100, "inner_epoch": 1, "train_loss": 2.3025853633880615, "grad_norm": 4.6008981513523395e-08, "test_error": 0.9}, {"outer_epoch": 101, "inner_epoch": 1, "train_loss": 2.3025853633880615, "grad_norm": 3.0451872135017766e-08, "test_error": 0.9}, {"outer_epoch": 102, "inner_epoch": 1, "train_loss": 2.3025853633880615, "grad_norm": 4.177054790943657e-08, "test_error": 0.9}, {"outer_epoch": 103, "inner_epoch": 1, "train_loss": 2.3025853633880615, "grad_norm": 4.984409329722439e-08, "test_error": 0.9}, {"outer_epoch": 104, "inner_epoch": 1, "train_loss": 2.3025853633880615, "grad_norm": 3.963744177326589e-08, "test_error": 0.9}, {"outer_epoch": 105, "inner_epoch": 1, "train_loss": 2.3025853633880615, "grad_norm": 3.6328803076912664e-08, "test_error": 0.9}, {"outer_epoch": 106, "inner_epoch": 1, "train_loss": 2.3025853633880615, "grad_norm": 4.364799366385341e-08, "test_error": 0.9}, {"outer_epoch": 107, "inner_epoch": 1, "train_loss": 2.3025853514671324, "grad_norm": 3.9455073874705704e-08, "test_error": 0.9}, {"outer_epoch": 108, "inner_epoch": 1, "train_loss": 2.3025853633880615, "grad_norm": 3.463434339323612e-08, "test_error": 0.9}, {"outer_epoch": 109, "inner_epoch": 1, "train_loss": 2.3025853633880615, "grad_norm": 4.5641797896678327e-08, "test_error": 0.9}, {"outer_epoch": 110, "inner_epoch": 1, "train_loss": 2.3025853633880615, "grad_norm": 3.5810447940320955e-08, "test_error": 0.9}, {"outer_epoch": 111, "inner_epoch": 1, "train_loss": 2.3025853633880615, "grad_norm": 4.8292793763948794e-08, "test_error": 0.9}, {"outer_epoch": 112, "inner_epoch": 1, "train_loss": 2.3025853633880615, "grad_norm": 3.225354205937947e-08, "test_error": 0.9}, {"outer_epoch": 113, "inner_epoch": 1, "train_loss": 2.3025853633880615, "grad_norm": 2.2404231359018922e-08, "test_error": 0.9}, {"outer_epoch": 114, "inner_epoch": 1, "train_loss": 2.3025853633880615, "grad_norm": 4.034336953395723e-08, "test_error": 0.9}, {"outer_epoch": 115, "inner_epoch": 1, "train_loss": 2.3025853633880615, "grad_norm": 4.1093322522556264e-08, "test_error": 0.9}, {"outer_epoch": 116, "inner_epoch": 1, "train_loss": 2.3025853633880615, "grad_norm": 3.9046575750489865e-08, "test_error": 0.9}, {"outer_epoch": 117, "inner_epoch": 1, "train_loss": 2.3025853633880615, "grad_norm": 3.830584205388732e-08, "test_error": 0.9}, {"outer_epoch": 118, "inner_epoch": 1, "train_loss": 2.3025853633880615, "grad_norm": 3.8061056528704285e-08, "test_error": 0.9}, {"outer_epoch": 119, "inner_epoch": 1, "train_loss": 2.3025853633880615, "grad_norm": 3.299723516647646e-08, "test_error": 0.9}, {"outer_epoch": 120, "inner_epoch": 1, "train_loss": 2.3025853633880615, "grad_norm": 4.18071444130419e-08, "test_error": 0.9}, {"outer_epoch": 121, "inner_epoch": 1, "train_loss": 2.3025853633880615, "grad_norm": 4.400425268613617e-08, "test_error": 0.9}, {"outer_epoch": 122, "inner_epoch": 1, "train_loss": 2.3025853633880615, "grad_norm": 3.8921314171602717e-08, "test_error": 0.9}, {"outer_epoch": 123, "inner_epoch": 1, "train_loss": 2.3025853633880615, "grad_norm": 4.728202895876166e-08, "test_error": 0.9}, {"outer_epoch": 124, "inner_epoch": 1, "train_loss": 2.3025853633880615, "grad_norm": 3.9167687759800174e-08, "test_error": 0.9}, {"outer_epoch": 125, "inner_epoch": 1, "train_loss": 2.3025853633880615, "grad_norm": 3.963080885682757e-08, "test_error": 0.9}, {"outer_epoch": 126, "inner_epoch": 1, "train_loss": 2.3025853633880615, "grad_norm": 4.441798751031456e-08, "test_error": 0.9}, {"outer_epoch": 127, "inner_epoch": 1, "train_loss": 2.3025853633880615, "grad_norm": 4.284004262444796e-08, "test_error": 0.9}, {"outer_epoch": 128, "inner_epoch": 1, "train_loss": 2.3025853633880615, "grad_norm": 4.672499187563517e-08, "test_error": 0.9}, {"outer_epoch": 129, "inner_epoch": 1, "train_loss": 2.3025853633880615, "grad_norm": 3.827337380357676e-08, "test_error": 0.9}, {"outer_epoch": 130, "inner_epoch": 1, "train_loss": 2.3025853633880615, "grad_norm": 3.422162109245619e-08, "test_error": 0.9}, {"outer_epoch": 131, "inner_epoch": 1, "train_loss": 2.3025853633880615, "grad_norm": 4.0107622112373065e-08, "test_error": 0.9}, {"outer_epoch": 132, "inner_epoch": 1, "train_loss": 2.3025853633880615, "grad_norm": 4.734027925223927e-08, "test_error": 0.9}, {"outer_epoch": 133, "inner_epoch": 1, "train_loss": 2.3025853633880615, "grad_norm": 4.2194226779201927e-08, "test_error": 0.9}, {"outer_epoch": 134, "inner_epoch": 1, "train_loss": 2.3025853633880615, "grad_norm": 3.5969939915503346e-08, "test_error": 0.9}, {"outer_epoch": 135, "inner_epoch": 1, "train_loss": 2.3025853633880615, "grad_norm": 4.6040966594773636e-08, "test_error": 0.9}, {"outer_epoch": 136, "inner_epoch": 1, "train_loss": 2.3025853633880615, "grad_norm": 3.221577671297382e-08, "test_error": 0.9}, {"outer_epoch": 137, "inner_epoch": 1, "train_loss": 2.3025853633880615, "grad_norm": 3.392747061070622e-08, "test_error": 0.9}, {"outer_epoch": 138, "inner_epoch": 1, "train_loss": 2.3025853633880615, "grad_norm": 3.785552138424464e-08, "test_error": 0.9}, {"outer_epoch": 139, "inner_epoch": 1, "train_loss": 2.3025853633880615, "grad_norm": 4.810527087784067e-08, "test_error": 0.9}, {"outer_epoch": 140, "inner_epoch": 1, "train_loss": 2.3025853633880615, "grad_norm": 3.988660068898753e-08, "test_error": 0.9}, {"outer_epoch": 141, "inner_epoch": 1, "train_loss": 2.3025853633880615, "grad_norm": 4.376487439117227e-08, "test_error": 0.9}, {"outer_epoch": 142, "inner_epoch": 1, "train_loss": 2.3025853633880615, "grad_norm": 3.4923886005344684e-08, "test_error": 0.9}, {"outer_epoch": 143, "inner_epoch": 1, "train_loss": 2.3025853633880615, "grad_norm": 3.7906236372009516e-08, "test_error": 0.9}, {"outer_epoch": 144, "inner_epoch": 1, "train_loss": 2.3025853633880615, "grad_norm": 4.048198931627667e-08, "test_error": 0.9}, {"outer_epoch": 145, "inner_epoch": 1, "train_loss": 2.3025853633880615, "grad_norm": 4.5652761571091105e-08, "test_error": 0.9}, {"outer_epoch": 146, "inner_epoch": 1, "train_loss": 2.3025853633880615, "grad_norm": 4.122172825304915e-08, "test_error": 0.9}, {"outer_epoch": 147, "inner_epoch": 1, "train_loss": 2.3025853633880615, "grad_norm": 4.524442331899081e-08, "test_error": 0.9}, {"outer_epoch": 148, "inner_epoch": 1, "train_loss": 2.3025853633880615, "grad_norm": 3.464957387677714e-08, "test_error": 0.9}, {"outer_epoch": 149, "inner_epoch": 1, "train_loss": 2.3025853633880615, "grad_norm": 4.174532719503077e-08, "test_error": 0.9}, {"outer_epoch": 150, "inner_epoch": 1, "train_loss": 2.3025853633880615, "grad_norm": 4.659766617010064e-08, "test_error": 0.9}, {"outer_epoch": 151, "inner_epoch": 1, "train_loss": 2.3025853633880615, "grad_norm": 3.989643104773677e-08, "test_error": 0.9}, {"outer_epoch": 152, "inner_epoch": 1, "train_loss": 2.3025853633880615, "grad_norm": 3.7800504060214735e-08, "test_error": 0.9}, {"outer_epoch": 153, "inner_epoch": 1, "train_loss": 2.3025853633880615, "grad_norm": 4.275489118299447e-08, "test_error": 0.9}, {"outer_epoch": 154, "inner_epoch": 1, "train_loss": 2.3025853633880615, "grad_norm": 3.7827277310498175e-08, "test_error": 0.9}, {"outer_epoch": 155, "inner_epoch": 1, "train_loss": 2.3025853633880615, "grad_norm": 4.3309569264238235e-08, "test_error": 0.9}, {"outer_epoch": 156, "inner_epoch": 1, "train_loss": 2.3025853633880615, "grad_norm": 3.911778279075406e-08, "test_error": 0.9}, {"outer_epoch": 157, "inner_epoch": 1, "train_loss": 2.3025853633880615, "grad_norm": 4.101502426578918e-08, "test_error": 0.9}, {"outer_epoch": 158, "inner_epoch": 1, "train_loss": 2.3025853633880615, "grad_norm": 4.394403774199418e-08, "test_error": 0.9}, {"outer_epoch": 159, "inner_epoch": 1, "train_loss": 2.3025853633880615, "grad_norm": 4.202755476967468e-08, "test_error": 0.9}, {"outer_epoch": 160, "inner_epoch": 1, "train_loss": 2.3025853633880615, "grad_norm": 3.6033593886486415e-08, "test_error": 0.9}, {"outer_epoch": 161, "inner_epoch": 1, "train_loss": 2.3025853633880615, "grad_norm": 4.940635633943202e-08, "test_error": 0.9}, {"outer_epoch": 162, "inner_epoch": 1, "train_loss": 2.3025853633880615, "grad_norm": 3.674759341265599e-08, "test_error": 0.9}, {"outer_epoch": 163, "inner_epoch": 1, "train_loss": 2.3025853633880615, "grad_norm": 3.976196438770785e-08, "test_error": 0.9}, {"outer_epoch": 164, "inner_epoch": 1, "train_loss": 2.3025853633880615, "grad_norm": 3.187201969012676e-08, "test_error": 0.9}, {"outer_epoch": 165, "inner_epoch": 1, "train_loss": 2.3025853633880615, "grad_norm": 3.2843285424632995e-08, "test_error": 0.9}, {"outer_epoch": 166, "inner_epoch": 1, "train_loss": 2.3025853633880615, "grad_norm": 4.5282977367833155e-08, "test_error": 0.9}, {"outer_epoch": 167, "inner_epoch": 1, "train_loss": 2.3025853633880615, "grad_norm": 3.953822869107171e-08, "test_error": 0.9}, {"outer_epoch": 168, "inner_epoch": 1, "train_loss": 2.3025853633880615, "grad_norm": 3.39314460973128e-08, "test_error": 0.9}, {"outer_epoch": 169, "inner_epoch": 1, "train_loss": 2.3025853633880615, "grad_norm": 3.418465510662827e-08, "test_error": 0.9}, {"outer_epoch": 170, "inner_epoch": 1, "train_loss": 2.3025853633880615, "grad_norm": 4.5256911107571796e-08, "test_error": 0.9}, {"outer_epoch": 171, "inner_epoch": 1, "train_loss": 2.3025853633880615, "grad_norm": 4.2615965867298655e-08, "test_error": 0.9}, {"outer_epoch": 172, "inner_epoch": 1, "train_loss": 2.3025853633880615, "grad_norm": 4.775313300342532e-08, "test_error": 0.9}, {"outer_epoch": 173, "inner_epoch": 1, "train_loss": 2.3025853633880615, "grad_norm": 4.103235440311437e-08, "test_error": 0.9}, {"outer_epoch": 174, "inner_epoch": 1, "train_loss": 2.3025853633880615, "grad_norm": 4.140109766126443e-08, "test_error": 0.9}, {"outer_epoch": 175, "inner_epoch": 1, "train_loss": 2.3025853633880615, "grad_norm": 5.066342367854304e-08, "test_error": 0.9}, {"outer_epoch": 176, "inner_epoch": 1, "train_loss": 2.3025853633880615, "grad_norm": 2.875025373327844e-08, "test_error": 0.9}, {"outer_epoch": 177, "inner_epoch": 1, "train_loss": 2.3025853633880615, "grad_norm": 4.249395146871393e-08, "test_error": 0.9}, {"outer_epoch": 178, "inner_epoch": 1, "train_loss": 2.3025853633880615, "grad_norm": 3.762615818914128e-08, "test_error": 0.9}, {"outer_epoch": 179, "inner_epoch": 1, "train_loss": 2.3025853633880615, "grad_norm": 3.981456231372249e-08, "test_error": 0.9}, {"outer_epoch": 180, "inner_epoch": 1, "train_loss": 2.3025853633880615, "grad_norm": 4.8404388053313596e-08, "test_error": 0.9}, {"outer_epoch": 181, "inner_epoch": 1, "train_loss": 2.3025853633880615, "grad_norm": 3.1841743464156025e-08, "test_error": 0.9}, {"outer_epoch": 182, "inner_epoch": 1, "train_loss": 2.3025853633880615, "grad_norm": 3.5002461373778715e-08, "test_error": 0.9}, {"outer_epoch": 183, "inner_epoch": 1, "train_loss": 2.3025853633880615, "grad_norm": 4.670327058420298e-08, "test_error": 0.9}, {"outer_epoch": 184, "inner_epoch": 1, "train_loss": 2.3025853633880615, "grad_norm": 3.700505857295866e-08, "test_error": 0.9}, {"outer_epoch": 185, "inner_epoch": 1, "train_loss": 2.3025853633880615, "grad_norm": 4.1218282120780714e-08, "test_error": 0.9}, {"outer_epoch": 186, "inner_epoch": 1, "train_loss": 2.3025853633880615, "grad_norm": 5.605722108725786e-08, "test_error": 0.9}, {"outer_epoch": 187, "inner_epoch": 1, "train_loss": 2.3025853633880615, "grad_norm": 4.091372218795186e-08, "test_error": 0.9}, {"outer_epoch": 188, "inner_epoch": 1, "train_loss": 2.3025853633880615, "grad_norm": 3.4401889337232205e-08, "test_error": 0.9}, {"outer_epoch": 189, "inner_epoch": 1, "train_loss": 2.3025853633880615, "grad_norm": 5.116556778261838e-08, "test_error": 0.9}, {"outer_epoch": 190, "inner_epoch": 1, "train_loss": 2.3025853633880615, "grad_norm": 4.2568366609430086e-08, "test_error": 0.9}, {"outer_epoch": 191, "inner_epoch": 1, "train_loss": 2.3025853633880615, "grad_norm": 3.704539253135408e-08, "test_error": 0.9}, {"outer_epoch": 192, "inner_epoch": 1, "train_loss": 2.3025853633880615, "grad_norm": 3.961102734706401e-08, "test_error": 0.9}, {"outer_epoch": 193, "inner_epoch": 1, "train_loss": 2.3025853633880615, "grad_norm": 4.0269515722002325e-08, "test_error": 0.9}, {"outer_epoch": 194, "inner_epoch": 1, "train_loss": 2.3025853633880615, "grad_norm": 4.6761165606312716e-08, "test_error": 0.9}, {"outer_epoch": 195, "inner_epoch": 1, "train_loss": 2.3025853633880615, "grad_norm": 2.864537762548025e-08, "test_error": 0.9}, {"outer_epoch": 196, "inner_epoch": 1, "train_loss": 2.3025853633880615, "grad_norm": 4.0779095655807396e-08, "test_error": 0.9}, {"outer_epoch": 197, "inner_epoch": 1, "train_loss": 2.3025853633880615, "grad_norm": 2.5925524838044112e-08, "test_error": 0.9}, {"outer_epoch": 198, "inner_epoch": 1, "train_loss": 2.3025853633880615, "grad_norm": 4.6228777250689745e-08, "test_error": 0.9}, {"outer_epoch": 199, "inner_epoch": 1, "train_loss": 2.3025853633880615, "grad_norm": 4.0654022370745224e-08, "test_error": 0.9}, {"outer_epoch": 200, "inner_epoch": 1, "train_loss": 2.3025853633880615, "grad_norm": 4.1597129296633284e-08, "test_error": 0.9}, {"outer_epoch": 201, "inner_epoch": 1, "train_loss": 2.3025853633880615, "grad_norm": 4.3642955915856874e-08, "test_error": 0.9}, {"outer_epoch": 202, "inner_epoch": 1, "train_loss": 2.3025853633880615, "grad_norm": 3.757052624564494e-08, "test_error": 0.9}, {"outer_epoch": 203, "inner_epoch": 1, "train_loss": 2.3025853633880615, "grad_norm": 4.397697850322402e-08, "test_error": 0.9}, {"outer_epoch": 204, "inner_epoch": 1, "train_loss": 2.3025853633880615, "grad_norm": 4.482074800193914e-08, "test_error": 0.9}, {"outer_epoch": 205, "inner_epoch": 1, "train_loss": 2.3025853633880615, "grad_norm": 3.449522978371533e-08, "test_error": 0.9}, {"outer_epoch": 206, "inner_epoch": 1, "train_loss": 2.3025853633880615, "grad_norm": 4.340305537198219e-08, "test_error": 0.9}, {"outer_epoch": 207, "inner_epoch": 1, "train_loss": 2.3025853633880615, "grad_norm": 3.312123908472131e-08, "test_error": 0.9}, {"outer_epoch": 208, "inner_epoch": 1, "train_loss": 2.3025853633880615, "grad_norm": 4.019024757440093e-08, "test_error": 0.9}, {"outer_epoch": 209, "inner_epoch": 1, "train_loss": 2.3025853633880615, "grad_norm": 4.050236768193827e-08, "test_error": 0.9}, {"outer_epoch": 210, "inner_epoch": 1, "train_loss": 2.3025853633880615, "grad_norm": 4.049782731385676e-08, "test_error": 0.9}, {"outer_epoch": 211, "inner_epoch": 1, "train_loss": 2.3025853633880615, "grad_norm": 3.7521676432561435e-08, "test_error": 0.9}, {"outer_epoch": 212, "inner_epoch": 1, "train_loss": 2.3025853633880615, "grad_norm": 2.981819591241219e-08, "test_error": 0.9}, {"outer_epoch": 213, "inner_epoch": 1, "train_loss": 2.3025853633880615, "grad_norm": 4.09272900014912e-08, "test_error": 0.9}, {"outer_epoch": 214, "inner_epoch": 1, "train_loss": 2.3025853633880615, "grad_norm": 4.3459078113983196e-08, "test_error": 0.9}, {"outer_epoch": 215, "inner_epoch": 1, "train_loss": 2.3025853633880615, "grad_norm": 4.064130365577512e-08, "test_error": 0.9}, {"outer_epoch": 216, "inner_epoch": 1, "train_loss": 2.3025853633880615, "grad_norm": 5.3773980823734746e-08, "test_error": 0.9}, {"outer_epoch": 217, "inner_epoch": 1, "train_loss": 2.3025853633880615, "grad_norm": 3.467723885819396e-08, "test_error": 0.9}, {"outer_epoch": 218, "inner_epoch": 1, "train_loss": 2.3025853633880615, "grad_norm": 3.735309661578867e-08, "test_error": 0.9}, {"outer_epoch": 219, "inner_epoch": 1, "train_loss": 2.3025853633880615, "grad_norm": 4.789521312886791e-08, "test_error": 0.9}, {"outer_epoch": 220, "inner_epoch": 1, "train_loss": 2.3025853633880615, "grad_norm": 4.087365823579603e-08, "test_error": 0.9}, {"outer_epoch": 221, "inner_epoch": 1, "train_loss": 2.3025853633880615, "grad_norm": 3.4008177607347534e-08, "test_error": 0.9}, {"outer_epoch": 222, "inner_epoch": 1, "train_loss": 2.3025853633880615, "grad_norm": 3.315548724458495e-08, "test_error": 0.9}, {"outer_epoch": 223, "inner_epoch": 1, "train_loss": 2.3025853633880615, "grad_norm": 4.056939317820252e-08, "test_error": 0.9}, {"outer_epoch": 224, "inner_epoch": 1, "train_loss": 2.3025853633880615, "grad_norm": 2.5639584677605853e-08, "test_error": 0.9}, {"outer_epoch": 225, "inner_epoch": 1, "train_loss": 2.3025853633880615, "grad_norm": 3.938551174087479e-08, "test_error": 0.9}, {"outer_epoch": 226, "inner_epoch": 1, "train_loss": 2.3025853633880615, "grad_norm": 3.731661735173475e-08, "test_error": 0.9}, {"outer_epoch": 227, "inner_epoch": 1, "train_loss": 2.3025853633880615, "grad_norm": 2.6365194472077746e-08, "test_error": 0.9}, {"outer_epoch": 228, "inner_epoch": 1, "train_loss": 2.3025853633880615, "grad_norm": 4.365655570381932e-08, "test_error": 0.9}, {"outer_epoch": 229, "inner_epoch": 1, "train_loss": 2.3025853633880615, "grad_norm": 3.9426456766022966e-08, "test_error": 0.9}, {"outer_epoch": 230, "inner_epoch": 1, "train_loss": 2.3025853633880615, "grad_norm": 1.9820317831431566e-08, "test_error": 0.9}, {"outer_epoch": 231, "inner_epoch": 1, "train_loss": 2.3025853633880615, "grad_norm": 3.9426847564527634e-08, "test_error": 0.9}, {"outer_epoch": 232, "inner_epoch": 1, "train_loss": 2.3025853633880615, "grad_norm": 3.219276933918991e-08, "test_error": 0.9}, {"outer_epoch": 233, "inner_epoch": 1, "train_loss": 2.3025853633880615, "grad_norm": 3.8398795254579454e-08, "test_error": 0.9}, {"outer_epoch": 234, "inner_epoch": 1, "train_loss": 2.3025853633880615, "grad_norm": 3.348663568658594e-08, "test_error": 0.9}, {"outer_epoch": 235, "inner_epoch": 1, "train_loss": 2.3025853633880615, "grad_norm": 3.951434379700913e-08, "test_error": 0.9}, {"outer_epoch": 236, "inner_epoch": 1, "train_loss": 2.3025853633880615, "grad_norm": 2.7060391261102268e-08, "test_error": 0.9}, {"outer_epoch": 237, "inner_epoch": 1, "train_loss": 2.3025853633880615, "grad_norm": 4.000897746436749e-08, "test_error": 0.9}, {"outer_epoch": 238, "inner_epoch": 1, "train_loss": 2.3025853633880615, "grad_norm": 3.869821441071508e-08, "test_error": 0.9}, {"outer_epoch": 239, "inner_epoch": 1, "train_loss": 2.3025853633880615, "grad_norm": 3.052275943105087e-08, "test_error": 0.9}, {"outer_epoch": 240, "inner_epoch": 1, "train_loss": 2.3025853633880615, "grad_norm": 4.085335802983536e-08, "test_error": 0.9}, {"outer_epoch": 241, "inner_epoch": 1, "train_loss": 2.3025853633880615, "grad_norm": 3.603334164381522e-08, "test_error": 0.9}, {"outer_epoch": 242, "inner_epoch": 1, "train_loss": 2.3025853633880615, "grad_norm": 3.230229594919365e-08, "test_error": 0.9}, {"outer_epoch": 243, "inner_epoch": 1, "train_loss": 2.3025853633880615, "grad_norm": 3.728500530542078e-08, "test_error": 0.9}, {"outer_epoch": 244, "inner_epoch": 1, "train_loss": 2.3025853633880615, "grad_norm": 3.1994598970186416e-08, "test_error": 0.9}, {"outer_epoch": 245, "inner_epoch": 1, "train_loss": 2.3025853633880615, "grad_norm": 3.9108531524334467e-08, "test_error": 0.9}, {"outer_epoch": 246, "inner_epoch": 1, "train_loss": 2.3025853633880615, "grad_norm": 3.538846726769407e-08, "test_error": 0.9}, {"outer_epoch": 247, "inner_epoch": 1, "train_loss": 2.3025853633880615, "grad_norm": 5.078145193238015e-08, "test_error": 0.9}, {"outer_epoch": 248, "inner_epoch": 1, "train_loss": 2.3025853633880615, "grad_norm": 3.712226259722229e-08, "test_error": 0.9}, {"outer_epoch": 249, "inner_epoch": 1, "train_loss": 2.3025853633880615, "grad_norm": 3.128200987134733e-08, "test_error": 0.9}, {"outer_epoch": 250, "inner_epoch": 1, "train_loss": 2.3025853633880615, "grad_norm": 3.188903363593454e-08, "test_error": 0.9}]}