{"argv": ["train.py", "--seed", "77", "--optimizer", "SVRG", "--run_name", "svrg_0.5.json", "--output_path", "experiments/nonconvex_stl10/svrg-0.5.json", "--dataset", "STL10", "--layer_sizes", "27648", "100", "10", "--batch_size", "10", "--learning_rate", "0.5", "--weight_decay", "0.01", "--warmup_learning_rate", "0.001", "--num_warmup_epochs", "20", "--num_outer_epochs", "250", "--num_inner_epochs", "1", "--device", "cuda"], "args": {"seed": 77, "optimizer": "SVRG", "run_name": "svrg_0.5.json", "output_path": "experiments/nonconvex_stl10/svrg-0.5.json", "device": "cuda", "dataset": "STL10", "dataset_root": "~/datasets/pytorch", "dataset_size": null, "download": false, "layer_sizes": [27648, 100, 10], "batch_size": 10, "test_batch_size": 256, "learning_rate": 0.5, "weight_decay": 0.01, "warmup_learning_rate": 0.001, "num_warmup_epochs": 20, "num_outer_epochs": 250, "num_inner_epochs": 1, "inner_epoch_fraction": null, "choose_random_iterate": false, "num_epochs": 10}, "metrics": [{"warmup_epoch": 1, "train_loss": 2.1348800573349, "grad_norm": 1.8805115222930908, "test_error": 0.733125}, {"warmup_epoch": 2, "train_loss": 1.952679219007492, "grad_norm": 1.3904025554656982, "test_error": 0.68525}, {"warmup_epoch": 3, "train_loss": 1.880379913330078, "grad_norm": 1.9659830331802368, "test_error": 0.678375}, {"warmup_epoch": 4, "train_loss": 1.835884770154953, "grad_norm": 1.6122037172317505, "test_error": 0.661625}, {"warmup_epoch": 5, "train_loss": 1.8045151345729828, "grad_norm": 1.6934443712234497, "test_error": 0.658875}, {"warmup_epoch": 6, "train_loss": 1.778914482831955, "grad_norm": 3.7849440574645996, "test_error": 0.67725}, {"warmup_epoch": 7, "train_loss": 1.7538169412612914, "grad_norm": 2.62298321723938, "test_error": 0.659375}, {"warmup_epoch": 8, "train_loss": 1.7306526463031768, "grad_norm": 2.4293901920318604, "test_error": 0.662125}, {"warmup_epoch": 9, "train_loss": 1.7082515306472779, "grad_norm": 2.8963584899902344, "test_error": 0.653375}, {"warmup_epoch": 10, "train_loss": 1.6863615746498108, "grad_norm": 4.028270244598389, "test_error": 0.646125}, {"warmup_epoch": 11, "train_loss": 1.66167369556427, "grad_norm": 3.1208910942077637, "test_error": 0.645}, {"warmup_epoch": 12, "train_loss": 1.6443801749944686, "grad_norm": 1.2179313898086548, "test_error": 0.620875}, {"warmup_epoch": 13, "train_loss": 1.618789933204651, "grad_norm": 2.593471050262451, "test_error": 0.646125}, {"warmup_epoch": 14, "train_loss": 1.5979233669042587, "grad_norm": 1.743858814239502, "test_error": 0.6295}, {"warmup_epoch": 15, "train_loss": 1.5805437738895416, "grad_norm": 3.6566174030303955, "test_error": 0.648875}, {"warmup_epoch": 16, "train_loss": 1.561762242794037, "grad_norm": 2.7268295288085938, "test_error": 0.63125}, {"warmup_epoch": 17, "train_loss": 1.5389812490940094, "grad_norm": 2.4517672061920166, "test_error": 0.62575}, {"warmup_epoch": 18, "train_loss": 1.5221547589302062, "grad_norm": 1.9178624153137207, "test_error": 0.622125}, {"warmup_epoch": 19, "train_loss": 1.5059223752021789, "grad_norm": 2.3122904300689697, "test_error": 0.616125}, {"warmup_epoch": 20, "train_loss": 1.4843166764974594, "grad_norm": 3.172278642654419, "test_error": 0.615125}, {"outer_epoch": 1, "inner_epoch": 1, "train_loss": 109.90691556334495, "grad_norm": 0.1010752022266388, "test_error": 0.9}, {"outer_epoch": 2, "inner_epoch": 1, "train_loss": 2.3985493154525757, "grad_norm": 0.001566596212796867, "test_error": 0.9}, {"outer_epoch": 3, "inner_epoch": 1, "train_loss": 2.3025891070365905, "grad_norm": 3.268526427291363e-08, "test_error": 0.9}, {"outer_epoch": 4, "inner_epoch": 1, "train_loss": 2.3025853633880615, "grad_norm": 5.2563567720653737e-08, "test_error": 0.9}, {"outer_epoch": 5, "inner_epoch": 1, "train_loss": 2.3025853633880615, "grad_norm": 4.478735959878577e-08, "test_error": 0.90025}, {"outer_epoch": 6, "inner_epoch": 1, "train_loss": 2.3025853633880615, "grad_norm": 4.614968673877229e-08, "test_error": 0.9}, {"outer_epoch": 7, "inner_epoch": 1, "train_loss": 2.3025853633880615, "grad_norm": 4.7715385420588063e-08, "test_error": 0.9}, {"outer_epoch": 8, "inner_epoch": 1, "train_loss": 2.3025853633880615, "grad_norm": 4.1843613018954784e-08, "test_error": 0.9}, {"outer_epoch": 9, "inner_epoch": 1, "train_loss": 2.3025853633880615, "grad_norm": 5.6445678353611584e-08, "test_error": 0.9}, {"outer_epoch": 10, "inner_epoch": 1, "train_loss": 2.3025853633880615, "grad_norm": 4.089703153908886e-08, "test_error": 0.9}, {"outer_epoch": 11, "inner_epoch": 1, "train_loss": 2.3025853633880615, "grad_norm": 4.9287610437431795e-08, "test_error": 0.9}, {"outer_epoch": 12, "inner_epoch": 1, "train_loss": 2.3025853633880615, "grad_norm": 4.3048480335983186e-08, "test_error": 0.9}, {"outer_epoch": 13, "inner_epoch": 1, "train_loss": 2.3025853633880615, "grad_norm": 5.02283299397277e-08, "test_error": 0.9}, {"outer_epoch": 14, "inner_epoch": 1, "train_loss": 2.3025853633880615, "grad_norm": 4.524480701206812e-08, "test_error": 0.9}, {"outer_epoch": 15, "inner_epoch": 1, "train_loss": 2.3025853633880615, "grad_norm": 3.535796011533421e-08, "test_error": 0.9}, {"outer_epoch": 16, "inner_epoch": 1, "train_loss": 2.3025853633880615, "grad_norm": 3.718615460002184e-08, "test_error": 0.9}, {"outer_epoch": 17, "inner_epoch": 1, "train_loss": 2.3025853633880615, "grad_norm": 4.4226791118262554e-08, "test_error": 0.9}, {"outer_epoch": 18, "inner_epoch": 1, "train_loss": 2.3025853633880615, "grad_norm": 3.634863787738141e-08, "test_error": 0.9}, {"outer_epoch": 19, "inner_epoch": 1, "train_loss": 2.3025853633880615, "grad_norm": 2.7864826890322547e-08, "test_error": 0.9}, {"outer_epoch": 20, "inner_epoch": 1, "train_loss": 2.3025853633880615, "grad_norm": 3.589634900436067e-08, "test_error": 0.9}, {"outer_epoch": 21, "inner_epoch": 1, "train_loss": 2.3025853633880615, "grad_norm": 3.111712132408684e-08, "test_error": 0.9}, {"outer_epoch": 22, "inner_epoch": 1, "train_loss": 2.3025853633880615, "grad_norm": 4.47258514668647e-08, "test_error": 0.9}, {"outer_epoch": 23, "inner_epoch": 1, "train_loss": 2.3025853633880615, "grad_norm": 4.475714376894757e-08, "test_error": 0.9}, {"outer_epoch": 24, "inner_epoch": 1, "train_loss": 2.3025853633880615, "grad_norm": 4.8189658485853215e-08, "test_error": 0.9}, {"outer_epoch": 25, "inner_epoch": 1, "train_loss": 2.3025853633880615, "grad_norm": 4.7299508310061356e-08, "test_error": 0.9}, {"outer_epoch": 26, "inner_epoch": 1, "train_loss": 2.3025853633880615, "grad_norm": 3.5988126256825126e-08, "test_error": 0.9}, {"outer_epoch": 27, "inner_epoch": 1, "train_loss": 2.3025853633880615, "grad_norm": 4.7535127833953084e-08, "test_error": 0.9}, {"outer_epoch": 28, "inner_epoch": 1, "train_loss": 2.3025853633880615, "grad_norm": 4.317676527421099e-08, "test_error": 0.9}, {"outer_epoch": 29, "inner_epoch": 1, "train_loss": 2.3025853629112243, "grad_norm": 3.497235567806456e-08, "test_error": 0.9}, {"outer_epoch": 30, "inner_epoch": 1, "train_loss": 2.3025853633880615, "grad_norm": 3.212147703379742e-08, "test_error": 0.9}, {"outer_epoch": 31, "inner_epoch": 1, "train_loss": 2.3025853633880615, "grad_norm": 4.6872557390997827e-08, "test_error": 0.9}, {"outer_epoch": 32, "inner_epoch": 1, "train_loss": 2.3025853633880615, "grad_norm": 3.898700384752374e-08, "test_error": 0.9}, {"outer_epoch": 33, "inner_epoch": 1, "train_loss": 2.3025853633880615, "grad_norm": 3.859456398913608e-08, "test_error": 0.9}, {"outer_epoch": 34, "inner_epoch": 1, "train_loss": 2.3025853633880615, "grad_norm": 3.1459812532830256e-08, "test_error": 0.9}, {"outer_epoch": 35, "inner_epoch": 1, "train_loss": 2.3025853633880615, "grad_norm": 3.961448413747348e-08, "test_error": 0.9}, {"outer_epoch": 36, "inner_epoch": 1, "train_loss": 2.3025853633880615, "grad_norm": 3.365320822013018e-08, "test_error": 0.9}, {"outer_epoch": 37, "inner_epoch": 1, "train_loss": 2.3025853633880615, "grad_norm": 4.6296342759433173e-08, "test_error": 0.9}, {"outer_epoch": 38, "inner_epoch": 1, "train_loss": 2.3025853633880615, "grad_norm": 3.866229292270873e-08, "test_error": 0.9}, {"outer_epoch": 39, "inner_epoch": 1, "train_loss": 2.3025853633880615, "grad_norm": 5.4926669434962605e-08, "test_error": 0.9}, {"outer_epoch": 40, "inner_epoch": 1, "train_loss": 2.3025853633880615, "grad_norm": 4.043325674274456e-08, "test_error": 0.9}, {"outer_epoch": 41, "inner_epoch": 1, "train_loss": 2.3025853633880615, "grad_norm": 4.300564171444421e-08, "test_error": 0.9}, {"outer_epoch": 42, "inner_epoch": 1, "train_loss": 2.3025853633880615, "grad_norm": 3.928994019020138e-08, "test_error": 0.9}, {"outer_epoch": 43, "inner_epoch": 1, "train_loss": 2.3025853633880615, "grad_norm": 3.743786436416485e-08, "test_error": 0.9}, {"outer_epoch": 44, "inner_epoch": 1, "train_loss": 2.3025853633880615, "grad_norm": 3.320402441886472e-08, "test_error": 0.9}, {"outer_epoch": 45, "inner_epoch": 1, "train_loss": 2.3025853633880615, "grad_norm": 4.300531131207208e-08, "test_error": 0.9}, {"outer_epoch": 46, "inner_epoch": 1, "train_loss": 2.3025853633880615, "grad_norm": 4.24913082497369e-08, "test_error": 0.9}, {"outer_epoch": 47, "inner_epoch": 1, "train_loss": 2.3025853633880615, "grad_norm": 4.302503953113046e-08, "test_error": 0.9}, {"outer_epoch": 48, "inner_epoch": 1, "train_loss": 2.3025853633880615, "grad_norm": 2.619677808013421e-08, "test_error": 0.9}, {"outer_epoch": 49, "inner_epoch": 1, "train_loss": 2.3025853633880615, "grad_norm": 3.5086515026705456e-08, "test_error": 0.9}, {"outer_epoch": 50, "inner_epoch": 1, "train_loss": 2.3025853633880615, "grad_norm": 3.698625050674309e-08, "test_error": 0.9}, {"outer_epoch": 51, "inner_epoch": 1, "train_loss": 2.3025853633880615, "grad_norm": 4.208942172567731e-08, "test_error": 0.9}, {"outer_epoch": 52, "inner_epoch": 1, "train_loss": 2.3025853633880615, "grad_norm": 4.2869672256529157e-08, "test_error": 0.9}, {"outer_epoch": 53, "inner_epoch": 1, "train_loss": 2.3025853633880615, "grad_norm": 3.441158824557533e-08, "test_error": 0.9}, {"outer_epoch": 54, "inner_epoch": 1, "train_loss": 2.3025853633880615, "grad_norm": 2.9792776246040376e-08, "test_error": 0.9}, {"outer_epoch": 55, "inner_epoch": 1, "train_loss": 2.3025853633880615, "grad_norm": 3.750083621412159e-08, "test_error": 0.9}, {"outer_epoch": 56, "inner_epoch": 1, "train_loss": 2.3025853633880615, "grad_norm": 3.831478778693054e-08, "test_error": 0.9}, {"outer_epoch": 57, "inner_epoch": 1, "train_loss": 2.3025853633880615, "grad_norm": 4.015515031596806e-08, "test_error": 0.9}, {"outer_epoch": 58, "inner_epoch": 1, "train_loss": 2.3025853633880615, "grad_norm": 3.746606225263349e-08, "test_error": 0.9}, {"outer_epoch": 59, "inner_epoch": 1, "train_loss": 2.3025853633880615, "grad_norm": 4.145281806700041e-08, "test_error": 0.9}, {"outer_epoch": 60, "inner_epoch": 1, "train_loss": 2.3025853633880615, "grad_norm": 3.658071179302169e-08, "test_error": 0.9}, {"outer_epoch": 61, "inner_epoch": 1, "train_loss": 2.3025853633880615, "grad_norm": 3.886958666043938e-08, "test_error": 0.9}, {"outer_epoch": 62, "inner_epoch": 1, "train_loss": 2.3025853633880615, "grad_norm": 3.1987646309517004e-08, "test_error": 0.9}, {"outer_epoch": 63, "inner_epoch": 1, "train_loss": 2.3025853633880615, "grad_norm": 3.430116990443821e-08, "test_error": 0.9}, {"outer_epoch": 64, "inner_epoch": 1, "train_loss": 2.3025853633880615, "grad_norm": 5.1990159732895336e-08, "test_error": 0.9}, {"outer_epoch": 65, "inner_epoch": 1, "train_loss": 2.3025853633880615, "grad_norm": 4.307000622816304e-08, "test_error": 0.9}, {"outer_epoch": 66, "inner_epoch": 1, "train_loss": 2.3025853633880615, "grad_norm": 4.48216930237777e-08, "test_error": 0.9}, {"outer_epoch": 67, "inner_epoch": 1, "train_loss": 2.3025853633880615, "grad_norm": 4.291577226922527e-08, "test_error": 0.9}, {"outer_epoch": 68, "inner_epoch": 1, "train_loss": 2.3025853633880615, "grad_norm": 4.463428737722097e-08, "test_error": 0.9}, {"outer_epoch": 69, "inner_epoch": 1, "train_loss": 2.3025853633880615, "grad_norm": 3.526163538936089e-08, "test_error": 0.9}, {"outer_epoch": 70, "inner_epoch": 1, "train_loss": 2.3025853633880615, "grad_norm": 3.205295939778807e-08, "test_error": 0.9}, {"outer_epoch": 71, "inner_epoch": 1, "train_loss": 2.3025853633880615, "grad_norm": 4.2140683831348724e-08, "test_error": 0.9}, {"outer_epoch": 72, "inner_epoch": 1, "train_loss": 2.3025853633880615, "grad_norm": 3.824817085273935e-08, "test_error": 0.9}, {"outer_epoch": 73, "inner_epoch": 1, "train_loss": 2.3025853633880615, "grad_norm": 4.177870138732942e-08, "test_error": 0.9}, {"outer_epoch": 74, "inner_epoch": 1, "train_loss": 2.3025853633880615, "grad_norm": 4.644894247007869e-08, "test_error": 0.9}, {"outer_epoch": 75, "inner_epoch": 1, "train_loss": 2.3025853633880615, "grad_norm": 4.146161103335544e-08, "test_error": 0.9}, {"outer_epoch": 76, "inner_epoch": 1, "train_loss": 2.3025853633880615, "grad_norm": 5.097897215478042e-08, "test_error": 0.9}, {"outer_epoch": 77, "inner_epoch": 1, "train_loss": 2.3025853633880615, "grad_norm": 2.8393900564083197e-08, "test_error": 0.9}, {"outer_epoch": 78, "inner_epoch": 1, "train_loss": 2.3025853633880615, "grad_norm": 3.0755813895666506e-08, "test_error": 0.9}, {"outer_epoch": 79, "inner_epoch": 1, "train_loss": 2.3025853633880615, "grad_norm": 4.6910976436720375e-08, "test_error": 0.9}, {"outer_epoch": 80, "inner_epoch": 1, "train_loss": 2.3025853633880615, "grad_norm": 3.451972929724434e-08, "test_error": 0.9}, {"outer_epoch": 81, "inner_epoch": 1, "train_loss": 2.3025853633880615, "grad_norm": 3.0163953113060415e-08, "test_error": 0.9}, {"outer_epoch": 82, "inner_epoch": 1, "train_loss": 2.3025853633880615, "grad_norm": 4.4414715461016385e-08, "test_error": 0.9}, {"outer_epoch": 83, "inner_epoch": 1, "train_loss": 2.3025853633880615, "grad_norm": 3.965356754065397e-08, "test_error": 0.9}, {"outer_epoch": 84, "inner_epoch": 1, "train_loss": 2.3025853633880615, "grad_norm": 3.224551647917906e-08, "test_error": 0.9}, {"outer_epoch": 85, "inner_epoch": 1, "train_loss": 2.3025853633880615, "grad_norm": 4.74728167887406e-08, "test_error": 0.9}, {"outer_epoch": 86, "inner_epoch": 1, "train_loss": 2.3025853633880615, "grad_norm": 3.823295102733937e-08, "test_error": 0.9}, {"outer_epoch": 87, "inner_epoch": 1, "train_loss": 2.3025853633880615, "grad_norm": 4.043909385131883e-08, "test_error": 0.9}, {"outer_epoch": 88, "inner_epoch": 1, "train_loss": 2.3025853633880615, "grad_norm": 2.3610365218473817e-08, "test_error": 0.9}, {"outer_epoch": 89, "inner_epoch": 1, "train_loss": 2.3025853633880615, "grad_norm": 2.553649025571758e-08, "test_error": 0.9}, {"outer_epoch": 90, "inner_epoch": 1, "train_loss": 2.302585358142853, "grad_norm": 4.2197189742410046e-08, "test_error": 0.9}, {"outer_epoch": 91, "inner_epoch": 1, "train_loss": 2.3025853633880615, "grad_norm": 3.993149633174653e-08, "test_error": 0.9}, {"outer_epoch": 92, "inner_epoch": 1, "train_loss": 2.3025853633880615, "grad_norm": 4.213364235283734e-08, "test_error": 0.9}, {"outer_epoch": 93, "inner_epoch": 1, "train_loss": 2.3025853633880615, "grad_norm": 4.1590727306584085e-08, "test_error": 0.9}, {"outer_epoch": 94, "inner_epoch": 1, "train_loss": 2.3025853633880615, "grad_norm": 4.0086888475343585e-08, "test_error": 0.9}, {"outer_epoch": 95, "inner_epoch": 1, "train_loss": 2.3025853633880615, "grad_norm": 4.291975130854553e-08, "test_error": 0.9}, {"outer_epoch": 96, "inner_epoch": 1, "train_loss": 2.3025853633880615, "grad_norm": 3.8359218024197617e-08, "test_error": 0.9}, {"outer_epoch": 97, "inner_epoch": 1, "train_loss": 2.302585362434387, "grad_norm": 4.093072192290492e-08, "test_error": 0.9}, {"outer_epoch": 98, "inner_epoch": 1, "train_loss": 2.3025853629112243, "grad_norm": 2.095068651897236e-08, "test_error": 0.9}, {"outer_epoch": 99, "inner_epoch": 1, "train_loss": 2.3025853633880615, "grad_norm": 3.9183738920200994e-08, "test_error": 0.9}, {"outer_epoch": 100, "inner_epoch": 1, "train_loss": 2.3025853605270385, "grad_norm": 3.605664744554815e-08, "test_error": 0.9}, {"outer_epoch": 101, "inner_epoch": 1, "train_loss": 2.3025853633880615, "grad_norm": 4.056911251382189e-08, "test_error": 0.9}, {"outer_epoch": 102, "inner_epoch": 1, "train_loss": 2.3025853633880615, "grad_norm": 4.3306780384000376e-08, "test_error": 0.9}, {"outer_epoch": 103, "inner_epoch": 1, "train_loss": 2.3025853633880615, "grad_norm": 3.703058482074084e-08, "test_error": 0.9}, {"outer_epoch": 104, "inner_epoch": 1, "train_loss": 2.3025853633880615, "grad_norm": 3.2875835387358165e-08, "test_error": 0.9}, {"outer_epoch": 105, "inner_epoch": 1, "train_loss": 2.3025853633880615, "grad_norm": 4.0231540765489626e-08, "test_error": 0.9}, {"outer_epoch": 106, "inner_epoch": 1, "train_loss": 2.3025853633880615, "grad_norm": 2.750359229253263e-08, "test_error": 0.9}, {"outer_epoch": 107, "inner_epoch": 1, "train_loss": 2.3025853633880615, "grad_norm": 4.050972535196706e-08, "test_error": 0.9}, {"outer_epoch": 108, "inner_epoch": 1, "train_loss": 2.3025853633880615, "grad_norm": 4.216803617396181e-08, "test_error": 0.9}, {"outer_epoch": 109, "inner_epoch": 1, "train_loss": 2.3025853633880615, "grad_norm": 2.88992936248178e-08, "test_error": 0.9}, {"outer_epoch": 110, "inner_epoch": 1, "train_loss": 2.3025853633880615, "grad_norm": 3.480035815073279e-08, "test_error": 0.9}, {"outer_epoch": 111, "inner_epoch": 1, "train_loss": 2.3025853633880615, "grad_norm": 4.385923446648121e-08, "test_error": 0.9}, {"outer_epoch": 112, "inner_epoch": 1, "train_loss": 2.3025853619575503, "grad_norm": 3.664927916702254e-08, "test_error": 0.9}, {"outer_epoch": 113, "inner_epoch": 1, "train_loss": 2.30258535528183, "grad_norm": 3.174925922166949e-08, "test_error": 0.9}, {"outer_epoch": 114, "inner_epoch": 1, "train_loss": 2.3025853633880615, "grad_norm": 3.694454875358133e-08, "test_error": 0.9}, {"outer_epoch": 115, "inner_epoch": 1, "train_loss": 2.3025853633880615, "grad_norm": 4.365189099075906e-08, "test_error": 0.9}, {"outer_epoch": 116, "inner_epoch": 1, "train_loss": 2.3025853633880615, "grad_norm": 1.8370061027894735e-08, "test_error": 0.9}, {"outer_epoch": 117, "inner_epoch": 1, "train_loss": 2.3025853633880615, "grad_norm": 4.271191045290834e-08, "test_error": 0.9}, {"outer_epoch": 118, "inner_epoch": 1, "train_loss": 2.3025853633880615, "grad_norm": 3.455684804976045e-08, "test_error": 0.9}, {"outer_epoch": 119, "inner_epoch": 1, "train_loss": 2.3025853633880615, "grad_norm": 3.891215882845245e-08, "test_error": 0.9}, {"outer_epoch": 120, "inner_epoch": 1, "train_loss": 2.3025853633880615, "grad_norm": 3.98479436114485e-08, "test_error": 0.9}, {"outer_epoch": 121, "inner_epoch": 1, "train_loss": 2.3025853633880615, "grad_norm": 3.201014564524485e-08, "test_error": 0.9}, {"outer_epoch": 122, "inner_epoch": 1, "train_loss": 2.3025853633880615, "grad_norm": 3.940506942967659e-08, "test_error": 0.9}, {"outer_epoch": 123, "inner_epoch": 1, "train_loss": 2.3025853619575503, "grad_norm": 3.349330057744737e-08, "test_error": 0.9}, {"outer_epoch": 124, "inner_epoch": 1, "train_loss": 2.3025853633880615, "grad_norm": 3.701829953683955e-08, "test_error": 0.9}, {"outer_epoch": 125, "inner_epoch": 1, "train_loss": 2.3025853633880615, "grad_norm": 2.9772611043199504e-08, "test_error": 0.9}, {"outer_epoch": 126, "inner_epoch": 1, "train_loss": 2.3025853633880615, "grad_norm": 4.2160078095321296e-08, "test_error": 0.9}, {"outer_epoch": 127, "inner_epoch": 1, "train_loss": 2.3025853633880615, "grad_norm": 3.897471501090877e-08, "test_error": 0.9}, {"outer_epoch": 128, "inner_epoch": 1, "train_loss": 2.3025853633880615, "grad_norm": 3.8086472642362423e-08, "test_error": 0.9}, {"outer_epoch": 129, "inner_epoch": 1, "train_loss": 2.3025853548049926, "grad_norm": 4.0704250636736106e-08, "test_error": 0.9}, {"outer_epoch": 130, "inner_epoch": 1, "train_loss": 2.3025853633880615, "grad_norm": 3.831056716308012e-08, "test_error": 0.9}, {"outer_epoch": 131, "inner_epoch": 1, "train_loss": 2.3025853633880615, "grad_norm": 3.063617981524658e-08, "test_error": 0.9}, {"outer_epoch": 132, "inner_epoch": 1, "train_loss": 2.3025853633880615, "grad_norm": 3.9626200987186166e-08, "test_error": 0.9}, {"outer_epoch": 133, "inner_epoch": 1, "train_loss": 2.3025853633880615, "grad_norm": 4.514506812824948e-08, "test_error": 0.9}, {"outer_epoch": 134, "inner_epoch": 1, "train_loss": 2.3025853629112243, "grad_norm": 2.1827343488212136e-08, "test_error": 0.9}, {"outer_epoch": 135, "inner_epoch": 1, "train_loss": 2.3025853633880615, "grad_norm": 2.8329951717864787e-08, "test_error": 0.9}, {"outer_epoch": 136, "inner_epoch": 1, "train_loss": 2.3025853633880615, "grad_norm": 2.3573502261342583e-08, "test_error": 0.9}, {"outer_epoch": 137, "inner_epoch": 1, "train_loss": 2.3025853633880615, "grad_norm": 2.6319225909787747e-08, "test_error": 0.9}, {"outer_epoch": 138, "inner_epoch": 1, "train_loss": 2.3025853633880615, "grad_norm": 4.539654341328969e-08, "test_error": 0.9}, {"outer_epoch": 139, "inner_epoch": 1, "train_loss": 2.3025853633880615, "grad_norm": 3.1696913538326044e-08, "test_error": 0.9}, {"outer_epoch": 140, "inner_epoch": 1, "train_loss": 2.3025853633880615, "grad_norm": 4.475211667909207e-08, "test_error": 0.9}, {"outer_epoch": 141, "inner_epoch": 1, "train_loss": 2.3025853571891783, "grad_norm": 3.696625938687248e-08, "test_error": 0.9}, {"outer_epoch": 142, "inner_epoch": 1, "train_loss": 2.3025853633880615, "grad_norm": 2.068074955730026e-08, "test_error": 0.9}, {"outer_epoch": 143, "inner_epoch": 1, "train_loss": 2.3025853633880615, "grad_norm": 4.458435043375175e-08, "test_error": 0.9}, {"outer_epoch": 144, "inner_epoch": 1, "train_loss": 2.3025853633880615, "grad_norm": 2.9061970607813237e-08, "test_error": 0.9}, {"outer_epoch": 145, "inner_epoch": 1, "train_loss": 2.3025853633880615, "grad_norm": 2.7482668585321335e-08, "test_error": 0.9}, {"outer_epoch": 146, "inner_epoch": 1, "train_loss": 2.3025853633880615, "grad_norm": 4.3766664958866386e-08, "test_error": 0.9}, {"outer_epoch": 147, "inner_epoch": 1, "train_loss": 2.3025853633880615, "grad_norm": 3.715880225740875e-08, "test_error": 0.9}, {"outer_epoch": 148, "inner_epoch": 1, "train_loss": 2.3025853633880615, "grad_norm": 4.36881322229965e-08, "test_error": 0.9}, {"outer_epoch": 149, "inner_epoch": 1, "train_loss": 2.3025853633880615, "grad_norm": 3.260711878283473e-08, "test_error": 0.9}, {"outer_epoch": 150, "inner_epoch": 1, "train_loss": 2.3025853633880615, "grad_norm": 3.544383986309185e-08, "test_error": 0.9}, {"outer_epoch": 151, "inner_epoch": 1, "train_loss": 2.3025853633880615, "grad_norm": 4.199529257675749e-08, "test_error": 0.9}, {"outer_epoch": 152, "inner_epoch": 1, "train_loss": 2.3025853633880615, "grad_norm": 3.7245072803671064e-08, "test_error": 0.9}, {"outer_epoch": 153, "inner_epoch": 1, "train_loss": 2.3025853633880615, "grad_norm": 3.722177055465181e-08, "test_error": 0.9}, {"outer_epoch": 154, "inner_epoch": 1, "train_loss": 2.3025853633880615, "grad_norm": 3.6714396856041276e-08, "test_error": 0.9}, {"outer_epoch": 155, "inner_epoch": 1, "train_loss": 2.3025853633880615, "grad_norm": 3.9511522942348165e-08, "test_error": 0.9}, {"outer_epoch": 156, "inner_epoch": 1, "train_loss": 2.3025853633880615, "grad_norm": 3.720304775356453e-08, "test_error": 0.9}, {"outer_epoch": 157, "inner_epoch": 1, "train_loss": 2.3025853633880615, "grad_norm": 2.9022739767015082e-08, "test_error": 0.9}, {"outer_epoch": 158, "inner_epoch": 1, "train_loss": 2.3025853633880615, "grad_norm": 4.644509488116455e-08, "test_error": 0.9}, {"outer_epoch": 159, "inner_epoch": 1, "train_loss": 2.3025853633880615, "grad_norm": 3.093283140742642e-08, "test_error": 0.9}, {"outer_epoch": 160, "inner_epoch": 1, "train_loss": 2.3025853629112243, "grad_norm": 3.234058709722376e-08, "test_error": 0.9}, {"outer_epoch": 161, "inner_epoch": 1, "train_loss": 2.3025853633880615, "grad_norm": 4.990505075852525e-08, "test_error": 0.9}, {"outer_epoch": 162, "inner_epoch": 1, "train_loss": 2.3025853633880615, "grad_norm": 3.209442311913335e-08, "test_error": 0.9}, {"outer_epoch": 163, "inner_epoch": 1, "train_loss": 2.3025853633880615, "grad_norm": 4.2634241026462405e-08, "test_error": 0.9}, {"outer_epoch": 164, "inner_epoch": 1, "train_loss": 2.3025853543281554, "grad_norm": 3.154890038103986e-08, "test_error": 0.9}, {"outer_epoch": 165, "inner_epoch": 1, "train_loss": 2.3025853633880615, "grad_norm": 4.246196283475001e-08, "test_error": 0.9}, {"outer_epoch": 166, "inner_epoch": 1, "train_loss": 2.3025853633880615, "grad_norm": 3.9286334185817395e-08, "test_error": 0.9}, {"outer_epoch": 167, "inner_epoch": 1, "train_loss": 2.3025853576660156, "grad_norm": 3.763948086543678e-08, "test_error": 0.9}, {"outer_epoch": 168, "inner_epoch": 1, "train_loss": 2.3025853633880615, "grad_norm": 2.944818611183564e-08, "test_error": 0.9}, {"outer_epoch": 169, "inner_epoch": 1, "train_loss": 2.3025853633880615, "grad_norm": 3.260120351455953e-08, "test_error": 0.9}, {"outer_epoch": 170, "inner_epoch": 1, "train_loss": 2.3025853633880615, "grad_norm": 3.4890149436250795e-08, "test_error": 0.9}, {"outer_epoch": 171, "inner_epoch": 1, "train_loss": 2.3025853571891783, "grad_norm": 5.263636282393236e-08, "test_error": 0.9}, {"outer_epoch": 172, "inner_epoch": 1, "train_loss": 2.3025853538513186, "grad_norm": 3.303007645172329e-08, "test_error": 0.9}, {"outer_epoch": 173, "inner_epoch": 1, "train_loss": 2.3025853633880615, "grad_norm": 3.2720603115876656e-08, "test_error": 0.9}, {"outer_epoch": 174, "inner_epoch": 1, "train_loss": 2.3025853633880615, "grad_norm": 3.506758616822481e-08, "test_error": 0.9}, {"outer_epoch": 175, "inner_epoch": 1, "train_loss": 2.3025853633880615, "grad_norm": 3.0710470610983975e-08, "test_error": 0.9}, {"outer_epoch": 176, "inner_epoch": 1, "train_loss": 2.3025853633880615, "grad_norm": 3.9645165372803604e-08, "test_error": 0.9}, {"outer_epoch": 177, "inner_epoch": 1, "train_loss": 2.3025853633880615, "grad_norm": 3.536337089826702e-08, "test_error": 0.9}, {"outer_epoch": 178, "inner_epoch": 1, "train_loss": 2.3025853633880615, "grad_norm": 3.303801676679541e-08, "test_error": 0.9}, {"outer_epoch": 179, "inner_epoch": 1, "train_loss": 2.3025853633880615, "grad_norm": 4.7143689840822844e-08, "test_error": 0.9}, {"outer_epoch": 180, "inner_epoch": 1, "train_loss": 2.3025853629112243, "grad_norm": 3.1284592694191815e-08, "test_error": 0.9}, {"outer_epoch": 181, "inner_epoch": 1, "train_loss": 2.3025853633880615, "grad_norm": 4.1580360488069346e-08, "test_error": 0.9}, {"outer_epoch": 182, "inner_epoch": 1, "train_loss": 2.3025853633880615, "grad_norm": 5.293925653404585e-08, "test_error": 0.9}, {"outer_epoch": 183, "inner_epoch": 1, "train_loss": 2.3025853633880615, "grad_norm": 3.9522124239965706e-08, "test_error": 0.9}, {"outer_epoch": 184, "inner_epoch": 1, "train_loss": 2.3025853633880615, "grad_norm": 3.8909409028065056e-08, "test_error": 0.9}, {"outer_epoch": 185, "inner_epoch": 1, "train_loss": 2.3025853629112243, "grad_norm": 2.9431939552182484e-08, "test_error": 0.9}, {"outer_epoch": 186, "inner_epoch": 1, "train_loss": 2.302585362434387, "grad_norm": 4.329974245820267e-08, "test_error": 0.9}, {"outer_epoch": 187, "inner_epoch": 1, "train_loss": 2.3025853633880615, "grad_norm": 4.119404550806394e-08, "test_error": 0.9}, {"outer_epoch": 188, "inner_epoch": 1, "train_loss": 2.3025853633880615, "grad_norm": 3.3208365834980214e-08, "test_error": 0.9}, {"outer_epoch": 189, "inner_epoch": 1, "train_loss": 2.3025853633880615, "grad_norm": 4.089859473310753e-08, "test_error": 0.9}, {"outer_epoch": 190, "inner_epoch": 1, "train_loss": 2.3025853633880615, "grad_norm": 3.539155102316727e-08, "test_error": 0.9}, {"outer_epoch": 191, "inner_epoch": 1, "train_loss": 2.3025853633880615, "grad_norm": 3.83879452670044e-08, "test_error": 0.9}, {"outer_epoch": 192, "inner_epoch": 1, "train_loss": 2.3025853633880615, "grad_norm": 4.0431849868127756e-08, "test_error": 0.9}, {"outer_epoch": 193, "inner_epoch": 1, "train_loss": 2.3025853576660156, "grad_norm": 3.7164340938034e-08, "test_error": 0.9}, {"outer_epoch": 194, "inner_epoch": 1, "train_loss": 2.3025853633880615, "grad_norm": 3.8963964499316717e-08, "test_error": 0.9}, {"outer_epoch": 195, "inner_epoch": 1, "train_loss": 2.3025853533744813, "grad_norm": 3.219564348455606e-08, "test_error": 0.9}, {"outer_epoch": 196, "inner_epoch": 1, "train_loss": 2.3025853633880615, "grad_norm": 2.4384053887160917e-08, "test_error": 0.9}, {"outer_epoch": 197, "inner_epoch": 1, "train_loss": 2.3025853633880615, "grad_norm": 2.9141952850864072e-08, "test_error": 0.9}, {"outer_epoch": 198, "inner_epoch": 1, "train_loss": 2.3025853633880615, "grad_norm": 3.2087601908870056e-08, "test_error": 0.9}, {"outer_epoch": 199, "inner_epoch": 1, "train_loss": 2.3025853633880615, "grad_norm": 2.989941094710957e-08, "test_error": 0.9}, {"outer_epoch": 200, "inner_epoch": 1, "train_loss": 2.3025853633880615, "grad_norm": 3.436313988913753e-08, "test_error": 0.9}, {"outer_epoch": 201, "inner_epoch": 1, "train_loss": 2.3025853633880615, "grad_norm": 3.675398829727783e-08, "test_error": 0.9}, {"outer_epoch": 202, "inner_epoch": 1, "train_loss": 2.3025853629112243, "grad_norm": 3.687706850996619e-08, "test_error": 0.9}, {"outer_epoch": 203, "inner_epoch": 1, "train_loss": 2.3025853633880615, "grad_norm": 3.4136803606088506e-08, "test_error": 0.9}, {"outer_epoch": 204, "inner_epoch": 1, "train_loss": 2.3025853633880615, "grad_norm": 2.2880721317619646e-08, "test_error": 0.9}, {"outer_epoch": 205, "inner_epoch": 1, "train_loss": 2.3025853633880615, "grad_norm": 3.977126183940527e-08, "test_error": 0.9}, {"outer_epoch": 206, "inner_epoch": 1, "train_loss": 2.3025853633880615, "grad_norm": 3.547207683141096e-08, "test_error": 0.9}, {"outer_epoch": 207, "inner_epoch": 1, "train_loss": 2.3025853633880615, "grad_norm": 4.5378076407587287e-08, "test_error": 0.9}, {"outer_epoch": 208, "inner_epoch": 1, "train_loss": 2.302585361003876, "grad_norm": 3.6703202255239376e-08, "test_error": 0.9}, {"outer_epoch": 209, "inner_epoch": 1, "train_loss": 2.3025853633880615, "grad_norm": 3.354928423959791e-08, "test_error": 0.9}, {"outer_epoch": 210, "inner_epoch": 1, "train_loss": 2.3025853633880615, "grad_norm": 2.7255854462282514e-08, "test_error": 0.9}, {"outer_epoch": 211, "inner_epoch": 1, "train_loss": 2.3025853633880615, "grad_norm": 4.4204483629073366e-08, "test_error": 0.9}, {"outer_epoch": 212, "inner_epoch": 1, "train_loss": 2.3025853633880615, "grad_norm": 3.5406600318310666e-08, "test_error": 0.9}, {"outer_epoch": 213, "inner_epoch": 1, "train_loss": 2.3025853633880615, "grad_norm": 4.825090016424838e-08, "test_error": 0.9}, {"outer_epoch": 214, "inner_epoch": 1, "train_loss": 2.3025853543281554, "grad_norm": 3.1200123373764654e-08, "test_error": 0.9}, {"outer_epoch": 215, "inner_epoch": 1, "train_loss": 2.3025853633880615, "grad_norm": 3.916962043604144e-08, "test_error": 0.9}, {"outer_epoch": 216, "inner_epoch": 1, "train_loss": 2.3025853629112243, "grad_norm": 3.837334361378453e-08, "test_error": 0.9}, {"outer_epoch": 217, "inner_epoch": 1, "train_loss": 2.3025853633880615, "grad_norm": 3.763439337944874e-08, "test_error": 0.9}, {"outer_epoch": 218, "inner_epoch": 1, "train_loss": 2.3025853633880615, "grad_norm": 3.470780285397268e-08, "test_error": 0.9}, {"outer_epoch": 219, "inner_epoch": 1, "train_loss": 2.3025853633880615, "grad_norm": 3.5580164592374786e-08, "test_error": 0.9}, {"outer_epoch": 220, "inner_epoch": 1, "train_loss": 2.3025853633880615, "grad_norm": 4.110589912897922e-08, "test_error": 0.9}, {"outer_epoch": 221, "inner_epoch": 1, "train_loss": 2.302585362434387, "grad_norm": 2.875319005113397e-08, "test_error": 0.9}, {"outer_epoch": 222, "inner_epoch": 1, "train_loss": 2.3025853633880615, "grad_norm": 3.562859873795787e-08, "test_error": 0.9}, {"outer_epoch": 223, "inner_epoch": 1, "train_loss": 2.3025853633880615, "grad_norm": 3.483105004420395e-08, "test_error": 0.9}, {"outer_epoch": 224, "inner_epoch": 1, "train_loss": 2.3025853633880615, "grad_norm": 3.190039876699302e-08, "test_error": 0.9}, {"outer_epoch": 225, "inner_epoch": 1, "train_loss": 2.3025853633880615, "grad_norm": 4.46417907085106e-08, "test_error": 0.9}, {"outer_epoch": 226, "inner_epoch": 1, "train_loss": 2.3025853633880615, "grad_norm": 3.909745061037029e-08, "test_error": 0.9}, {"outer_epoch": 227, "inner_epoch": 1, "train_loss": 2.3025853633880615, "grad_norm": 3.0654526028683904e-08, "test_error": 0.9}, {"outer_epoch": 228, "inner_epoch": 1, "train_loss": 2.3025853633880615, "grad_norm": 4.444857637508903e-08, "test_error": 0.9}, {"outer_epoch": 229, "inner_epoch": 1, "train_loss": 2.3025853633880615, "grad_norm": 3.599109987817428e-08, "test_error": 0.9}, {"outer_epoch": 230, "inner_epoch": 1, "train_loss": 2.3025853633880615, "grad_norm": 3.2379581682562275e-08, "test_error": 0.9}, {"outer_epoch": 231, "inner_epoch": 1, "train_loss": 2.3025853633880615, "grad_norm": 3.4385951863669106e-08, "test_error": 0.9}, {"outer_epoch": 232, "inner_epoch": 1, "train_loss": 2.3025853543281554, "grad_norm": 2.605170124070355e-08, "test_error": 0.9}, {"outer_epoch": 233, "inner_epoch": 1, "train_loss": 2.3025853633880615, "grad_norm": 3.39569865559497e-08, "test_error": 0.9}, {"outer_epoch": 234, "inner_epoch": 1, "train_loss": 2.3025853633880615, "grad_norm": 4.028462541327826e-08, "test_error": 0.9}, {"outer_epoch": 235, "inner_epoch": 1, "train_loss": 2.3025853633880615, "grad_norm": 3.933336145678368e-08, "test_error": 0.9}, {"outer_epoch": 236, "inner_epoch": 1, "train_loss": 2.3025853600502013, "grad_norm": 6.414617814698431e-08, "test_error": 0.9}, {"outer_epoch": 237, "inner_epoch": 1, "train_loss": 2.302585362434387, "grad_norm": 2.40961544051288e-08, "test_error": 0.9}, {"outer_epoch": 238, "inner_epoch": 1, "train_loss": 2.3025853633880615, "grad_norm": 4.2105877895437516e-08, "test_error": 0.9}, {"outer_epoch": 239, "inner_epoch": 1, "train_loss": 2.3025853619575503, "grad_norm": 3.8665593393716335e-08, "test_error": 0.9}, {"outer_epoch": 240, "inner_epoch": 1, "train_loss": 2.3025853633880615, "grad_norm": 3.260158720763684e-08, "test_error": 0.9}, {"outer_epoch": 241, "inner_epoch": 1, "train_loss": 2.3025853633880615, "grad_norm": 3.3055354009547955e-08, "test_error": 0.9}, {"outer_epoch": 242, "inner_epoch": 1, "train_loss": 2.3025853633880615, "grad_norm": 4.373481488073594e-08, "test_error": 0.9}, {"outer_epoch": 243, "inner_epoch": 1, "train_loss": 2.3025853633880615, "grad_norm": 3.655474500874334e-08, "test_error": 0.9}, {"outer_epoch": 244, "inner_epoch": 1, "train_loss": 2.3025853629112243, "grad_norm": 3.8639736743562025e-08, "test_error": 0.9}, {"outer_epoch": 245, "inner_epoch": 1, "train_loss": 2.3025853633880615, "grad_norm": 3.42567787470216e-08, "test_error": 0.9}, {"outer_epoch": 246, "inner_epoch": 1, "train_loss": 2.3025853633880615, "grad_norm": 3.067077614105074e-08, "test_error": 0.9}, {"outer_epoch": 247, "inner_epoch": 1, "train_loss": 2.3025853633880615, "grad_norm": 4.185207203022401e-08, "test_error": 0.9}, {"outer_epoch": 248, "inner_epoch": 1, "train_loss": 2.3025853576660156, "grad_norm": 4.0646469301464094e-08, "test_error": 0.9}, {"outer_epoch": 249, "inner_epoch": 1, "train_loss": 2.3025853633880615, "grad_norm": 2.6105352546323957e-08, "test_error": 0.9}, {"outer_epoch": 250, "inner_epoch": 1, "train_loss": 2.3025853633880615, "grad_norm": 2.798482867660823e-08, "test_error": 0.9}]}