{"argv": ["train.py", "--seed", "77", "--optimizer", "SVRG", "--run_name", "svrg_0.005.json", "--output_path", "experiments/nonconvex_stl10/svrg-0.005.json", "--dataset", "STL10", "--layer_sizes", "27648", "100", "10", "--batch_size", "10", "--learning_rate", "0.005", "--weight_decay", "0.01", "--warmup_learning_rate", "0.001", "--num_warmup_epochs", "20", "--num_outer_epochs", "250", "--num_inner_epochs", "1", "--device", "cuda"], "args": {"seed": 77, "optimizer": "SVRG", "run_name": "svrg_0.005.json", "output_path": "experiments/nonconvex_stl10/svrg-0.005.json", "device": "cuda", "dataset": "STL10", "dataset_root": "~/datasets/pytorch", "dataset_size": null, "download": false, "layer_sizes": [27648, 100, 10], "batch_size": 10, "test_batch_size": 256, "learning_rate": 0.005, "weight_decay": 0.01, "warmup_learning_rate": 0.001, "num_warmup_epochs": 20, "num_outer_epochs": 250, "num_inner_epochs": 1, "inner_epoch_fraction": null, "choose_random_iterate": false, "num_epochs": 10}, "metrics": [{"warmup_epoch": 1, "train_loss": 2.1348800573349, "grad_norm": 1.8805115222930908, "test_error": 0.733125}, {"warmup_epoch": 2, "train_loss": 1.952679219007492, "grad_norm": 1.3904025554656982, "test_error": 0.68525}, {"warmup_epoch": 3, "train_loss": 1.880379913330078, "grad_norm": 1.9659830331802368, "test_error": 0.678375}, {"warmup_epoch": 4, "train_loss": 1.835884770154953, "grad_norm": 1.6122037172317505, "test_error": 0.661625}, {"warmup_epoch": 5, "train_loss": 1.8045151345729828, "grad_norm": 1.6934443712234497, "test_error": 0.658875}, {"warmup_epoch": 6, "train_loss": 1.778914482831955, "grad_norm": 3.7849440574645996, "test_error": 0.67725}, {"warmup_epoch": 7, "train_loss": 1.7538169412612914, "grad_norm": 2.62298321723938, "test_error": 0.659375}, {"warmup_epoch": 8, "train_loss": 1.7306526463031768, "grad_norm": 2.4293901920318604, "test_error": 0.662125}, {"warmup_epoch": 9, "train_loss": 1.7082515306472779, "grad_norm": 2.8963584899902344, "test_error": 0.653375}, {"warmup_epoch": 10, "train_loss": 1.6863615746498108, "grad_norm": 4.028270244598389, "test_error": 0.646125}, {"warmup_epoch": 11, "train_loss": 1.66167369556427, "grad_norm": 3.1208910942077637, "test_error": 0.645}, {"warmup_epoch": 12, "train_loss": 1.6443801749944686, "grad_norm": 1.2179313898086548, "test_error": 0.620875}, {"warmup_epoch": 13, "train_loss": 1.618789933204651, "grad_norm": 2.593471050262451, "test_error": 0.646125}, {"warmup_epoch": 14, "train_loss": 1.5979233669042587, "grad_norm": 1.743858814239502, "test_error": 0.6295}, {"warmup_epoch": 15, "train_loss": 1.5805437738895416, "grad_norm": 3.6566174030303955, "test_error": 0.648875}, {"warmup_epoch": 16, "train_loss": 1.561762242794037, "grad_norm": 2.7268295288085938, "test_error": 0.63125}, {"warmup_epoch": 17, "train_loss": 1.5389812490940094, "grad_norm": 2.4517672061920166, "test_error": 0.62575}, {"warmup_epoch": 18, "train_loss": 1.5221547589302062, "grad_norm": 1.9178624153137207, "test_error": 0.622125}, {"warmup_epoch": 19, "train_loss": 1.5059223752021789, "grad_norm": 2.3122904300689697, "test_error": 0.616125}, {"warmup_epoch": 20, "train_loss": 1.4843166764974594, "grad_norm": 3.172278642654419, "test_error": 0.615125}, {"outer_epoch": 1, "inner_epoch": 1, "train_loss": 1.4070585845708847, "grad_norm": 2.8978164196014404, "test_error": 0.610875}, {"outer_epoch": 2, "inner_epoch": 1, "train_loss": 1.333934489607811, "grad_norm": 2.4480903148651123, "test_error": 0.599875}, {"outer_epoch": 3, "inner_epoch": 1, "train_loss": 1.2532229635715484, "grad_norm": 3.6250290870666504, "test_error": 0.604125}, {"outer_epoch": 4, "inner_epoch": 1, "train_loss": 1.2034342371225357, "grad_norm": 2.9008333683013916, "test_error": 0.602375}, {"outer_epoch": 5, "inner_epoch": 1, "train_loss": 1.148528146147728, "grad_norm": 4.300494194030762, "test_error": 0.606625}, {"outer_epoch": 6, "inner_epoch": 1, "train_loss": 1.1352866837382316, "grad_norm": 5.556723117828369, "test_error": 0.606625}, {"outer_epoch": 7, "inner_epoch": 1, "train_loss": 1.0985630671977997, "grad_norm": 6.6124043464660645, "test_error": 0.610125}, {"outer_epoch": 8, "inner_epoch": 1, "train_loss": 1.0881222671866417, "grad_norm": 4.4531145095825195, "test_error": 0.601625}, {"outer_epoch": 9, "inner_epoch": 1, "train_loss": 1.0717925406694413, "grad_norm": 8.566146850585938, "test_error": 0.623875}, {"outer_epoch": 10, "inner_epoch": 1, "train_loss": 1.1208353107571603, "grad_norm": 22.58981704711914, "test_error": 0.744375}, {"outer_epoch": 11, "inner_epoch": 1, "train_loss": 1.318243597149849, "grad_norm": 8.554511070251465, "test_error": 0.641125}, {"outer_epoch": 12, "inner_epoch": 1, "train_loss": 1.1640218828320503, "grad_norm": 5.62545108795166, "test_error": 0.629125}, {"outer_epoch": 13, "inner_epoch": 1, "train_loss": 1.0858559626936912, "grad_norm": 7.782866477966309, "test_error": 0.617875}, {"outer_epoch": 14, "inner_epoch": 1, "train_loss": 0.9875568141043186, "grad_norm": 19.710519790649414, "test_error": 0.67325}, {"outer_epoch": 15, "inner_epoch": 1, "train_loss": 1.1768854301571845, "grad_norm": 7.538518905639648, "test_error": 0.62225}, {"outer_epoch": 16, "inner_epoch": 1, "train_loss": 1.061042548418045, "grad_norm": 7.62996768951416, "test_error": 0.61075}, {"outer_epoch": 17, "inner_epoch": 1, "train_loss": 0.9973541675209999, "grad_norm": 4.020149230957031, "test_error": 0.595}, {"outer_epoch": 18, "inner_epoch": 1, "train_loss": 0.874750145971775, "grad_norm": 11.941096305847168, "test_error": 0.640375}, {"outer_epoch": 19, "inner_epoch": 1, "train_loss": 0.9804977914988995, "grad_norm": 8.357686996459961, "test_error": 0.630875}, {"outer_epoch": 20, "inner_epoch": 1, "train_loss": 0.9141415361762046, "grad_norm": 6.279783248901367, "test_error": 0.612}, {"outer_epoch": 21, "inner_epoch": 1, "train_loss": 0.8648513751924038, "grad_norm": 8.910799980163574, "test_error": 0.642375}, {"outer_epoch": 22, "inner_epoch": 1, "train_loss": 0.9224081535339356, "grad_norm": 7.361469268798828, "test_error": 0.610125}, {"outer_epoch": 23, "inner_epoch": 1, "train_loss": 0.9157447621226311, "grad_norm": 8.576692581176758, "test_error": 0.635625}, {"outer_epoch": 24, "inner_epoch": 1, "train_loss": 0.8670121355950833, "grad_norm": 16.93752670288086, "test_error": 0.661125}, {"outer_epoch": 25, "inner_epoch": 1, "train_loss": 0.9448447296023369, "grad_norm": 8.296577453613281, "test_error": 0.63575}, {"outer_epoch": 26, "inner_epoch": 1, "train_loss": 0.9814588288068772, "grad_norm": 15.590651512145996, "test_error": 0.685625}, {"outer_epoch": 27, "inner_epoch": 1, "train_loss": 1.0597078917622567, "grad_norm": 18.53877067565918, "test_error": 0.693125}, {"outer_epoch": 28, "inner_epoch": 1, "train_loss": 1.073520104020834, "grad_norm": 19.545391082763672, "test_error": 0.704}, {"outer_epoch": 29, "inner_epoch": 1, "train_loss": 1.0064860609173776, "grad_norm": 5.161686420440674, "test_error": 0.62175}, {"outer_epoch": 30, "inner_epoch": 1, "train_loss": 0.8425717052221299, "grad_norm": 6.0721540451049805, "test_error": 0.608}, {"outer_epoch": 31, "inner_epoch": 1, "train_loss": 0.7262273039519787, "grad_norm": 8.249410629272461, "test_error": 0.617}, {"outer_epoch": 32, "inner_epoch": 1, "train_loss": 0.811837283283472, "grad_norm": 7.999162673950195, "test_error": 0.60475}, {"outer_epoch": 33, "inner_epoch": 1, "train_loss": 0.8058533948063851, "grad_norm": 4.181471824645996, "test_error": 0.594875}, {"outer_epoch": 34, "inner_epoch": 1, "train_loss": 0.7050618467926979, "grad_norm": 9.834588050842285, "test_error": 0.623875}, {"outer_epoch": 35, "inner_epoch": 1, "train_loss": 0.8334428832828998, "grad_norm": 10.852269172668457, "test_error": 0.62575}, {"outer_epoch": 36, "inner_epoch": 1, "train_loss": 0.9207396633028984, "grad_norm": 7.160776615142822, "test_error": 0.6185}, {"outer_epoch": 37, "inner_epoch": 1, "train_loss": 0.7615492516458034, "grad_norm": 18.97879409790039, "test_error": 0.669125}, {"outer_epoch": 38, "inner_epoch": 1, "train_loss": 0.8859313951432705, "grad_norm": 3.8117170333862305, "test_error": 0.6135}, {"outer_epoch": 39, "inner_epoch": 1, "train_loss": 0.7064898115992546, "grad_norm": 6.127109050750732, "test_error": 0.610625}, {"outer_epoch": 40, "inner_epoch": 1, "train_loss": 0.740455625653267, "grad_norm": 8.223798751831055, "test_error": 0.616625}, {"outer_epoch": 41, "inner_epoch": 1, "train_loss": 0.7648745458126068, "grad_norm": 7.661994457244873, "test_error": 0.62275}, {"outer_epoch": 42, "inner_epoch": 1, "train_loss": 0.7496728781163693, "grad_norm": 7.562867641448975, "test_error": 0.61375}, {"outer_epoch": 43, "inner_epoch": 1, "train_loss": 0.7137257529497146, "grad_norm": 10.56863021850586, "test_error": 0.6335}, {"outer_epoch": 44, "inner_epoch": 1, "train_loss": 0.7989215910732747, "grad_norm": 10.234875679016113, "test_error": 0.6295}, {"outer_epoch": 45, "inner_epoch": 1, "train_loss": 0.779784495741129, "grad_norm": 9.276700019836426, "test_error": 0.6255}, {"outer_epoch": 46, "inner_epoch": 1, "train_loss": 0.7256709614098072, "grad_norm": 17.793045043945312, "test_error": 0.65175}, {"outer_epoch": 47, "inner_epoch": 1, "train_loss": 1.0078004058003425, "grad_norm": 15.67777156829834, "test_error": 0.675125}, {"outer_epoch": 48, "inner_epoch": 1, "train_loss": 0.952292634755373, "grad_norm": 8.762133598327637, "test_error": 0.633875}, {"outer_epoch": 49, "inner_epoch": 1, "train_loss": 0.7981433087587356, "grad_norm": 3.8623228073120117, "test_error": 0.603625}, {"outer_epoch": 50, "inner_epoch": 1, "train_loss": 0.6136962662935257, "grad_norm": 3.9075911045074463, "test_error": 0.5985}, {"outer_epoch": 51, "inner_epoch": 1, "train_loss": 0.5507791122198105, "grad_norm": 4.596930980682373, "test_error": 0.6025}, {"outer_epoch": 52, "inner_epoch": 1, "train_loss": 0.5793596658706665, "grad_norm": 6.355381011962891, "test_error": 0.61325}, {"outer_epoch": 53, "inner_epoch": 1, "train_loss": 0.6623252557814121, "grad_norm": 4.622201919555664, "test_error": 0.60475}, {"outer_epoch": 54, "inner_epoch": 1, "train_loss": 0.6099826249778271, "grad_norm": 4.214345455169678, "test_error": 0.59375}, {"outer_epoch": 55, "inner_epoch": 1, "train_loss": 0.6044369082748889, "grad_norm": 13.240386009216309, "test_error": 0.62775}, {"outer_epoch": 56, "inner_epoch": 1, "train_loss": 0.9661049628257752, "grad_norm": 6.145595073699951, "test_error": 0.62025}, {"outer_epoch": 57, "inner_epoch": 1, "train_loss": 0.7142003068029881, "grad_norm": 8.982176780700684, "test_error": 0.623125}, {"outer_epoch": 58, "inner_epoch": 1, "train_loss": 0.7377863945066929, "grad_norm": 9.291897773742676, "test_error": 0.641625}, {"outer_epoch": 59, "inner_epoch": 1, "train_loss": 0.7450451401472091, "grad_norm": 9.537707328796387, "test_error": 0.632625}, {"outer_epoch": 60, "inner_epoch": 1, "train_loss": 0.7307756865620613, "grad_norm": 7.763040542602539, "test_error": 0.639125}, {"outer_epoch": 61, "inner_epoch": 1, "train_loss": 0.626509685754776, "grad_norm": 5.437205791473389, "test_error": 0.608625}, {"outer_epoch": 62, "inner_epoch": 1, "train_loss": 0.5445017118304968, "grad_norm": 9.296621322631836, "test_error": 0.632}, {"outer_epoch": 63, "inner_epoch": 1, "train_loss": 0.6318107510209083, "grad_norm": 8.3038330078125, "test_error": 0.62}, {"outer_epoch": 64, "inner_epoch": 1, "train_loss": 0.663839494869113, "grad_norm": 10.201996803283691, "test_error": 0.643125}, {"outer_epoch": 65, "inner_epoch": 1, "train_loss": 0.6900884369164705, "grad_norm": 9.586618423461914, "test_error": 0.620625}, {"outer_epoch": 66, "inner_epoch": 1, "train_loss": 0.5790460516363383, "grad_norm": 12.257883071899414, "test_error": 0.630125}, {"outer_epoch": 67, "inner_epoch": 1, "train_loss": 0.6572593575268983, "grad_norm": 9.90019702911377, "test_error": 0.653875}, {"outer_epoch": 68, "inner_epoch": 1, "train_loss": 0.7992739401757717, "grad_norm": 7.110233783721924, "test_error": 0.6275}, {"outer_epoch": 69, "inner_epoch": 1, "train_loss": 0.6287819648087025, "grad_norm": 5.300624847412109, "test_error": 0.608}, {"outer_epoch": 70, "inner_epoch": 1, "train_loss": 0.552697274595499, "grad_norm": 7.7871994972229, "test_error": 0.631125}, {"outer_epoch": 71, "inner_epoch": 1, "train_loss": 0.623534238293767, "grad_norm": 6.2932562828063965, "test_error": 0.607}, {"outer_epoch": 72, "inner_epoch": 1, "train_loss": 0.5713830955922604, "grad_norm": 14.703473091125488, "test_error": 0.660625}, {"outer_epoch": 73, "inner_epoch": 1, "train_loss": 0.7535621413588524, "grad_norm": 15.836726188659668, "test_error": 0.6575}, {"outer_epoch": 74, "inner_epoch": 1, "train_loss": 0.8936896305680275, "grad_norm": 10.60084056854248, "test_error": 0.650625}, {"outer_epoch": 75, "inner_epoch": 1, "train_loss": 0.7485291439294816, "grad_norm": 6.215674877166748, "test_error": 0.63325}, {"outer_epoch": 76, "inner_epoch": 1, "train_loss": 0.5970695636570453, "grad_norm": 11.963318824768066, "test_error": 0.655375}, {"outer_epoch": 77, "inner_epoch": 1, "train_loss": 0.712501175493002, "grad_norm": 4.595471382141113, "test_error": 0.62025}, {"outer_epoch": 78, "inner_epoch": 1, "train_loss": 0.5661556647866964, "grad_norm": 12.70944595336914, "test_error": 0.661875}, {"outer_epoch": 79, "inner_epoch": 1, "train_loss": 0.7814694505631924, "grad_norm": 8.90316390991211, "test_error": 0.651}, {"outer_epoch": 80, "inner_epoch": 1, "train_loss": 0.6680783896297217, "grad_norm": 7.87214994430542, "test_error": 0.60575}, {"outer_epoch": 81, "inner_epoch": 1, "train_loss": 0.638905105561018, "grad_norm": 7.354543685913086, "test_error": 0.623625}, {"outer_epoch": 82, "inner_epoch": 1, "train_loss": 0.5719829591959715, "grad_norm": 9.321935653686523, "test_error": 0.62}, {"outer_epoch": 83, "inner_epoch": 1, "train_loss": 0.6929720690101385, "grad_norm": 6.546270370483398, "test_error": 0.606}, {"outer_epoch": 84, "inner_epoch": 1, "train_loss": 0.560876489892602, "grad_norm": 7.703324317932129, "test_error": 0.634125}, {"outer_epoch": 85, "inner_epoch": 1, "train_loss": 0.5543795396089554, "grad_norm": 12.01327133178711, "test_error": 0.64875}, {"outer_epoch": 86, "inner_epoch": 1, "train_loss": 0.9171770575940609, "grad_norm": 7.672016620635986, "test_error": 0.641375}, {"outer_epoch": 87, "inner_epoch": 1, "train_loss": 0.6282742421329022, "grad_norm": 13.077125549316406, "test_error": 0.63025}, {"outer_epoch": 88, "inner_epoch": 1, "train_loss": 0.7006251240894198, "grad_norm": 10.31905460357666, "test_error": 0.619375}, {"outer_epoch": 89, "inner_epoch": 1, "train_loss": 0.6825016599446535, "grad_norm": 14.925731658935547, "test_error": 0.642625}, {"outer_epoch": 90, "inner_epoch": 1, "train_loss": 0.769250563800335, "grad_norm": 8.257024765014648, "test_error": 0.6165}, {"outer_epoch": 91, "inner_epoch": 1, "train_loss": 0.6018326636552811, "grad_norm": 4.058496952056885, "test_error": 0.595}, {"outer_epoch": 92, "inner_epoch": 1, "train_loss": 0.44034924446046353, "grad_norm": 4.520750522613525, "test_error": 0.597875}, {"outer_epoch": 93, "inner_epoch": 1, "train_loss": 0.40902728062868116, "grad_norm": 2.97717547416687, "test_error": 0.5855}, {"outer_epoch": 94, "inner_epoch": 1, "train_loss": 0.39626677724719045, "grad_norm": 7.458498954772949, "test_error": 0.60425}, {"outer_epoch": 95, "inner_epoch": 1, "train_loss": 0.5033637408614159, "grad_norm": 24.74126625061035, "test_error": 0.70025}, {"outer_epoch": 96, "inner_epoch": 1, "train_loss": 1.0050986951589584, "grad_norm": 8.210319519042969, "test_error": 0.64275}, {"outer_epoch": 97, "inner_epoch": 1, "train_loss": 0.7876995583772659, "grad_norm": 5.853557109832764, "test_error": 0.60975}, {"outer_epoch": 98, "inner_epoch": 1, "train_loss": 0.6095484346449375, "grad_norm": 5.556791305541992, "test_error": 0.608875}, {"outer_epoch": 99, "inner_epoch": 1, "train_loss": 0.5128452725112438, "grad_norm": 7.2431769371032715, "test_error": 0.606375}, {"outer_epoch": 100, "inner_epoch": 1, "train_loss": 0.5427931821942329, "grad_norm": 8.098479270935059, "test_error": 0.6165}, {"outer_epoch": 101, "inner_epoch": 1, "train_loss": 0.6135498239398003, "grad_norm": 8.67379093170166, "test_error": 0.61675}, {"outer_epoch": 102, "inner_epoch": 1, "train_loss": 0.6568141988515854, "grad_norm": 7.836483478546143, "test_error": 0.629}, {"outer_epoch": 103, "inner_epoch": 1, "train_loss": 0.6637101829051971, "grad_norm": 8.494813919067383, "test_error": 0.617625}, {"outer_epoch": 104, "inner_epoch": 1, "train_loss": 0.607208447277546, "grad_norm": 8.764350891113281, "test_error": 0.625625}, {"outer_epoch": 105, "inner_epoch": 1, "train_loss": 0.6417611613422632, "grad_norm": 4.555568218231201, "test_error": 0.60475}, {"outer_epoch": 106, "inner_epoch": 1, "train_loss": 0.5511028255671263, "grad_norm": 10.887914657592773, "test_error": 0.6325}, {"outer_epoch": 107, "inner_epoch": 1, "train_loss": 0.7057354296147823, "grad_norm": 9.928450584411621, "test_error": 0.621125}, {"outer_epoch": 108, "inner_epoch": 1, "train_loss": 0.7115660481452942, "grad_norm": 5.209202766418457, "test_error": 0.614875}, {"outer_epoch": 109, "inner_epoch": 1, "train_loss": 0.5574766364693642, "grad_norm": 7.098587989807129, "test_error": 0.626625}, {"outer_epoch": 110, "inner_epoch": 1, "train_loss": 0.5375561303496361, "grad_norm": 8.157816886901855, "test_error": 0.621625}, {"outer_epoch": 111, "inner_epoch": 1, "train_loss": 0.6311929456144572, "grad_norm": 5.150164604187012, "test_error": 0.60175}, {"outer_epoch": 112, "inner_epoch": 1, "train_loss": 0.5044837141185999, "grad_norm": 7.657566547393799, "test_error": 0.6085}, {"outer_epoch": 113, "inner_epoch": 1, "train_loss": 0.5125150263160467, "grad_norm": 13.018936157226562, "test_error": 0.645125}, {"outer_epoch": 114, "inner_epoch": 1, "train_loss": 0.7185351420640945, "grad_norm": 4.639898777008057, "test_error": 0.6}, {"outer_epoch": 115, "inner_epoch": 1, "train_loss": 0.4548044637441635, "grad_norm": 5.197526931762695, "test_error": 0.605125}, {"outer_epoch": 116, "inner_epoch": 1, "train_loss": 0.5034942488521338, "grad_norm": 5.075382709503174, "test_error": 0.6115}, {"outer_epoch": 117, "inner_epoch": 1, "train_loss": 0.41213192558288575, "grad_norm": 5.3600311279296875, "test_error": 0.61}, {"outer_epoch": 118, "inner_epoch": 1, "train_loss": 0.5480626202225685, "grad_norm": 5.5628275871276855, "test_error": 0.59525}, {"outer_epoch": 119, "inner_epoch": 1, "train_loss": 0.577427362576127, "grad_norm": 8.975808143615723, "test_error": 0.624}, {"outer_epoch": 120, "inner_epoch": 1, "train_loss": 0.6939675381779671, "grad_norm": 6.005420207977295, "test_error": 0.611125}, {"outer_epoch": 121, "inner_epoch": 1, "train_loss": 0.5443452664613724, "grad_norm": 7.974684238433838, "test_error": 0.62925}, {"outer_epoch": 122, "inner_epoch": 1, "train_loss": 0.6274567796438932, "grad_norm": 10.917399406433105, "test_error": 0.63825}, {"outer_epoch": 123, "inner_epoch": 1, "train_loss": 0.7222296551615, "grad_norm": 7.00507926940918, "test_error": 0.62}, {"outer_epoch": 124, "inner_epoch": 1, "train_loss": 0.5487270259410143, "grad_norm": 6.250637054443359, "test_error": 0.6145}, {"outer_epoch": 125, "inner_epoch": 1, "train_loss": 0.5068517004176974, "grad_norm": 7.671915054321289, "test_error": 0.614125}, {"outer_epoch": 126, "inner_epoch": 1, "train_loss": 0.5648671250343322, "grad_norm": 6.418205261230469, "test_error": 0.617125}, {"outer_epoch": 127, "inner_epoch": 1, "train_loss": 0.5433035753369332, "grad_norm": 10.21080493927002, "test_error": 0.61975}, {"outer_epoch": 128, "inner_epoch": 1, "train_loss": 0.6088624178916215, "grad_norm": 6.058517932891846, "test_error": 0.610875}, {"outer_epoch": 129, "inner_epoch": 1, "train_loss": 0.5591514521986246, "grad_norm": 17.139789581298828, "test_error": 0.683125}, {"outer_epoch": 130, "inner_epoch": 1, "train_loss": 1.020081608146429, "grad_norm": 5.873475551605225, "test_error": 0.6165}, {"outer_epoch": 131, "inner_epoch": 1, "train_loss": 0.6076261181533337, "grad_norm": 9.06416130065918, "test_error": 0.63075}, {"outer_epoch": 132, "inner_epoch": 1, "train_loss": 0.6271756009161472, "grad_norm": 8.015390396118164, "test_error": 0.632125}, {"outer_epoch": 133, "inner_epoch": 1, "train_loss": 0.5749621575325727, "grad_norm": 8.201152801513672, "test_error": 0.61875}, {"outer_epoch": 134, "inner_epoch": 1, "train_loss": 0.6437942404448986, "grad_norm": 4.0267333984375, "test_error": 0.60075}, {"outer_epoch": 135, "inner_epoch": 1, "train_loss": 0.450839780241251, "grad_norm": 4.213194847106934, "test_error": 0.598375}, {"outer_epoch": 136, "inner_epoch": 1, "train_loss": 0.41409262907505034, "grad_norm": 2.9210476875305176, "test_error": 0.591875}, {"outer_epoch": 137, "inner_epoch": 1, "train_loss": 0.37298016630113123, "grad_norm": 3.0949747562408447, "test_error": 0.5895}, {"outer_epoch": 138, "inner_epoch": 1, "train_loss": 0.4094116181433201, "grad_norm": 6.000011444091797, "test_error": 0.614875}, {"outer_epoch": 139, "inner_epoch": 1, "train_loss": 0.5948816716521979, "grad_norm": 9.309012413024902, "test_error": 0.617125}, {"outer_epoch": 140, "inner_epoch": 1, "train_loss": 0.738444942548871, "grad_norm": 7.513150691986084, "test_error": 0.61725}, {"outer_epoch": 141, "inner_epoch": 1, "train_loss": 0.5929549070596695, "grad_norm": 10.851943016052246, "test_error": 0.65225}, {"outer_epoch": 142, "inner_epoch": 1, "train_loss": 0.7652810045853257, "grad_norm": 23.260324478149414, "test_error": 0.679875}, {"outer_epoch": 143, "inner_epoch": 1, "train_loss": 0.9992047558128834, "grad_norm": 8.435114860534668, "test_error": 0.637875}, {"outer_epoch": 144, "inner_epoch": 1, "train_loss": 0.6631306172311306, "grad_norm": 11.450140953063965, "test_error": 0.6335}, {"outer_epoch": 145, "inner_epoch": 1, "train_loss": 0.6437372530847788, "grad_norm": 4.947787284851074, "test_error": 0.6245}, {"outer_epoch": 146, "inner_epoch": 1, "train_loss": 0.5850087809562683, "grad_norm": 13.578171730041504, "test_error": 0.643375}, {"outer_epoch": 147, "inner_epoch": 1, "train_loss": 0.7829441610127688, "grad_norm": 7.818879127502441, "test_error": 0.630375}, {"outer_epoch": 148, "inner_epoch": 1, "train_loss": 0.6130976413041354, "grad_norm": 6.403277397155762, "test_error": 0.61575}, {"outer_epoch": 149, "inner_epoch": 1, "train_loss": 0.6225798090100289, "grad_norm": 7.99582052230835, "test_error": 0.619125}, {"outer_epoch": 150, "inner_epoch": 1, "train_loss": 0.5770049335062504, "grad_norm": 5.829077243804932, "test_error": 0.614875}, {"outer_epoch": 151, "inner_epoch": 1, "train_loss": 0.5447792444378138, "grad_norm": 5.765532970428467, "test_error": 0.614375}, {"outer_epoch": 152, "inner_epoch": 1, "train_loss": 0.4722928202748299, "grad_norm": 17.245285034179688, "test_error": 0.6675}, {"outer_epoch": 153, "inner_epoch": 1, "train_loss": 0.8003704815506935, "grad_norm": 8.712977409362793, "test_error": 0.65575}, {"outer_epoch": 154, "inner_epoch": 1, "train_loss": 0.6674240732342005, "grad_norm": 11.187654495239258, "test_error": 0.64825}, {"outer_epoch": 155, "inner_epoch": 1, "train_loss": 0.7102107012718916, "grad_norm": 5.525747776031494, "test_error": 0.606125}, {"outer_epoch": 156, "inner_epoch": 1, "train_loss": 0.5394101367890834, "grad_norm": 8.263284683227539, "test_error": 0.641}, {"outer_epoch": 157, "inner_epoch": 1, "train_loss": 0.6649030667841435, "grad_norm": 4.605616569519043, "test_error": 0.61175}, {"outer_epoch": 158, "inner_epoch": 1, "train_loss": 0.5473629408627748, "grad_norm": 8.40853214263916, "test_error": 0.63375}, {"outer_epoch": 159, "inner_epoch": 1, "train_loss": 0.671922685906291, "grad_norm": 12.520922660827637, "test_error": 0.663875}, {"outer_epoch": 160, "inner_epoch": 1, "train_loss": 0.808616938650608, "grad_norm": 7.713087558746338, "test_error": 0.617125}, {"outer_epoch": 161, "inner_epoch": 1, "train_loss": 0.5807526168376207, "grad_norm": 5.789951324462891, "test_error": 0.607375}, {"outer_epoch": 162, "inner_epoch": 1, "train_loss": 0.47154388181865214, "grad_norm": 3.656733751296997, "test_error": 0.600875}, {"outer_epoch": 163, "inner_epoch": 1, "train_loss": 0.4468941421359777, "grad_norm": 5.196267604827881, "test_error": 0.6095}, {"outer_epoch": 164, "inner_epoch": 1, "train_loss": 0.48340455028414725, "grad_norm": 4.579391002655029, "test_error": 0.59875}, {"outer_epoch": 165, "inner_epoch": 1, "train_loss": 0.5075566553771496, "grad_norm": 9.304519653320312, "test_error": 0.63975}, {"outer_epoch": 166, "inner_epoch": 1, "train_loss": 0.6911071937084198, "grad_norm": 9.478049278259277, "test_error": 0.621625}, {"outer_epoch": 167, "inner_epoch": 1, "train_loss": 0.7299869078993797, "grad_norm": 11.096736907958984, "test_error": 0.625625}, {"outer_epoch": 168, "inner_epoch": 1, "train_loss": 0.6576558842062951, "grad_norm": 8.916034698486328, "test_error": 0.63375}, {"outer_epoch": 169, "inner_epoch": 1, "train_loss": 0.6007515458017587, "grad_norm": 5.070643901824951, "test_error": 0.602625}, {"outer_epoch": 170, "inner_epoch": 1, "train_loss": 0.45779777017235757, "grad_norm": 7.751628398895264, "test_error": 0.603}, {"outer_epoch": 171, "inner_epoch": 1, "train_loss": 0.5874222175180912, "grad_norm": 4.0685505867004395, "test_error": 0.610875}, {"outer_epoch": 172, "inner_epoch": 1, "train_loss": 0.4582129038274288, "grad_norm": 17.208194732666016, "test_error": 0.672125}, {"outer_epoch": 173, "inner_epoch": 1, "train_loss": 0.8935333963632583, "grad_norm": 6.6103010177612305, "test_error": 0.629625}, {"outer_epoch": 174, "inner_epoch": 1, "train_loss": 0.724889391720295, "grad_norm": 9.685376167297363, "test_error": 0.625125}, {"outer_epoch": 175, "inner_epoch": 1, "train_loss": 0.6636384333074092, "grad_norm": 6.070218086242676, "test_error": 0.619125}, {"outer_epoch": 176, "inner_epoch": 1, "train_loss": 0.48236149932444095, "grad_norm": 11.460311889648438, "test_error": 0.6335}, {"outer_epoch": 177, "inner_epoch": 1, "train_loss": 0.6796027935147285, "grad_norm": 4.961755275726318, "test_error": 0.611375}, {"outer_epoch": 178, "inner_epoch": 1, "train_loss": 0.44434046711027625, "grad_norm": 4.819149971008301, "test_error": 0.60925}, {"outer_epoch": 179, "inner_epoch": 1, "train_loss": 0.4027659465521574, "grad_norm": 7.354565620422363, "test_error": 0.617625}, {"outer_epoch": 180, "inner_epoch": 1, "train_loss": 0.5109797808229923, "grad_norm": 8.858003616333008, "test_error": 0.612875}, {"outer_epoch": 181, "inner_epoch": 1, "train_loss": 0.5850368111878633, "grad_norm": 4.235440254211426, "test_error": 0.60725}, {"outer_epoch": 182, "inner_epoch": 1, "train_loss": 0.4111925167292356, "grad_norm": 4.2149810791015625, "test_error": 0.607125}, {"outer_epoch": 183, "inner_epoch": 1, "train_loss": 0.3916766870319843, "grad_norm": 5.801426887512207, "test_error": 0.595875}, {"outer_epoch": 184, "inner_epoch": 1, "train_loss": 0.4657525354325771, "grad_norm": 13.33698844909668, "test_error": 0.65175}, {"outer_epoch": 185, "inner_epoch": 1, "train_loss": 1.058971751332283, "grad_norm": 8.263915061950684, "test_error": 0.656}, {"outer_epoch": 186, "inner_epoch": 1, "train_loss": 0.8202657093703747, "grad_norm": 6.355800151824951, "test_error": 0.629625}, {"outer_epoch": 187, "inner_epoch": 1, "train_loss": 0.6111408537477255, "grad_norm": 7.273526191711426, "test_error": 0.612375}, {"outer_epoch": 188, "inner_epoch": 1, "train_loss": 0.5778849518001079, "grad_norm": 10.217079162597656, "test_error": 0.638}, {"outer_epoch": 189, "inner_epoch": 1, "train_loss": 0.6777644655406475, "grad_norm": 6.763379096984863, "test_error": 0.635875}, {"outer_epoch": 190, "inner_epoch": 1, "train_loss": 0.5943434419631958, "grad_norm": 5.445835590362549, "test_error": 0.611375}, {"outer_epoch": 191, "inner_epoch": 1, "train_loss": 0.5646603956222535, "grad_norm": 4.954289436340332, "test_error": 0.613}, {"outer_epoch": 192, "inner_epoch": 1, "train_loss": 0.5768601916581392, "grad_norm": 7.43586540222168, "test_error": 0.61425}, {"outer_epoch": 193, "inner_epoch": 1, "train_loss": 0.5522396349906922, "grad_norm": 16.211170196533203, "test_error": 0.655125}, {"outer_epoch": 194, "inner_epoch": 1, "train_loss": 0.8536022174358368, "grad_norm": 9.757261276245117, "test_error": 0.661875}, {"outer_epoch": 195, "inner_epoch": 1, "train_loss": 0.7998187894821167, "grad_norm": 7.803747653961182, "test_error": 0.629375}, {"outer_epoch": 196, "inner_epoch": 1, "train_loss": 0.6983729235827922, "grad_norm": 19.237611770629883, "test_error": 0.66825}, {"outer_epoch": 197, "inner_epoch": 1, "train_loss": 0.9455621517896652, "grad_norm": 6.645018100738525, "test_error": 0.64975}, {"outer_epoch": 198, "inner_epoch": 1, "train_loss": 0.7156952065825463, "grad_norm": 11.571134567260742, "test_error": 0.657625}, {"outer_epoch": 199, "inner_epoch": 1, "train_loss": 0.7341355176120996, "grad_norm": 4.552844524383545, "test_error": 0.613875}, {"outer_epoch": 200, "inner_epoch": 1, "train_loss": 0.6006193251013756, "grad_norm": 4.817892074584961, "test_error": 0.60725}, {"outer_epoch": 201, "inner_epoch": 1, "train_loss": 0.4603415251672268, "grad_norm": 4.769181251525879, "test_error": 0.608625}, {"outer_epoch": 202, "inner_epoch": 1, "train_loss": 0.5235155452340842, "grad_norm": 2.3049724102020264, "test_error": 0.591875}, {"outer_epoch": 203, "inner_epoch": 1, "train_loss": 0.43285334919393065, "grad_norm": 3.662245273590088, "test_error": 0.5965}, {"outer_epoch": 204, "inner_epoch": 1, "train_loss": 0.45325595028698445, "grad_norm": 4.735907077789307, "test_error": 0.606625}, {"outer_epoch": 205, "inner_epoch": 1, "train_loss": 0.5089614646881819, "grad_norm": 4.94334602355957, "test_error": 0.612125}, {"outer_epoch": 206, "inner_epoch": 1, "train_loss": 0.5360340721011162, "grad_norm": 11.268803596496582, "test_error": 0.64075}, {"outer_epoch": 207, "inner_epoch": 1, "train_loss": 0.8081922789216042, "grad_norm": 8.367791175842285, "test_error": 0.631875}, {"outer_epoch": 208, "inner_epoch": 1, "train_loss": 0.6818714105784893, "grad_norm": 11.676164627075195, "test_error": 0.63125}, {"outer_epoch": 209, "inner_epoch": 1, "train_loss": 0.7694596884548665, "grad_norm": 8.027859687805176, "test_error": 0.637875}, {"outer_epoch": 210, "inner_epoch": 1, "train_loss": 0.6525481215417385, "grad_norm": 17.631484985351562, "test_error": 0.64625}, {"outer_epoch": 211, "inner_epoch": 1, "train_loss": 0.8259616471529007, "grad_norm": 7.131686210632324, "test_error": 0.6495}, {"outer_epoch": 212, "inner_epoch": 1, "train_loss": 0.7322584817409515, "grad_norm": 8.1531982421875, "test_error": 0.616625}, {"outer_epoch": 213, "inner_epoch": 1, "train_loss": 0.5954745965003967, "grad_norm": 4.289669990539551, "test_error": 0.618}, {"outer_epoch": 214, "inner_epoch": 1, "train_loss": 0.615781744658947, "grad_norm": 8.667696952819824, "test_error": 0.63025}, {"outer_epoch": 215, "inner_epoch": 1, "train_loss": 0.6286665211915969, "grad_norm": 20.76092529296875, "test_error": 0.697625}, {"outer_epoch": 216, "inner_epoch": 1, "train_loss": 1.101489206492901, "grad_norm": 9.112646102905273, "test_error": 0.700375}, {"outer_epoch": 217, "inner_epoch": 1, "train_loss": 0.7638422569930553, "grad_norm": 8.984332084655762, "test_error": 0.639875}, {"outer_epoch": 218, "inner_epoch": 1, "train_loss": 0.6593051443994046, "grad_norm": 7.034463405609131, "test_error": 0.625375}, {"outer_epoch": 219, "inner_epoch": 1, "train_loss": 0.5972962683737278, "grad_norm": 3.558546781539917, "test_error": 0.607875}, {"outer_epoch": 220, "inner_epoch": 1, "train_loss": 0.4806462069302797, "grad_norm": 5.632893085479736, "test_error": 0.6045}, {"outer_epoch": 221, "inner_epoch": 1, "train_loss": 0.588102898210287, "grad_norm": 8.663477897644043, "test_error": 0.62525}, {"outer_epoch": 222, "inner_epoch": 1, "train_loss": 0.6939182566404343, "grad_norm": 8.914909362792969, "test_error": 0.62275}, {"outer_epoch": 223, "inner_epoch": 1, "train_loss": 0.6556604866981506, "grad_norm": 6.087928771972656, "test_error": 0.62675}, {"outer_epoch": 224, "inner_epoch": 1, "train_loss": 0.5211674377918244, "grad_norm": 23.203954696655273, "test_error": 0.713375}, {"outer_epoch": 225, "inner_epoch": 1, "train_loss": 1.1994905011355876, "grad_norm": 5.553577423095703, "test_error": 0.636}, {"outer_epoch": 226, "inner_epoch": 1, "train_loss": 0.7434121097028256, "grad_norm": 7.028819561004639, "test_error": 0.63675}, {"outer_epoch": 227, "inner_epoch": 1, "train_loss": 0.7053487660139799, "grad_norm": 7.091508865356445, "test_error": 0.628}, {"outer_epoch": 228, "inner_epoch": 1, "train_loss": 0.7120863297581672, "grad_norm": 12.950030326843262, "test_error": 0.67}, {"outer_epoch": 229, "inner_epoch": 1, "train_loss": 0.8917858082652091, "grad_norm": 11.341609001159668, "test_error": 0.652125}, {"outer_epoch": 230, "inner_epoch": 1, "train_loss": 0.8893062675297261, "grad_norm": 12.93779468536377, "test_error": 0.656}, {"outer_epoch": 231, "inner_epoch": 1, "train_loss": 0.9132732737958431, "grad_norm": 9.601571083068848, "test_error": 0.659}, {"outer_epoch": 232, "inner_epoch": 1, "train_loss": 0.8242825200855732, "grad_norm": 11.447498321533203, "test_error": 0.65375}, {"outer_epoch": 233, "inner_epoch": 1, "train_loss": 0.8214338439702987, "grad_norm": 14.342063903808594, "test_error": 0.675375}, {"outer_epoch": 234, "inner_epoch": 1, "train_loss": 0.9359533625245094, "grad_norm": 6.627067565917969, "test_error": 0.621125}, {"outer_epoch": 235, "inner_epoch": 1, "train_loss": 0.7061980656385421, "grad_norm": 6.738238334655762, "test_error": 0.622125}, {"outer_epoch": 236, "inner_epoch": 1, "train_loss": 0.6330640656352043, "grad_norm": 5.9209489822387695, "test_error": 0.6185}, {"outer_epoch": 237, "inner_epoch": 1, "train_loss": 0.5684931825846433, "grad_norm": 6.201046943664551, "test_error": 0.62525}, {"outer_epoch": 238, "inner_epoch": 1, "train_loss": 0.6235003934204578, "grad_norm": 3.8931000232696533, "test_error": 0.612875}, {"outer_epoch": 239, "inner_epoch": 1, "train_loss": 0.5200348098576069, "grad_norm": 19.77379035949707, "test_error": 0.677125}, {"outer_epoch": 240, "inner_epoch": 1, "train_loss": 1.0796415346264838, "grad_norm": 11.017416954040527, "test_error": 0.69375}, {"outer_epoch": 241, "inner_epoch": 1, "train_loss": 0.919639440447092, "grad_norm": 11.76476764678955, "test_error": 0.663125}, {"outer_epoch": 242, "inner_epoch": 1, "train_loss": 0.82328753682971, "grad_norm": 9.273173332214355, "test_error": 0.640375}, {"outer_epoch": 243, "inner_epoch": 1, "train_loss": 0.7186191782355309, "grad_norm": 8.540201187133789, "test_error": 0.63775}, {"outer_epoch": 244, "inner_epoch": 1, "train_loss": 0.7082379130423069, "grad_norm": 5.234973430633545, "test_error": 0.61875}, {"outer_epoch": 245, "inner_epoch": 1, "train_loss": 0.6105417724847794, "grad_norm": 4.990601062774658, "test_error": 0.60275}, {"outer_epoch": 246, "inner_epoch": 1, "train_loss": 0.573748578876257, "grad_norm": 6.932837009429932, "test_error": 0.621125}, {"outer_epoch": 247, "inner_epoch": 1, "train_loss": 0.6645019564926624, "grad_norm": 7.612262725830078, "test_error": 0.629875}, {"outer_epoch": 248, "inner_epoch": 1, "train_loss": 0.7696207353472709, "grad_norm": 13.241863250732422, "test_error": 0.643}, {"outer_epoch": 249, "inner_epoch": 1, "train_loss": 0.8019751587212086, "grad_norm": 9.073188781738281, "test_error": 0.63125}, {"outer_epoch": 250, "inner_epoch": 1, "train_loss": 0.7695319928824902, "grad_norm": 12.086930274963379, "test_error": 0.6455}]}