{"argv": ["train.py", "--seed", "77", "--optimizer", "SVRG", "--run_name", "svrg_0.025.json", "--output_path", "experiments/nonconvex_stl10/svrg-0.025.json", "--dataset", "STL10", "--layer_sizes", "27648", "100", "10", "--batch_size", "10", "--learning_rate", "0.025", "--weight_decay", "0.01", "--warmup_learning_rate", "0.001", "--num_warmup_epochs", "20", "--num_outer_epochs", "250", "--num_inner_epochs", "1", "--device", "cuda"], "args": {"seed": 77, "optimizer": "SVRG", "run_name": "svrg_0.025.json", "output_path": "experiments/nonconvex_stl10/svrg-0.025.json", "device": "cuda", "dataset": "STL10", "dataset_root": "~/datasets/pytorch", "dataset_size": null, "download": false, "layer_sizes": [27648, 100, 10], "batch_size": 10, "test_batch_size": 256, "learning_rate": 0.025, "weight_decay": 0.01, "warmup_learning_rate": 0.001, "num_warmup_epochs": 20, "num_outer_epochs": 250, "num_inner_epochs": 1, "inner_epoch_fraction": null, "choose_random_iterate": false, "num_epochs": 10}, "metrics": [{"warmup_epoch": 1, "train_loss": 2.1348800573349, "grad_norm": 1.8805115222930908, "test_error": 0.733125}, {"warmup_epoch": 2, "train_loss": 1.952679219007492, "grad_norm": 1.3904025554656982, "test_error": 0.68525}, {"warmup_epoch": 3, "train_loss": 1.880379913330078, "grad_norm": 1.9659830331802368, "test_error": 0.678375}, {"warmup_epoch": 4, "train_loss": 1.835884770154953, "grad_norm": 1.6122037172317505, "test_error": 0.661625}, {"warmup_epoch": 5, "train_loss": 1.8045151345729828, "grad_norm": 1.6934443712234497, "test_error": 0.658875}, {"warmup_epoch": 6, "train_loss": 1.778914482831955, "grad_norm": 3.7849440574645996, "test_error": 0.67725}, {"warmup_epoch": 7, "train_loss": 1.7538169412612914, "grad_norm": 2.62298321723938, "test_error": 0.659375}, {"warmup_epoch": 8, "train_loss": 1.7306526463031768, "grad_norm": 2.4293901920318604, "test_error": 0.662125}, {"warmup_epoch": 9, "train_loss": 1.7082515306472779, "grad_norm": 2.8963584899902344, "test_error": 0.653375}, {"warmup_epoch": 10, "train_loss": 1.6863615746498108, "grad_norm": 4.028270244598389, "test_error": 0.646125}, {"warmup_epoch": 11, "train_loss": 1.66167369556427, "grad_norm": 3.1208910942077637, "test_error": 0.645}, {"warmup_epoch": 12, "train_loss": 1.6443801749944686, "grad_norm": 1.2179313898086548, "test_error": 0.620875}, {"warmup_epoch": 13, "train_loss": 1.618789933204651, "grad_norm": 2.593471050262451, "test_error": 0.646125}, {"warmup_epoch": 14, "train_loss": 1.5979233669042587, "grad_norm": 1.743858814239502, "test_error": 0.6295}, {"warmup_epoch": 15, "train_loss": 1.5805437738895416, "grad_norm": 3.6566174030303955, "test_error": 0.648875}, {"warmup_epoch": 16, "train_loss": 1.561762242794037, "grad_norm": 2.7268295288085938, "test_error": 0.63125}, {"warmup_epoch": 17, "train_loss": 1.5389812490940094, "grad_norm": 2.4517672061920166, "test_error": 0.62575}, {"warmup_epoch": 18, "train_loss": 1.5221547589302062, "grad_norm": 1.9178624153137207, "test_error": 0.622125}, {"warmup_epoch": 19, "train_loss": 1.5059223752021789, "grad_norm": 2.3122904300689697, "test_error": 0.616125}, {"warmup_epoch": 20, "train_loss": 1.4843166764974594, "grad_norm": 3.172278642654419, "test_error": 0.615125}, {"outer_epoch": 1, "inner_epoch": 1, "train_loss": 2.1708739387989042, "grad_norm": 1.2930643558502197, "test_error": 0.749125}, {"outer_epoch": 2, "inner_epoch": 1, "train_loss": 1.923539324760437, "grad_norm": 4.516594409942627, "test_error": 0.771}, {"outer_epoch": 3, "inner_epoch": 1, "train_loss": 1.9454071924686431, "grad_norm": 3.746694326400757, "test_error": 0.74525}, {"outer_epoch": 4, "inner_epoch": 1, "train_loss": 1.9118075869083404, "grad_norm": 0.9830616116523743, "test_error": 0.70725}, {"outer_epoch": 5, "inner_epoch": 1, "train_loss": 1.8151127870082855, "grad_norm": 1.2383613586425781, "test_error": 0.70475}, {"outer_epoch": 6, "inner_epoch": 1, "train_loss": 1.788514184474945, "grad_norm": 0.8762878775596619, "test_error": 0.662875}, {"outer_epoch": 7, "inner_epoch": 1, "train_loss": 1.7874268085956573, "grad_norm": 2.033311128616333, "test_error": 0.704625}, {"outer_epoch": 8, "inner_epoch": 1, "train_loss": 1.8157160589694976, "grad_norm": 2.16545033454895, "test_error": 0.728125}, {"outer_epoch": 9, "inner_epoch": 1, "train_loss": 1.9040915720462799, "grad_norm": 2.9525351524353027, "test_error": 0.71575}, {"outer_epoch": 10, "inner_epoch": 1, "train_loss": 1.8765391840934753, "grad_norm": 3.5559864044189453, "test_error": 0.765125}, {"outer_epoch": 11, "inner_epoch": 1, "train_loss": 1.8894201803207398, "grad_norm": 1.2554324865341187, "test_error": 0.7575}, {"outer_epoch": 12, "inner_epoch": 1, "train_loss": 1.8883068180084228, "grad_norm": 2.7531330585479736, "test_error": 0.739625}, {"outer_epoch": 13, "inner_epoch": 1, "train_loss": 1.8934163625240326, "grad_norm": 0.996130645275116, "test_error": 0.742875}, {"outer_epoch": 14, "inner_epoch": 1, "train_loss": 1.8983821680545807, "grad_norm": 2.5908496379852295, "test_error": 0.74975}, {"outer_epoch": 15, "inner_epoch": 1, "train_loss": 1.9304196484088898, "grad_norm": 6.459225654602051, "test_error": 0.77925}, {"outer_epoch": 16, "inner_epoch": 1, "train_loss": 1.9360892255306243, "grad_norm": 2.1397247314453125, "test_error": 0.76575}, {"outer_epoch": 17, "inner_epoch": 1, "train_loss": 1.8645502381324768, "grad_norm": 0.9293450713157654, "test_error": 0.749875}, {"outer_epoch": 18, "inner_epoch": 1, "train_loss": 1.8399408178329468, "grad_norm": 0.8115726709365845, "test_error": 0.711875}, {"outer_epoch": 19, "inner_epoch": 1, "train_loss": 1.8306668441295624, "grad_norm": 1.349285364151001, "test_error": 0.781625}, {"outer_epoch": 20, "inner_epoch": 1, "train_loss": 1.8646361105442046, "grad_norm": 1.1177958250045776, "test_error": 0.700625}, {"outer_epoch": 21, "inner_epoch": 1, "train_loss": 1.7965548545122147, "grad_norm": 2.310497283935547, "test_error": 0.70675}, {"outer_epoch": 22, "inner_epoch": 1, "train_loss": 1.8586790673732758, "grad_norm": 2.5700392723083496, "test_error": 0.71825}, {"outer_epoch": 23, "inner_epoch": 1, "train_loss": 1.8965403559207916, "grad_norm": 1.225526213645935, "test_error": 0.75425}, {"outer_epoch": 24, "inner_epoch": 1, "train_loss": 1.887139656305313, "grad_norm": 1.357142686843872, "test_error": 0.73925}, {"outer_epoch": 25, "inner_epoch": 1, "train_loss": 1.9013999733924867, "grad_norm": 1.0105626583099365, "test_error": 0.812625}, {"outer_epoch": 26, "inner_epoch": 1, "train_loss": 1.9640357549190521, "grad_norm": 1.3748931884765625, "test_error": 0.776875}, {"outer_epoch": 27, "inner_epoch": 1, "train_loss": 1.943003169298172, "grad_norm": 1.4855488538742065, "test_error": 0.8255}, {"outer_epoch": 28, "inner_epoch": 1, "train_loss": 1.9696594989299774, "grad_norm": 1.0393919944763184, "test_error": 0.76625}, {"outer_epoch": 29, "inner_epoch": 1, "train_loss": 1.8738684513568877, "grad_norm": 1.429952621459961, "test_error": 0.74025}, {"outer_epoch": 30, "inner_epoch": 1, "train_loss": 2.1059514982700347, "grad_norm": 7.096123695373535, "test_error": 0.841}, {"outer_epoch": 31, "inner_epoch": 1, "train_loss": 2.1984271075725554, "grad_norm": 1.0377988815307617, "test_error": 0.818375}, {"outer_epoch": 32, "inner_epoch": 1, "train_loss": 2.090270534276962, "grad_norm": 0.26407912373542786, "test_error": 0.816625}, {"outer_epoch": 33, "inner_epoch": 1, "train_loss": 2.024881340265274, "grad_norm": 0.7515391111373901, "test_error": 0.808375}, {"outer_epoch": 34, "inner_epoch": 1, "train_loss": 2.0050704641342163, "grad_norm": 0.643699586391449, "test_error": 0.7955}, {"outer_epoch": 35, "inner_epoch": 1, "train_loss": 1.9952999975681305, "grad_norm": 0.8476691842079163, "test_error": 0.820625}, {"outer_epoch": 36, "inner_epoch": 1, "train_loss": 2.015200457572937, "grad_norm": 0.8030290603637695, "test_error": 0.821125}, {"outer_epoch": 37, "inner_epoch": 1, "train_loss": 2.0076680715084074, "grad_norm": 1.3789383172988892, "test_error": 0.860125}, {"outer_epoch": 38, "inner_epoch": 1, "train_loss": 2.079121273517609, "grad_norm": 3.5092968940734863, "test_error": 0.816625}, {"outer_epoch": 39, "inner_epoch": 1, "train_loss": 2.0873220059871676, "grad_norm": 0.11829336732625961, "test_error": 0.9}, {"outer_epoch": 40, "inner_epoch": 1, "train_loss": 2.337781615257263, "grad_norm": 0.039051808416843414, "test_error": 0.9}, {"outer_epoch": 41, "inner_epoch": 1, "train_loss": 2.30512734746933, "grad_norm": 0.01066653709858656, "test_error": 0.9}, {"outer_epoch": 42, "inner_epoch": 1, "train_loss": 2.3028099813461305, "grad_norm": 0.0027491499204188585, "test_error": 0.9}, {"outer_epoch": 43, "inner_epoch": 1, "train_loss": 2.3026050848960877, "grad_norm": 0.0006975515279918909, "test_error": 0.899875}, {"outer_epoch": 44, "inner_epoch": 1, "train_loss": 2.302599405288696, "grad_norm": 0.00017645653861109167, "test_error": 0.899875}, {"outer_epoch": 45, "inner_epoch": 1, "train_loss": 2.3025874137878417, "grad_norm": 4.470056592253968e-05, "test_error": 0.899875}, {"outer_epoch": 46, "inner_epoch": 1, "train_loss": 2.3025857882499694, "grad_norm": 1.2414087905199267e-05, "test_error": 0.899875}, {"outer_epoch": 47, "inner_epoch": 1, "train_loss": 2.2769009873867034, "grad_norm": 1.5254493951797485, "test_error": 0.848125}, {"outer_epoch": 48, "inner_epoch": 1, "train_loss": 2.107124866724014, "grad_norm": 2.06380558013916, "test_error": 0.819625}, {"outer_epoch": 49, "inner_epoch": 1, "train_loss": 2.1765261895656587, "grad_norm": 2.8814427852630615, "test_error": 0.822875}, {"outer_epoch": 50, "inner_epoch": 1, "train_loss": 2.204192350387573, "grad_norm": 0.05715738236904144, "test_error": 0.9}, {"outer_epoch": 51, "inner_epoch": 1, "train_loss": 2.3101011180877684, "grad_norm": 0.016175677999854088, "test_error": 0.9}, {"outer_epoch": 52, "inner_epoch": 1, "train_loss": 2.3032679619789125, "grad_norm": 0.00420437753200531, "test_error": 0.9}, {"outer_epoch": 53, "inner_epoch": 1, "train_loss": 2.3025799407958982, "grad_norm": 0.001068964134901762, "test_error": 0.9}, {"outer_epoch": 54, "inner_epoch": 1, "train_loss": 2.3025930752754213, "grad_norm": 0.0002702746423892677, "test_error": 0.9}, {"outer_epoch": 55, "inner_epoch": 1, "train_loss": 2.3025813093185423, "grad_norm": 6.823751755291596e-05, "test_error": 0.899875}, {"outer_epoch": 56, "inner_epoch": 1, "train_loss": 2.3025860910415648, "grad_norm": 1.7222810129169375e-05, "test_error": 0.899875}, {"outer_epoch": 57, "inner_epoch": 1, "train_loss": 2.302585217475891, "grad_norm": 4.336599431553623e-06, "test_error": 0.899875}, {"outer_epoch": 58, "inner_epoch": 1, "train_loss": 2.3025850582122804, "grad_norm": 1.0926827371804393e-06, "test_error": 0.899875}, {"outer_epoch": 59, "inner_epoch": 1, "train_loss": 2.302585111141205, "grad_norm": 2.6869872726820176e-07, "test_error": 0.899875}, {"outer_epoch": 60, "inner_epoch": 1, "train_loss": 2.3025851693153383, "grad_norm": 7.664887391456432e-08, "test_error": 0.899875}, {"outer_epoch": 61, "inner_epoch": 1, "train_loss": 2.302585312843323, "grad_norm": 2.7879089259386092e-08, "test_error": 0.89975}, {"outer_epoch": 62, "inner_epoch": 1, "train_loss": 2.3025853633880615, "grad_norm": 2.3613386801457636e-08, "test_error": 0.89975}, {"outer_epoch": 63, "inner_epoch": 1, "train_loss": 2.3025853633880615, "grad_norm": 3.84998912750234e-08, "test_error": 0.9}, {"outer_epoch": 64, "inner_epoch": 1, "train_loss": 2.3025853633880615, "grad_norm": 3.266949377689343e-08, "test_error": 0.89975}, {"outer_epoch": 65, "inner_epoch": 1, "train_loss": 2.3025853633880615, "grad_norm": 3.85216445408787e-08, "test_error": 0.9}, {"outer_epoch": 66, "inner_epoch": 1, "train_loss": 2.3025853633880615, "grad_norm": 2.8725576584065493e-08, "test_error": 0.899875}, {"outer_epoch": 67, "inner_epoch": 1, "train_loss": 2.3025853633880615, "grad_norm": 4.4104904617370266e-08, "test_error": 0.89975}, {"outer_epoch": 68, "inner_epoch": 1, "train_loss": 2.3025853633880615, "grad_norm": 3.360985800782146e-08, "test_error": 0.899875}, {"outer_epoch": 69, "inner_epoch": 1, "train_loss": 2.3025853633880615, "grad_norm": 3.112286250939178e-08, "test_error": 0.899875}, {"outer_epoch": 70, "inner_epoch": 1, "train_loss": 2.3025853633880615, "grad_norm": 2.3726704156956657e-08, "test_error": 0.899625}, {"outer_epoch": 71, "inner_epoch": 1, "train_loss": 2.3025853633880615, "grad_norm": 2.8262645557219912e-08, "test_error": 0.899875}, {"outer_epoch": 72, "inner_epoch": 1, "train_loss": 2.3025853633880615, "grad_norm": 2.6538581110457926e-08, "test_error": 0.899875}, {"outer_epoch": 73, "inner_epoch": 1, "train_loss": 2.3025853633880615, "grad_norm": 4.495096916912189e-08, "test_error": 0.899875}, {"outer_epoch": 74, "inner_epoch": 1, "train_loss": 2.3025853633880615, "grad_norm": 2.435155010971357e-08, "test_error": 0.899875}, {"outer_epoch": 75, "inner_epoch": 1, "train_loss": 2.3025853633880615, "grad_norm": 1.766421497961801e-08, "test_error": 0.899875}, {"outer_epoch": 76, "inner_epoch": 1, "train_loss": 2.3025853633880615, "grad_norm": 2.8186637024418815e-08, "test_error": 0.89975}, {"outer_epoch": 77, "inner_epoch": 1, "train_loss": 2.3025853633880615, "grad_norm": 2.436668822269894e-08, "test_error": 0.899875}, {"outer_epoch": 78, "inner_epoch": 1, "train_loss": 2.3025853633880615, "grad_norm": 2.5711516471460527e-08, "test_error": 0.899625}, {"outer_epoch": 79, "inner_epoch": 1, "train_loss": 2.3025853633880615, "grad_norm": 2.555440836715661e-08, "test_error": 0.899875}, {"outer_epoch": 80, "inner_epoch": 1, "train_loss": 2.3025853633880615, "grad_norm": 1.9883110269347526e-08, "test_error": 0.899875}, {"outer_epoch": 81, "inner_epoch": 1, "train_loss": 2.3025853633880615, "grad_norm": 2.7707944383337235e-08, "test_error": 0.899875}, {"outer_epoch": 82, "inner_epoch": 1, "train_loss": 2.3025853633880615, "grad_norm": 2.424738809736482e-08, "test_error": 0.899875}, {"outer_epoch": 83, "inner_epoch": 1, "train_loss": 2.3025853633880615, "grad_norm": 3.6630432020956505e-08, "test_error": 0.899875}, {"outer_epoch": 84, "inner_epoch": 1, "train_loss": 2.3025853633880615, "grad_norm": 4.300173017668385e-08, "test_error": 0.899875}, {"outer_epoch": 85, "inner_epoch": 1, "train_loss": 2.3025853633880615, "grad_norm": 5.268620739684593e-08, "test_error": 0.899875}, {"outer_epoch": 86, "inner_epoch": 1, "train_loss": 2.3025853633880615, "grad_norm": 3.4629742629022076e-08, "test_error": 0.899875}, {"outer_epoch": 87, "inner_epoch": 1, "train_loss": 2.3025853633880615, "grad_norm": 4.348812510102107e-08, "test_error": 0.89975}, {"outer_epoch": 88, "inner_epoch": 1, "train_loss": 2.3025853633880615, "grad_norm": 1.7277384856129174e-08, "test_error": 0.899875}, {"outer_epoch": 89, "inner_epoch": 1, "train_loss": 2.3025853633880615, "grad_norm": 2.553649025571758e-08, "test_error": 0.899875}, {"outer_epoch": 90, "inner_epoch": 1, "train_loss": 2.3025853633880615, "grad_norm": 4.4008505284409694e-08, "test_error": 0.9}, {"outer_epoch": 91, "inner_epoch": 1, "train_loss": 2.3025853633880615, "grad_norm": 3.329744657776246e-08, "test_error": 0.9}, {"outer_epoch": 92, "inner_epoch": 1, "train_loss": 2.3025853633880615, "grad_norm": 4.443992906999483e-08, "test_error": 0.899875}, {"outer_epoch": 93, "inner_epoch": 1, "train_loss": 2.3025853633880615, "grad_norm": 4.0361214814765844e-08, "test_error": 0.899875}, {"outer_epoch": 94, "inner_epoch": 1, "train_loss": 2.3025853633880615, "grad_norm": 3.312457863557938e-08, "test_error": 0.899875}, {"outer_epoch": 95, "inner_epoch": 1, "train_loss": 2.3025853633880615, "grad_norm": 3.773082113411874e-08, "test_error": 0.899875}, {"outer_epoch": 96, "inner_epoch": 1, "train_loss": 2.3025853633880615, "grad_norm": 4.321969271359194e-08, "test_error": 0.899875}, {"outer_epoch": 97, "inner_epoch": 1, "train_loss": 2.3025853633880615, "grad_norm": 3.881778098957511e-08, "test_error": 0.899875}, {"outer_epoch": 98, "inner_epoch": 1, "train_loss": 2.3025853633880615, "grad_norm": 4.195901937009694e-08, "test_error": 0.899875}, {"outer_epoch": 99, "inner_epoch": 1, "train_loss": 2.3025853633880615, "grad_norm": 2.8682631381116153e-08, "test_error": 0.899875}, {"outer_epoch": 100, "inner_epoch": 1, "train_loss": 2.3025853633880615, "grad_norm": 4.511186091349373e-08, "test_error": 0.899875}, {"outer_epoch": 101, "inner_epoch": 1, "train_loss": 2.3025853633880615, "grad_norm": 3.818292881874186e-08, "test_error": 0.899875}, {"outer_epoch": 102, "inner_epoch": 1, "train_loss": 2.3025853633880615, "grad_norm": 4.20822345859051e-08, "test_error": 0.899875}, {"outer_epoch": 103, "inner_epoch": 1, "train_loss": 2.3025853633880615, "grad_norm": 4.72929819750334e-08, "test_error": 0.899875}, {"outer_epoch": 104, "inner_epoch": 1, "train_loss": 2.3025853633880615, "grad_norm": 3.963744177326589e-08, "test_error": 0.9}, {"outer_epoch": 105, "inner_epoch": 1, "train_loss": 2.3025853633880615, "grad_norm": 3.6872560116307795e-08, "test_error": 0.9}, {"outer_epoch": 106, "inner_epoch": 1, "train_loss": 2.3025853633880615, "grad_norm": 3.9509540528115394e-08, "test_error": 0.899875}, {"outer_epoch": 107, "inner_epoch": 1, "train_loss": 2.3025853633880615, "grad_norm": 3.891096511665637e-08, "test_error": 0.9}, {"outer_epoch": 108, "inner_epoch": 1, "train_loss": 2.3025853633880615, "grad_norm": 4.502164330233427e-08, "test_error": 0.899875}, {"outer_epoch": 109, "inner_epoch": 1, "train_loss": 2.3025853633880615, "grad_norm": 4.018626498236699e-08, "test_error": 0.899875}, {"outer_epoch": 110, "inner_epoch": 1, "train_loss": 2.3025853633880615, "grad_norm": 3.991219443832961e-08, "test_error": 0.899875}, {"outer_epoch": 111, "inner_epoch": 1, "train_loss": 2.3025853633880615, "grad_norm": 5.5476565563594704e-08, "test_error": 0.899875}, {"outer_epoch": 112, "inner_epoch": 1, "train_loss": 2.3025853633880615, "grad_norm": 3.083058430775054e-08, "test_error": 0.899875}, {"outer_epoch": 113, "inner_epoch": 1, "train_loss": 2.3025853633880615, "grad_norm": 3.9835576615132595e-08, "test_error": 0.9}, {"outer_epoch": 114, "inner_epoch": 1, "train_loss": 2.3025853633880615, "grad_norm": 3.518655233847312e-08, "test_error": 0.9}, {"outer_epoch": 115, "inner_epoch": 1, "train_loss": 2.3025853633880615, "grad_norm": 3.76594364581706e-08, "test_error": 0.9}, {"outer_epoch": 116, "inner_epoch": 1, "train_loss": 2.3025853633880615, "grad_norm": 3.7982921696766425e-08, "test_error": 0.9}, {"outer_epoch": 117, "inner_epoch": 1, "train_loss": 2.3025853633880615, "grad_norm": 3.540043280736427e-08, "test_error": 0.9}, {"outer_epoch": 118, "inner_epoch": 1, "train_loss": 2.3025853633880615, "grad_norm": 4.33329532256721e-08, "test_error": 0.9}, {"outer_epoch": 119, "inner_epoch": 1, "train_loss": 2.3025853633880615, "grad_norm": 4.295967670486789e-08, "test_error": 0.9}, {"outer_epoch": 120, "inner_epoch": 1, "train_loss": 2.3025853633880615, "grad_norm": 3.506671930608718e-08, "test_error": 0.9}, {"outer_epoch": 121, "inner_epoch": 1, "train_loss": 2.3025853633880615, "grad_norm": 4.607170112080894e-08, "test_error": 0.9}, {"outer_epoch": 122, "inner_epoch": 1, "train_loss": 2.3025853633880615, "grad_norm": 4.670981823551301e-08, "test_error": 0.9}, {"outer_epoch": 123, "inner_epoch": 1, "train_loss": 2.3025853633880615, "grad_norm": 4.4558692735563454e-08, "test_error": 0.9}, {"outer_epoch": 124, "inner_epoch": 1, "train_loss": 2.3025853633880615, "grad_norm": 4.0557580405220506e-08, "test_error": 0.9}, {"outer_epoch": 125, "inner_epoch": 1, "train_loss": 2.3025853633880615, "grad_norm": 3.499832956777027e-08, "test_error": 0.9}, {"outer_epoch": 126, "inner_epoch": 1, "train_loss": 2.3025853633880615, "grad_norm": 4.154303567815987e-08, "test_error": 0.9}, {"outer_epoch": 127, "inner_epoch": 1, "train_loss": 2.3025853633880615, "grad_norm": 3.975763007701971e-08, "test_error": 0.9}, {"outer_epoch": 128, "inner_epoch": 1, "train_loss": 2.3025853633880615, "grad_norm": 4.684601506710351e-08, "test_error": 0.9}, {"outer_epoch": 129, "inner_epoch": 1, "train_loss": 2.3025853633880615, "grad_norm": 3.827337380357676e-08, "test_error": 0.9}, {"outer_epoch": 130, "inner_epoch": 1, "train_loss": 2.3025853633880615, "grad_norm": 3.422162109245619e-08, "test_error": 0.9}, {"outer_epoch": 131, "inner_epoch": 1, "train_loss": 2.3025853633880615, "grad_norm": 4.0107622112373065e-08, "test_error": 0.9}, {"outer_epoch": 132, "inner_epoch": 1, "train_loss": 2.3025853633880615, "grad_norm": 4.03471283050294e-08, "test_error": 0.9}, {"outer_epoch": 133, "inner_epoch": 1, "train_loss": 2.3025853633880615, "grad_norm": 4.2618836459951126e-08, "test_error": 0.9}, {"outer_epoch": 134, "inner_epoch": 1, "train_loss": 2.3025853633880615, "grad_norm": 3.17587591780466e-08, "test_error": 0.9}, {"outer_epoch": 135, "inner_epoch": 1, "train_loss": 2.3025853633880615, "grad_norm": 4.5721243679963663e-08, "test_error": 0.9}, {"outer_epoch": 136, "inner_epoch": 1, "train_loss": 2.3025853633880615, "grad_norm": 3.865729425456266e-08, "test_error": 0.9}, {"outer_epoch": 137, "inner_epoch": 1, "train_loss": 2.3025853633880615, "grad_norm": 3.815070215296146e-08, "test_error": 0.9}, {"outer_epoch": 138, "inner_epoch": 1, "train_loss": 2.3025853633880615, "grad_norm": 3.785552138424464e-08, "test_error": 0.9}, {"outer_epoch": 139, "inner_epoch": 1, "train_loss": 2.3025853633880615, "grad_norm": 4.8182908329863494e-08, "test_error": 0.9}, {"outer_epoch": 140, "inner_epoch": 1, "train_loss": 2.3025853633880615, "grad_norm": 3.349119381823584e-08, "test_error": 0.9}, {"outer_epoch": 141, "inner_epoch": 1, "train_loss": 2.3025853633880615, "grad_norm": 3.14368797660336e-08, "test_error": 0.9}, {"outer_epoch": 142, "inner_epoch": 1, "train_loss": 2.3025853633880615, "grad_norm": 3.079181354337379e-08, "test_error": 0.9}, {"outer_epoch": 143, "inner_epoch": 1, "train_loss": 2.3025853633880615, "grad_norm": 4.0566050074630766e-08, "test_error": 0.9}, {"outer_epoch": 144, "inner_epoch": 1, "train_loss": 2.3025853633880615, "grad_norm": 4.122062691180872e-08, "test_error": 0.9}, {"outer_epoch": 145, "inner_epoch": 1, "train_loss": 2.3025853633880615, "grad_norm": 4.56144526594926e-08, "test_error": 0.9}, {"outer_epoch": 146, "inner_epoch": 1, "train_loss": 2.3025853633880615, "grad_norm": 3.822625771476851e-08, "test_error": 0.9}, {"outer_epoch": 147, "inner_epoch": 1, "train_loss": 2.3025853633880615, "grad_norm": 4.2123890153789034e-08, "test_error": 0.9}, {"outer_epoch": 148, "inner_epoch": 1, "train_loss": 2.3025853633880615, "grad_norm": 3.9714617372510475e-08, "test_error": 0.9}, {"outer_epoch": 149, "inner_epoch": 1, "train_loss": 2.3025853633880615, "grad_norm": 4.74099053349164e-08, "test_error": 0.9}, {"outer_epoch": 150, "inner_epoch": 1, "train_loss": 2.3025853633880615, "grad_norm": 4.536071429583899e-08, "test_error": 0.9}, {"outer_epoch": 151, "inner_epoch": 1, "train_loss": 2.3025853633880615, "grad_norm": 3.4572078533301465e-08, "test_error": 0.9}, {"outer_epoch": 152, "inner_epoch": 1, "train_loss": 2.3025853633880615, "grad_norm": 3.2092756896417995e-08, "test_error": 0.9}, {"outer_epoch": 153, "inner_epoch": 1, "train_loss": 2.3025853633880615, "grad_norm": 4.6751924998034156e-08, "test_error": 0.9}, {"outer_epoch": 154, "inner_epoch": 1, "train_loss": 2.3025853633880615, "grad_norm": 3.864161257638443e-08, "test_error": 0.9}, {"outer_epoch": 155, "inner_epoch": 1, "train_loss": 2.3025853633880615, "grad_norm": 3.919341295954837e-08, "test_error": 0.9}, {"outer_epoch": 156, "inner_epoch": 1, "train_loss": 2.3025853633880615, "grad_norm": 4.324206059891367e-08, "test_error": 0.9}, {"outer_epoch": 157, "inner_epoch": 1, "train_loss": 2.3025853633880615, "grad_norm": 3.821117999791568e-08, "test_error": 0.9}, {"outer_epoch": 158, "inner_epoch": 1, "train_loss": 2.3025853633880615, "grad_norm": 4.418702204134206e-08, "test_error": 0.9}, {"outer_epoch": 159, "inner_epoch": 1, "train_loss": 2.3025853633880615, "grad_norm": 4.161364230981235e-08, "test_error": 0.9}, {"outer_epoch": 160, "inner_epoch": 1, "train_loss": 2.3025853633880615, "grad_norm": 3.160404915547588e-08, "test_error": 0.9}, {"outer_epoch": 161, "inner_epoch": 1, "train_loss": 2.3025853633880615, "grad_norm": 5.055247598306778e-08, "test_error": 0.9}, {"outer_epoch": 162, "inner_epoch": 1, "train_loss": 2.3025853633880615, "grad_norm": 3.209442311913335e-08, "test_error": 0.9}, {"outer_epoch": 163, "inner_epoch": 1, "train_loss": 2.3025853633880615, "grad_norm": 4.229974948088966e-08, "test_error": 0.9}, {"outer_epoch": 164, "inner_epoch": 1, "train_loss": 2.3025853633880615, "grad_norm": 3.640421653017256e-08, "test_error": 0.9}, {"outer_epoch": 165, "inner_epoch": 1, "train_loss": 2.3025853633880615, "grad_norm": 3.6001218006731506e-08, "test_error": 0.9}, {"outer_epoch": 166, "inner_epoch": 1, "train_loss": 2.3025853633880615, "grad_norm": 4.0318976601838585e-08, "test_error": 0.9}, {"outer_epoch": 167, "inner_epoch": 1, "train_loss": 2.3025853633880615, "grad_norm": 4.566842193298726e-08, "test_error": 0.9}, {"outer_epoch": 168, "inner_epoch": 1, "train_loss": 2.3025853633880615, "grad_norm": 3.919219793147022e-08, "test_error": 0.9}, {"outer_epoch": 169, "inner_epoch": 1, "train_loss": 2.3025853633880615, "grad_norm": 3.576667850779813e-08, "test_error": 0.9}, {"outer_epoch": 170, "inner_epoch": 1, "train_loss": 2.3025853633880615, "grad_norm": 3.837990192323559e-08, "test_error": 0.9}, {"outer_epoch": 171, "inner_epoch": 1, "train_loss": 2.3025853633880615, "grad_norm": 3.765764589047649e-08, "test_error": 0.9}, {"outer_epoch": 172, "inner_epoch": 1, "train_loss": 2.3025853633880615, "grad_norm": 4.4746915506266305e-08, "test_error": 0.9}, {"outer_epoch": 173, "inner_epoch": 1, "train_loss": 2.3025853633880615, "grad_norm": 3.267139447871159e-08, "test_error": 0.9}, {"outer_epoch": 174, "inner_epoch": 1, "train_loss": 2.3025853633880615, "grad_norm": 3.9427373366152096e-08, "test_error": 0.9}, {"outer_epoch": 175, "inner_epoch": 1, "train_loss": 2.3025853633880615, "grad_norm": 4.1773056125293806e-08, "test_error": 0.9}, {"outer_epoch": 176, "inner_epoch": 1, "train_loss": 2.3025853633880615, "grad_norm": 5.050137374951191e-08, "test_error": 0.9}, {"outer_epoch": 177, "inner_epoch": 1, "train_loss": 2.3025853633880615, "grad_norm": 3.8871231566872666e-08, "test_error": 0.9}, {"outer_epoch": 178, "inner_epoch": 1, "train_loss": 2.3025853633880615, "grad_norm": 3.762615818914128e-08, "test_error": 0.9}, {"outer_epoch": 179, "inner_epoch": 1, "train_loss": 2.3025853633880615, "grad_norm": 4.381720231094732e-08, "test_error": 0.9}, {"outer_epoch": 180, "inner_epoch": 1, "train_loss": 2.3025853633880615, "grad_norm": 3.8102168531395364e-08, "test_error": 0.9}, {"outer_epoch": 181, "inner_epoch": 1, "train_loss": 2.3025853633880615, "grad_norm": 3.981041274414565e-08, "test_error": 0.9}, {"outer_epoch": 182, "inner_epoch": 1, "train_loss": 2.3025853633880615, "grad_norm": 2.3670011728427198e-08, "test_error": 0.9}, {"outer_epoch": 183, "inner_epoch": 1, "train_loss": 2.3025853633880615, "grad_norm": 3.7308925726620146e-08, "test_error": 0.9}, {"outer_epoch": 184, "inner_epoch": 1, "train_loss": 2.3025853633880615, "grad_norm": 3.700505857295866e-08, "test_error": 0.9}, {"outer_epoch": 185, "inner_epoch": 1, "train_loss": 2.3025853633880615, "grad_norm": 3.767765477391549e-08, "test_error": 0.9}, {"outer_epoch": 186, "inner_epoch": 1, "train_loss": 2.3025853633880615, "grad_norm": 4.5903007617198455e-08, "test_error": 0.9}, {"outer_epoch": 187, "inner_epoch": 1, "train_loss": 2.3025853633880615, "grad_norm": 4.19671870588445e-08, "test_error": 0.9}, {"outer_epoch": 188, "inner_epoch": 1, "train_loss": 2.3025853633880615, "grad_norm": 2.937893306409478e-08, "test_error": 0.9}, {"outer_epoch": 189, "inner_epoch": 1, "train_loss": 2.3025853633880615, "grad_norm": 4.5633981926584966e-08, "test_error": 0.9}, {"outer_epoch": 190, "inner_epoch": 1, "train_loss": 2.3025853633880615, "grad_norm": 3.847907237286563e-08, "test_error": 0.9}, {"outer_epoch": 191, "inner_epoch": 1, "train_loss": 2.3025853633880615, "grad_norm": 3.4129460146914425e-08, "test_error": 0.9}, {"outer_epoch": 192, "inner_epoch": 1, "train_loss": 2.3025853633880615, "grad_norm": 4.0377386767431744e-08, "test_error": 0.9}, {"outer_epoch": 193, "inner_epoch": 1, "train_loss": 2.3025853633880615, "grad_norm": 3.988520091979808e-08, "test_error": 0.9}, {"outer_epoch": 194, "inner_epoch": 1, "train_loss": 2.3025853633880615, "grad_norm": 4.040455792164721e-08, "test_error": 0.9}, {"outer_epoch": 195, "inner_epoch": 1, "train_loss": 2.3025853633880615, "grad_norm": 3.307903639893084e-08, "test_error": 0.9}, {"outer_epoch": 196, "inner_epoch": 1, "train_loss": 2.3025853633880615, "grad_norm": 3.262219649968756e-08, "test_error": 0.9}, {"outer_epoch": 197, "inner_epoch": 1, "train_loss": 2.3025853633880615, "grad_norm": 2.5925524838044112e-08, "test_error": 0.9}, {"outer_epoch": 198, "inner_epoch": 1, "train_loss": 2.3025853633880615, "grad_norm": 4.2354344031991786e-08, "test_error": 0.9}, {"outer_epoch": 199, "inner_epoch": 1, "train_loss": 2.3025853633880615, "grad_norm": 3.9928401918132295e-08, "test_error": 0.9}, {"outer_epoch": 200, "inner_epoch": 1, "train_loss": 2.3025853633880615, "grad_norm": 3.8328149543076506e-08, "test_error": 0.9}, {"outer_epoch": 201, "inner_epoch": 1, "train_loss": 2.3025853633880615, "grad_norm": 4.36489848709698e-08, "test_error": 0.9}, {"outer_epoch": 202, "inner_epoch": 1, "train_loss": 2.3025853633880615, "grad_norm": 4.0640014020709714e-08, "test_error": 0.9}, {"outer_epoch": 203, "inner_epoch": 1, "train_loss": 2.3025853633880615, "grad_norm": 4.397697850322402e-08, "test_error": 0.9}, {"outer_epoch": 204, "inner_epoch": 1, "train_loss": 2.3025853633880615, "grad_norm": 4.821081844852415e-08, "test_error": 0.9}, {"outer_epoch": 205, "inner_epoch": 1, "train_loss": 2.3025853633880615, "grad_norm": 2.9313250493601117e-08, "test_error": 0.9}, {"outer_epoch": 206, "inner_epoch": 1, "train_loss": 2.3025853633880615, "grad_norm": 4.236659378875629e-08, "test_error": 0.9}, {"outer_epoch": 207, "inner_epoch": 1, "train_loss": 2.3025853633880615, "grad_norm": 2.815833788361033e-08, "test_error": 0.9}, {"outer_epoch": 208, "inner_epoch": 1, "train_loss": 2.3025853633880615, "grad_norm": 4.4397062026746426e-08, "test_error": 0.9}, {"outer_epoch": 209, "inner_epoch": 1, "train_loss": 2.3025853633880615, "grad_norm": 4.164754585644914e-08, "test_error": 0.9}, {"outer_epoch": 210, "inner_epoch": 1, "train_loss": 2.3025853633880615, "grad_norm": 3.5670971954004926e-08, "test_error": 0.9}, {"outer_epoch": 211, "inner_epoch": 1, "train_loss": 2.3025853633880615, "grad_norm": 3.801029535566158e-08, "test_error": 0.9}, {"outer_epoch": 212, "inner_epoch": 1, "train_loss": 2.3025853633880615, "grad_norm": 2.545329280678743e-08, "test_error": 0.9}, {"outer_epoch": 213, "inner_epoch": 1, "train_loss": 2.3025853633880615, "grad_norm": 4.09272900014912e-08, "test_error": 0.9}, {"outer_epoch": 214, "inner_epoch": 1, "train_loss": 2.3025853633880615, "grad_norm": 4.3459078113983196e-08, "test_error": 0.9}, {"outer_epoch": 215, "inner_epoch": 1, "train_loss": 2.3025853633880615, "grad_norm": 2.8431431431386045e-08, "test_error": 0.9}, {"outer_epoch": 216, "inner_epoch": 1, "train_loss": 2.3025853633880615, "grad_norm": 4.3738054955611005e-08, "test_error": 0.9}, {"outer_epoch": 217, "inner_epoch": 1, "train_loss": 2.3025853633880615, "grad_norm": 3.914572488383783e-08, "test_error": 0.9}, {"outer_epoch": 218, "inner_epoch": 1, "train_loss": 2.3025853633880615, "grad_norm": 3.4097769940899525e-08, "test_error": 0.9}, {"outer_epoch": 219, "inner_epoch": 1, "train_loss": 2.3025853633880615, "grad_norm": 4.6155740562880965e-08, "test_error": 0.9}, {"outer_epoch": 220, "inner_epoch": 1, "train_loss": 2.3025853633880615, "grad_norm": 4.669760045317162e-08, "test_error": 0.9}, {"outer_epoch": 221, "inner_epoch": 1, "train_loss": 2.3025853633880615, "grad_norm": 3.6019788041130596e-08, "test_error": 0.9}, {"outer_epoch": 222, "inner_epoch": 1, "train_loss": 2.3025853633880615, "grad_norm": 3.1698593971896116e-08, "test_error": 0.9}, {"outer_epoch": 223, "inner_epoch": 1, "train_loss": 2.3025853633880615, "grad_norm": 4.356563465535146e-08, "test_error": 0.9}, {"outer_epoch": 224, "inner_epoch": 1, "train_loss": 2.3025853633880615, "grad_norm": 4.128004604808666e-08, "test_error": 0.9}, {"outer_epoch": 225, "inner_epoch": 1, "train_loss": 2.3025853633880615, "grad_norm": 4.329195135710506e-08, "test_error": 0.9}, {"outer_epoch": 226, "inner_epoch": 1, "train_loss": 2.3025853633880615, "grad_norm": 3.4214522770525946e-08, "test_error": 0.9}, {"outer_epoch": 227, "inner_epoch": 1, "train_loss": 2.3025853633880615, "grad_norm": 4.44519336895155e-08, "test_error": 0.9}, {"outer_epoch": 228, "inner_epoch": 1, "train_loss": 2.3025853633880615, "grad_norm": 3.92988184216847e-08, "test_error": 0.9}, {"outer_epoch": 229, "inner_epoch": 1, "train_loss": 2.3025853633880615, "grad_norm": 2.932061349270043e-08, "test_error": 0.9}, {"outer_epoch": 230, "inner_epoch": 1, "train_loss": 2.3025853633880615, "grad_norm": 2.903165707834887e-08, "test_error": 0.9}, {"outer_epoch": 231, "inner_epoch": 1, "train_loss": 2.3025853633880615, "grad_norm": 3.597946474087621e-08, "test_error": 0.9}, {"outer_epoch": 232, "inner_epoch": 1, "train_loss": 2.3025853633880615, "grad_norm": 4.001668330033681e-08, "test_error": 0.9}, {"outer_epoch": 233, "inner_epoch": 1, "train_loss": 2.3025853633880615, "grad_norm": 3.52816265092315e-08, "test_error": 0.9}, {"outer_epoch": 234, "inner_epoch": 1, "train_loss": 2.3025853633880615, "grad_norm": 4.301956124663775e-08, "test_error": 0.9}, {"outer_epoch": 235, "inner_epoch": 1, "train_loss": 2.3025853633880615, "grad_norm": 4.844091705535902e-08, "test_error": 0.9}, {"outer_epoch": 236, "inner_epoch": 1, "train_loss": 2.3025853633880615, "grad_norm": 4.442178891395088e-08, "test_error": 0.9}, {"outer_epoch": 237, "inner_epoch": 1, "train_loss": 2.3025853633880615, "grad_norm": 4.4571780932756155e-08, "test_error": 0.9}, {"outer_epoch": 238, "inner_epoch": 1, "train_loss": 2.3025853633880615, "grad_norm": 3.4844475749196135e-08, "test_error": 0.9}, {"outer_epoch": 239, "inner_epoch": 1, "train_loss": 2.3025853633880615, "grad_norm": 4.0409876334024375e-08, "test_error": 0.9}, {"outer_epoch": 240, "inner_epoch": 1, "train_loss": 2.3025853633880615, "grad_norm": 3.261944669930017e-08, "test_error": 0.9}, {"outer_epoch": 241, "inner_epoch": 1, "train_loss": 2.3025853633880615, "grad_norm": 3.665331860247534e-08, "test_error": 0.9}, {"outer_epoch": 242, "inner_epoch": 1, "train_loss": 2.3025853633880615, "grad_norm": 4.4424993461689155e-08, "test_error": 0.9}, {"outer_epoch": 243, "inner_epoch": 1, "train_loss": 2.3025853633880615, "grad_norm": 4.354184568455821e-08, "test_error": 0.9}, {"outer_epoch": 244, "inner_epoch": 1, "train_loss": 2.3025853633880615, "grad_norm": 3.70933186388811e-08, "test_error": 0.9}, {"outer_epoch": 245, "inner_epoch": 1, "train_loss": 2.3025853633880615, "grad_norm": 3.4696206796525075e-08, "test_error": 0.9}, {"outer_epoch": 246, "inner_epoch": 1, "train_loss": 2.3025853633880615, "grad_norm": 4.1442987708251167e-08, "test_error": 0.9}, {"outer_epoch": 247, "inner_epoch": 1, "train_loss": 2.3025853633880615, "grad_norm": 5.1586525273705774e-08, "test_error": 0.9}, {"outer_epoch": 248, "inner_epoch": 1, "train_loss": 2.3025853633880615, "grad_norm": 4.0108691479190384e-08, "test_error": 0.9}, {"outer_epoch": 249, "inner_epoch": 1, "train_loss": 2.3025853633880615, "grad_norm": 4.008734322269447e-08, "test_error": 0.9}, {"outer_epoch": 250, "inner_epoch": 1, "train_loss": 2.3025853633880615, "grad_norm": 3.732754194629706e-08, "test_error": 0.9}]}