{"argv": ["train.py", "--seed", "77", "--optimizer", "SVRG", "--run_name", "svrg_0.001.json", "--output_path", "experiments/nonconvex_stl10/svrg-0.001.json", "--dataset", "STL10", "--layer_sizes", "27648", "100", "10", "--batch_size", "10", "--learning_rate", "0.001", "--weight_decay", "0.01", "--warmup_learning_rate", "0.001", "--num_warmup_epochs", "20", "--num_outer_epochs", "250", "--num_inner_epochs", "1", "--device", "cuda"], "args": {"seed": 77, "optimizer": "SVRG", "run_name": "svrg_0.001.json", "output_path": "experiments/nonconvex_stl10/svrg-0.001.json", "device": "cuda", "dataset": "STL10", "dataset_root": "~/datasets/pytorch", "dataset_size": null, "download": false, "layer_sizes": [27648, 100, 10], "batch_size": 10, "test_batch_size": 256, "learning_rate": 0.001, "weight_decay": 0.01, "warmup_learning_rate": 0.001, "num_warmup_epochs": 20, "num_outer_epochs": 250, "num_inner_epochs": 1, "inner_epoch_fraction": null, "choose_random_iterate": false, "num_epochs": 10}, "metrics": [{"warmup_epoch": 1, "train_loss": 2.1348800573349, "grad_norm": 1.8805115222930908, "test_error": 0.733125}, {"warmup_epoch": 2, "train_loss": 1.952679219007492, "grad_norm": 1.3904025554656982, "test_error": 0.68525}, {"warmup_epoch": 3, "train_loss": 1.880379913330078, "grad_norm": 1.9659830331802368, "test_error": 0.678375}, {"warmup_epoch": 4, "train_loss": 1.835884770154953, "grad_norm": 1.6122037172317505, "test_error": 0.661625}, {"warmup_epoch": 5, "train_loss": 1.8045151345729828, "grad_norm": 1.6934443712234497, "test_error": 0.658875}, {"warmup_epoch": 6, "train_loss": 1.778914482831955, "grad_norm": 3.7849440574645996, "test_error": 0.67725}, {"warmup_epoch": 7, "train_loss": 1.7538169412612914, "grad_norm": 2.62298321723938, "test_error": 0.659375}, {"warmup_epoch": 8, "train_loss": 1.7306526463031768, "grad_norm": 2.4293901920318604, "test_error": 0.662125}, {"warmup_epoch": 9, "train_loss": 1.7082515306472779, "grad_norm": 2.8963584899902344, "test_error": 0.653375}, {"warmup_epoch": 10, "train_loss": 1.6863615746498108, "grad_norm": 4.028270244598389, "test_error": 0.646125}, {"warmup_epoch": 11, "train_loss": 1.66167369556427, "grad_norm": 3.1208910942077637, "test_error": 0.645}, {"warmup_epoch": 12, "train_loss": 1.6443801749944686, "grad_norm": 1.2179313898086548, "test_error": 0.620875}, {"warmup_epoch": 13, "train_loss": 1.618789933204651, "grad_norm": 2.593471050262451, "test_error": 0.646125}, {"warmup_epoch": 14, "train_loss": 1.5979233669042587, "grad_norm": 1.743858814239502, "test_error": 0.6295}, {"warmup_epoch": 15, "train_loss": 1.5805437738895416, "grad_norm": 3.6566174030303955, "test_error": 0.648875}, {"warmup_epoch": 16, "train_loss": 1.561762242794037, "grad_norm": 2.7268295288085938, "test_error": 0.63125}, {"warmup_epoch": 17, "train_loss": 1.5389812490940094, "grad_norm": 2.4517672061920166, "test_error": 0.62575}, {"warmup_epoch": 18, "train_loss": 1.5221547589302062, "grad_norm": 1.9178624153137207, "test_error": 0.622125}, {"warmup_epoch": 19, "train_loss": 1.5059223752021789, "grad_norm": 2.3122904300689697, "test_error": 0.616125}, {"warmup_epoch": 20, "train_loss": 1.4843166764974594, "grad_norm": 3.172278642654419, "test_error": 0.615125}, {"outer_epoch": 1, "inner_epoch": 1, "train_loss": 1.4142169200181962, "grad_norm": 0.4196564555168152, "test_error": 0.605875}, {"outer_epoch": 2, "inner_epoch": 1, "train_loss": 1.3909319496154786, "grad_norm": 0.3930934965610504, "test_error": 0.60125}, {"outer_epoch": 3, "inner_epoch": 1, "train_loss": 1.3691449356079102, "grad_norm": 0.3338840901851654, "test_error": 0.600625}, {"outer_epoch": 4, "inner_epoch": 1, "train_loss": 1.3474802693128587, "grad_norm": 0.3318778872489929, "test_error": 0.601125}, {"outer_epoch": 5, "inner_epoch": 1, "train_loss": 1.3261411916017531, "grad_norm": 0.32666027545928955, "test_error": 0.59925}, {"outer_epoch": 6, "inner_epoch": 1, "train_loss": 1.3056916238069534, "grad_norm": 0.32778406143188477, "test_error": 0.596}, {"outer_epoch": 7, "inner_epoch": 1, "train_loss": 1.2842666260004043, "grad_norm": 0.34493017196655273, "test_error": 0.594875}, {"outer_epoch": 8, "inner_epoch": 1, "train_loss": 1.2639806189537048, "grad_norm": 0.3406086564064026, "test_error": 0.594125}, {"outer_epoch": 9, "inner_epoch": 1, "train_loss": 1.2438584086894988, "grad_norm": 0.3921964466571808, "test_error": 0.59275}, {"outer_epoch": 10, "inner_epoch": 1, "train_loss": 1.2230037392377853, "grad_norm": 0.3483463227748871, "test_error": 0.590125}, {"outer_epoch": 11, "inner_epoch": 1, "train_loss": 1.2028332507610322, "grad_norm": 0.35048919916152954, "test_error": 0.591}, {"outer_epoch": 12, "inner_epoch": 1, "train_loss": 1.1825246711969375, "grad_norm": 0.34462860226631165, "test_error": 0.590875}, {"outer_epoch": 13, "inner_epoch": 1, "train_loss": 1.1627178599834442, "grad_norm": 0.3785260021686554, "test_error": 0.5895}, {"outer_epoch": 14, "inner_epoch": 1, "train_loss": 1.1435130820274353, "grad_norm": 0.4168679416179657, "test_error": 0.59075}, {"outer_epoch": 15, "inner_epoch": 1, "train_loss": 1.123532759130001, "grad_norm": 0.3728388249874115, "test_error": 0.5895}, {"outer_epoch": 16, "inner_epoch": 1, "train_loss": 1.1043049118518828, "grad_norm": 0.577484130859375, "test_error": 0.58975}, {"outer_epoch": 17, "inner_epoch": 1, "train_loss": 1.0849660505056382, "grad_norm": 0.4480529725551605, "test_error": 0.589}, {"outer_epoch": 18, "inner_epoch": 1, "train_loss": 1.066289753496647, "grad_norm": 0.3729429543018341, "test_error": 0.589125}, {"outer_epoch": 19, "inner_epoch": 1, "train_loss": 1.0469693553447723, "grad_norm": 0.38833287358283997, "test_error": 0.588625}, {"outer_epoch": 20, "inner_epoch": 1, "train_loss": 1.0282899072170257, "grad_norm": 0.38966700434684753, "test_error": 0.58875}, {"outer_epoch": 21, "inner_epoch": 1, "train_loss": 1.0097713919878006, "grad_norm": 0.38702091574668884, "test_error": 0.589875}, {"outer_epoch": 22, "inner_epoch": 1, "train_loss": 0.9916649954915047, "grad_norm": 0.4120989441871643, "test_error": 0.58825}, {"outer_epoch": 23, "inner_epoch": 1, "train_loss": 0.9731508873105049, "grad_norm": 0.42093804478645325, "test_error": 0.588125}, {"outer_epoch": 24, "inner_epoch": 1, "train_loss": 0.9549295032024383, "grad_norm": 0.48324131965637207, "test_error": 0.588375}, {"outer_epoch": 25, "inner_epoch": 1, "train_loss": 0.937247742652893, "grad_norm": 0.4557745158672333, "test_error": 0.590625}, {"outer_epoch": 26, "inner_epoch": 1, "train_loss": 0.9192643089294433, "grad_norm": 0.4093731939792633, "test_error": 0.588875}, {"outer_epoch": 27, "inner_epoch": 1, "train_loss": 0.9020481022596359, "grad_norm": 0.503109872341156, "test_error": 0.58925}, {"outer_epoch": 28, "inner_epoch": 1, "train_loss": 0.8843984714150429, "grad_norm": 0.5720146894454956, "test_error": 0.58925}, {"outer_epoch": 29, "inner_epoch": 1, "train_loss": 0.8681493937969208, "grad_norm": 0.4782017469406128, "test_error": 0.587875}, {"outer_epoch": 30, "inner_epoch": 1, "train_loss": 0.8511024796962738, "grad_norm": 0.5210182666778564, "test_error": 0.58825}, {"outer_epoch": 31, "inner_epoch": 1, "train_loss": 0.8344436420798301, "grad_norm": 0.5423745512962341, "test_error": 0.589125}, {"outer_epoch": 32, "inner_epoch": 1, "train_loss": 0.8175957921147347, "grad_norm": 0.38964810967445374, "test_error": 0.589375}, {"outer_epoch": 33, "inner_epoch": 1, "train_loss": 0.8013183254003525, "grad_norm": 0.35459497570991516, "test_error": 0.590625}, {"outer_epoch": 34, "inner_epoch": 1, "train_loss": 0.7855647926330567, "grad_norm": 0.42621085047721863, "test_error": 0.589}, {"outer_epoch": 35, "inner_epoch": 1, "train_loss": 0.7700732226371765, "grad_norm": 0.3939119875431061, "test_error": 0.590625}, {"outer_epoch": 36, "inner_epoch": 1, "train_loss": 0.7551967983841896, "grad_norm": 0.4446834325790405, "test_error": 0.58825}, {"outer_epoch": 37, "inner_epoch": 1, "train_loss": 0.7396403970718384, "grad_norm": 0.41003167629241943, "test_error": 0.58925}, {"outer_epoch": 38, "inner_epoch": 1, "train_loss": 0.7249898054599762, "grad_norm": 0.41731736063957214, "test_error": 0.589}, {"outer_epoch": 39, "inner_epoch": 1, "train_loss": 0.71035777759552, "grad_norm": 0.6208117008209229, "test_error": 0.590125}, {"outer_epoch": 40, "inner_epoch": 1, "train_loss": 0.6958822359442711, "grad_norm": 0.45387551188468933, "test_error": 0.590375}, {"outer_epoch": 41, "inner_epoch": 1, "train_loss": 0.6820451931357384, "grad_norm": 0.4847075939178467, "test_error": 0.58875}, {"outer_epoch": 42, "inner_epoch": 1, "train_loss": 0.6686924171447753, "grad_norm": 0.6618204712867737, "test_error": 0.590125}, {"outer_epoch": 43, "inner_epoch": 1, "train_loss": 0.6549760801792145, "grad_norm": 0.5920189023017883, "test_error": 0.591125}, {"outer_epoch": 44, "inner_epoch": 1, "train_loss": 0.6422712358236313, "grad_norm": 0.5860651135444641, "test_error": 0.58775}, {"outer_epoch": 45, "inner_epoch": 1, "train_loss": 0.6287891156673432, "grad_norm": 0.45702236890792847, "test_error": 0.589}, {"outer_epoch": 46, "inner_epoch": 1, "train_loss": 0.616318574488163, "grad_norm": 0.4117526113986969, "test_error": 0.59075}, {"outer_epoch": 47, "inner_epoch": 1, "train_loss": 0.6038760647177697, "grad_norm": 0.4074089825153351, "test_error": 0.590125}, {"outer_epoch": 48, "inner_epoch": 1, "train_loss": 0.5916913166046143, "grad_norm": 0.605137050151825, "test_error": 0.59}, {"outer_epoch": 49, "inner_epoch": 1, "train_loss": 0.5805378146767616, "grad_norm": 0.7328692078590393, "test_error": 0.591375}, {"outer_epoch": 50, "inner_epoch": 1, "train_loss": 0.568721048682928, "grad_norm": 0.6037177443504333, "test_error": 0.59125}, {"outer_epoch": 51, "inner_epoch": 1, "train_loss": 0.5570345816910267, "grad_norm": 0.5428134202957153, "test_error": 0.5905}, {"outer_epoch": 52, "inner_epoch": 1, "train_loss": 0.5460966440141201, "grad_norm": 0.4477538764476776, "test_error": 0.591625}, {"outer_epoch": 53, "inner_epoch": 1, "train_loss": 0.5352491572499275, "grad_norm": 0.5710785984992981, "test_error": 0.5915}, {"outer_epoch": 54, "inner_epoch": 1, "train_loss": 0.5250904412865639, "grad_norm": 0.47421351075172424, "test_error": 0.590625}, {"outer_epoch": 55, "inner_epoch": 1, "train_loss": 0.5143294975459576, "grad_norm": 0.44958585500717163, "test_error": 0.59175}, {"outer_epoch": 56, "inner_epoch": 1, "train_loss": 0.504778632491827, "grad_norm": 0.44989100098609924, "test_error": 0.592125}, {"outer_epoch": 57, "inner_epoch": 1, "train_loss": 0.49519605535268785, "grad_norm": 0.47493991255760193, "test_error": 0.592375}, {"outer_epoch": 58, "inner_epoch": 1, "train_loss": 0.48551297146081923, "grad_norm": 0.5290097594261169, "test_error": 0.5925}, {"outer_epoch": 59, "inner_epoch": 1, "train_loss": 0.476340123295784, "grad_norm": 0.46421605348587036, "test_error": 0.59225}, {"outer_epoch": 60, "inner_epoch": 1, "train_loss": 0.46717609733343124, "grad_norm": 0.5213025212287903, "test_error": 0.59175}, {"outer_epoch": 61, "inner_epoch": 1, "train_loss": 0.4583184038102627, "grad_norm": 0.3695038855075836, "test_error": 0.5915}, {"outer_epoch": 62, "inner_epoch": 1, "train_loss": 0.44975445222854615, "grad_norm": 0.5101130604743958, "test_error": 0.591}, {"outer_epoch": 63, "inner_epoch": 1, "train_loss": 0.44156324058771135, "grad_norm": 0.7995306849479675, "test_error": 0.59025}, {"outer_epoch": 64, "inner_epoch": 1, "train_loss": 0.43376612406969073, "grad_norm": 0.5494521260261536, "test_error": 0.59125}, {"outer_epoch": 65, "inner_epoch": 1, "train_loss": 0.42551677826046946, "grad_norm": 0.5540955662727356, "test_error": 0.592125}, {"outer_epoch": 66, "inner_epoch": 1, "train_loss": 0.4175891237705946, "grad_norm": 0.517896831035614, "test_error": 0.590875}, {"outer_epoch": 67, "inner_epoch": 1, "train_loss": 0.4103356201052666, "grad_norm": 0.44744548201560974, "test_error": 0.590125}, {"outer_epoch": 68, "inner_epoch": 1, "train_loss": 0.4031560164988041, "grad_norm": 0.7412751317024231, "test_error": 0.592875}, {"outer_epoch": 69, "inner_epoch": 1, "train_loss": 0.3961160278618336, "grad_norm": 0.6030095219612122, "test_error": 0.5915}, {"outer_epoch": 70, "inner_epoch": 1, "train_loss": 0.38925548988580705, "grad_norm": 0.5190677046775818, "test_error": 0.59125}, {"outer_epoch": 71, "inner_epoch": 1, "train_loss": 0.3826353710889816, "grad_norm": 0.39533287286758423, "test_error": 0.591125}, {"outer_epoch": 72, "inner_epoch": 1, "train_loss": 0.3760164974331856, "grad_norm": 0.43864622712135315, "test_error": 0.591}, {"outer_epoch": 73, "inner_epoch": 1, "train_loss": 0.36991027790308, "grad_norm": 0.4641469717025757, "test_error": 0.592}, {"outer_epoch": 74, "inner_epoch": 1, "train_loss": 0.3636721172630787, "grad_norm": 0.7293990850448608, "test_error": 0.59025}, {"outer_epoch": 75, "inner_epoch": 1, "train_loss": 0.35796885994076727, "grad_norm": 1.3990455865859985, "test_error": 0.5915}, {"outer_epoch": 76, "inner_epoch": 1, "train_loss": 0.3516773481965065, "grad_norm": 0.40586385130882263, "test_error": 0.5915}, {"outer_epoch": 77, "inner_epoch": 1, "train_loss": 0.3458515650779009, "grad_norm": 0.4043610394001007, "test_error": 0.591375}, {"outer_epoch": 78, "inner_epoch": 1, "train_loss": 0.34073895460367204, "grad_norm": 0.42812448740005493, "test_error": 0.59175}, {"outer_epoch": 79, "inner_epoch": 1, "train_loss": 0.3353615906536579, "grad_norm": 0.5856911540031433, "test_error": 0.592125}, {"outer_epoch": 80, "inner_epoch": 1, "train_loss": 0.33013370153307914, "grad_norm": 0.5938029885292053, "test_error": 0.5905}, {"outer_epoch": 81, "inner_epoch": 1, "train_loss": 0.3251878440827131, "grad_norm": 0.4734882116317749, "test_error": 0.590625}, {"outer_epoch": 82, "inner_epoch": 1, "train_loss": 0.32024604505300525, "grad_norm": 0.4430776536464691, "test_error": 0.591125}, {"outer_epoch": 83, "inner_epoch": 1, "train_loss": 0.31561251457035544, "grad_norm": 0.329125314950943, "test_error": 0.59075}, {"outer_epoch": 84, "inner_epoch": 1, "train_loss": 0.3108134337365627, "grad_norm": 0.5326404571533203, "test_error": 0.5925}, {"outer_epoch": 85, "inner_epoch": 1, "train_loss": 0.30658651384711266, "grad_norm": 0.4670775234699249, "test_error": 0.592}, {"outer_epoch": 86, "inner_epoch": 1, "train_loss": 0.3017284478247166, "grad_norm": 0.46129757165908813, "test_error": 0.591375}, {"outer_epoch": 87, "inner_epoch": 1, "train_loss": 0.2981278487294912, "grad_norm": 0.5331875085830688, "test_error": 0.592}, {"outer_epoch": 88, "inner_epoch": 1, "train_loss": 0.2935971169024706, "grad_norm": 0.4105980694293976, "test_error": 0.59275}, {"outer_epoch": 89, "inner_epoch": 1, "train_loss": 0.28961977635324, "grad_norm": 0.5487136244773865, "test_error": 0.59225}, {"outer_epoch": 90, "inner_epoch": 1, "train_loss": 0.28589282220602036, "grad_norm": 0.725418746471405, "test_error": 0.5905}, {"outer_epoch": 91, "inner_epoch": 1, "train_loss": 0.28254350781440735, "grad_norm": 0.5690857172012329, "test_error": 0.59275}, {"outer_epoch": 92, "inner_epoch": 1, "train_loss": 0.2785943422168493, "grad_norm": 0.8608465790748596, "test_error": 0.594625}, {"outer_epoch": 93, "inner_epoch": 1, "train_loss": 0.27479459743201734, "grad_norm": 0.657648503780365, "test_error": 0.593375}, {"outer_epoch": 94, "inner_epoch": 1, "train_loss": 0.2715225838273764, "grad_norm": 0.4414423704147339, "test_error": 0.59275}, {"outer_epoch": 95, "inner_epoch": 1, "train_loss": 0.26812287862598894, "grad_norm": 0.3704618513584137, "test_error": 0.593}, {"outer_epoch": 96, "inner_epoch": 1, "train_loss": 0.26492699556052685, "grad_norm": 0.7661901712417603, "test_error": 0.5925}, {"outer_epoch": 97, "inner_epoch": 1, "train_loss": 0.2617179692685604, "grad_norm": 0.49589574337005615, "test_error": 0.59225}, {"outer_epoch": 98, "inner_epoch": 1, "train_loss": 0.258611455231905, "grad_norm": 0.3345639705657959, "test_error": 0.593875}, {"outer_epoch": 99, "inner_epoch": 1, "train_loss": 0.2555447785407305, "grad_norm": 0.45570749044418335, "test_error": 0.5915}, {"outer_epoch": 100, "inner_epoch": 1, "train_loss": 0.25285671970248225, "grad_norm": 0.4700150787830353, "test_error": 0.5925}, {"outer_epoch": 101, "inner_epoch": 1, "train_loss": 0.24964956314861775, "grad_norm": 0.6052761077880859, "test_error": 0.592125}, {"outer_epoch": 102, "inner_epoch": 1, "train_loss": 0.24728860832750799, "grad_norm": 0.7434457540512085, "test_error": 0.593}, {"outer_epoch": 103, "inner_epoch": 1, "train_loss": 0.24418048306554557, "grad_norm": 0.6715261936187744, "test_error": 0.59275}, {"outer_epoch": 104, "inner_epoch": 1, "train_loss": 0.24201097998023033, "grad_norm": 0.6037663817405701, "test_error": 0.592875}, {"outer_epoch": 105, "inner_epoch": 1, "train_loss": 0.23960989798605442, "grad_norm": 0.6109878420829773, "test_error": 0.593125}, {"outer_epoch": 106, "inner_epoch": 1, "train_loss": 0.23696238476037979, "grad_norm": 0.6195685267448425, "test_error": 0.594375}, {"outer_epoch": 107, "inner_epoch": 1, "train_loss": 0.23449523113667964, "grad_norm": 0.508905291557312, "test_error": 0.593375}, {"outer_epoch": 108, "inner_epoch": 1, "train_loss": 0.23250866577029228, "grad_norm": 0.31345462799072266, "test_error": 0.593375}, {"outer_epoch": 109, "inner_epoch": 1, "train_loss": 0.22984346525371074, "grad_norm": 0.5594310164451599, "test_error": 0.593625}, {"outer_epoch": 110, "inner_epoch": 1, "train_loss": 0.22794174741208553, "grad_norm": 0.4626900255680084, "test_error": 0.59275}, {"outer_epoch": 111, "inner_epoch": 1, "train_loss": 0.2256715338677168, "grad_norm": 0.36731547117233276, "test_error": 0.595125}, {"outer_epoch": 112, "inner_epoch": 1, "train_loss": 0.22354809591174127, "grad_norm": 0.38613295555114746, "test_error": 0.593}, {"outer_epoch": 113, "inner_epoch": 1, "train_loss": 0.2217649810016155, "grad_norm": 0.3742713928222656, "test_error": 0.595}, {"outer_epoch": 114, "inner_epoch": 1, "train_loss": 0.2195175409913063, "grad_norm": 0.5125731825828552, "test_error": 0.59275}, {"outer_epoch": 115, "inner_epoch": 1, "train_loss": 0.21765511843562127, "grad_norm": 0.3805093765258789, "test_error": 0.59325}, {"outer_epoch": 116, "inner_epoch": 1, "train_loss": 0.21577539844065904, "grad_norm": 0.40504664182662964, "test_error": 0.592875}, {"outer_epoch": 117, "inner_epoch": 1, "train_loss": 0.21397670313715936, "grad_norm": 0.32115936279296875, "test_error": 0.593625}, {"outer_epoch": 118, "inner_epoch": 1, "train_loss": 0.21211371871829032, "grad_norm": 0.36891311407089233, "test_error": 0.594375}, {"outer_epoch": 119, "inner_epoch": 1, "train_loss": 0.21030264073610305, "grad_norm": 0.27719369530677795, "test_error": 0.595}, {"outer_epoch": 120, "inner_epoch": 1, "train_loss": 0.20864050404727458, "grad_norm": 0.3413070738315582, "test_error": 0.5945}, {"outer_epoch": 121, "inner_epoch": 1, "train_loss": 0.20734191372990607, "grad_norm": 0.3962308168411255, "test_error": 0.595}, {"outer_epoch": 122, "inner_epoch": 1, "train_loss": 0.20580531127750873, "grad_norm": 0.3540436029434204, "test_error": 0.5945}, {"outer_epoch": 123, "inner_epoch": 1, "train_loss": 0.2041640514731407, "grad_norm": 0.3890720009803772, "test_error": 0.595375}, {"outer_epoch": 124, "inner_epoch": 1, "train_loss": 0.20265620106458665, "grad_norm": 0.39762794971466064, "test_error": 0.59475}, {"outer_epoch": 125, "inner_epoch": 1, "train_loss": 0.20132619258761406, "grad_norm": 0.33288323879241943, "test_error": 0.594875}, {"outer_epoch": 126, "inner_epoch": 1, "train_loss": 0.19972985166311263, "grad_norm": 0.295315146446228, "test_error": 0.59525}, {"outer_epoch": 127, "inner_epoch": 1, "train_loss": 0.198321245059371, "grad_norm": 0.3277657628059387, "test_error": 0.595375}, {"outer_epoch": 128, "inner_epoch": 1, "train_loss": 0.19713760651648043, "grad_norm": 0.33118361234664917, "test_error": 0.595}, {"outer_epoch": 129, "inner_epoch": 1, "train_loss": 0.19575790232419968, "grad_norm": 0.5309412479400635, "test_error": 0.595}, {"outer_epoch": 130, "inner_epoch": 1, "train_loss": 0.19448962099850178, "grad_norm": 0.375043660402298, "test_error": 0.59475}, {"outer_epoch": 131, "inner_epoch": 1, "train_loss": 0.19327749356627463, "grad_norm": 0.3852551579475403, "test_error": 0.594375}, {"outer_epoch": 132, "inner_epoch": 1, "train_loss": 0.19204882784187793, "grad_norm": 0.41719570755958557, "test_error": 0.595}, {"outer_epoch": 133, "inner_epoch": 1, "train_loss": 0.19076956889033317, "grad_norm": 0.3394615650177002, "test_error": 0.594875}, {"outer_epoch": 134, "inner_epoch": 1, "train_loss": 0.18976643611490726, "grad_norm": 0.3390069603919983, "test_error": 0.593875}, {"outer_epoch": 135, "inner_epoch": 1, "train_loss": 0.18851410126686097, "grad_norm": 0.3503917455673218, "test_error": 0.595}, {"outer_epoch": 136, "inner_epoch": 1, "train_loss": 0.18744263769686223, "grad_norm": 0.3627607822418213, "test_error": 0.595375}, {"outer_epoch": 137, "inner_epoch": 1, "train_loss": 0.1864096759557724, "grad_norm": 0.4091145694255829, "test_error": 0.594875}, {"outer_epoch": 138, "inner_epoch": 1, "train_loss": 0.1852279476672411, "grad_norm": 0.3968772888183594, "test_error": 0.59425}, {"outer_epoch": 139, "inner_epoch": 1, "train_loss": 0.18434307609498501, "grad_norm": 0.32518064975738525, "test_error": 0.59475}, {"outer_epoch": 140, "inner_epoch": 1, "train_loss": 0.1833712413609028, "grad_norm": 0.32677173614501953, "test_error": 0.596875}, {"outer_epoch": 141, "inner_epoch": 1, "train_loss": 0.1824587548673153, "grad_norm": 0.47672274708747864, "test_error": 0.59575}, {"outer_epoch": 142, "inner_epoch": 1, "train_loss": 0.18146311254799366, "grad_norm": 0.3935607075691223, "test_error": 0.596125}, {"outer_epoch": 143, "inner_epoch": 1, "train_loss": 0.18046900872886182, "grad_norm": 0.32842695713043213, "test_error": 0.596}, {"outer_epoch": 144, "inner_epoch": 1, "train_loss": 0.17971341839432717, "grad_norm": 0.3631118834018707, "test_error": 0.594875}, {"outer_epoch": 145, "inner_epoch": 1, "train_loss": 0.17877331852912903, "grad_norm": 0.3697599470615387, "test_error": 0.594625}, {"outer_epoch": 146, "inner_epoch": 1, "train_loss": 0.177593190908432, "grad_norm": 0.30976468324661255, "test_error": 0.595375}, {"outer_epoch": 147, "inner_epoch": 1, "train_loss": 0.17717087602615356, "grad_norm": 0.3703085482120514, "test_error": 0.59575}, {"outer_epoch": 148, "inner_epoch": 1, "train_loss": 0.17602850832045078, "grad_norm": 0.36728373169898987, "test_error": 0.5965}, {"outer_epoch": 149, "inner_epoch": 1, "train_loss": 0.17547832173109054, "grad_norm": 0.2851845324039459, "test_error": 0.595625}, {"outer_epoch": 150, "inner_epoch": 1, "train_loss": 0.17470512522757053, "grad_norm": 0.4966108798980713, "test_error": 0.5955}, {"outer_epoch": 151, "inner_epoch": 1, "train_loss": 0.1737180948406458, "grad_norm": 0.3579350411891937, "test_error": 0.594625}, {"outer_epoch": 152, "inner_epoch": 1, "train_loss": 0.1729273775666952, "grad_norm": 0.5159718990325928, "test_error": 0.59625}, {"outer_epoch": 153, "inner_epoch": 1, "train_loss": 0.1724444421455264, "grad_norm": 0.4843679368495941, "test_error": 0.595}, {"outer_epoch": 154, "inner_epoch": 1, "train_loss": 0.1716644555926323, "grad_norm": 0.4259835481643677, "test_error": 0.595125}, {"outer_epoch": 155, "inner_epoch": 1, "train_loss": 0.171262824639678, "grad_norm": 0.2911112606525421, "test_error": 0.595375}, {"outer_epoch": 156, "inner_epoch": 1, "train_loss": 0.1705126807540655, "grad_norm": 0.3941265344619751, "test_error": 0.59575}, {"outer_epoch": 157, "inner_epoch": 1, "train_loss": 0.16964949292689563, "grad_norm": 0.31972965598106384, "test_error": 0.595875}, {"outer_epoch": 158, "inner_epoch": 1, "train_loss": 0.1691241746097803, "grad_norm": 0.309937059879303, "test_error": 0.595625}, {"outer_epoch": 159, "inner_epoch": 1, "train_loss": 0.16861875851452351, "grad_norm": 0.3473988175392151, "test_error": 0.596}, {"outer_epoch": 160, "inner_epoch": 1, "train_loss": 0.16806804683804513, "grad_norm": 0.32407689094543457, "test_error": 0.5955}, {"outer_epoch": 161, "inner_epoch": 1, "train_loss": 0.16739576897025107, "grad_norm": 0.3963312804698944, "test_error": 0.595625}, {"outer_epoch": 162, "inner_epoch": 1, "train_loss": 0.16685628496110438, "grad_norm": 0.40456536412239075, "test_error": 0.595}, {"outer_epoch": 163, "inner_epoch": 1, "train_loss": 0.1661824945807457, "grad_norm": 0.5653978586196899, "test_error": 0.596125}, {"outer_epoch": 164, "inner_epoch": 1, "train_loss": 0.1656938210874796, "grad_norm": 0.38721656799316406, "test_error": 0.5965}, {"outer_epoch": 165, "inner_epoch": 1, "train_loss": 0.16516144034266472, "grad_norm": 1.0236295461654663, "test_error": 0.5965}, {"outer_epoch": 166, "inner_epoch": 1, "train_loss": 0.16501590502262115, "grad_norm": 0.597741425037384, "test_error": 0.595375}, {"outer_epoch": 167, "inner_epoch": 1, "train_loss": 0.16438607266545296, "grad_norm": 0.695379912853241, "test_error": 0.594875}, {"outer_epoch": 168, "inner_epoch": 1, "train_loss": 0.16391422314196824, "grad_norm": 0.48844894766807556, "test_error": 0.5955}, {"outer_epoch": 169, "inner_epoch": 1, "train_loss": 0.1630762656033039, "grad_norm": 0.6799997091293335, "test_error": 0.59575}, {"outer_epoch": 170, "inner_epoch": 1, "train_loss": 0.16271138542890548, "grad_norm": 0.8800666332244873, "test_error": 0.595125}, {"outer_epoch": 171, "inner_epoch": 1, "train_loss": 0.1622610034942627, "grad_norm": 0.5541597008705139, "test_error": 0.595125}, {"outer_epoch": 172, "inner_epoch": 1, "train_loss": 0.16155749422311783, "grad_norm": 0.33027052879333496, "test_error": 0.594875}, {"outer_epoch": 173, "inner_epoch": 1, "train_loss": 0.1612004772722721, "grad_norm": 0.4225099980831146, "test_error": 0.595875}, {"outer_epoch": 174, "inner_epoch": 1, "train_loss": 0.16076300171017646, "grad_norm": 0.3688350021839142, "test_error": 0.596125}, {"outer_epoch": 175, "inner_epoch": 1, "train_loss": 0.16031258909404278, "grad_norm": 0.658763587474823, "test_error": 0.596}, {"outer_epoch": 176, "inner_epoch": 1, "train_loss": 0.16006829781085252, "grad_norm": 0.7912890315055847, "test_error": 0.596375}, {"outer_epoch": 177, "inner_epoch": 1, "train_loss": 0.15954789604246616, "grad_norm": 0.43450728058815, "test_error": 0.595375}, {"outer_epoch": 178, "inner_epoch": 1, "train_loss": 0.15911813333630562, "grad_norm": 0.3525501489639282, "test_error": 0.59525}, {"outer_epoch": 179, "inner_epoch": 1, "train_loss": 0.1587301076054573, "grad_norm": 0.49350136518478394, "test_error": 0.5965}, {"outer_epoch": 180, "inner_epoch": 1, "train_loss": 0.1582404980510473, "grad_norm": 0.3263901174068451, "test_error": 0.596125}, {"outer_epoch": 181, "inner_epoch": 1, "train_loss": 0.15798642849922181, "grad_norm": 0.34956061840057373, "test_error": 0.59625}, {"outer_epoch": 182, "inner_epoch": 1, "train_loss": 0.15766648702323438, "grad_norm": 0.4123113751411438, "test_error": 0.59575}, {"outer_epoch": 183, "inner_epoch": 1, "train_loss": 0.1571248746663332, "grad_norm": 0.39362433552742004, "test_error": 0.5945}, {"outer_epoch": 184, "inner_epoch": 1, "train_loss": 0.15683035542070867, "grad_norm": 0.39980095624923706, "test_error": 0.595875}, {"outer_epoch": 185, "inner_epoch": 1, "train_loss": 0.15647323434054852, "grad_norm": 0.28620287775993347, "test_error": 0.59525}, {"outer_epoch": 186, "inner_epoch": 1, "train_loss": 0.15628440064191818, "grad_norm": 0.2842625379562378, "test_error": 0.5955}, {"outer_epoch": 187, "inner_epoch": 1, "train_loss": 0.1558836456388235, "grad_norm": 0.3717578649520874, "test_error": 0.595625}, {"outer_epoch": 188, "inner_epoch": 1, "train_loss": 0.1555364171862602, "grad_norm": 0.562527060508728, "test_error": 0.596125}, {"outer_epoch": 189, "inner_epoch": 1, "train_loss": 0.1551342104226351, "grad_norm": 0.39654096961021423, "test_error": 0.595875}, {"outer_epoch": 190, "inner_epoch": 1, "train_loss": 0.15491201812028885, "grad_norm": 0.28957194089889526, "test_error": 0.594625}, {"outer_epoch": 191, "inner_epoch": 1, "train_loss": 0.1547485504001379, "grad_norm": 0.3267345428466797, "test_error": 0.594875}, {"outer_epoch": 192, "inner_epoch": 1, "train_loss": 0.15431404363363982, "grad_norm": 0.28870275616645813, "test_error": 0.595875}, {"outer_epoch": 193, "inner_epoch": 1, "train_loss": 0.15413086557388306, "grad_norm": 0.35410839319229126, "test_error": 0.59575}, {"outer_epoch": 194, "inner_epoch": 1, "train_loss": 0.15386213994026185, "grad_norm": 0.39372697472572327, "test_error": 0.596625}, {"outer_epoch": 195, "inner_epoch": 1, "train_loss": 0.1533149503916502, "grad_norm": 0.434643030166626, "test_error": 0.59625}, {"outer_epoch": 196, "inner_epoch": 1, "train_loss": 0.153183113694191, "grad_norm": 0.4770539402961731, "test_error": 0.595375}, {"outer_epoch": 197, "inner_epoch": 1, "train_loss": 0.15302884458005428, "grad_norm": 0.8440998196601868, "test_error": 0.59675}, {"outer_epoch": 198, "inner_epoch": 1, "train_loss": 0.15288347304612399, "grad_norm": 0.5059477686882019, "test_error": 0.595}, {"outer_epoch": 199, "inner_epoch": 1, "train_loss": 0.15242563640326262, "grad_norm": 0.35529518127441406, "test_error": 0.594625}, {"outer_epoch": 200, "inner_epoch": 1, "train_loss": 0.15195415031909942, "grad_norm": 0.33768486976623535, "test_error": 0.595}, {"outer_epoch": 201, "inner_epoch": 1, "train_loss": 0.1519929979145527, "grad_norm": 0.30653586983680725, "test_error": 0.595875}, {"outer_epoch": 202, "inner_epoch": 1, "train_loss": 0.15164871188253165, "grad_norm": 0.30758559703826904, "test_error": 0.596125}, {"outer_epoch": 203, "inner_epoch": 1, "train_loss": 0.1512230696156621, "grad_norm": 0.3133372664451599, "test_error": 0.595875}, {"outer_epoch": 204, "inner_epoch": 1, "train_loss": 0.15122175467759372, "grad_norm": 0.4133337438106537, "test_error": 0.595125}, {"outer_epoch": 205, "inner_epoch": 1, "train_loss": 0.15089497434347868, "grad_norm": 0.3833398222923279, "test_error": 0.59675}, {"outer_epoch": 206, "inner_epoch": 1, "train_loss": 0.150669391810894, "grad_norm": 0.3847416043281555, "test_error": 0.596125}, {"outer_epoch": 207, "inner_epoch": 1, "train_loss": 0.1506149776428938, "grad_norm": 0.3257029056549072, "test_error": 0.5965}, {"outer_epoch": 208, "inner_epoch": 1, "train_loss": 0.15033843129873276, "grad_norm": 0.29447221755981445, "test_error": 0.595125}, {"outer_epoch": 209, "inner_epoch": 1, "train_loss": 0.1499892141893506, "grad_norm": 0.3042509853839874, "test_error": 0.595875}, {"outer_epoch": 210, "inner_epoch": 1, "train_loss": 0.14987569285929203, "grad_norm": 0.3482741415500641, "test_error": 0.596125}, {"outer_epoch": 211, "inner_epoch": 1, "train_loss": 0.1497039477750659, "grad_norm": 0.5141636729240417, "test_error": 0.59625}, {"outer_epoch": 212, "inner_epoch": 1, "train_loss": 0.14948022194206714, "grad_norm": 0.3919602334499359, "test_error": 0.596125}, {"outer_epoch": 213, "inner_epoch": 1, "train_loss": 0.14922549816966058, "grad_norm": 0.27560684084892273, "test_error": 0.59575}, {"outer_epoch": 214, "inner_epoch": 1, "train_loss": 0.14898995234817267, "grad_norm": 0.2553103268146515, "test_error": 0.596375}, {"outer_epoch": 215, "inner_epoch": 1, "train_loss": 0.14900104380398987, "grad_norm": 0.27289509773254395, "test_error": 0.596}, {"outer_epoch": 216, "inner_epoch": 1, "train_loss": 0.14870058850944043, "grad_norm": 0.3262919485569, "test_error": 0.596875}, {"outer_epoch": 217, "inner_epoch": 1, "train_loss": 0.1486026132851839, "grad_norm": 0.3349200189113617, "test_error": 0.59675}, {"outer_epoch": 218, "inner_epoch": 1, "train_loss": 0.1483926887139678, "grad_norm": 0.23946823179721832, "test_error": 0.59675}, {"outer_epoch": 219, "inner_epoch": 1, "train_loss": 0.14814383128285408, "grad_norm": 0.36908063292503357, "test_error": 0.597375}, {"outer_epoch": 220, "inner_epoch": 1, "train_loss": 0.1479739481061697, "grad_norm": 0.46344321966171265, "test_error": 0.596}, {"outer_epoch": 221, "inner_epoch": 1, "train_loss": 0.1478423197865486, "grad_norm": 0.35533028841018677, "test_error": 0.597}, {"outer_epoch": 222, "inner_epoch": 1, "train_loss": 0.14759945318102838, "grad_norm": 0.3258908689022064, "test_error": 0.59575}, {"outer_epoch": 223, "inner_epoch": 1, "train_loss": 0.1475921889692545, "grad_norm": 0.3915136158466339, "test_error": 0.5965}, {"outer_epoch": 224, "inner_epoch": 1, "train_loss": 0.14746020998060702, "grad_norm": 0.27017831802368164, "test_error": 0.597375}, {"outer_epoch": 225, "inner_epoch": 1, "train_loss": 0.1470365935564041, "grad_norm": 0.27491095662117004, "test_error": 0.596375}, {"outer_epoch": 226, "inner_epoch": 1, "train_loss": 0.14699074740707874, "grad_norm": 0.2860106825828552, "test_error": 0.597125}, {"outer_epoch": 227, "inner_epoch": 1, "train_loss": 0.1467048367857933, "grad_norm": 0.37557774782180786, "test_error": 0.597125}, {"outer_epoch": 228, "inner_epoch": 1, "train_loss": 0.14696358361840248, "grad_norm": 0.4649314284324646, "test_error": 0.59575}, {"outer_epoch": 229, "inner_epoch": 1, "train_loss": 0.1466930642426014, "grad_norm": 0.3307562470436096, "test_error": 0.595375}, {"outer_epoch": 230, "inner_epoch": 1, "train_loss": 0.1464086514413357, "grad_norm": 0.2962915599346161, "test_error": 0.59725}, {"outer_epoch": 231, "inner_epoch": 1, "train_loss": 0.1463333839774132, "grad_norm": 0.34485721588134766, "test_error": 0.596875}, {"outer_epoch": 232, "inner_epoch": 1, "train_loss": 0.14621991863846778, "grad_norm": 0.39157381653785706, "test_error": 0.596125}, {"outer_epoch": 233, "inner_epoch": 1, "train_loss": 0.1461479461491108, "grad_norm": 0.3606177270412445, "test_error": 0.595875}, {"outer_epoch": 234, "inner_epoch": 1, "train_loss": 0.14586832781136036, "grad_norm": 0.34960585832595825, "test_error": 0.595375}, {"outer_epoch": 235, "inner_epoch": 1, "train_loss": 0.14580155402421952, "grad_norm": 0.2960093021392822, "test_error": 0.596375}, {"outer_epoch": 236, "inner_epoch": 1, "train_loss": 0.14566745472699405, "grad_norm": 0.3748912215232849, "test_error": 0.5975}, {"outer_epoch": 237, "inner_epoch": 1, "train_loss": 0.14559451450407504, "grad_norm": 0.28598880767822266, "test_error": 0.595875}, {"outer_epoch": 238, "inner_epoch": 1, "train_loss": 0.14537010018527508, "grad_norm": 0.2639288008213043, "test_error": 0.59725}, {"outer_epoch": 239, "inner_epoch": 1, "train_loss": 0.14525729155540465, "grad_norm": 0.5577424764633179, "test_error": 0.5975}, {"outer_epoch": 240, "inner_epoch": 1, "train_loss": 0.14520448052883148, "grad_norm": 0.3287223279476166, "test_error": 0.596375}, {"outer_epoch": 241, "inner_epoch": 1, "train_loss": 0.14501015405356885, "grad_norm": 0.33656343817710876, "test_error": 0.5975}, {"outer_epoch": 242, "inner_epoch": 1, "train_loss": 0.14492951814830304, "grad_norm": 0.32321304082870483, "test_error": 0.597}, {"outer_epoch": 243, "inner_epoch": 1, "train_loss": 0.14472940073907375, "grad_norm": 0.32277923822402954, "test_error": 0.59775}, {"outer_epoch": 244, "inner_epoch": 1, "train_loss": 0.1447467431128025, "grad_norm": 0.27354496717453003, "test_error": 0.597375}, {"outer_epoch": 245, "inner_epoch": 1, "train_loss": 0.14459839464724064, "grad_norm": 0.2724364101886749, "test_error": 0.5965}, {"outer_epoch": 246, "inner_epoch": 1, "train_loss": 0.1445325722247362, "grad_norm": 0.2835196852684021, "test_error": 0.597}, {"outer_epoch": 247, "inner_epoch": 1, "train_loss": 0.14424287810921668, "grad_norm": 0.3545028567314148, "test_error": 0.597}, {"outer_epoch": 248, "inner_epoch": 1, "train_loss": 0.14418280318379403, "grad_norm": 0.3389010727405548, "test_error": 0.5965}, {"outer_epoch": 249, "inner_epoch": 1, "train_loss": 0.1441676931232214, "grad_norm": 0.4814502000808716, "test_error": 0.596375}, {"outer_epoch": 250, "inner_epoch": 1, "train_loss": 0.14415117634832858, "grad_norm": 0.25369301438331604, "test_error": 0.596625}]}