{"argv": ["train.py", "--seed", "77", "--optimizer", "SVRG", "--run_name", "svrg_0.01.json", "--output_path", "experiments/nonconvex_stl10/svrg-0.01.json", "--dataset", "STL10", "--layer_sizes", "27648", "100", "10", "--batch_size", "10", "--learning_rate", "0.01", "--weight_decay", "0.01", "--warmup_learning_rate", "0.001", "--num_warmup_epochs", "20", "--num_outer_epochs", "250", "--num_inner_epochs", "1", "--device", "cuda"], "args": {"seed": 77, "optimizer": "SVRG", "run_name": "svrg_0.01.json", "output_path": "experiments/nonconvex_stl10/svrg-0.01.json", "device": "cuda", "dataset": "STL10", "dataset_root": "~/datasets/pytorch", "dataset_size": null, "download": false, "layer_sizes": [27648, 100, 10], "batch_size": 10, "test_batch_size": 256, "learning_rate": 0.01, "weight_decay": 0.01, "warmup_learning_rate": 0.001, "num_warmup_epochs": 20, "num_outer_epochs": 250, "num_inner_epochs": 1, "inner_epoch_fraction": null, "choose_random_iterate": false, "num_epochs": 10}, "metrics": [{"warmup_epoch": 1, "train_loss": 2.1348800573349, "grad_norm": 1.8805115222930908, "test_error": 0.733125}, {"warmup_epoch": 2, "train_loss": 1.952679219007492, "grad_norm": 1.3904025554656982, "test_error": 0.68525}, {"warmup_epoch": 3, "train_loss": 1.880379913330078, "grad_norm": 1.9659830331802368, "test_error": 0.678375}, {"warmup_epoch": 4, "train_loss": 1.835884770154953, "grad_norm": 1.6122037172317505, "test_error": 0.661625}, {"warmup_epoch": 5, "train_loss": 1.8045151345729828, "grad_norm": 1.6934443712234497, "test_error": 0.658875}, {"warmup_epoch": 6, "train_loss": 1.778914482831955, "grad_norm": 3.7849440574645996, "test_error": 0.67725}, {"warmup_epoch": 7, "train_loss": 1.7538169412612914, "grad_norm": 2.62298321723938, "test_error": 0.659375}, {"warmup_epoch": 8, "train_loss": 1.7306526463031768, "grad_norm": 2.4293901920318604, "test_error": 0.662125}, {"warmup_epoch": 9, "train_loss": 1.7082515306472779, "grad_norm": 2.8963584899902344, "test_error": 0.653375}, {"warmup_epoch": 10, "train_loss": 1.6863615746498108, "grad_norm": 4.028270244598389, "test_error": 0.646125}, {"warmup_epoch": 11, "train_loss": 1.66167369556427, "grad_norm": 3.1208910942077637, "test_error": 0.645}, {"warmup_epoch": 12, "train_loss": 1.6443801749944686, "grad_norm": 1.2179313898086548, "test_error": 0.620875}, {"warmup_epoch": 13, "train_loss": 1.618789933204651, "grad_norm": 2.593471050262451, "test_error": 0.646125}, {"warmup_epoch": 14, "train_loss": 1.5979233669042587, "grad_norm": 1.743858814239502, "test_error": 0.6295}, {"warmup_epoch": 15, "train_loss": 1.5805437738895416, "grad_norm": 3.6566174030303955, "test_error": 0.648875}, {"warmup_epoch": 16, "train_loss": 1.561762242794037, "grad_norm": 2.7268295288085938, "test_error": 0.63125}, {"warmup_epoch": 17, "train_loss": 1.5389812490940094, "grad_norm": 2.4517672061920166, "test_error": 0.62575}, {"warmup_epoch": 18, "train_loss": 1.5221547589302062, "grad_norm": 1.9178624153137207, "test_error": 0.622125}, {"warmup_epoch": 19, "train_loss": 1.5059223752021789, "grad_norm": 2.3122904300689697, "test_error": 0.616125}, {"warmup_epoch": 20, "train_loss": 1.4843166764974594, "grad_norm": 3.172278642654419, "test_error": 0.615125}, {"outer_epoch": 1, "inner_epoch": 1, "train_loss": 1.5885000386238097, "grad_norm": 2.218207597732544, "test_error": 0.621125}, {"outer_epoch": 2, "inner_epoch": 1, "train_loss": 1.5049643429517745, "grad_norm": 3.181386947631836, "test_error": 0.614}, {"outer_epoch": 3, "inner_epoch": 1, "train_loss": 1.4795845437049866, "grad_norm": 8.279735565185547, "test_error": 0.659125}, {"outer_epoch": 4, "inner_epoch": 1, "train_loss": 1.490830102443695, "grad_norm": 9.735980033874512, "test_error": 0.699375}, {"outer_epoch": 5, "inner_epoch": 1, "train_loss": 1.5875605801343917, "grad_norm": 4.491890907287598, "test_error": 0.66}, {"outer_epoch": 6, "inner_epoch": 1, "train_loss": 1.4531094648838043, "grad_norm": 3.338348388671875, "test_error": 0.610625}, {"outer_epoch": 7, "inner_epoch": 1, "train_loss": 1.3430476803779603, "grad_norm": 4.007768154144287, "test_error": 0.61875}, {"outer_epoch": 8, "inner_epoch": 1, "train_loss": 1.3106810950040817, "grad_norm": 7.2570929527282715, "test_error": 0.629875}, {"outer_epoch": 9, "inner_epoch": 1, "train_loss": 1.383427954852581, "grad_norm": 5.827885150909424, "test_error": 0.64325}, {"outer_epoch": 10, "inner_epoch": 1, "train_loss": 1.4146083887815475, "grad_norm": 7.058002948760986, "test_error": 0.66075}, {"outer_epoch": 11, "inner_epoch": 1, "train_loss": 1.4166942160129548, "grad_norm": 7.987939834594727, "test_error": 0.696625}, {"outer_epoch": 12, "inner_epoch": 1, "train_loss": 1.4554352962970734, "grad_norm": 3.340329170227051, "test_error": 0.616625}, {"outer_epoch": 13, "inner_epoch": 1, "train_loss": 1.2770426893234252, "grad_norm": 5.054937839508057, "test_error": 0.623625}, {"outer_epoch": 14, "inner_epoch": 1, "train_loss": 1.3019496811032296, "grad_norm": 11.5153226852417, "test_error": 0.712625}, {"outer_epoch": 15, "inner_epoch": 1, "train_loss": 1.48643106341362, "grad_norm": 3.6187398433685303, "test_error": 0.650125}, {"outer_epoch": 16, "inner_epoch": 1, "train_loss": 1.3497411295175552, "grad_norm": 2.5893356800079346, "test_error": 0.62075}, {"outer_epoch": 17, "inner_epoch": 1, "train_loss": 1.2193390536308288, "grad_norm": 4.161594867706299, "test_error": 0.62975}, {"outer_epoch": 18, "inner_epoch": 1, "train_loss": 1.2626438710689545, "grad_norm": 9.561665534973145, "test_error": 0.681625}, {"outer_epoch": 19, "inner_epoch": 1, "train_loss": 1.3117256425619126, "grad_norm": 4.821666717529297, "test_error": 0.6515}, {"outer_epoch": 20, "inner_epoch": 1, "train_loss": 1.2827051651477814, "grad_norm": 5.715244293212891, "test_error": 0.654875}, {"outer_epoch": 21, "inner_epoch": 1, "train_loss": 1.2273244867920876, "grad_norm": 8.092909812927246, "test_error": 0.684875}, {"outer_epoch": 22, "inner_epoch": 1, "train_loss": 1.4179282587766648, "grad_norm": 3.641047954559326, "test_error": 0.651125}, {"outer_epoch": 23, "inner_epoch": 1, "train_loss": 1.2756393530368806, "grad_norm": 2.5796468257904053, "test_error": 0.619375}, {"outer_epoch": 24, "inner_epoch": 1, "train_loss": 1.2240235036611558, "grad_norm": 4.566294193267822, "test_error": 0.64075}, {"outer_epoch": 25, "inner_epoch": 1, "train_loss": 1.2525058509111404, "grad_norm": 6.086917877197266, "test_error": 0.649125}, {"outer_epoch": 26, "inner_epoch": 1, "train_loss": 1.2284901529550551, "grad_norm": 4.070603370666504, "test_error": 0.62725}, {"outer_epoch": 27, "inner_epoch": 1, "train_loss": 1.2466216092705726, "grad_norm": 9.002835273742676, "test_error": 0.679125}, {"outer_epoch": 28, "inner_epoch": 1, "train_loss": 1.30806466704607, "grad_norm": 6.580013275146484, "test_error": 0.6595}, {"outer_epoch": 29, "inner_epoch": 1, "train_loss": 1.3519285501241685, "grad_norm": 10.478135108947754, "test_error": 0.680125}, {"outer_epoch": 30, "inner_epoch": 1, "train_loss": 1.4420864051580429, "grad_norm": 3.538132429122925, "test_error": 0.65875}, {"outer_epoch": 31, "inner_epoch": 1, "train_loss": 1.3132285850048064, "grad_norm": 7.10557746887207, "test_error": 0.665}, {"outer_epoch": 32, "inner_epoch": 1, "train_loss": 1.3104582438468932, "grad_norm": 3.8812406063079834, "test_error": 0.640625}, {"outer_epoch": 33, "inner_epoch": 1, "train_loss": 1.3128159610629082, "grad_norm": 3.4751715660095215, "test_error": 0.642875}, {"outer_epoch": 34, "inner_epoch": 1, "train_loss": 1.2928364325761794, "grad_norm": 10.235968589782715, "test_error": 0.686}, {"outer_epoch": 35, "inner_epoch": 1, "train_loss": 1.3796455564498902, "grad_norm": 9.31358814239502, "test_error": 0.69975}, {"outer_epoch": 36, "inner_epoch": 1, "train_loss": 1.3408984890580178, "grad_norm": 3.682270050048828, "test_error": 0.6445}, {"outer_epoch": 37, "inner_epoch": 1, "train_loss": 1.221423702597618, "grad_norm": 5.113893032073975, "test_error": 0.679625}, {"outer_epoch": 38, "inner_epoch": 1, "train_loss": 1.3494983048439027, "grad_norm": 5.316160678863525, "test_error": 0.668875}, {"outer_epoch": 39, "inner_epoch": 1, "train_loss": 1.3099139930009842, "grad_norm": 4.629058361053467, "test_error": 0.641}, {"outer_epoch": 40, "inner_epoch": 1, "train_loss": 1.2784283291101455, "grad_norm": 4.287863731384277, "test_error": 0.645375}, {"outer_epoch": 41, "inner_epoch": 1, "train_loss": 1.2290224381685257, "grad_norm": 2.724053382873535, "test_error": 0.624125}, {"outer_epoch": 42, "inner_epoch": 1, "train_loss": 1.201166297018528, "grad_norm": 6.505561828613281, "test_error": 0.641875}, {"outer_epoch": 43, "inner_epoch": 1, "train_loss": 1.2354977369904518, "grad_norm": 7.3982038497924805, "test_error": 0.66725}, {"outer_epoch": 44, "inner_epoch": 1, "train_loss": 1.3752538373470307, "grad_norm": 9.458970069885254, "test_error": 0.665625}, {"outer_epoch": 45, "inner_epoch": 1, "train_loss": 1.3454629989266396, "grad_norm": 6.8395209312438965, "test_error": 0.652875}, {"outer_epoch": 46, "inner_epoch": 1, "train_loss": 1.224262938797474, "grad_norm": 19.131956100463867, "test_error": 0.728125}, {"outer_epoch": 47, "inner_epoch": 1, "train_loss": 1.5056482886075973, "grad_norm": 8.935169219970703, "test_error": 0.692125}, {"outer_epoch": 48, "inner_epoch": 1, "train_loss": 1.4156860214471818, "grad_norm": 5.20632791519165, "test_error": 0.675125}, {"outer_epoch": 49, "inner_epoch": 1, "train_loss": 1.3353821696043016, "grad_norm": 3.424020767211914, "test_error": 0.642125}, {"outer_epoch": 50, "inner_epoch": 1, "train_loss": 1.2568992263078689, "grad_norm": 3.8247406482696533, "test_error": 0.6295}, {"outer_epoch": 51, "inner_epoch": 1, "train_loss": 1.2992035324573517, "grad_norm": 3.6336894035339355, "test_error": 0.658625}, {"outer_epoch": 52, "inner_epoch": 1, "train_loss": 1.4148207290172576, "grad_norm": 2.8600871562957764, "test_error": 0.65225}, {"outer_epoch": 53, "inner_epoch": 1, "train_loss": 1.2693315229415894, "grad_norm": 4.0232367515563965, "test_error": 0.623625}, {"outer_epoch": 54, "inner_epoch": 1, "train_loss": 1.2752204104661942, "grad_norm": 4.947612762451172, "test_error": 0.6425}, {"outer_epoch": 55, "inner_epoch": 1, "train_loss": 1.2316741026043891, "grad_norm": 4.512269020080566, "test_error": 0.63225}, {"outer_epoch": 56, "inner_epoch": 1, "train_loss": 1.2144857138395309, "grad_norm": 6.211004734039307, "test_error": 0.637125}, {"outer_epoch": 57, "inner_epoch": 1, "train_loss": 1.372824124097824, "grad_norm": 2.928229331970215, "test_error": 0.648125}, {"outer_epoch": 58, "inner_epoch": 1, "train_loss": 1.3578132746219636, "grad_norm": 4.282562732696533, "test_error": 0.663375}, {"outer_epoch": 59, "inner_epoch": 1, "train_loss": 1.368064784526825, "grad_norm": 3.5664255619049072, "test_error": 0.658}, {"outer_epoch": 60, "inner_epoch": 1, "train_loss": 1.3130142056941987, "grad_norm": 3.0566463470458984, "test_error": 0.638625}, {"outer_epoch": 61, "inner_epoch": 1, "train_loss": 1.3068135989904404, "grad_norm": 4.115657806396484, "test_error": 0.65175}, {"outer_epoch": 62, "inner_epoch": 1, "train_loss": 1.314197898864746, "grad_norm": 6.809396266937256, "test_error": 0.64025}, {"outer_epoch": 63, "inner_epoch": 1, "train_loss": 1.3730614522695541, "grad_norm": 3.3604013919830322, "test_error": 0.64675}, {"outer_epoch": 64, "inner_epoch": 1, "train_loss": 1.2871407282948495, "grad_norm": 5.283540725708008, "test_error": 0.633125}, {"outer_epoch": 65, "inner_epoch": 1, "train_loss": 1.3094968529343605, "grad_norm": 4.026708126068115, "test_error": 0.632375}, {"outer_epoch": 66, "inner_epoch": 1, "train_loss": 1.2329564920663834, "grad_norm": 8.105546951293945, "test_error": 0.662375}, {"outer_epoch": 67, "inner_epoch": 1, "train_loss": 1.339081614434719, "grad_norm": 5.2667927742004395, "test_error": 0.643375}, {"outer_epoch": 68, "inner_epoch": 1, "train_loss": 1.1975518891215324, "grad_norm": 4.788918972015381, "test_error": 0.659125}, {"outer_epoch": 69, "inner_epoch": 1, "train_loss": 1.3484365993738174, "grad_norm": 4.0454535484313965, "test_error": 0.645875}, {"outer_epoch": 70, "inner_epoch": 1, "train_loss": 1.2538533200621604, "grad_norm": 5.718687057495117, "test_error": 0.67675}, {"outer_epoch": 71, "inner_epoch": 1, "train_loss": 1.3759766496419907, "grad_norm": 9.917731285095215, "test_error": 0.707}, {"outer_epoch": 72, "inner_epoch": 1, "train_loss": 1.482195972919464, "grad_norm": 5.0422868728637695, "test_error": 0.6665}, {"outer_epoch": 73, "inner_epoch": 1, "train_loss": 1.3284377175569535, "grad_norm": 8.210951805114746, "test_error": 0.692875}, {"outer_epoch": 74, "inner_epoch": 1, "train_loss": 1.3836910475492477, "grad_norm": 8.086624145507812, "test_error": 0.6925}, {"outer_epoch": 75, "inner_epoch": 1, "train_loss": 1.3859325097799302, "grad_norm": 12.009415626525879, "test_error": 0.726625}, {"outer_epoch": 76, "inner_epoch": 1, "train_loss": 1.584366195678711, "grad_norm": 2.8244452476501465, "test_error": 0.69325}, {"outer_epoch": 77, "inner_epoch": 1, "train_loss": 1.5326946978569032, "grad_norm": 3.559027671813965, "test_error": 0.70025}, {"outer_epoch": 78, "inner_epoch": 1, "train_loss": 1.4825450742244721, "grad_norm": 5.706464767456055, "test_error": 0.69475}, {"outer_epoch": 79, "inner_epoch": 1, "train_loss": 1.5051867121458054, "grad_norm": 7.830634117126465, "test_error": 0.704375}, {"outer_epoch": 80, "inner_epoch": 1, "train_loss": 1.5853483279943466, "grad_norm": 2.2416434288024902, "test_error": 0.681375}, {"outer_epoch": 81, "inner_epoch": 1, "train_loss": 1.428199055671692, "grad_norm": 3.6906352043151855, "test_error": 0.65675}, {"outer_epoch": 82, "inner_epoch": 1, "train_loss": 1.466193897485733, "grad_norm": 5.799197196960449, "test_error": 0.6585}, {"outer_epoch": 83, "inner_epoch": 1, "train_loss": 1.476567949771881, "grad_norm": 4.866932392120361, "test_error": 0.65825}, {"outer_epoch": 84, "inner_epoch": 1, "train_loss": 1.4598854327201842, "grad_norm": 6.7152299880981445, "test_error": 0.687625}, {"outer_epoch": 85, "inner_epoch": 1, "train_loss": 1.5786967049837113, "grad_norm": 4.559439182281494, "test_error": 0.704125}, {"outer_epoch": 86, "inner_epoch": 1, "train_loss": 1.5265508714914322, "grad_norm": 7.699052333831787, "test_error": 0.7225}, {"outer_epoch": 87, "inner_epoch": 1, "train_loss": 1.4973656270503999, "grad_norm": 2.0256564617156982, "test_error": 0.643625}, {"outer_epoch": 88, "inner_epoch": 1, "train_loss": 1.3748246176242829, "grad_norm": 2.0791854858398438, "test_error": 0.63875}, {"outer_epoch": 89, "inner_epoch": 1, "train_loss": 1.3391795789003371, "grad_norm": 3.425140619277954, "test_error": 0.646875}, {"outer_epoch": 90, "inner_epoch": 1, "train_loss": 1.4200616785287856, "grad_norm": 2.595093250274658, "test_error": 0.634625}, {"outer_epoch": 91, "inner_epoch": 1, "train_loss": 1.3989838042259217, "grad_norm": 5.143466949462891, "test_error": 0.68075}, {"outer_epoch": 92, "inner_epoch": 1, "train_loss": 1.4976813570261, "grad_norm": 4.624907970428467, "test_error": 0.68025}, {"outer_epoch": 93, "inner_epoch": 1, "train_loss": 1.5773988234996796, "grad_norm": 1.9144374132156372, "test_error": 0.667625}, {"outer_epoch": 94, "inner_epoch": 1, "train_loss": 1.4481281415224074, "grad_norm": 2.5442163944244385, "test_error": 0.656625}, {"outer_epoch": 95, "inner_epoch": 1, "train_loss": 1.461082556128502, "grad_norm": 2.3155455589294434, "test_error": 0.68125}, {"outer_epoch": 96, "inner_epoch": 1, "train_loss": 1.4535865190029145, "grad_norm": 19.190441131591797, "test_error": 0.77675}, {"outer_epoch": 97, "inner_epoch": 1, "train_loss": 1.6957907199859619, "grad_norm": 3.2153162956237793, "test_error": 0.711125}, {"outer_epoch": 98, "inner_epoch": 1, "train_loss": 1.5073662008047104, "grad_norm": 6.403008937835693, "test_error": 0.68375}, {"outer_epoch": 99, "inner_epoch": 1, "train_loss": 1.605433462023735, "grad_norm": 9.366621017456055, "test_error": 0.755375}, {"outer_epoch": 100, "inner_epoch": 1, "train_loss": 1.6419088979959489, "grad_norm": 3.595388174057007, "test_error": 0.6795}, {"outer_epoch": 101, "inner_epoch": 1, "train_loss": 1.497988601565361, "grad_norm": 5.803111553192139, "test_error": 0.7215}, {"outer_epoch": 102, "inner_epoch": 1, "train_loss": 1.5479525566101073, "grad_norm": 3.4625985622406006, "test_error": 0.681125}, {"outer_epoch": 103, "inner_epoch": 1, "train_loss": 1.4761825859546662, "grad_norm": 4.524420738220215, "test_error": 0.6645}, {"outer_epoch": 104, "inner_epoch": 1, "train_loss": 1.5913746575117111, "grad_norm": 7.6400980949401855, "test_error": 0.71675}, {"outer_epoch": 105, "inner_epoch": 1, "train_loss": 1.5618869732618332, "grad_norm": 2.6647026538848877, "test_error": 0.6585}, {"outer_epoch": 106, "inner_epoch": 1, "train_loss": 1.4887645239830016, "grad_norm": 6.361495018005371, "test_error": 0.691625}, {"outer_epoch": 107, "inner_epoch": 1, "train_loss": 1.5065534039735795, "grad_norm": 8.614992141723633, "test_error": 0.719125}, {"outer_epoch": 108, "inner_epoch": 1, "train_loss": 1.5366517845392227, "grad_norm": 4.975013256072998, "test_error": 0.680625}, {"outer_epoch": 109, "inner_epoch": 1, "train_loss": 1.4017223516702653, "grad_norm": 6.735253810882568, "test_error": 0.6745}, {"outer_epoch": 110, "inner_epoch": 1, "train_loss": 1.518616118311882, "grad_norm": 4.176764965057373, "test_error": 0.669875}, {"outer_epoch": 111, "inner_epoch": 1, "train_loss": 1.4375631048679351, "grad_norm": 1.8569374084472656, "test_error": 0.65825}, {"outer_epoch": 112, "inner_epoch": 1, "train_loss": 1.4760419820547104, "grad_norm": 5.647684097290039, "test_error": 0.75925}, {"outer_epoch": 113, "inner_epoch": 1, "train_loss": 1.6226240594387054, "grad_norm": 4.896312236785889, "test_error": 0.736375}, {"outer_epoch": 114, "inner_epoch": 1, "train_loss": 1.550755200624466, "grad_norm": 2.754481554031372, "test_error": 0.69125}, {"outer_epoch": 115, "inner_epoch": 1, "train_loss": 1.5593218021392823, "grad_norm": 2.402111053466797, "test_error": 0.673875}, {"outer_epoch": 116, "inner_epoch": 1, "train_loss": 1.522388887643814, "grad_norm": 5.6859450340271, "test_error": 0.714625}, {"outer_epoch": 117, "inner_epoch": 1, "train_loss": 1.6229843176603318, "grad_norm": 3.4227559566497803, "test_error": 0.6945}, {"outer_epoch": 118, "inner_epoch": 1, "train_loss": 1.5390647954940795, "grad_norm": 10.357597351074219, "test_error": 0.766875}, {"outer_epoch": 119, "inner_epoch": 1, "train_loss": 1.624063274025917, "grad_norm": 5.382840156555176, "test_error": 0.751125}, {"outer_epoch": 120, "inner_epoch": 1, "train_loss": 1.5750558539628983, "grad_norm": 3.19610595703125, "test_error": 0.69675}, {"outer_epoch": 121, "inner_epoch": 1, "train_loss": 1.5297784200906754, "grad_norm": 3.025264263153076, "test_error": 0.7145}, {"outer_epoch": 122, "inner_epoch": 1, "train_loss": 1.5494589755535126, "grad_norm": 3.499114990234375, "test_error": 0.68825}, {"outer_epoch": 123, "inner_epoch": 1, "train_loss": 1.4805207358598709, "grad_norm": 4.565829753875732, "test_error": 0.69775}, {"outer_epoch": 124, "inner_epoch": 1, "train_loss": 1.5163842347860337, "grad_norm": 8.114755630493164, "test_error": 0.706875}, {"outer_epoch": 125, "inner_epoch": 1, "train_loss": 1.5454746761322022, "grad_norm": 3.5333709716796875, "test_error": 0.692875}, {"outer_epoch": 126, "inner_epoch": 1, "train_loss": 1.554160351395607, "grad_norm": 4.859806060791016, "test_error": 0.709125}, {"outer_epoch": 127, "inner_epoch": 1, "train_loss": 1.6080826559066772, "grad_norm": 6.669533729553223, "test_error": 0.711}, {"outer_epoch": 128, "inner_epoch": 1, "train_loss": 1.7240709406137467, "grad_norm": 3.2151310443878174, "test_error": 0.729125}, {"outer_epoch": 129, "inner_epoch": 1, "train_loss": 1.6391823406219483, "grad_norm": 11.2474365234375, "test_error": 0.732125}, {"outer_epoch": 130, "inner_epoch": 1, "train_loss": 1.7521387374401092, "grad_norm": 1.8761550188064575, "test_error": 0.705375}, {"outer_epoch": 131, "inner_epoch": 1, "train_loss": 1.6391355504989624, "grad_norm": 2.0745532512664795, "test_error": 0.70275}, {"outer_epoch": 132, "inner_epoch": 1, "train_loss": 1.6256960866451264, "grad_norm": 3.973841428756714, "test_error": 0.701875}, {"outer_epoch": 133, "inner_epoch": 1, "train_loss": 1.6994522362947464, "grad_norm": 9.653584480285645, "test_error": 0.76975}, {"outer_epoch": 134, "inner_epoch": 1, "train_loss": 1.768107674598694, "grad_norm": 4.9610276222229, "test_error": 0.715375}, {"outer_epoch": 135, "inner_epoch": 1, "train_loss": 1.665589424610138, "grad_norm": 1.4865076541900635, "test_error": 0.701875}, {"outer_epoch": 136, "inner_epoch": 1, "train_loss": 1.5830660368204117, "grad_norm": 2.4005126953125, "test_error": 0.689}, {"outer_epoch": 137, "inner_epoch": 1, "train_loss": 1.5735316059589386, "grad_norm": 1.9770764112472534, "test_error": 0.68175}, {"outer_epoch": 138, "inner_epoch": 1, "train_loss": 1.5490426733493805, "grad_norm": 4.787356376647949, "test_error": 0.689375}, {"outer_epoch": 139, "inner_epoch": 1, "train_loss": 1.6219184268712998, "grad_norm": 1.855297565460205, "test_error": 0.677125}, {"outer_epoch": 140, "inner_epoch": 1, "train_loss": 1.5585310806035995, "grad_norm": 1.7003846168518066, "test_error": 0.67675}, {"outer_epoch": 141, "inner_epoch": 1, "train_loss": 1.5556957182884217, "grad_norm": 2.8196170330047607, "test_error": 0.67675}, {"outer_epoch": 142, "inner_epoch": 1, "train_loss": 1.5616354867219926, "grad_norm": 7.816291332244873, "test_error": 0.67575}, {"outer_epoch": 143, "inner_epoch": 1, "train_loss": 1.710927927851677, "grad_norm": 10.280237197875977, "test_error": 0.7865}, {"outer_epoch": 144, "inner_epoch": 1, "train_loss": 1.8039073326587678, "grad_norm": 3.2736527919769287, "test_error": 0.7205}, {"outer_epoch": 145, "inner_epoch": 1, "train_loss": 1.6301362519264222, "grad_norm": 5.854562759399414, "test_error": 0.720625}, {"outer_epoch": 146, "inner_epoch": 1, "train_loss": 1.6205661717653275, "grad_norm": 2.4932236671447754, "test_error": 0.687}, {"outer_epoch": 147, "inner_epoch": 1, "train_loss": 1.6158500069379806, "grad_norm": 1.6861642599105835, "test_error": 0.689}, {"outer_epoch": 148, "inner_epoch": 1, "train_loss": 1.6041848630905151, "grad_norm": 2.6822896003723145, "test_error": 0.709625}, {"outer_epoch": 149, "inner_epoch": 1, "train_loss": 1.635485718727112, "grad_norm": 3.5108249187469482, "test_error": 0.68875}, {"outer_epoch": 150, "inner_epoch": 1, "train_loss": 1.7742604713439942, "grad_norm": 3.541191339492798, "test_error": 0.685}, {"outer_epoch": 151, "inner_epoch": 1, "train_loss": 1.7138854830265045, "grad_norm": 4.969285011291504, "test_error": 0.748}, {"outer_epoch": 152, "inner_epoch": 1, "train_loss": 1.7660923018455505, "grad_norm": 1.6316423416137695, "test_error": 0.714375}, {"outer_epoch": 153, "inner_epoch": 1, "train_loss": 1.732095484972, "grad_norm": 4.687782287597656, "test_error": 0.73125}, {"outer_epoch": 154, "inner_epoch": 1, "train_loss": 1.7380718858242035, "grad_norm": 2.6153836250305176, "test_error": 0.723875}, {"outer_epoch": 155, "inner_epoch": 1, "train_loss": 1.7118250955343246, "grad_norm": 3.8844594955444336, "test_error": 0.788625}, {"outer_epoch": 156, "inner_epoch": 1, "train_loss": 1.7785524950027465, "grad_norm": 2.6550440788269043, "test_error": 0.725}, {"outer_epoch": 157, "inner_epoch": 1, "train_loss": 1.7085975565910339, "grad_norm": 6.038791179656982, "test_error": 0.73075}, {"outer_epoch": 158, "inner_epoch": 1, "train_loss": 1.7389384921789168, "grad_norm": 8.974893569946289, "test_error": 0.76525}, {"outer_epoch": 159, "inner_epoch": 1, "train_loss": 1.7328471806049346, "grad_norm": 1.5401127338409424, "test_error": 0.702125}, {"outer_epoch": 160, "inner_epoch": 1, "train_loss": 1.684062577366829, "grad_norm": 3.3108181953430176, "test_error": 0.71975}, {"outer_epoch": 161, "inner_epoch": 1, "train_loss": 1.730227679014206, "grad_norm": 1.591140627861023, "test_error": 0.721875}, {"outer_epoch": 162, "inner_epoch": 1, "train_loss": 1.693070289492607, "grad_norm": 9.384777069091797, "test_error": 0.77175}, {"outer_epoch": 163, "inner_epoch": 1, "train_loss": 1.764818837404251, "grad_norm": 2.196700096130371, "test_error": 0.71825}, {"outer_epoch": 164, "inner_epoch": 1, "train_loss": 1.691741951227188, "grad_norm": 2.626871109008789, "test_error": 0.7115}, {"outer_epoch": 165, "inner_epoch": 1, "train_loss": 1.6682867637872696, "grad_norm": 2.4383544921875, "test_error": 0.699125}, {"outer_epoch": 166, "inner_epoch": 1, "train_loss": 1.6752104868888855, "grad_norm": 4.363944053649902, "test_error": 0.702625}, {"outer_epoch": 167, "inner_epoch": 1, "train_loss": 1.76437264752388, "grad_norm": 3.5776727199554443, "test_error": 0.711625}, {"outer_epoch": 168, "inner_epoch": 1, "train_loss": 1.6820720058679581, "grad_norm": 1.9177659749984741, "test_error": 0.70975}, {"outer_epoch": 169, "inner_epoch": 1, "train_loss": 1.7670770089626313, "grad_norm": 8.783180236816406, "test_error": 0.777875}, {"outer_epoch": 170, "inner_epoch": 1, "train_loss": 1.8900692055225372, "grad_norm": 2.576921224594116, "test_error": 0.705}, {"outer_epoch": 171, "inner_epoch": 1, "train_loss": 1.6734862639904022, "grad_norm": 1.255336046218872, "test_error": 0.696875}, {"outer_epoch": 172, "inner_epoch": 1, "train_loss": 1.6634495123624802, "grad_norm": 1.880019187927246, "test_error": 0.69975}, {"outer_epoch": 173, "inner_epoch": 1, "train_loss": 1.6854916784763336, "grad_norm": 7.8192267417907715, "test_error": 0.745375}, {"outer_epoch": 174, "inner_epoch": 1, "train_loss": 1.7571402894258499, "grad_norm": 1.914778232574463, "test_error": 0.737125}, {"outer_epoch": 175, "inner_epoch": 1, "train_loss": 1.746199362039566, "grad_norm": 5.2788262367248535, "test_error": 0.750875}, {"outer_epoch": 176, "inner_epoch": 1, "train_loss": 1.7771477735042571, "grad_norm": 2.4866461753845215, "test_error": 0.744875}, {"outer_epoch": 177, "inner_epoch": 1, "train_loss": 1.7579458825588226, "grad_norm": 2.2647759914398193, "test_error": 0.733625}, {"outer_epoch": 178, "inner_epoch": 1, "train_loss": 1.7493489722013473, "grad_norm": 3.3782761096954346, "test_error": 0.742}, {"outer_epoch": 179, "inner_epoch": 1, "train_loss": 1.7524958243370057, "grad_norm": 3.0674362182617188, "test_error": 0.736625}, {"outer_epoch": 180, "inner_epoch": 1, "train_loss": 1.7562813692092896, "grad_norm": 4.34399938583374, "test_error": 0.748625}, {"outer_epoch": 181, "inner_epoch": 1, "train_loss": 1.7693792099952699, "grad_norm": 4.205399990081787, "test_error": 0.7655}, {"outer_epoch": 182, "inner_epoch": 1, "train_loss": 1.7831204335689546, "grad_norm": 2.159870147705078, "test_error": 0.736375}, {"outer_epoch": 183, "inner_epoch": 1, "train_loss": 1.7303286306858063, "grad_norm": 2.0947635173797607, "test_error": 0.731375}, {"outer_epoch": 184, "inner_epoch": 1, "train_loss": 1.7369493072032929, "grad_norm": 1.671851396560669, "test_error": 0.727875}, {"outer_epoch": 185, "inner_epoch": 1, "train_loss": 1.7447978734970093, "grad_norm": 9.82964038848877, "test_error": 0.79025}, {"outer_epoch": 186, "inner_epoch": 1, "train_loss": 1.800724709391594, "grad_norm": 2.55483078956604, "test_error": 0.73825}, {"outer_epoch": 187, "inner_epoch": 1, "train_loss": 1.7383854212760925, "grad_norm": 4.504507064819336, "test_error": 0.745125}, {"outer_epoch": 188, "inner_epoch": 1, "train_loss": 1.7370916675329209, "grad_norm": 4.518888473510742, "test_error": 0.74675}, {"outer_epoch": 189, "inner_epoch": 1, "train_loss": 1.7549725425243379, "grad_norm": 0.45311254262924194, "test_error": 0.733375}, {"outer_epoch": 190, "inner_epoch": 1, "train_loss": 1.7331423003673554, "grad_norm": 2.4923410415649414, "test_error": 0.7355}, {"outer_epoch": 191, "inner_epoch": 1, "train_loss": 1.770364291191101, "grad_norm": 2.8119637966156006, "test_error": 0.733625}, {"outer_epoch": 192, "inner_epoch": 1, "train_loss": 1.7386587876081467, "grad_norm": 0.8530065417289734, "test_error": 0.726875}, {"outer_epoch": 193, "inner_epoch": 1, "train_loss": 1.7326759383678436, "grad_norm": 1.8566359281539917, "test_error": 0.73275}, {"outer_epoch": 194, "inner_epoch": 1, "train_loss": 1.7503473415374755, "grad_norm": 5.590198993682861, "test_error": 0.73625}, {"outer_epoch": 195, "inner_epoch": 1, "train_loss": 1.7913655511140822, "grad_norm": 16.92473602294922, "test_error": 0.847125}, {"outer_epoch": 196, "inner_epoch": 1, "train_loss": 1.929890408039093, "grad_norm": 2.950542688369751, "test_error": 0.7585}, {"outer_epoch": 197, "inner_epoch": 1, "train_loss": 1.7671477575302124, "grad_norm": 0.6345838308334351, "test_error": 0.734375}, {"outer_epoch": 198, "inner_epoch": 1, "train_loss": 1.7194088302850723, "grad_norm": 2.6488451957702637, "test_error": 0.75025}, {"outer_epoch": 199, "inner_epoch": 1, "train_loss": 1.754573872089386, "grad_norm": 3.4463746547698975, "test_error": 0.742375}, {"outer_epoch": 200, "inner_epoch": 1, "train_loss": 1.7620220794677734, "grad_norm": 1.9611124992370605, "test_error": 0.73425}, {"outer_epoch": 201, "inner_epoch": 1, "train_loss": 1.7114845798015594, "grad_norm": 1.6937211751937866, "test_error": 0.73625}, {"outer_epoch": 202, "inner_epoch": 1, "train_loss": 1.7482639453411102, "grad_norm": 4.5134100914001465, "test_error": 0.74}, {"outer_epoch": 203, "inner_epoch": 1, "train_loss": 1.7730030269622803, "grad_norm": 3.4913694858551025, "test_error": 0.739875}, {"outer_epoch": 204, "inner_epoch": 1, "train_loss": 1.7440581028461457, "grad_norm": 3.493913173675537, "test_error": 0.760875}, {"outer_epoch": 205, "inner_epoch": 1, "train_loss": 1.7848185381889343, "grad_norm": 6.458183288574219, "test_error": 0.74125}, {"outer_epoch": 206, "inner_epoch": 1, "train_loss": 1.8495577292442322, "grad_norm": 1.9543215036392212, "test_error": 0.738375}, {"outer_epoch": 207, "inner_epoch": 1, "train_loss": 1.724687014579773, "grad_norm": 4.656282424926758, "test_error": 0.751625}, {"outer_epoch": 208, "inner_epoch": 1, "train_loss": 1.7425522327423095, "grad_norm": 7.921608924865723, "test_error": 0.777625}, {"outer_epoch": 209, "inner_epoch": 1, "train_loss": 1.8579048068523407, "grad_norm": 2.5153303146362305, "test_error": 0.78375}, {"outer_epoch": 210, "inner_epoch": 1, "train_loss": 1.7747729878425598, "grad_norm": 2.5743250846862793, "test_error": 0.73275}, {"outer_epoch": 211, "inner_epoch": 1, "train_loss": 1.738834633231163, "grad_norm": 2.6063971519470215, "test_error": 0.747}, {"outer_epoch": 212, "inner_epoch": 1, "train_loss": 1.7626958320140838, "grad_norm": 2.5328500270843506, "test_error": 0.743375}, {"outer_epoch": 213, "inner_epoch": 1, "train_loss": 1.733651927947998, "grad_norm": 4.667144298553467, "test_error": 0.77625}, {"outer_epoch": 214, "inner_epoch": 1, "train_loss": 1.7916918895244598, "grad_norm": 1.2643235921859741, "test_error": 0.729125}, {"outer_epoch": 215, "inner_epoch": 1, "train_loss": 1.715779597759247, "grad_norm": 1.9000518321990967, "test_error": 0.73375}, {"outer_epoch": 216, "inner_epoch": 1, "train_loss": 1.728983274579048, "grad_norm": 4.353196620941162, "test_error": 0.741625}, {"outer_epoch": 217, "inner_epoch": 1, "train_loss": 1.765244700908661, "grad_norm": 5.698760509490967, "test_error": 0.776125}, {"outer_epoch": 218, "inner_epoch": 1, "train_loss": 1.821616896390915, "grad_norm": 4.928919315338135, "test_error": 0.760625}, {"outer_epoch": 219, "inner_epoch": 1, "train_loss": 1.7391429325342178, "grad_norm": 1.8200594186782837, "test_error": 0.735}, {"outer_epoch": 220, "inner_epoch": 1, "train_loss": 1.7111816229820251, "grad_norm": 1.1434694528579712, "test_error": 0.7315}, {"outer_epoch": 221, "inner_epoch": 1, "train_loss": 1.7283286876678468, "grad_norm": 10.210967063903809, "test_error": 0.78375}, {"outer_epoch": 222, "inner_epoch": 1, "train_loss": 1.9989319167137145, "grad_norm": 2.9203336238861084, "test_error": 0.762625}, {"outer_epoch": 223, "inner_epoch": 1, "train_loss": 1.7846208968162536, "grad_norm": 3.0140984058380127, "test_error": 0.755}, {"outer_epoch": 224, "inner_epoch": 1, "train_loss": 1.7596474177837371, "grad_norm": 2.570239543914795, "test_error": 0.7335}, {"outer_epoch": 225, "inner_epoch": 1, "train_loss": 1.7282259958982467, "grad_norm": 3.0202741622924805, "test_error": 0.748875}, {"outer_epoch": 226, "inner_epoch": 1, "train_loss": 1.78339097738266, "grad_norm": 2.1633286476135254, "test_error": 0.731125}, {"outer_epoch": 227, "inner_epoch": 1, "train_loss": 1.7217566419839858, "grad_norm": 0.5660957098007202, "test_error": 0.73525}, {"outer_epoch": 228, "inner_epoch": 1, "train_loss": 1.754512550830841, "grad_norm": 4.416262626647949, "test_error": 0.735875}, {"outer_epoch": 229, "inner_epoch": 1, "train_loss": 1.7878316200971602, "grad_norm": 1.7382493019104004, "test_error": 0.727875}, {"outer_epoch": 230, "inner_epoch": 1, "train_loss": 1.7289599330425263, "grad_norm": 2.899554491043091, "test_error": 0.750375}, {"outer_epoch": 231, "inner_epoch": 1, "train_loss": 1.779160616517067, "grad_norm": 2.8924713134765625, "test_error": 0.728875}, {"outer_epoch": 232, "inner_epoch": 1, "train_loss": 1.7547582366466523, "grad_norm": 2.2242963314056396, "test_error": 0.72925}, {"outer_epoch": 233, "inner_epoch": 1, "train_loss": 1.730847198486328, "grad_norm": 0.6214855909347534, "test_error": 0.73125}, {"outer_epoch": 234, "inner_epoch": 1, "train_loss": 1.7305744149684905, "grad_norm": 0.3906800448894501, "test_error": 0.7305}, {"outer_epoch": 235, "inner_epoch": 1, "train_loss": 1.7191057522296906, "grad_norm": 1.8892990350723267, "test_error": 0.73625}, {"outer_epoch": 236, "inner_epoch": 1, "train_loss": 1.742012779355049, "grad_norm": 2.1437549591064453, "test_error": 0.72925}, {"outer_epoch": 237, "inner_epoch": 1, "train_loss": 1.7537372860908509, "grad_norm": 3.26223087310791, "test_error": 0.760625}, {"outer_epoch": 238, "inner_epoch": 1, "train_loss": 1.785214985847473, "grad_norm": 4.703723907470703, "test_error": 0.74275}, {"outer_epoch": 239, "inner_epoch": 1, "train_loss": 1.7731681065559388, "grad_norm": 2.4210057258605957, "test_error": 0.75}, {"outer_epoch": 240, "inner_epoch": 1, "train_loss": 1.7426797773838043, "grad_norm": 1.3280608654022217, "test_error": 0.737125}, {"outer_epoch": 241, "inner_epoch": 1, "train_loss": 1.7419444255828858, "grad_norm": 1.852312445640564, "test_error": 0.734875}, {"outer_epoch": 242, "inner_epoch": 1, "train_loss": 1.7167162438631058, "grad_norm": 1.1101301908493042, "test_error": 0.730125}, {"outer_epoch": 243, "inner_epoch": 1, "train_loss": 1.7373059957027435, "grad_norm": 3.462157726287842, "test_error": 0.733875}, {"outer_epoch": 244, "inner_epoch": 1, "train_loss": 1.7702394845485687, "grad_norm": 3.3887875080108643, "test_error": 0.743}, {"outer_epoch": 245, "inner_epoch": 1, "train_loss": 1.7312558498382569, "grad_norm": 1.4337725639343262, "test_error": 0.73075}, {"outer_epoch": 246, "inner_epoch": 1, "train_loss": 1.7384993294477462, "grad_norm": 4.1075897216796875, "test_error": 0.79125}, {"outer_epoch": 247, "inner_epoch": 1, "train_loss": 1.8095136275291444, "grad_norm": 1.848098635673523, "test_error": 0.7485}, {"outer_epoch": 248, "inner_epoch": 1, "train_loss": 1.7419695682525635, "grad_norm": 1.9243946075439453, "test_error": 0.7295}, {"outer_epoch": 249, "inner_epoch": 1, "train_loss": 1.7245510120391845, "grad_norm": 2.6782028675079346, "test_error": 0.74725}, {"outer_epoch": 250, "inner_epoch": 1, "train_loss": 1.7560373443365096, "grad_norm": 3.9482641220092773, "test_error": 0.77675}]}