{"argv": ["train.py", "--seed", "77", "--optimizer", "SVRG", "--run_name", "svrg_0.25.json", "--output_path", "experiments/nonconvex_stl10/svrg-0.25.json", "--dataset", "STL10", "--layer_sizes", "27648", "100", "10", "--batch_size", "10", "--learning_rate", "0.25", "--weight_decay", "0.01", "--warmup_learning_rate", "0.001", "--num_warmup_epochs", "20", "--num_outer_epochs", "250", "--num_inner_epochs", "1", "--device", "cuda"], "args": {"seed": 77, "optimizer": "SVRG", "run_name": "svrg_0.25.json", "output_path": "experiments/nonconvex_stl10/svrg-0.25.json", "device": "cuda", "dataset": "STL10", "dataset_root": "~/datasets/pytorch", "dataset_size": null, "download": false, "layer_sizes": [27648, 100, 10], "batch_size": 10, "test_batch_size": 256, "learning_rate": 0.25, "weight_decay": 0.01, "warmup_learning_rate": 0.001, "num_warmup_epochs": 20, "num_outer_epochs": 250, "num_inner_epochs": 1, "inner_epoch_fraction": null, "choose_random_iterate": false, "num_epochs": 10}, "metrics": [{"warmup_epoch": 1, "train_loss": 2.1348800573349, "grad_norm": 1.8805115222930908, "test_error": 0.733125}, {"warmup_epoch": 2, "train_loss": 1.952679219007492, "grad_norm": 1.3904025554656982, "test_error": 0.68525}, {"warmup_epoch": 3, "train_loss": 1.880379913330078, "grad_norm": 1.9659830331802368, "test_error": 0.678375}, {"warmup_epoch": 4, "train_loss": 1.835884770154953, "grad_norm": 1.6122037172317505, "test_error": 0.661625}, {"warmup_epoch": 5, "train_loss": 1.8045151345729828, "grad_norm": 1.6934443712234497, "test_error": 0.658875}, {"warmup_epoch": 6, "train_loss": 1.778914482831955, "grad_norm": 3.7849440574645996, "test_error": 0.67725}, {"warmup_epoch": 7, "train_loss": 1.7538169412612914, "grad_norm": 2.62298321723938, "test_error": 0.659375}, {"warmup_epoch": 8, "train_loss": 1.7306526463031768, "grad_norm": 2.4293901920318604, "test_error": 0.662125}, {"warmup_epoch": 9, "train_loss": 1.7082515306472779, "grad_norm": 2.8963584899902344, "test_error": 0.653375}, {"warmup_epoch": 10, "train_loss": 1.6863615746498108, "grad_norm": 4.028270244598389, "test_error": 0.646125}, {"warmup_epoch": 11, "train_loss": 1.66167369556427, "grad_norm": 3.1208910942077637, "test_error": 0.645}, {"warmup_epoch": 12, "train_loss": 1.6443801749944686, "grad_norm": 1.2179313898086548, "test_error": 0.620875}, {"warmup_epoch": 13, "train_loss": 1.618789933204651, "grad_norm": 2.593471050262451, "test_error": 0.646125}, {"warmup_epoch": 14, "train_loss": 1.5979233669042587, "grad_norm": 1.743858814239502, "test_error": 0.6295}, {"warmup_epoch": 15, "train_loss": 1.5805437738895416, "grad_norm": 3.6566174030303955, "test_error": 0.648875}, {"warmup_epoch": 16, "train_loss": 1.561762242794037, "grad_norm": 2.7268295288085938, "test_error": 0.63125}, {"warmup_epoch": 17, "train_loss": 1.5389812490940094, "grad_norm": 2.4517672061920166, "test_error": 0.62575}, {"warmup_epoch": 18, "train_loss": 1.5221547589302062, "grad_norm": 1.9178624153137207, "test_error": 0.622125}, {"warmup_epoch": 19, "train_loss": 1.5059223752021789, "grad_norm": 2.3122904300689697, "test_error": 0.616125}, {"warmup_epoch": 20, "train_loss": 1.4843166764974594, "grad_norm": 3.172278642654419, "test_error": 0.615125}, {"outer_epoch": 1, "inner_epoch": 1, "train_loss": 20.76933923459053, "grad_norm": 0.02151005156338215, "test_error": 0.9}, {"outer_epoch": 2, "inner_epoch": 1, "train_loss": 2.3027190074920654, "grad_norm": 7.81623512580154e-08, "test_error": 0.899875}, {"outer_epoch": 3, "inner_epoch": 1, "train_loss": 2.302585224151611, "grad_norm": 6.399920238209234e-08, "test_error": 0.9}, {"outer_epoch": 4, "inner_epoch": 1, "train_loss": 2.3025853562355043, "grad_norm": 5.6185712082879036e-08, "test_error": 0.899875}, {"outer_epoch": 5, "inner_epoch": 1, "train_loss": 2.3025853633880615, "grad_norm": 2.736323523322426e-08, "test_error": 0.9}, {"outer_epoch": 6, "inner_epoch": 1, "train_loss": 2.3025853633880615, "grad_norm": 5.888925258545896e-08, "test_error": 0.9}, {"outer_epoch": 7, "inner_epoch": 1, "train_loss": 2.3025853633880615, "grad_norm": 2.8902896076488105e-08, "test_error": 0.9}, {"outer_epoch": 8, "inner_epoch": 1, "train_loss": 2.3025853633880615, "grad_norm": 2.521036535085841e-08, "test_error": 0.9}, {"outer_epoch": 9, "inner_epoch": 1, "train_loss": 2.3025853633880615, "grad_norm": 5.458269214386746e-08, "test_error": 0.9}, {"outer_epoch": 10, "inner_epoch": 1, "train_loss": 2.3025853633880615, "grad_norm": 4.3247254666312074e-08, "test_error": 0.9}, {"outer_epoch": 11, "inner_epoch": 1, "train_loss": 2.3025853633880615, "grad_norm": 4.35355964611972e-08, "test_error": 0.9}, {"outer_epoch": 12, "inner_epoch": 1, "train_loss": 2.3025853633880615, "grad_norm": 4.9622595810205894e-08, "test_error": 0.9}, {"outer_epoch": 13, "inner_epoch": 1, "train_loss": 2.3025853633880615, "grad_norm": 4.533637110171185e-08, "test_error": 0.9}, {"outer_epoch": 14, "inner_epoch": 1, "train_loss": 2.3025853633880615, "grad_norm": 4.1804302242098856e-08, "test_error": 0.9}, {"outer_epoch": 15, "inner_epoch": 1, "train_loss": 2.3025853633880615, "grad_norm": 5.055644081153332e-08, "test_error": 0.9}, {"outer_epoch": 16, "inner_epoch": 1, "train_loss": 2.3025853633880615, "grad_norm": 4.8098051763645344e-08, "test_error": 0.9}, {"outer_epoch": 17, "inner_epoch": 1, "train_loss": 2.3025853633880615, "grad_norm": 3.905826417849312e-08, "test_error": 0.9}, {"outer_epoch": 18, "inner_epoch": 1, "train_loss": 2.3025853633880615, "grad_norm": 4.3532921267797065e-08, "test_error": 0.9}, {"outer_epoch": 19, "inner_epoch": 1, "train_loss": 2.3025853633880615, "grad_norm": 4.306804513021234e-08, "test_error": 0.9}, {"outer_epoch": 20, "inner_epoch": 1, "train_loss": 2.3025853633880615, "grad_norm": 3.610840337842092e-08, "test_error": 0.9}, {"outer_epoch": 21, "inner_epoch": 1, "train_loss": 2.3025853633880615, "grad_norm": 4.2641943309718044e-08, "test_error": 0.9}, {"outer_epoch": 22, "inner_epoch": 1, "train_loss": 2.3025853633880615, "grad_norm": 2.933962939266621e-08, "test_error": 0.9}, {"outer_epoch": 23, "inner_epoch": 1, "train_loss": 2.3025853633880615, "grad_norm": 4.1013972662540255e-08, "test_error": 0.9}, {"outer_epoch": 24, "inner_epoch": 1, "train_loss": 2.3025853633880615, "grad_norm": 4.588993363086047e-08, "test_error": 0.9}, {"outer_epoch": 25, "inner_epoch": 1, "train_loss": 2.3025853633880615, "grad_norm": 4.973551170905921e-08, "test_error": 0.9}, {"outer_epoch": 26, "inner_epoch": 1, "train_loss": 2.3025853633880615, "grad_norm": 4.332107295113019e-08, "test_error": 0.9}, {"outer_epoch": 27, "inner_epoch": 1, "train_loss": 2.3025853633880615, "grad_norm": 3.763175371318539e-08, "test_error": 0.9}, {"outer_epoch": 28, "inner_epoch": 1, "train_loss": 2.3025853633880615, "grad_norm": 3.4844273244516444e-08, "test_error": 0.9}, {"outer_epoch": 29, "inner_epoch": 1, "train_loss": 2.3025853633880615, "grad_norm": 2.4931763320523714e-08, "test_error": 0.9}, {"outer_epoch": 30, "inner_epoch": 1, "train_loss": 2.3025853633880615, "grad_norm": 3.937665482567354e-08, "test_error": 0.9}, {"outer_epoch": 31, "inner_epoch": 1, "train_loss": 2.3025853633880615, "grad_norm": 4.005796583328447e-08, "test_error": 0.9}, {"outer_epoch": 32, "inner_epoch": 1, "train_loss": 2.3025853633880615, "grad_norm": 3.9844518795462136e-08, "test_error": 0.9}, {"outer_epoch": 33, "inner_epoch": 1, "train_loss": 2.3025853633880615, "grad_norm": 3.2663237448105065e-08, "test_error": 0.9}, {"outer_epoch": 34, "inner_epoch": 1, "train_loss": 2.3025853633880615, "grad_norm": 2.5836840222837054e-08, "test_error": 0.9}, {"outer_epoch": 35, "inner_epoch": 1, "train_loss": 2.3025853633880615, "grad_norm": 4.530037145400456e-08, "test_error": 0.9}, {"outer_epoch": 36, "inner_epoch": 1, "train_loss": 2.3025853633880615, "grad_norm": 2.9539030776959407e-08, "test_error": 0.9}, {"outer_epoch": 37, "inner_epoch": 1, "train_loss": 2.3025853633880615, "grad_norm": 4.15326901759272e-08, "test_error": 0.9}, {"outer_epoch": 38, "inner_epoch": 1, "train_loss": 2.3025853633880615, "grad_norm": 3.426189820743275e-08, "test_error": 0.9}, {"outer_epoch": 39, "inner_epoch": 1, "train_loss": 2.3025853633880615, "grad_norm": 3.8299244664585785e-08, "test_error": 0.9}, {"outer_epoch": 40, "inner_epoch": 1, "train_loss": 2.3025853633880615, "grad_norm": 3.8283641146108494e-08, "test_error": 0.9}, {"outer_epoch": 41, "inner_epoch": 1, "train_loss": 2.3025853633880615, "grad_norm": 4.3419596806870686e-08, "test_error": 0.9}, {"outer_epoch": 42, "inner_epoch": 1, "train_loss": 2.3025853633880615, "grad_norm": 4.490547667046485e-08, "test_error": 0.9}, {"outer_epoch": 43, "inner_epoch": 1, "train_loss": 2.3025853633880615, "grad_norm": 2.9079632923867393e-08, "test_error": 0.9}, {"outer_epoch": 44, "inner_epoch": 1, "train_loss": 2.3025853633880615, "grad_norm": 3.621200050929474e-08, "test_error": 0.9}, {"outer_epoch": 45, "inner_epoch": 1, "train_loss": 2.3025853633880615, "grad_norm": 3.954983895937403e-08, "test_error": 0.9}, {"outer_epoch": 46, "inner_epoch": 1, "train_loss": 2.3025853633880615, "grad_norm": 3.740499465720859e-08, "test_error": 0.9}, {"outer_epoch": 47, "inner_epoch": 1, "train_loss": 2.3025853633880615, "grad_norm": 4.940996944924336e-08, "test_error": 0.9}, {"outer_epoch": 48, "inner_epoch": 1, "train_loss": 2.3025853633880615, "grad_norm": 3.4319850072961344e-08, "test_error": 0.9}, {"outer_epoch": 49, "inner_epoch": 1, "train_loss": 2.3025853633880615, "grad_norm": 3.748975885287109e-08, "test_error": 0.9}, {"outer_epoch": 50, "inner_epoch": 1, "train_loss": 2.3025853633880615, "grad_norm": 2.8550996233889236e-08, "test_error": 0.9}, {"outer_epoch": 51, "inner_epoch": 1, "train_loss": 2.3025853633880615, "grad_norm": 4.208942172567731e-08, "test_error": 0.9}, {"outer_epoch": 52, "inner_epoch": 1, "train_loss": 2.3025853633880615, "grad_norm": 4.499518979628192e-08, "test_error": 0.9}, {"outer_epoch": 53, "inner_epoch": 1, "train_loss": 2.3025853633880615, "grad_norm": 4.0699902115193254e-08, "test_error": 0.9}, {"outer_epoch": 54, "inner_epoch": 1, "train_loss": 2.3025853633880615, "grad_norm": 3.41403740833357e-08, "test_error": 0.9}, {"outer_epoch": 55, "inner_epoch": 1, "train_loss": 2.3025853633880615, "grad_norm": 3.303979312363481e-08, "test_error": 0.9}, {"outer_epoch": 56, "inner_epoch": 1, "train_loss": 2.3025853633880615, "grad_norm": 4.380171603202143e-08, "test_error": 0.9}, {"outer_epoch": 57, "inner_epoch": 1, "train_loss": 2.3025853633880615, "grad_norm": 3.757426370043504e-08, "test_error": 0.9}, {"outer_epoch": 58, "inner_epoch": 1, "train_loss": 2.3025853633880615, "grad_norm": 3.878272991642007e-08, "test_error": 0.9}, {"outer_epoch": 59, "inner_epoch": 1, "train_loss": 2.3025853633880615, "grad_norm": 4.069574188747538e-08, "test_error": 0.9}, {"outer_epoch": 60, "inner_epoch": 1, "train_loss": 2.3025853633880615, "grad_norm": 3.821076788312894e-08, "test_error": 0.9}, {"outer_epoch": 61, "inner_epoch": 1, "train_loss": 2.3025853633880615, "grad_norm": 3.852722585406809e-08, "test_error": 0.9}, {"outer_epoch": 62, "inner_epoch": 1, "train_loss": 2.3025853633880615, "grad_norm": 4.105454110003848e-08, "test_error": 0.9}, {"outer_epoch": 63, "inner_epoch": 1, "train_loss": 2.3025853633880615, "grad_norm": 3.838642115283619e-08, "test_error": 0.9}, {"outer_epoch": 64, "inner_epoch": 1, "train_loss": 2.3025853633880615, "grad_norm": 4.896979532986734e-08, "test_error": 0.9}, {"outer_epoch": 65, "inner_epoch": 1, "train_loss": 2.3025853633880615, "grad_norm": 4.875052539432545e-08, "test_error": 0.9}, {"outer_epoch": 66, "inner_epoch": 1, "train_loss": 2.3025853633880615, "grad_norm": 4.1877285639202455e-08, "test_error": 0.9}, {"outer_epoch": 67, "inner_epoch": 1, "train_loss": 2.3025853633880615, "grad_norm": 3.837627460256954e-08, "test_error": 0.9}, {"outer_epoch": 68, "inner_epoch": 1, "train_loss": 2.3025853633880615, "grad_norm": 4.097975292438605e-08, "test_error": 0.9}, {"outer_epoch": 69, "inner_epoch": 1, "train_loss": 2.3025853633880615, "grad_norm": 3.526163538936089e-08, "test_error": 0.9}, {"outer_epoch": 70, "inner_epoch": 1, "train_loss": 2.3025853633880615, "grad_norm": 3.536924708669176e-08, "test_error": 0.9}, {"outer_epoch": 71, "inner_epoch": 1, "train_loss": 2.3025853633880615, "grad_norm": 4.228876449019481e-08, "test_error": 0.9}, {"outer_epoch": 72, "inner_epoch": 1, "train_loss": 2.3025853633880615, "grad_norm": 3.953526928057727e-08, "test_error": 0.9}, {"outer_epoch": 73, "inner_epoch": 1, "train_loss": 2.3025853633880615, "grad_norm": 4.486063076569735e-08, "test_error": 0.9}, {"outer_epoch": 74, "inner_epoch": 1, "train_loss": 2.3025853633880615, "grad_norm": 4.644894247007869e-08, "test_error": 0.9}, {"outer_epoch": 75, "inner_epoch": 1, "train_loss": 2.3025853633880615, "grad_norm": 3.638014334228501e-08, "test_error": 0.9}, {"outer_epoch": 76, "inner_epoch": 1, "train_loss": 2.3025853633880615, "grad_norm": 5.0545672536372876e-08, "test_error": 0.9}, {"outer_epoch": 77, "inner_epoch": 1, "train_loss": 2.3025853633880615, "grad_norm": 3.297247275213522e-08, "test_error": 0.9}, {"outer_epoch": 78, "inner_epoch": 1, "train_loss": 2.3025853633880615, "grad_norm": 3.500161582792316e-08, "test_error": 0.9}, {"outer_epoch": 79, "inner_epoch": 1, "train_loss": 2.3025853633880615, "grad_norm": 4.5121172576045865e-08, "test_error": 0.9}, {"outer_epoch": 80, "inner_epoch": 1, "train_loss": 2.3025853633880615, "grad_norm": 4.470214420848606e-08, "test_error": 0.9}, {"outer_epoch": 81, "inner_epoch": 1, "train_loss": 2.3025853633880615, "grad_norm": 3.69005626055241e-08, "test_error": 0.9}, {"outer_epoch": 82, "inner_epoch": 1, "train_loss": 2.3025853633880615, "grad_norm": 3.4376832047655626e-08, "test_error": 0.9}, {"outer_epoch": 83, "inner_epoch": 1, "train_loss": 2.3025853633880615, "grad_norm": 3.317949648362628e-08, "test_error": 0.9}, {"outer_epoch": 84, "inner_epoch": 1, "train_loss": 2.3025853633880615, "grad_norm": 2.3823144346124536e-08, "test_error": 0.9}, {"outer_epoch": 85, "inner_epoch": 1, "train_loss": 2.3025853633880615, "grad_norm": 4.989604107663581e-08, "test_error": 0.9}, {"outer_epoch": 86, "inner_epoch": 1, "train_loss": 2.3025853633880615, "grad_norm": 4.048621704555444e-08, "test_error": 0.9}, {"outer_epoch": 87, "inner_epoch": 1, "train_loss": 2.3025853633880615, "grad_norm": 4.697596622804667e-08, "test_error": 0.9}, {"outer_epoch": 88, "inner_epoch": 1, "train_loss": 2.3025853633880615, "grad_norm": 3.571971518567807e-08, "test_error": 0.9}, {"outer_epoch": 89, "inner_epoch": 1, "train_loss": 2.3025853633880615, "grad_norm": 3.629901357271592e-08, "test_error": 0.9}, {"outer_epoch": 90, "inner_epoch": 1, "train_loss": 2.3025853633880615, "grad_norm": 3.7764809945883826e-08, "test_error": 0.9}, {"outer_epoch": 91, "inner_epoch": 1, "train_loss": 2.3025853633880615, "grad_norm": 2.44916211755708e-08, "test_error": 0.9}, {"outer_epoch": 92, "inner_epoch": 1, "train_loss": 2.3025853633880615, "grad_norm": 4.0400518486194414e-08, "test_error": 0.9}, {"outer_epoch": 93, "inner_epoch": 1, "train_loss": 2.3025853633880615, "grad_norm": 4.566257061355827e-08, "test_error": 0.9}, {"outer_epoch": 94, "inner_epoch": 1, "train_loss": 2.3025853633880615, "grad_norm": 3.696709072187332e-08, "test_error": 0.9}, {"outer_epoch": 95, "inner_epoch": 1, "train_loss": 2.3025853633880615, "grad_norm": 4.81406594587952e-08, "test_error": 0.9}, {"outer_epoch": 96, "inner_epoch": 1, "train_loss": 2.3025853633880615, "grad_norm": 4.1089911917424615e-08, "test_error": 0.9}, {"outer_epoch": 97, "inner_epoch": 1, "train_loss": 2.3025853419303894, "grad_norm": 4.051103275060086e-08, "test_error": 0.9}, {"outer_epoch": 98, "inner_epoch": 1, "train_loss": 2.3025853633880615, "grad_norm": 4.735856151683038e-08, "test_error": 0.9}, {"outer_epoch": 99, "inner_epoch": 1, "train_loss": 2.3025853633880615, "grad_norm": 2.497184681260478e-08, "test_error": 0.9}, {"outer_epoch": 100, "inner_epoch": 1, "train_loss": 2.3025853633880615, "grad_norm": 4.895278493677324e-08, "test_error": 0.9}, {"outer_epoch": 101, "inner_epoch": 1, "train_loss": 2.3025853633880615, "grad_norm": 3.509452639605115e-08, "test_error": 0.9}, {"outer_epoch": 102, "inner_epoch": 1, "train_loss": 2.3025853633880615, "grad_norm": 3.8255354439797884e-08, "test_error": 0.9}, {"outer_epoch": 103, "inner_epoch": 1, "train_loss": 2.3025853633880615, "grad_norm": 4.984409329722439e-08, "test_error": 0.9}, {"outer_epoch": 104, "inner_epoch": 1, "train_loss": 2.3025853633880615, "grad_norm": 3.963744177326589e-08, "test_error": 0.9}, {"outer_epoch": 105, "inner_epoch": 1, "train_loss": 2.3025853633880615, "grad_norm": 3.6872560116307795e-08, "test_error": 0.9}, {"outer_epoch": 106, "inner_epoch": 1, "train_loss": 2.3025853633880615, "grad_norm": 3.477326870893194e-08, "test_error": 0.9}, {"outer_epoch": 107, "inner_epoch": 1, "train_loss": 2.3025853404998777, "grad_norm": 4.188047597608602e-08, "test_error": 0.9}, {"outer_epoch": 108, "inner_epoch": 1, "train_loss": 2.3025853633880615, "grad_norm": 3.872451870279292e-08, "test_error": 0.9}, {"outer_epoch": 109, "inner_epoch": 1, "train_loss": 2.3025853633880615, "grad_norm": 3.9070119584039276e-08, "test_error": 0.9}, {"outer_epoch": 110, "inner_epoch": 1, "train_loss": 2.3025853633880615, "grad_norm": 3.7361260751822556e-08, "test_error": 0.9}, {"outer_epoch": 111, "inner_epoch": 1, "train_loss": 2.3025853633880615, "grad_norm": 4.624143201681363e-08, "test_error": 0.9}, {"outer_epoch": 112, "inner_epoch": 1, "train_loss": 2.3025853633880615, "grad_norm": 3.5692362843064984e-08, "test_error": 0.9}, {"outer_epoch": 113, "inner_epoch": 1, "train_loss": 2.3025853633880615, "grad_norm": 2.7148578496394293e-08, "test_error": 0.9}, {"outer_epoch": 114, "inner_epoch": 1, "train_loss": 2.3025853633880615, "grad_norm": 3.4092909828586926e-08, "test_error": 0.9}, {"outer_epoch": 115, "inner_epoch": 1, "train_loss": 2.3025853633880615, "grad_norm": 3.913822865797556e-08, "test_error": 0.9}, {"outer_epoch": 116, "inner_epoch": 1, "train_loss": 2.3025853633880615, "grad_norm": 3.240498713807938e-08, "test_error": 0.9}, {"outer_epoch": 117, "inner_epoch": 1, "train_loss": 2.3025853633880615, "grad_norm": 4.455615254528311e-08, "test_error": 0.9}, {"outer_epoch": 118, "inner_epoch": 1, "train_loss": 2.3025853633880615, "grad_norm": 3.170032414345769e-08, "test_error": 0.9}, {"outer_epoch": 119, "inner_epoch": 1, "train_loss": 2.3025853633880615, "grad_norm": 4.273680076494202e-08, "test_error": 0.9}, {"outer_epoch": 120, "inner_epoch": 1, "train_loss": 2.3025853633880615, "grad_norm": 3.195794207044855e-08, "test_error": 0.9}, {"outer_epoch": 121, "inner_epoch": 1, "train_loss": 2.3025853633880615, "grad_norm": 4.0945142387727174e-08, "test_error": 0.9}, {"outer_epoch": 122, "inner_epoch": 1, "train_loss": 2.3025853633880615, "grad_norm": 3.934480830025677e-08, "test_error": 0.9}, {"outer_epoch": 123, "inner_epoch": 1, "train_loss": 2.3025853633880615, "grad_norm": 4.9913086996866696e-08, "test_error": 0.9}, {"outer_epoch": 124, "inner_epoch": 1, "train_loss": 2.3025853633880615, "grad_norm": 3.0556371655166004e-08, "test_error": 0.9}, {"outer_epoch": 125, "inner_epoch": 1, "train_loss": 2.3025853633880615, "grad_norm": 3.201481035830511e-08, "test_error": 0.9}, {"outer_epoch": 126, "inner_epoch": 1, "train_loss": 2.3025853633880615, "grad_norm": 3.106940837938055e-08, "test_error": 0.9}, {"outer_epoch": 127, "inner_epoch": 1, "train_loss": 2.3025853633880615, "grad_norm": 4.266565056809668e-08, "test_error": 0.9}, {"outer_epoch": 128, "inner_epoch": 1, "train_loss": 2.3025853633880615, "grad_norm": 3.9218893022052725e-08, "test_error": 0.9}, {"outer_epoch": 129, "inner_epoch": 1, "train_loss": 2.3025853633880615, "grad_norm": 3.7868741031843456e-08, "test_error": 0.9}, {"outer_epoch": 130, "inner_epoch": 1, "train_loss": 2.3025853633880615, "grad_norm": 3.002562110054896e-08, "test_error": 0.9}, {"outer_epoch": 131, "inner_epoch": 1, "train_loss": 2.3025853633880615, "grad_norm": 3.563376793636053e-08, "test_error": 0.9}, {"outer_epoch": 132, "inner_epoch": 1, "train_loss": 2.3025853633880615, "grad_norm": 3.7794816165614975e-08, "test_error": 0.9}, {"outer_epoch": 133, "inner_epoch": 1, "train_loss": 2.3025853633880615, "grad_norm": 4.5303270468366463e-08, "test_error": 0.9}, {"outer_epoch": 134, "inner_epoch": 1, "train_loss": 2.3025853633880615, "grad_norm": 4.270951592388883e-08, "test_error": 0.9}, {"outer_epoch": 135, "inner_epoch": 1, "train_loss": 2.3025853633880615, "grad_norm": 3.695584283036624e-08, "test_error": 0.9}, {"outer_epoch": 136, "inner_epoch": 1, "train_loss": 2.3025853633880615, "grad_norm": 3.1745869932819915e-08, "test_error": 0.9}, {"outer_epoch": 137, "inner_epoch": 1, "train_loss": 2.3025853633880615, "grad_norm": 3.565858008869327e-08, "test_error": 0.9}, {"outer_epoch": 138, "inner_epoch": 1, "train_loss": 2.3025853633880615, "grad_norm": 4.3785355785530555e-08, "test_error": 0.9}, {"outer_epoch": 139, "inner_epoch": 1, "train_loss": 2.3025853633880615, "grad_norm": 4.8045006195707174e-08, "test_error": 0.9}, {"outer_epoch": 140, "inner_epoch": 1, "train_loss": 2.3025853633880615, "grad_norm": 3.8359019072231604e-08, "test_error": 0.9}, {"outer_epoch": 141, "inner_epoch": 1, "train_loss": 2.3025853633880615, "grad_norm": 3.652651159313791e-08, "test_error": 0.9}, {"outer_epoch": 142, "inner_epoch": 1, "train_loss": 2.3025853633880615, "grad_norm": 3.036710083392791e-08, "test_error": 0.9}, {"outer_epoch": 143, "inner_epoch": 1, "train_loss": 2.3025853633880615, "grad_norm": 3.386599090049458e-08, "test_error": 0.9}, {"outer_epoch": 144, "inner_epoch": 1, "train_loss": 2.3025853633880615, "grad_norm": 3.800079184657079e-08, "test_error": 0.9}, {"outer_epoch": 145, "inner_epoch": 1, "train_loss": 2.3025853633880615, "grad_norm": 3.77881086421894e-08, "test_error": 0.9}, {"outer_epoch": 146, "inner_epoch": 1, "train_loss": 2.3025853633880615, "grad_norm": 4.5023522687870354e-08, "test_error": 0.9}, {"outer_epoch": 147, "inner_epoch": 1, "train_loss": 2.3025853633880615, "grad_norm": 3.4155490880039e-08, "test_error": 0.9}, {"outer_epoch": 148, "inner_epoch": 1, "train_loss": 2.3025853633880615, "grad_norm": 3.795660674654755e-08, "test_error": 0.9}, {"outer_epoch": 149, "inner_epoch": 1, "train_loss": 2.3025853633880615, "grad_norm": 4.094527739084697e-08, "test_error": 0.9}, {"outer_epoch": 150, "inner_epoch": 1, "train_loss": 2.3025853633880615, "grad_norm": 4.3905401980737224e-08, "test_error": 0.9}, {"outer_epoch": 151, "inner_epoch": 1, "train_loss": 2.3025853633880615, "grad_norm": 4.347509374724723e-08, "test_error": 0.9}, {"outer_epoch": 152, "inner_epoch": 1, "train_loss": 2.3025853633880615, "grad_norm": 2.7783183753626872e-08, "test_error": 0.9}, {"outer_epoch": 153, "inner_epoch": 1, "train_loss": 2.3025853633880615, "grad_norm": 4.368727957171359e-08, "test_error": 0.9}, {"outer_epoch": 154, "inner_epoch": 1, "train_loss": 2.302585346698761, "grad_norm": 3.116489111221199e-08, "test_error": 0.9}, {"outer_epoch": 155, "inner_epoch": 1, "train_loss": 2.3025853633880615, "grad_norm": 4.0792333066974606e-08, "test_error": 0.9}, {"outer_epoch": 156, "inner_epoch": 1, "train_loss": 2.3025853633880615, "grad_norm": 4.188055058307327e-08, "test_error": 0.9}, {"outer_epoch": 157, "inner_epoch": 1, "train_loss": 2.3025853633880615, "grad_norm": 4.17508019268098e-08, "test_error": 0.9}, {"outer_epoch": 158, "inner_epoch": 1, "train_loss": 2.3025853633880615, "grad_norm": 3.939853598922127e-08, "test_error": 0.9}, {"outer_epoch": 159, "inner_epoch": 1, "train_loss": 2.3025853633880615, "grad_norm": 3.8360759901934216e-08, "test_error": 0.9}, {"outer_epoch": 160, "inner_epoch": 1, "train_loss": 2.3025853633880615, "grad_norm": 3.5518972651971126e-08, "test_error": 0.9}, {"outer_epoch": 161, "inner_epoch": 1, "train_loss": 2.3025853633880615, "grad_norm": 4.4468652760087934e-08, "test_error": 0.9}, {"outer_epoch": 162, "inner_epoch": 1, "train_loss": 2.3025853633880615, "grad_norm": 3.763260991718198e-08, "test_error": 0.9}, {"outer_epoch": 163, "inner_epoch": 1, "train_loss": 2.3025853633880615, "grad_norm": 4.1120593152754736e-08, "test_error": 0.9}, {"outer_epoch": 164, "inner_epoch": 1, "train_loss": 2.3025853633880615, "grad_norm": 3.932176895204975e-08, "test_error": 0.9}, {"outer_epoch": 165, "inner_epoch": 1, "train_loss": 2.3025853633880615, "grad_norm": 2.7738721541936684e-08, "test_error": 0.9}, {"outer_epoch": 166, "inner_epoch": 1, "train_loss": 2.3025853633880615, "grad_norm": 4.362306427196927e-08, "test_error": 0.9}, {"outer_epoch": 167, "inner_epoch": 1, "train_loss": 2.3025853633880615, "grad_norm": 4.026156830150285e-08, "test_error": 0.9}, {"outer_epoch": 168, "inner_epoch": 1, "train_loss": 2.3025853633880615, "grad_norm": 3.049092711648882e-08, "test_error": 0.9}, {"outer_epoch": 169, "inner_epoch": 1, "train_loss": 2.3025853633880615, "grad_norm": 3.576667850779813e-08, "test_error": 0.9}, {"outer_epoch": 170, "inner_epoch": 1, "train_loss": 2.3025853633880615, "grad_norm": 4.166488309920169e-08, "test_error": 0.9}, {"outer_epoch": 171, "inner_epoch": 1, "train_loss": 2.3025853633880615, "grad_norm": 3.776932899768326e-08, "test_error": 0.9}, {"outer_epoch": 172, "inner_epoch": 1, "train_loss": 2.3025853633880615, "grad_norm": 4.10482030588355e-08, "test_error": 0.9}, {"outer_epoch": 173, "inner_epoch": 1, "train_loss": 2.3025853633880615, "grad_norm": 3.660307612562974e-08, "test_error": 0.9}, {"outer_epoch": 174, "inner_epoch": 1, "train_loss": 2.3025853633880615, "grad_norm": 4.730163638555496e-08, "test_error": 0.9}, {"outer_epoch": 175, "inner_epoch": 1, "train_loss": 2.3025853633880615, "grad_norm": 4.7983807149876156e-08, "test_error": 0.9}, {"outer_epoch": 176, "inner_epoch": 1, "train_loss": 2.3025853633880615, "grad_norm": 3.6675480430403695e-08, "test_error": 0.9}, {"outer_epoch": 177, "inner_epoch": 1, "train_loss": 2.3025853633880615, "grad_norm": 4.4976459889767284e-08, "test_error": 0.9}, {"outer_epoch": 178, "inner_epoch": 1, "train_loss": 2.3025853633880615, "grad_norm": 3.749736876557108e-08, "test_error": 0.9}, {"outer_epoch": 179, "inner_epoch": 1, "train_loss": 2.3025853633880615, "grad_norm": 3.9684053376731754e-08, "test_error": 0.9}, {"outer_epoch": 180, "inner_epoch": 1, "train_loss": 2.3025853633880615, "grad_norm": 4.3468794785894715e-08, "test_error": 0.9}, {"outer_epoch": 181, "inner_epoch": 1, "train_loss": 2.3025853633880615, "grad_norm": 4.3920124426222173e-08, "test_error": 0.9}, {"outer_epoch": 182, "inner_epoch": 1, "train_loss": 2.3025853633880615, "grad_norm": 3.715258856118453e-08, "test_error": 0.9}, {"outer_epoch": 183, "inner_epoch": 1, "train_loss": 2.3025853633880615, "grad_norm": 3.531654257926675e-08, "test_error": 0.9}, {"outer_epoch": 184, "inner_epoch": 1, "train_loss": 2.3025853633880615, "grad_norm": 4.1416331697519126e-08, "test_error": 0.9}, {"outer_epoch": 185, "inner_epoch": 1, "train_loss": 2.3025853633880615, "grad_norm": 2.9525851985567897e-08, "test_error": 0.9}, {"outer_epoch": 186, "inner_epoch": 1, "train_loss": 2.3025853633880615, "grad_norm": 5.34049000577852e-08, "test_error": 0.9}, {"outer_epoch": 187, "inner_epoch": 1, "train_loss": 2.3025853633880615, "grad_norm": 3.8428765947173815e-08, "test_error": 0.9}, {"outer_epoch": 188, "inner_epoch": 1, "train_loss": 2.3025853633880615, "grad_norm": 2.385502817503493e-08, "test_error": 0.9}, {"outer_epoch": 189, "inner_epoch": 1, "train_loss": 2.3025853633880615, "grad_norm": 4.5967933459678534e-08, "test_error": 0.9}, {"outer_epoch": 190, "inner_epoch": 1, "train_loss": 2.3025853633880615, "grad_norm": 4.514232898600312e-08, "test_error": 0.9}, {"outer_epoch": 191, "inner_epoch": 1, "train_loss": 2.3025853633880615, "grad_norm": 4.026710342941442e-08, "test_error": 0.9}, {"outer_epoch": 192, "inner_epoch": 1, "train_loss": 2.3025853633880615, "grad_norm": 4.1819497198503086e-08, "test_error": 0.9}, {"outer_epoch": 193, "inner_epoch": 1, "train_loss": 2.3025853633880615, "grad_norm": 3.470675835615111e-08, "test_error": 0.9}, {"outer_epoch": 194, "inner_epoch": 1, "train_loss": 2.3025853633880615, "grad_norm": 4.703935729821751e-08, "test_error": 0.9}, {"outer_epoch": 195, "inner_epoch": 1, "train_loss": 2.3025853633880615, "grad_norm": 2.864537762548025e-08, "test_error": 0.9}, {"outer_epoch": 196, "inner_epoch": 1, "train_loss": 2.3025853633880615, "grad_norm": 3.407148341239008e-08, "test_error": 0.9}, {"outer_epoch": 197, "inner_epoch": 1, "train_loss": 2.3025853633880615, "grad_norm": 2.0238054787569126e-08, "test_error": 0.9}, {"outer_epoch": 198, "inner_epoch": 1, "train_loss": 2.3025853633880615, "grad_norm": 4.905567507762498e-08, "test_error": 0.9}, {"outer_epoch": 199, "inner_epoch": 1, "train_loss": 2.3025853633880615, "grad_norm": 4.18350971642667e-08, "test_error": 0.9}, {"outer_epoch": 200, "inner_epoch": 1, "train_loss": 2.3025853633880615, "grad_norm": 3.8621553954953924e-08, "test_error": 0.9}, {"outer_epoch": 201, "inner_epoch": 1, "train_loss": 2.3025853633880615, "grad_norm": 3.664216663423758e-08, "test_error": 0.9}, {"outer_epoch": 202, "inner_epoch": 1, "train_loss": 2.3025853633880615, "grad_norm": 3.757052624564494e-08, "test_error": 0.9}, {"outer_epoch": 203, "inner_epoch": 1, "train_loss": 2.3025853633880615, "grad_norm": 3.654709956890656e-08, "test_error": 0.9}, {"outer_epoch": 204, "inner_epoch": 1, "train_loss": 2.3025853633880615, "grad_norm": 4.759647964647229e-08, "test_error": 0.9}, {"outer_epoch": 205, "inner_epoch": 1, "train_loss": 2.3025853633880615, "grad_norm": 3.7941514818840005e-08, "test_error": 0.9}, {"outer_epoch": 206, "inner_epoch": 1, "train_loss": 2.3025853633880615, "grad_norm": 3.2843253450209886e-08, "test_error": 0.9}, {"outer_epoch": 207, "inner_epoch": 1, "train_loss": 2.3025853633880615, "grad_norm": 4.737374936780725e-08, "test_error": 0.9}, {"outer_epoch": 208, "inner_epoch": 1, "train_loss": 2.3025853633880615, "grad_norm": 3.819805272087251e-08, "test_error": 0.9}, {"outer_epoch": 209, "inner_epoch": 1, "train_loss": 2.3025853633880615, "grad_norm": 3.656557723275e-08, "test_error": 0.9}, {"outer_epoch": 210, "inner_epoch": 1, "train_loss": 2.3025853633880615, "grad_norm": 3.5670971954004926e-08, "test_error": 0.9}, {"outer_epoch": 211, "inner_epoch": 1, "train_loss": 2.3025853633880615, "grad_norm": 4.411360166045597e-08, "test_error": 0.9}, {"outer_epoch": 212, "inner_epoch": 1, "train_loss": 2.3025853633880615, "grad_norm": 3.425120098654588e-08, "test_error": 0.9}, {"outer_epoch": 213, "inner_epoch": 1, "train_loss": 2.3025853633880615, "grad_norm": 3.65857211193088e-08, "test_error": 0.9}, {"outer_epoch": 214, "inner_epoch": 1, "train_loss": 2.3025853633880615, "grad_norm": 3.308682750002845e-08, "test_error": 0.9}, {"outer_epoch": 215, "inner_epoch": 1, "train_loss": 2.3025853633880615, "grad_norm": 4.083065618942783e-08, "test_error": 0.9}, {"outer_epoch": 216, "inner_epoch": 1, "train_loss": 2.3025853633880615, "grad_norm": 4.233172745671254e-08, "test_error": 0.9}, {"outer_epoch": 217, "inner_epoch": 1, "train_loss": 2.3025853633880615, "grad_norm": 3.467723885819396e-08, "test_error": 0.9}, {"outer_epoch": 218, "inner_epoch": 1, "train_loss": 2.3025853633880615, "grad_norm": 4.904564221419605e-08, "test_error": 0.9}, {"outer_epoch": 219, "inner_epoch": 1, "train_loss": 2.3025853633880615, "grad_norm": 4.144803966710242e-08, "test_error": 0.9}, {"outer_epoch": 220, "inner_epoch": 1, "train_loss": 2.3025853633880615, "grad_norm": 3.6721743867929035e-08, "test_error": 0.9}, {"outer_epoch": 221, "inner_epoch": 1, "train_loss": 2.3025853633880615, "grad_norm": 3.110651292104194e-08, "test_error": 0.9}, {"outer_epoch": 222, "inner_epoch": 1, "train_loss": 2.3025853633880615, "grad_norm": 3.4654529912359067e-08, "test_error": 0.9}, {"outer_epoch": 223, "inner_epoch": 1, "train_loss": 2.3025853633880615, "grad_norm": 4.2841275416094504e-08, "test_error": 0.9}, {"outer_epoch": 224, "inner_epoch": 1, "train_loss": 2.3025853633880615, "grad_norm": 3.8243005207050373e-08, "test_error": 0.9}, {"outer_epoch": 225, "inner_epoch": 1, "train_loss": 2.3025853633880615, "grad_norm": 4.102870221345256e-08, "test_error": 0.9}, {"outer_epoch": 226, "inner_epoch": 1, "train_loss": 2.3025853633880615, "grad_norm": 3.8846888372745525e-08, "test_error": 0.9}, {"outer_epoch": 227, "inner_epoch": 1, "train_loss": 2.3025853633880615, "grad_norm": 4.176401802169494e-08, "test_error": 0.9}, {"outer_epoch": 228, "inner_epoch": 1, "train_loss": 2.3025853633880615, "grad_norm": 4.089192273681874e-08, "test_error": 0.9}, {"outer_epoch": 229, "inner_epoch": 1, "train_loss": 2.3025853633880615, "grad_norm": 2.457922754217634e-08, "test_error": 0.9}, {"outer_epoch": 230, "inner_epoch": 1, "train_loss": 2.3025853633880615, "grad_norm": 3.627867428690479e-08, "test_error": 0.9}, {"outer_epoch": 231, "inner_epoch": 1, "train_loss": 2.3025853633880615, "grad_norm": 3.881207888412064e-08, "test_error": 0.9}, {"outer_epoch": 232, "inner_epoch": 1, "train_loss": 2.3025853633880615, "grad_norm": 3.807972603908638e-08, "test_error": 0.9}, {"outer_epoch": 233, "inner_epoch": 1, "train_loss": 2.3025853633880615, "grad_norm": 3.590625397009717e-08, "test_error": 0.9}, {"outer_epoch": 234, "inner_epoch": 1, "train_loss": 2.3025853633880615, "grad_norm": 3.894105304880213e-08, "test_error": 0.9}, {"outer_epoch": 235, "inner_epoch": 1, "train_loss": 2.3025853633880615, "grad_norm": 5.0794444206303524e-08, "test_error": 0.9}, {"outer_epoch": 236, "inner_epoch": 1, "train_loss": 2.3025853633880615, "grad_norm": 3.9633878401446054e-08, "test_error": 0.9}, {"outer_epoch": 237, "inner_epoch": 1, "train_loss": 2.3025853633880615, "grad_norm": 3.881352128587423e-08, "test_error": 0.9}, {"outer_epoch": 238, "inner_epoch": 1, "train_loss": 2.3025853385925292, "grad_norm": 3.7842202260662816e-08, "test_error": 0.9}, {"outer_epoch": 239, "inner_epoch": 1, "train_loss": 2.3025853629112243, "grad_norm": 3.9112592276069336e-08, "test_error": 0.9}, {"outer_epoch": 240, "inner_epoch": 1, "train_loss": 2.3025853633880615, "grad_norm": 3.555968675073018e-08, "test_error": 0.9}, {"outer_epoch": 241, "inner_epoch": 1, "train_loss": 2.3025853633880615, "grad_norm": 4.492497041042043e-08, "test_error": 0.9}, {"outer_epoch": 242, "inner_epoch": 1, "train_loss": 2.3025853633880615, "grad_norm": 3.5153487232264524e-08, "test_error": 0.9}, {"outer_epoch": 243, "inner_epoch": 1, "train_loss": 2.3025853633880615, "grad_norm": 3.624179356620516e-08, "test_error": 0.9}, {"outer_epoch": 244, "inner_epoch": 1, "train_loss": 2.3025853633880615, "grad_norm": 3.513300228519256e-08, "test_error": 0.9}, {"outer_epoch": 245, "inner_epoch": 1, "train_loss": 2.3025853633880615, "grad_norm": 4.236263251300443e-08, "test_error": 0.9}, {"outer_epoch": 246, "inner_epoch": 1, "train_loss": 2.3025853633880615, "grad_norm": 3.7504680250322053e-08, "test_error": 0.9}, {"outer_epoch": 247, "inner_epoch": 1, "train_loss": 2.3025853633880615, "grad_norm": 5.412289283412974e-08, "test_error": 0.9}, {"outer_epoch": 248, "inner_epoch": 1, "train_loss": 2.3025853633880615, "grad_norm": 4.4450107594684596e-08, "test_error": 0.9}, {"outer_epoch": 249, "inner_epoch": 1, "train_loss": 2.3025853633880615, "grad_norm": 3.4768056877965137e-08, "test_error": 0.9}, {"outer_epoch": 250, "inner_epoch": 1, "train_loss": 2.3025853633880615, "grad_norm": 4.107899087557598e-08, "test_error": 0.9}]}