{"argv": ["train.py", "--seed", "77", "--optimizer", "SVRG", "--run_name", "svrg_0.1.json", "--output_path", "experiments/nonconvex_stl10/svrg-0.1.json", "--dataset", "STL10", "--layer_sizes", "27648", "100", "10", "--batch_size", "10", "--learning_rate", "0.1", "--weight_decay", "0.01", "--warmup_learning_rate", "0.001", "--num_warmup_epochs", "20", "--num_outer_epochs", "250", "--num_inner_epochs", "1", "--device", "cuda"], "args": {"seed": 77, "optimizer": "SVRG", "run_name": "svrg_0.1.json", "output_path": "experiments/nonconvex_stl10/svrg-0.1.json", "device": "cuda", "dataset": "STL10", "dataset_root": "~/datasets/pytorch", "dataset_size": null, "download": false, "layer_sizes": [27648, 100, 10], "batch_size": 10, "test_batch_size": 256, "learning_rate": 0.1, "weight_decay": 0.01, "warmup_learning_rate": 0.001, "num_warmup_epochs": 20, "num_outer_epochs": 250, "num_inner_epochs": 1, "inner_epoch_fraction": null, "choose_random_iterate": false, "num_epochs": 10}, "metrics": [{"warmup_epoch": 1, "train_loss": 2.1348800573349, "grad_norm": 1.8805115222930908, "test_error": 0.733125}, {"warmup_epoch": 2, "train_loss": 1.952679219007492, "grad_norm": 1.3904025554656982, "test_error": 0.68525}, {"warmup_epoch": 3, "train_loss": 1.880379913330078, "grad_norm": 1.9659830331802368, "test_error": 0.678375}, {"warmup_epoch": 4, "train_loss": 1.835884770154953, "grad_norm": 1.6122037172317505, "test_error": 0.661625}, {"warmup_epoch": 5, "train_loss": 1.8045151345729828, "grad_norm": 1.6934443712234497, "test_error": 0.658875}, {"warmup_epoch": 6, "train_loss": 1.778914482831955, "grad_norm": 3.7849440574645996, "test_error": 0.67725}, {"warmup_epoch": 7, "train_loss": 1.7538169412612914, "grad_norm": 2.62298321723938, "test_error": 0.659375}, {"warmup_epoch": 8, "train_loss": 1.7306526463031768, "grad_norm": 2.4293901920318604, "test_error": 0.662125}, {"warmup_epoch": 9, "train_loss": 1.7082515306472779, "grad_norm": 2.8963584899902344, "test_error": 0.653375}, {"warmup_epoch": 10, "train_loss": 1.6863615746498108, "grad_norm": 4.028270244598389, "test_error": 0.646125}, {"warmup_epoch": 11, "train_loss": 1.66167369556427, "grad_norm": 3.1208910942077637, "test_error": 0.645}, {"warmup_epoch": 12, "train_loss": 1.6443801749944686, "grad_norm": 1.2179313898086548, "test_error": 0.620875}, {"warmup_epoch": 13, "train_loss": 1.618789933204651, "grad_norm": 2.593471050262451, "test_error": 0.646125}, {"warmup_epoch": 14, "train_loss": 1.5979233669042587, "grad_norm": 1.743858814239502, "test_error": 0.6295}, {"warmup_epoch": 15, "train_loss": 1.5805437738895416, "grad_norm": 3.6566174030303955, "test_error": 0.648875}, {"warmup_epoch": 16, "train_loss": 1.561762242794037, "grad_norm": 2.7268295288085938, "test_error": 0.63125}, {"warmup_epoch": 17, "train_loss": 1.5389812490940094, "grad_norm": 2.4517672061920166, "test_error": 0.62575}, {"warmup_epoch": 18, "train_loss": 1.5221547589302062, "grad_norm": 1.9178624153137207, "test_error": 0.622125}, {"warmup_epoch": 19, "train_loss": 1.5059223752021789, "grad_norm": 2.3122904300689697, "test_error": 0.616125}, {"warmup_epoch": 20, "train_loss": 1.4843166764974594, "grad_norm": 3.172278642654419, "test_error": 0.615125}, {"outer_epoch": 1, "inner_epoch": 1, "train_loss": 3.9838439362049103, "grad_norm": 0.012636680155992508, "test_error": 0.9}, {"outer_epoch": 2, "inner_epoch": 1, "train_loss": 2.302499384403229, "grad_norm": 5.001311001251452e-05, "test_error": 0.9}, {"outer_epoch": 3, "inner_epoch": 1, "train_loss": 2.3025848984718325, "grad_norm": 1.9447115562343242e-07, "test_error": 0.899875}, {"outer_epoch": 4, "inner_epoch": 1, "train_loss": 2.3025851964950563, "grad_norm": 4.747207782429541e-08, "test_error": 0.9}, {"outer_epoch": 5, "inner_epoch": 1, "train_loss": 2.3025853519439696, "grad_norm": 2.736323523322426e-08, "test_error": 0.899875}, {"outer_epoch": 6, "inner_epoch": 1, "train_loss": 2.3025853633880615, "grad_norm": 2.9103944143571425e-08, "test_error": 0.9}, {"outer_epoch": 7, "inner_epoch": 1, "train_loss": 2.3025853633880615, "grad_norm": 2.8902896076488105e-08, "test_error": 0.9}, {"outer_epoch": 8, "inner_epoch": 1, "train_loss": 2.3025853633880615, "grad_norm": 2.521036535085841e-08, "test_error": 0.899875}, {"outer_epoch": 9, "inner_epoch": 1, "train_loss": 2.3025853633880615, "grad_norm": 2.8284876663065006e-08, "test_error": 0.9}, {"outer_epoch": 10, "inner_epoch": 1, "train_loss": 2.3025853633880615, "grad_norm": 2.4199209747166606e-08, "test_error": 0.89975}, {"outer_epoch": 11, "inner_epoch": 1, "train_loss": 2.3025853633880615, "grad_norm": 2.4503515660967423e-08, "test_error": 0.899875}, {"outer_epoch": 12, "inner_epoch": 1, "train_loss": 2.3025853633880615, "grad_norm": 2.7071768826658626e-08, "test_error": 0.900125}, {"outer_epoch": 13, "inner_epoch": 1, "train_loss": 2.3025853633880615, "grad_norm": 2.661841591589109e-08, "test_error": 0.899875}, {"outer_epoch": 14, "inner_epoch": 1, "train_loss": 2.3025853633880615, "grad_norm": 3.231147616133967e-08, "test_error": 0.899875}, {"outer_epoch": 15, "inner_epoch": 1, "train_loss": 2.3025853633880615, "grad_norm": 2.4019849220735523e-08, "test_error": 0.899625}, {"outer_epoch": 16, "inner_epoch": 1, "train_loss": 2.3025853633880615, "grad_norm": 2.1390331284010244e-08, "test_error": 0.9}, {"outer_epoch": 17, "inner_epoch": 1, "train_loss": 2.3025853633880615, "grad_norm": 2.6049619350487774e-08, "test_error": 0.9}, {"outer_epoch": 18, "inner_epoch": 1, "train_loss": 2.3025853633880615, "grad_norm": 2.3793342407429918e-08, "test_error": 0.9}, {"outer_epoch": 19, "inner_epoch": 1, "train_loss": 2.3025853633880615, "grad_norm": 2.7411228842311175e-08, "test_error": 0.9}, {"outer_epoch": 20, "inner_epoch": 1, "train_loss": 2.3025853633880615, "grad_norm": 3.342666232697411e-08, "test_error": 0.9}, {"outer_epoch": 21, "inner_epoch": 1, "train_loss": 2.3025853633880615, "grad_norm": 3.592931463458626e-08, "test_error": 0.9}, {"outer_epoch": 22, "inner_epoch": 1, "train_loss": 2.3025853633880615, "grad_norm": 4.014632537518992e-08, "test_error": 0.9}, {"outer_epoch": 23, "inner_epoch": 1, "train_loss": 2.3025853633880615, "grad_norm": 3.528150571696642e-08, "test_error": 0.9}, {"outer_epoch": 24, "inner_epoch": 1, "train_loss": 2.302585359573364, "grad_norm": 4.994239333200312e-08, "test_error": 0.9}, {"outer_epoch": 25, "inner_epoch": 1, "train_loss": 2.3025853633880615, "grad_norm": 4.8880504976978045e-08, "test_error": 0.9}, {"outer_epoch": 26, "inner_epoch": 1, "train_loss": 2.3025853633880615, "grad_norm": 3.934253456350234e-08, "test_error": 0.9}, {"outer_epoch": 27, "inner_epoch": 1, "train_loss": 2.3025853633880615, "grad_norm": 4.073423554018518e-08, "test_error": 0.9}, {"outer_epoch": 28, "inner_epoch": 1, "train_loss": 2.3025853633880615, "grad_norm": 4.03101090284963e-08, "test_error": 0.9}, {"outer_epoch": 29, "inner_epoch": 1, "train_loss": 2.3025853633880615, "grad_norm": 3.565103057212582e-08, "test_error": 0.9}, {"outer_epoch": 30, "inner_epoch": 1, "train_loss": 2.3025853633880615, "grad_norm": 3.6823806226493616e-08, "test_error": 0.9}, {"outer_epoch": 31, "inner_epoch": 1, "train_loss": 2.3025853633880615, "grad_norm": 4.6872557390997827e-08, "test_error": 0.9}, {"outer_epoch": 32, "inner_epoch": 1, "train_loss": 2.3025853633880615, "grad_norm": 3.910534829287826e-08, "test_error": 0.9}, {"outer_epoch": 33, "inner_epoch": 1, "train_loss": 2.3025853633880615, "grad_norm": 3.966150430301241e-08, "test_error": 0.9}, {"outer_epoch": 34, "inner_epoch": 1, "train_loss": 2.3025853633880615, "grad_norm": 3.9530306139567983e-08, "test_error": 0.9}, {"outer_epoch": 35, "inner_epoch": 1, "train_loss": 2.3025853633880615, "grad_norm": 3.865101305677854e-08, "test_error": 0.9}, {"outer_epoch": 36, "inner_epoch": 1, "train_loss": 2.3025853633880615, "grad_norm": 2.9539030776959407e-08, "test_error": 0.9}, {"outer_epoch": 37, "inner_epoch": 1, "train_loss": 2.3025853633880615, "grad_norm": 4.332844127930002e-08, "test_error": 0.9}, {"outer_epoch": 38, "inner_epoch": 1, "train_loss": 2.3025853633880615, "grad_norm": 3.018979910507369e-08, "test_error": 0.9}, {"outer_epoch": 39, "inner_epoch": 1, "train_loss": 2.3025853633880615, "grad_norm": 4.3335035115887877e-08, "test_error": 0.9}, {"outer_epoch": 40, "inner_epoch": 1, "train_loss": 2.3025853633880615, "grad_norm": 4.080663629224546e-08, "test_error": 0.9}, {"outer_epoch": 41, "inner_epoch": 1, "train_loss": 2.3025853633880615, "grad_norm": 3.4609335841651045e-08, "test_error": 0.9}, {"outer_epoch": 42, "inner_epoch": 1, "train_loss": 2.3025853633880615, "grad_norm": 4.2783220521869225e-08, "test_error": 0.9}, {"outer_epoch": 43, "inner_epoch": 1, "train_loss": 2.3025853633880615, "grad_norm": 3.743786436416485e-08, "test_error": 0.9}, {"outer_epoch": 44, "inner_epoch": 1, "train_loss": 2.3025853633880615, "grad_norm": 3.946027149481779e-08, "test_error": 0.9}, {"outer_epoch": 45, "inner_epoch": 1, "train_loss": 2.3025853633880615, "grad_norm": 4.673399800481093e-08, "test_error": 0.9}, {"outer_epoch": 46, "inner_epoch": 1, "train_loss": 2.3025853633880615, "grad_norm": 4.626196314916342e-08, "test_error": 0.9}, {"outer_epoch": 47, "inner_epoch": 1, "train_loss": 2.3025853633880615, "grad_norm": 4.8440728761534046e-08, "test_error": 0.9}, {"outer_epoch": 48, "inner_epoch": 1, "train_loss": 2.3025853633880615, "grad_norm": 3.4319850072961344e-08, "test_error": 0.9}, {"outer_epoch": 49, "inner_epoch": 1, "train_loss": 2.3025853633880615, "grad_norm": 3.948224147620749e-08, "test_error": 0.9}, {"outer_epoch": 50, "inner_epoch": 1, "train_loss": 2.3025853633880615, "grad_norm": 3.8937578494824265e-08, "test_error": 0.9}, {"outer_epoch": 51, "inner_epoch": 1, "train_loss": 2.3025853633880615, "grad_norm": 3.4709362495277674e-08, "test_error": 0.9}, {"outer_epoch": 52, "inner_epoch": 1, "train_loss": 2.3025853633880615, "grad_norm": 4.872226710972427e-08, "test_error": 0.9}, {"outer_epoch": 53, "inner_epoch": 1, "train_loss": 2.3025853633880615, "grad_norm": 3.708858997697462e-08, "test_error": 0.9}, {"outer_epoch": 54, "inner_epoch": 1, "train_loss": 2.3025853633880615, "grad_norm": 3.4906708634707684e-08, "test_error": 0.9}, {"outer_epoch": 55, "inner_epoch": 1, "train_loss": 2.3025853633880615, "grad_norm": 3.407903648167121e-08, "test_error": 0.9}, {"outer_epoch": 56, "inner_epoch": 1, "train_loss": 2.3025853633880615, "grad_norm": 4.022498245603856e-08, "test_error": 0.9}, {"outer_epoch": 57, "inner_epoch": 1, "train_loss": 2.3025853633880615, "grad_norm": 3.757426370043504e-08, "test_error": 0.9}, {"outer_epoch": 58, "inner_epoch": 1, "train_loss": 2.3025853633880615, "grad_norm": 4.542930298612191e-08, "test_error": 0.9}, {"outer_epoch": 59, "inner_epoch": 1, "train_loss": 2.3025853633880615, "grad_norm": 3.8041829242274616e-08, "test_error": 0.9}, {"outer_epoch": 60, "inner_epoch": 1, "train_loss": 2.3025853633880615, "grad_norm": 3.367278722521405e-08, "test_error": 0.9}, {"outer_epoch": 61, "inner_epoch": 1, "train_loss": 2.3025853633880615, "grad_norm": 4.412086695992912e-08, "test_error": 0.9}, {"outer_epoch": 62, "inner_epoch": 1, "train_loss": 2.3025853633880615, "grad_norm": 3.151163241454924e-08, "test_error": 0.9}, {"outer_epoch": 63, "inner_epoch": 1, "train_loss": 2.3025853633880615, "grad_norm": 4.4140744392962006e-08, "test_error": 0.9}, {"outer_epoch": 64, "inner_epoch": 1, "train_loss": 2.3025853633880615, "grad_norm": 5.5051447844789436e-08, "test_error": 0.9}, {"outer_epoch": 65, "inner_epoch": 1, "train_loss": 2.3025853633880615, "grad_norm": 3.8905564991864594e-08, "test_error": 0.9}, {"outer_epoch": 66, "inner_epoch": 1, "train_loss": 2.3025853633880615, "grad_norm": 4.089427108056043e-08, "test_error": 0.9}, {"outer_epoch": 67, "inner_epoch": 1, "train_loss": 2.3025853633880615, "grad_norm": 3.6962806149176686e-08, "test_error": 0.9}, {"outer_epoch": 68, "inner_epoch": 1, "train_loss": 2.3025853633880615, "grad_norm": 4.51599966311278e-08, "test_error": 0.9}, {"outer_epoch": 69, "inner_epoch": 1, "train_loss": 2.3025853633880615, "grad_norm": 3.456577601923527e-08, "test_error": 0.9}, {"outer_epoch": 70, "inner_epoch": 1, "train_loss": 2.3025853633880615, "grad_norm": 3.506202972403116e-08, "test_error": 0.9}, {"outer_epoch": 71, "inner_epoch": 1, "train_loss": 2.3025853633880615, "grad_norm": 4.2140683831348724e-08, "test_error": 0.9}, {"outer_epoch": 72, "inner_epoch": 1, "train_loss": 2.3025853633880615, "grad_norm": 3.077537513718198e-08, "test_error": 0.9}, {"outer_epoch": 73, "inner_epoch": 1, "train_loss": 2.3025853633880615, "grad_norm": 5.32651007745244e-08, "test_error": 0.9}, {"outer_epoch": 74, "inner_epoch": 1, "train_loss": 2.3025853633880615, "grad_norm": 4.116198937254012e-08, "test_error": 0.9}, {"outer_epoch": 75, "inner_epoch": 1, "train_loss": 2.3025853633880615, "grad_norm": 4.4418978717430946e-08, "test_error": 0.9}, {"outer_epoch": 76, "inner_epoch": 1, "train_loss": 2.3025853633880615, "grad_norm": 5.300821470655137e-08, "test_error": 0.9}, {"outer_epoch": 77, "inner_epoch": 1, "train_loss": 2.3025853633880615, "grad_norm": 3.681873650407397e-08, "test_error": 0.9}, {"outer_epoch": 78, "inner_epoch": 1, "train_loss": 2.3025853633880615, "grad_norm": 2.5711516471460527e-08, "test_error": 0.9}, {"outer_epoch": 79, "inner_epoch": 1, "train_loss": 2.3025853633880615, "grad_norm": 4.080542126416731e-08, "test_error": 0.9}, {"outer_epoch": 80, "inner_epoch": 1, "train_loss": 2.3025853633880615, "grad_norm": 3.451972929724434e-08, "test_error": 0.9}, {"outer_epoch": 81, "inner_epoch": 1, "train_loss": 2.3025853633880615, "grad_norm": 3.4107753066336954e-08, "test_error": 0.9}, {"outer_epoch": 82, "inner_epoch": 1, "train_loss": 2.3025853633880615, "grad_norm": 4.0614597907051575e-08, "test_error": 0.9}, {"outer_epoch": 83, "inner_epoch": 1, "train_loss": 2.3025853633880615, "grad_norm": 4.321746871482901e-08, "test_error": 0.9}, {"outer_epoch": 84, "inner_epoch": 1, "train_loss": 2.3025853633880615, "grad_norm": 3.653342517395686e-08, "test_error": 0.9}, {"outer_epoch": 85, "inner_epoch": 1, "train_loss": 2.3025853633880615, "grad_norm": 4.963960620329999e-08, "test_error": 0.9}, {"outer_epoch": 86, "inner_epoch": 1, "train_loss": 2.3025853633880615, "grad_norm": 3.784850477472901e-08, "test_error": 0.9}, {"outer_epoch": 87, "inner_epoch": 1, "train_loss": 2.3025853633880615, "grad_norm": 4.578584267278529e-08, "test_error": 0.9}, {"outer_epoch": 88, "inner_epoch": 1, "train_loss": 2.3025853633880615, "grad_norm": 2.3610365218473817e-08, "test_error": 0.9}, {"outer_epoch": 89, "inner_epoch": 1, "train_loss": 2.3025853633880615, "grad_norm": 2.8696279130713265e-08, "test_error": 0.9}, {"outer_epoch": 90, "inner_epoch": 1, "train_loss": 2.3025853633880615, "grad_norm": 4.083835847268347e-08, "test_error": 0.9}, {"outer_epoch": 91, "inner_epoch": 1, "train_loss": 2.3025853633880615, "grad_norm": 3.3403225074835063e-08, "test_error": 0.9}, {"outer_epoch": 92, "inner_epoch": 1, "train_loss": 2.3025853633880615, "grad_norm": 4.402919628887503e-08, "test_error": 0.9}, {"outer_epoch": 93, "inner_epoch": 1, "train_loss": 2.3025853633880615, "grad_norm": 3.067944831514069e-08, "test_error": 0.9}, {"outer_epoch": 94, "inner_epoch": 1, "train_loss": 2.3025853633880615, "grad_norm": 3.379373225698146e-08, "test_error": 0.9}, {"outer_epoch": 95, "inner_epoch": 1, "train_loss": 2.3025853633880615, "grad_norm": 4.48623325155495e-08, "test_error": 0.9}, {"outer_epoch": 96, "inner_epoch": 1, "train_loss": 2.3025853633880615, "grad_norm": 3.118728031381579e-08, "test_error": 0.9}, {"outer_epoch": 97, "inner_epoch": 1, "train_loss": 2.3025853633880615, "grad_norm": 4.468755321340723e-08, "test_error": 0.9}, {"outer_epoch": 98, "inner_epoch": 1, "train_loss": 2.3025853633880615, "grad_norm": 3.4828925521424026e-08, "test_error": 0.9}, {"outer_epoch": 99, "inner_epoch": 1, "train_loss": 2.3025853633880615, "grad_norm": 3.893700650792198e-08, "test_error": 0.9}, {"outer_epoch": 100, "inner_epoch": 1, "train_loss": 2.3025853633880615, "grad_norm": 4.3675385086316965e-08, "test_error": 0.9}, {"outer_epoch": 101, "inner_epoch": 1, "train_loss": 2.3025853633880615, "grad_norm": 2.6055682056380647e-08, "test_error": 0.9}, {"outer_epoch": 102, "inner_epoch": 1, "train_loss": 2.3025853633880615, "grad_norm": 3.930291470055636e-08, "test_error": 0.9}, {"outer_epoch": 103, "inner_epoch": 1, "train_loss": 2.3025853633880615, "grad_norm": 4.1987345156258016e-08, "test_error": 0.9}, {"outer_epoch": 104, "inner_epoch": 1, "train_loss": 2.3025853633880615, "grad_norm": 3.650556834600138e-08, "test_error": 0.9}, {"outer_epoch": 105, "inner_epoch": 1, "train_loss": 2.3025853633880615, "grad_norm": 3.6872560116307795e-08, "test_error": 0.9}, {"outer_epoch": 106, "inner_epoch": 1, "train_loss": 2.3025853633880615, "grad_norm": 4.255226926375144e-08, "test_error": 0.9}, {"outer_epoch": 107, "inner_epoch": 1, "train_loss": 2.3025853404998777, "grad_norm": 3.524232639051661e-08, "test_error": 0.9}, {"outer_epoch": 108, "inner_epoch": 1, "train_loss": 2.3025853633880615, "grad_norm": 3.761859801443279e-08, "test_error": 0.9}, {"outer_epoch": 109, "inner_epoch": 1, "train_loss": 2.3025853633880615, "grad_norm": 5.0132587858797706e-08, "test_error": 0.9}, {"outer_epoch": 110, "inner_epoch": 1, "train_loss": 2.3025853633880615, "grad_norm": 3.78147717583488e-08, "test_error": 0.9}, {"outer_epoch": 111, "inner_epoch": 1, "train_loss": 2.3025853633880615, "grad_norm": 4.9513118938193657e-08, "test_error": 0.9}, {"outer_epoch": 112, "inner_epoch": 1, "train_loss": 2.3025853633880615, "grad_norm": 3.4411900884379065e-08, "test_error": 0.9}, {"outer_epoch": 113, "inner_epoch": 1, "train_loss": 2.3025853633880615, "grad_norm": 3.64038754696594e-08, "test_error": 0.9}, {"outer_epoch": 114, "inner_epoch": 1, "train_loss": 2.3025853633880615, "grad_norm": 3.6737652919782704e-08, "test_error": 0.9}, {"outer_epoch": 115, "inner_epoch": 1, "train_loss": 2.3025853633880615, "grad_norm": 3.7131332675244266e-08, "test_error": 0.9}, {"outer_epoch": 116, "inner_epoch": 1, "train_loss": 2.3025853633880615, "grad_norm": 3.449141061651062e-08, "test_error": 0.9}, {"outer_epoch": 117, "inner_epoch": 1, "train_loss": 2.3025853633880615, "grad_norm": 3.830584205388732e-08, "test_error": 0.9}, {"outer_epoch": 118, "inner_epoch": 1, "train_loss": 2.3025853633880615, "grad_norm": 3.455684804976045e-08, "test_error": 0.9}, {"outer_epoch": 119, "inner_epoch": 1, "train_loss": 2.3025853633880615, "grad_norm": 4.48653985074543e-08, "test_error": 0.9}, {"outer_epoch": 120, "inner_epoch": 1, "train_loss": 2.3025853633880615, "grad_norm": 3.1948868439712896e-08, "test_error": 0.9}, {"outer_epoch": 121, "inner_epoch": 1, "train_loss": 2.3025853633880615, "grad_norm": 4.379416651545398e-08, "test_error": 0.9}, {"outer_epoch": 122, "inner_epoch": 1, "train_loss": 2.3025853633880615, "grad_norm": 3.451838992418743e-08, "test_error": 0.9}, {"outer_epoch": 123, "inner_epoch": 1, "train_loss": 2.3025853633880615, "grad_norm": 4.9913086996866696e-08, "test_error": 0.9}, {"outer_epoch": 124, "inner_epoch": 1, "train_loss": 2.3025853633880615, "grad_norm": 2.9029518344714234e-08, "test_error": 0.9}, {"outer_epoch": 125, "inner_epoch": 1, "train_loss": 2.3025853633880615, "grad_norm": 3.963080885682757e-08, "test_error": 0.9}, {"outer_epoch": 126, "inner_epoch": 1, "train_loss": 2.3025853633880615, "grad_norm": 3.618025701257466e-08, "test_error": 0.9}, {"outer_epoch": 127, "inner_epoch": 1, "train_loss": 2.3025853633880615, "grad_norm": 4.5444423335538886e-08, "test_error": 0.9}, {"outer_epoch": 128, "inner_epoch": 1, "train_loss": 2.3025853633880615, "grad_norm": 4.056538216445915e-08, "test_error": 0.9}, {"outer_epoch": 129, "inner_epoch": 1, "train_loss": 2.3025853633880615, "grad_norm": 4.4831892864749534e-08, "test_error": 0.9}, {"outer_epoch": 130, "inner_epoch": 1, "train_loss": 2.3025853633880615, "grad_norm": 2.5392363767196002e-08, "test_error": 0.9}, {"outer_epoch": 131, "inner_epoch": 1, "train_loss": 2.3025853633880615, "grad_norm": 4.0107622112373065e-08, "test_error": 0.9}, {"outer_epoch": 132, "inner_epoch": 1, "train_loss": 2.3025853633880615, "grad_norm": 4.475326420561032e-08, "test_error": 0.9}, {"outer_epoch": 133, "inner_epoch": 1, "train_loss": 2.3025853633880615, "grad_norm": 3.879469545609027e-08, "test_error": 0.9}, {"outer_epoch": 134, "inner_epoch": 1, "train_loss": 2.3025853633880615, "grad_norm": 4.2095042118717174e-08, "test_error": 0.9}, {"outer_epoch": 135, "inner_epoch": 1, "train_loss": 2.3025853633880615, "grad_norm": 4.689254851086844e-08, "test_error": 0.9}, {"outer_epoch": 136, "inner_epoch": 1, "train_loss": 2.3025853633880615, "grad_norm": 3.2756272361211813e-08, "test_error": 0.9}, {"outer_epoch": 137, "inner_epoch": 1, "train_loss": 2.3025853633880615, "grad_norm": 3.944436244296412e-08, "test_error": 0.9}, {"outer_epoch": 138, "inner_epoch": 1, "train_loss": 2.3025853633880615, "grad_norm": 3.58347733708797e-08, "test_error": 0.9}, {"outer_epoch": 139, "inner_epoch": 1, "train_loss": 2.3025853633880615, "grad_norm": 4.692535782169216e-08, "test_error": 0.9}, {"outer_epoch": 140, "inner_epoch": 1, "train_loss": 2.3025853633880615, "grad_norm": 4.096887096238788e-08, "test_error": 0.9}, {"outer_epoch": 141, "inner_epoch": 1, "train_loss": 2.3025853633880615, "grad_norm": 3.593030584170265e-08, "test_error": 0.9}, {"outer_epoch": 142, "inner_epoch": 1, "train_loss": 2.3025853633880615, "grad_norm": 3.747583576796387e-08, "test_error": 0.9}, {"outer_epoch": 143, "inner_epoch": 1, "train_loss": 2.3025853633880615, "grad_norm": 3.386599090049458e-08, "test_error": 0.9}, {"outer_epoch": 144, "inner_epoch": 1, "train_loss": 2.3025853633880615, "grad_norm": 3.800079184657079e-08, "test_error": 0.9}, {"outer_epoch": 145, "inner_epoch": 1, "train_loss": 2.3025853633880615, "grad_norm": 4.781233542416885e-08, "test_error": 0.9}, {"outer_epoch": 146, "inner_epoch": 1, "train_loss": 2.3025853633880615, "grad_norm": 2.9186960404103957e-08, "test_error": 0.9}, {"outer_epoch": 147, "inner_epoch": 1, "train_loss": 2.3025853633880615, "grad_norm": 4.532469333184963e-08, "test_error": 0.9}, {"outer_epoch": 148, "inner_epoch": 1, "train_loss": 2.3025853490829467, "grad_norm": 3.91811738609249e-08, "test_error": 0.9}, {"outer_epoch": 149, "inner_epoch": 1, "train_loss": 2.3025853633880615, "grad_norm": 3.260711878283473e-08, "test_error": 0.9}, {"outer_epoch": 150, "inner_epoch": 1, "train_loss": 2.3025853633880615, "grad_norm": 3.8989650619214444e-08, "test_error": 0.9}, {"outer_epoch": 151, "inner_epoch": 1, "train_loss": 2.3025853633880615, "grad_norm": 3.8319065254199813e-08, "test_error": 0.9}, {"outer_epoch": 152, "inner_epoch": 1, "train_loss": 2.3025853633880615, "grad_norm": 3.2092756896417995e-08, "test_error": 0.9}, {"outer_epoch": 153, "inner_epoch": 1, "train_loss": 2.3025853633880615, "grad_norm": 4.6751924998034156e-08, "test_error": 0.9}, {"outer_epoch": 154, "inner_epoch": 1, "train_loss": 2.3025853490829467, "grad_norm": 3.5764923467240806e-08, "test_error": 0.9}, {"outer_epoch": 155, "inner_epoch": 1, "train_loss": 2.3025853633880615, "grad_norm": 4.021693555955608e-08, "test_error": 0.9}, {"outer_epoch": 156, "inner_epoch": 1, "train_loss": 2.3025853633880615, "grad_norm": 4.2763495855524525e-08, "test_error": 0.9}, {"outer_epoch": 157, "inner_epoch": 1, "train_loss": 2.3025853633880615, "grad_norm": 4.1365094460843466e-08, "test_error": 0.9}, {"outer_epoch": 158, "inner_epoch": 1, "train_loss": 2.3025853633880615, "grad_norm": 3.5007673204745515e-08, "test_error": 0.9}, {"outer_epoch": 159, "inner_epoch": 1, "train_loss": 2.3025853633880615, "grad_norm": 4.124415653450342e-08, "test_error": 0.9}, {"outer_epoch": 160, "inner_epoch": 1, "train_loss": 2.3025853633880615, "grad_norm": 3.893309141744794e-08, "test_error": 0.9}, {"outer_epoch": 161, "inner_epoch": 1, "train_loss": 2.3025853633880615, "grad_norm": 5.154675974949896e-08, "test_error": 0.9}, {"outer_epoch": 162, "inner_epoch": 1, "train_loss": 2.3025853633880615, "grad_norm": 3.776186119353042e-08, "test_error": 0.9}, {"outer_epoch": 163, "inner_epoch": 1, "train_loss": 2.3025853633880615, "grad_norm": 3.306765705701764e-08, "test_error": 0.9}, {"outer_epoch": 164, "inner_epoch": 1, "train_loss": 2.3025853633880615, "grad_norm": 3.976236939706723e-08, "test_error": 0.9}, {"outer_epoch": 165, "inner_epoch": 1, "train_loss": 2.3025853633880615, "grad_norm": 3.940909465427467e-08, "test_error": 0.9}, {"outer_epoch": 166, "inner_epoch": 1, "train_loss": 2.3025853633880615, "grad_norm": 4.2868673943985414e-08, "test_error": 0.9}, {"outer_epoch": 167, "inner_epoch": 1, "train_loss": 2.3025853633880615, "grad_norm": 3.689473615509087e-08, "test_error": 0.9}, {"outer_epoch": 168, "inner_epoch": 1, "train_loss": 2.3025853633880615, "grad_norm": 3.823874550334949e-08, "test_error": 0.9}, {"outer_epoch": 169, "inner_epoch": 1, "train_loss": 2.3025853633880615, "grad_norm": 3.576667850779813e-08, "test_error": 0.9}, {"outer_epoch": 170, "inner_epoch": 1, "train_loss": 2.3025853633880615, "grad_norm": 4.7795108315540347e-08, "test_error": 0.9}, {"outer_epoch": 171, "inner_epoch": 1, "train_loss": 2.3025853633880615, "grad_norm": 3.7848984391075646e-08, "test_error": 0.9}, {"outer_epoch": 172, "inner_epoch": 1, "train_loss": 2.3025853633880615, "grad_norm": 5.111882828146008e-08, "test_error": 0.9}, {"outer_epoch": 173, "inner_epoch": 1, "train_loss": 2.3025853633880615, "grad_norm": 3.267139447871159e-08, "test_error": 0.9}, {"outer_epoch": 174, "inner_epoch": 1, "train_loss": 2.3025853633880615, "grad_norm": 4.5032045647985797e-08, "test_error": 0.9}, {"outer_epoch": 175, "inner_epoch": 1, "train_loss": 2.3025853633880615, "grad_norm": 4.478890502923605e-08, "test_error": 0.9}, {"outer_epoch": 176, "inner_epoch": 1, "train_loss": 2.3025853633880615, "grad_norm": 4.0784779997693477e-08, "test_error": 0.9}, {"outer_epoch": 177, "inner_epoch": 1, "train_loss": 2.3025853633880615, "grad_norm": 4.532522623890145e-08, "test_error": 0.9}, {"outer_epoch": 178, "inner_epoch": 1, "train_loss": 2.3025853633880615, "grad_norm": 4.357360694484669e-08, "test_error": 0.9}, {"outer_epoch": 179, "inner_epoch": 1, "train_loss": 2.3025853633880615, "grad_norm": 3.6106634127008874e-08, "test_error": 0.9}, {"outer_epoch": 180, "inner_epoch": 1, "train_loss": 2.3025853633880615, "grad_norm": 4.59397853092014e-08, "test_error": 0.9}, {"outer_epoch": 181, "inner_epoch": 1, "train_loss": 2.3025853633880615, "grad_norm": 3.177778395979658e-08, "test_error": 0.9}, {"outer_epoch": 182, "inner_epoch": 1, "train_loss": 2.3025853633880615, "grad_norm": 3.875979359690973e-08, "test_error": 0.9}, {"outer_epoch": 183, "inner_epoch": 1, "train_loss": 2.3025853633880615, "grad_norm": 3.961281080933077e-08, "test_error": 0.9}, {"outer_epoch": 184, "inner_epoch": 1, "train_loss": 2.3025853633880615, "grad_norm": 4.3940381999618694e-08, "test_error": 0.9}, {"outer_epoch": 185, "inner_epoch": 1, "train_loss": 2.3025853633880615, "grad_norm": 4.095268479886727e-08, "test_error": 0.9}, {"outer_epoch": 186, "inner_epoch": 1, "train_loss": 2.3025853633880615, "grad_norm": 4.5273740312268274e-08, "test_error": 0.9}, {"outer_epoch": 187, "inner_epoch": 1, "train_loss": 2.3025853633880615, "grad_norm": 3.412035454175566e-08, "test_error": 0.9}, {"outer_epoch": 188, "inner_epoch": 1, "train_loss": 2.3025853633880615, "grad_norm": 2.98233224782507e-08, "test_error": 0.9}, {"outer_epoch": 189, "inner_epoch": 1, "train_loss": 2.3025853633880615, "grad_norm": 4.5261032255439204e-08, "test_error": 0.9}, {"outer_epoch": 190, "inner_epoch": 1, "train_loss": 2.3025853633880615, "grad_norm": 4.825057331458993e-08, "test_error": 0.9}, {"outer_epoch": 191, "inner_epoch": 1, "train_loss": 2.3025853633880615, "grad_norm": 4.026710342941442e-08, "test_error": 0.9}, {"outer_epoch": 192, "inner_epoch": 1, "train_loss": 2.3025853633880615, "grad_norm": 3.701672923739352e-08, "test_error": 0.9}, {"outer_epoch": 193, "inner_epoch": 1, "train_loss": 2.3025853633880615, "grad_norm": 3.1165765079776975e-08, "test_error": 0.9}, {"outer_epoch": 194, "inner_epoch": 1, "train_loss": 2.3025853633880615, "grad_norm": 4.6761165606312716e-08, "test_error": 0.9}, {"outer_epoch": 195, "inner_epoch": 1, "train_loss": 2.3025853633880615, "grad_norm": 3.358616496029754e-08, "test_error": 0.9}, {"outer_epoch": 196, "inner_epoch": 1, "train_loss": 2.3025853633880615, "grad_norm": 3.6280287218914964e-08, "test_error": 0.9}, {"outer_epoch": 197, "inner_epoch": 1, "train_loss": 2.3025853633880615, "grad_norm": 2.529063358736039e-08, "test_error": 0.9}, {"outer_epoch": 198, "inner_epoch": 1, "train_loss": 2.3025853633880615, "grad_norm": 4.544487808288977e-08, "test_error": 0.9}, {"outer_epoch": 199, "inner_epoch": 1, "train_loss": 2.3025853633880615, "grad_norm": 4.428151001434344e-08, "test_error": 0.9}, {"outer_epoch": 200, "inner_epoch": 1, "train_loss": 2.3025853633880615, "grad_norm": 3.8621553954953924e-08, "test_error": 0.9}, {"outer_epoch": 201, "inner_epoch": 1, "train_loss": 2.3025853633880615, "grad_norm": 3.198646325586196e-08, "test_error": 0.9}, {"outer_epoch": 202, "inner_epoch": 1, "train_loss": 2.3025853633880615, "grad_norm": 3.317553165516074e-08, "test_error": 0.9}, {"outer_epoch": 203, "inner_epoch": 1, "train_loss": 2.3025853633880615, "grad_norm": 3.525645198010352e-08, "test_error": 0.9}, {"outer_epoch": 204, "inner_epoch": 1, "train_loss": 2.3025853633880615, "grad_norm": 4.5870994114238783e-08, "test_error": 0.9}, {"outer_epoch": 205, "inner_epoch": 1, "train_loss": 2.3025853633880615, "grad_norm": 4.207389991961463e-08, "test_error": 0.9}, {"outer_epoch": 206, "inner_epoch": 1, "train_loss": 2.3025853633880615, "grad_norm": 3.588172958757241e-08, "test_error": 0.9}, {"outer_epoch": 207, "inner_epoch": 1, "train_loss": 2.3025853633880615, "grad_norm": 4.032013833921155e-08, "test_error": 0.9}, {"outer_epoch": 208, "inner_epoch": 1, "train_loss": 2.3025853633880615, "grad_norm": 4.4397062026746426e-08, "test_error": 0.9}, {"outer_epoch": 209, "inner_epoch": 1, "train_loss": 2.3025853633880615, "grad_norm": 3.3340693761374496e-08, "test_error": 0.9}, {"outer_epoch": 210, "inner_epoch": 1, "train_loss": 2.3025853633880615, "grad_norm": 3.5670971954004926e-08, "test_error": 0.9}, {"outer_epoch": 211, "inner_epoch": 1, "train_loss": 2.3025853633880615, "grad_norm": 3.6925786872643585e-08, "test_error": 0.9}, {"outer_epoch": 212, "inner_epoch": 1, "train_loss": 2.3025853633880615, "grad_norm": 2.9334177753526092e-08, "test_error": 0.9}, {"outer_epoch": 213, "inner_epoch": 1, "train_loss": 2.3025853633880615, "grad_norm": 4.41832277431331e-08, "test_error": 0.9}, {"outer_epoch": 214, "inner_epoch": 1, "train_loss": 2.3025853633880615, "grad_norm": 4.333051961680212e-08, "test_error": 0.9}, {"outer_epoch": 215, "inner_epoch": 1, "train_loss": 2.3025853633880615, "grad_norm": 3.24169491250359e-08, "test_error": 0.9}, {"outer_epoch": 216, "inner_epoch": 1, "train_loss": 2.3025853633880615, "grad_norm": 4.131542041818648e-08, "test_error": 0.9}, {"outer_epoch": 217, "inner_epoch": 1, "train_loss": 2.3025853633880615, "grad_norm": 3.574619000801249e-08, "test_error": 0.9}, {"outer_epoch": 218, "inner_epoch": 1, "train_loss": 2.3025853633880615, "grad_norm": 3.048231533853141e-08, "test_error": 0.9}, {"outer_epoch": 219, "inner_epoch": 1, "train_loss": 2.3025853633880615, "grad_norm": 4.2981010750509085e-08, "test_error": 0.9}, {"outer_epoch": 220, "inner_epoch": 1, "train_loss": 2.3025853633880615, "grad_norm": 3.57691973817964e-08, "test_error": 0.9}, {"outer_epoch": 221, "inner_epoch": 1, "train_loss": 2.3025853633880615, "grad_norm": 3.6019788041130596e-08, "test_error": 0.9}, {"outer_epoch": 222, "inner_epoch": 1, "train_loss": 2.3025853633880615, "grad_norm": 3.071605192417337e-08, "test_error": 0.9}, {"outer_epoch": 223, "inner_epoch": 1, "train_loss": 2.3025853633880615, "grad_norm": 3.950020399656751e-08, "test_error": 0.9}, {"outer_epoch": 224, "inner_epoch": 1, "train_loss": 2.3025853633880615, "grad_norm": 4.7737472641529166e-08, "test_error": 0.9}, {"outer_epoch": 225, "inner_epoch": 1, "train_loss": 2.3025853633880615, "grad_norm": 4.1341159828789387e-08, "test_error": 0.9}, {"outer_epoch": 226, "inner_epoch": 1, "train_loss": 2.3025853633880615, "grad_norm": 4.208323289844884e-08, "test_error": 0.9}, {"outer_epoch": 227, "inner_epoch": 1, "train_loss": 2.3025853633880615, "grad_norm": 5.203436259648697e-08, "test_error": 0.9}, {"outer_epoch": 228, "inner_epoch": 1, "train_loss": 2.3025853633880615, "grad_norm": 3.232335998859526e-08, "test_error": 0.9}, {"outer_epoch": 229, "inner_epoch": 1, "train_loss": 2.3025853633880615, "grad_norm": 3.53200206859583e-08, "test_error": 0.9}, {"outer_epoch": 230, "inner_epoch": 1, "train_loss": 2.3025853633880615, "grad_norm": 3.3266026377987146e-08, "test_error": 0.9}, {"outer_epoch": 231, "inner_epoch": 1, "train_loss": 2.3025853633880615, "grad_norm": 4.388199315030761e-08, "test_error": 0.9}, {"outer_epoch": 232, "inner_epoch": 1, "train_loss": 2.3025853633880615, "grad_norm": 4.3695433049606436e-08, "test_error": 0.9}, {"outer_epoch": 233, "inner_epoch": 1, "train_loss": 2.3025853633880615, "grad_norm": 3.52816265092315e-08, "test_error": 0.9}, {"outer_epoch": 234, "inner_epoch": 1, "train_loss": 2.3025853633880615, "grad_norm": 3.818291105517346e-08, "test_error": 0.9}, {"outer_epoch": 235, "inner_epoch": 1, "train_loss": 2.3025853633880615, "grad_norm": 5.164009309055473e-08, "test_error": 0.9}, {"outer_epoch": 236, "inner_epoch": 1, "train_loss": 2.3025853633880615, "grad_norm": 3.6711107043174707e-08, "test_error": 0.9}, {"outer_epoch": 237, "inner_epoch": 1, "train_loss": 2.3025853633880615, "grad_norm": 3.341964571745848e-08, "test_error": 0.9}, {"outer_epoch": 238, "inner_epoch": 1, "train_loss": 2.3025853633880615, "grad_norm": 4.26729371838519e-08, "test_error": 0.9}, {"outer_epoch": 239, "inner_epoch": 1, "train_loss": 2.3025853633880615, "grad_norm": 3.485163091454524e-08, "test_error": 0.9}, {"outer_epoch": 240, "inner_epoch": 1, "train_loss": 2.3025853633880615, "grad_norm": 3.9515967387160345e-08, "test_error": 0.9}, {"outer_epoch": 241, "inner_epoch": 1, "train_loss": 2.3025853633880615, "grad_norm": 4.126383856828397e-08, "test_error": 0.9}, {"outer_epoch": 242, "inner_epoch": 1, "train_loss": 2.3025853633880615, "grad_norm": 3.7707973632450376e-08, "test_error": 0.9}, {"outer_epoch": 243, "inner_epoch": 1, "train_loss": 2.3025853633880615, "grad_norm": 4.2162600522033244e-08, "test_error": 0.9}, {"outer_epoch": 244, "inner_epoch": 1, "train_loss": 2.3025853633880615, "grad_norm": 4.369663741954355e-08, "test_error": 0.9}, {"outer_epoch": 245, "inner_epoch": 1, "train_loss": 2.3025853633880615, "grad_norm": 4.251122120990658e-08, "test_error": 0.9}, {"outer_epoch": 246, "inner_epoch": 1, "train_loss": 2.3025853633880615, "grad_norm": 3.589451225138873e-08, "test_error": 0.9}, {"outer_epoch": 247, "inner_epoch": 1, "train_loss": 2.3025853633880615, "grad_norm": 4.99234431572404e-08, "test_error": 0.9}, {"outer_epoch": 248, "inner_epoch": 1, "train_loss": 2.3025853633880615, "grad_norm": 4.1589220955984274e-08, "test_error": 0.9}, {"outer_epoch": 249, "inner_epoch": 1, "train_loss": 2.3025853633880615, "grad_norm": 4.008734322269447e-08, "test_error": 0.9}, {"outer_epoch": 250, "inner_epoch": 1, "train_loss": 2.3025853633880615, "grad_norm": 4.105977069457367e-08, "test_error": 0.9}]}