{"argv": ["train.py", "--seed", "12", "--optimizer", "SGD", "--run_name", "sgd_0.001.json", "--output_path", "experiments/nonconvex_stl10/warmup-0.001.json", "--dataset", "STL10", "--layer_sizes", "27648", "100", "10", "--batch_size", "10", "--learning_rate", "0.001", "--weight_decay", "0.01", "--num_epochs", "20"], "args": {"seed": 12, "optimizer": "SGD", "run_name": "sgd_0.001.json", "output_path": "experiments/nonconvex_stl10/warmup-0.001.json", "device": "cpu", "dataset": "STL10", "dataset_root": "~/datasets/pytorch", "dataset_size": null, "download": false, "layer_sizes": [27648, 100, 10], "batch_size": 10, "test_batch_size": 256, "learning_rate": 0.001, "weight_decay": 0.01, "warmup_learning_rate": 0.01, "num_warmup_epochs": 10, "num_outer_epochs": 100, "num_inner_epochs": 5, "inner_epoch_fraction": null, "choose_random_iterate": false, "num_epochs": 20}, "metrics": [{"epoch": 1, "train_loss": 2.1339454424381255, "grad_norm": 3.1533002853393555, "test_error": 0.779375}, {"epoch": 2, "train_loss": 1.9528723576068878, "grad_norm": 3.011564016342163, "test_error": 0.72575}, {"epoch": 3, "train_loss": 1.8749514775276184, "grad_norm": 1.990393877029419, "test_error": 0.679}, {"epoch": 4, "train_loss": 1.832260609149933, "grad_norm": 1.549528956413269, "test_error": 0.661625}, {"epoch": 5, "train_loss": 1.7907239949703218, "grad_norm": 3.3968000411987305, "test_error": 0.6855}, {"epoch": 6, "train_loss": 1.7633470940589904, "grad_norm": 2.639660358428955, "test_error": 0.65575}, {"epoch": 7, "train_loss": 1.7354160574674606, "grad_norm": 2.165398359298706, "test_error": 0.657125}, {"epoch": 8, "train_loss": 1.7114400279521942, "grad_norm": 1.711543321609497, "test_error": 0.64775}, {"epoch": 9, "train_loss": 1.6877475488185882, "grad_norm": 2.193692445755005, "test_error": 0.6475}, {"epoch": 10, "train_loss": 1.661514525413513, "grad_norm": 3.008338689804077, "test_error": 0.64525}, {"epoch": 11, "train_loss": 1.6395246994495392, "grad_norm": 1.953495740890503, "test_error": 0.6315}, {"epoch": 12, "train_loss": 1.614991285443306, "grad_norm": 1.9605302810668945, "test_error": 0.63325}, {"epoch": 13, "train_loss": 1.5933157351016998, "grad_norm": 2.2035114765167236, "test_error": 0.631625}, {"epoch": 14, "train_loss": 1.5693224071264267, "grad_norm": 1.853527307510376, "test_error": 0.62775}, {"epoch": 15, "train_loss": 1.5501993371248246, "grad_norm": 3.4280107021331787, "test_error": 0.62675}, {"epoch": 16, "train_loss": 1.5309803632497787, "grad_norm": 3.140955924987793, "test_error": 0.624875}, {"epoch": 17, "train_loss": 1.5092980756759644, "grad_norm": 2.3346505165100098, "test_error": 0.620125}, {"epoch": 18, "train_loss": 1.4916145025491714, "grad_norm": 2.425976037979126, "test_error": 0.611875}, {"epoch": 19, "train_loss": 1.475938188433647, "grad_norm": 3.1434457302093506, "test_error": 0.619625}, {"epoch": 20, "train_loss": 1.455411446094513, "grad_norm": 2.5958127975463867, "test_error": 0.611875}]}