{"argv": ["train.py", "--seed", "12", "--optimizer", "SGD", "--run_name", "sgd_0.1.json", "--output_path", "experiments/nonconvex_stl10/warmup-0.1.json", "--dataset", "STL10", "--layer_sizes", "27648", "100", "10", "--batch_size", "10", "--learning_rate", "0.1", "--weight_decay", "0.01", "--num_epochs", "20"], "args": {"seed": 12, "optimizer": "SGD", "run_name": "sgd_0.1.json", "output_path": "experiments/nonconvex_stl10/warmup-0.1.json", "device": "cpu", "dataset": "STL10", "dataset_root": "~/datasets/pytorch", "dataset_size": null, "download": false, "layer_sizes": [27648, 100, 10], "batch_size": 10, "test_batch_size": 256, "learning_rate": 0.1, "weight_decay": 0.01, "warmup_learning_rate": 0.01, "num_warmup_epochs": 10, "num_outer_epochs": 100, "num_inner_epochs": 5, "inner_epoch_fraction": null, "choose_random_iterate": false, "num_epochs": 20}, "metrics": [{"epoch": 1, "train_loss": 2.3991408228874205, "grad_norm": 0.020064514130353928, "test_error": 0.9}, {"epoch": 2, "train_loss": 2.3053506546020506, "grad_norm": 0.014943327754735947, "test_error": 0.9}, {"epoch": 3, "train_loss": 2.305709119319916, "grad_norm": 0.014563617296516895, "test_error": 0.9}, {"epoch": 4, "train_loss": 2.3058125848770143, "grad_norm": 0.009602238424122334, "test_error": 0.9}, {"epoch": 5, "train_loss": 2.3049536838531495, "grad_norm": 0.012587805278599262, "test_error": 0.9}, {"epoch": 6, "train_loss": 2.305030285835266, "grad_norm": 0.017244011163711548, "test_error": 0.9}, {"epoch": 7, "train_loss": 2.3053244767189027, "grad_norm": 0.01569351553916931, "test_error": 0.9}, {"epoch": 8, "train_loss": 2.305532265663147, "grad_norm": 0.016969431191682816, "test_error": 0.9}, {"epoch": 9, "train_loss": 2.30584499168396, "grad_norm": 0.016675908118486404, "test_error": 0.9}, {"epoch": 10, "train_loss": 2.3053328890800477, "grad_norm": 0.01534347701817751, "test_error": 0.9}, {"epoch": 11, "train_loss": 2.305813862323761, "grad_norm": 0.013145721517503262, "test_error": 0.9}, {"epoch": 12, "train_loss": 2.30478892660141, "grad_norm": 0.01741955243051052, "test_error": 0.9}, {"epoch": 13, "train_loss": 2.305260495662689, "grad_norm": 0.012967688962817192, "test_error": 0.9}, {"epoch": 14, "train_loss": 2.3051844596862794, "grad_norm": 0.01255787257105112, "test_error": 0.9}, {"epoch": 15, "train_loss": 2.304977708339691, "grad_norm": 0.015882674604654312, "test_error": 0.9}, {"epoch": 16, "train_loss": 2.305197163105011, "grad_norm": 0.021012719720602036, "test_error": 0.9}, {"epoch": 17, "train_loss": 2.305234125137329, "grad_norm": 0.021319830790162086, "test_error": 0.9}, {"epoch": 18, "train_loss": 2.305160303592682, "grad_norm": 0.009341627359390259, "test_error": 0.9}, {"epoch": 19, "train_loss": 2.3055802793502806, "grad_norm": 0.013375287875533104, "test_error": 0.9}, {"epoch": 20, "train_loss": 2.3048456530570984, "grad_norm": 0.017307937145233154, "test_error": 0.9}]}