{"argv": ["train.py", "--seed", "12", "--optimizer", "SGD", "--run_name", "sgd_0.03.json", "--output_path", "experiments/nonconvex_stl10/warmup-0.03.json", "--dataset", "STL10", "--layer_sizes", "27648", "100", "10", "--batch_size", "10", "--learning_rate", "0.03", "--weight_decay", "0.01", "--num_epochs", "20"], "args": {"seed": 12, "optimizer": "SGD", "run_name": "sgd_0.03.json", "output_path": "experiments/nonconvex_stl10/warmup-0.03.json", "device": "cpu", "dataset": "STL10", "dataset_root": "~/datasets/pytorch", "dataset_size": null, "download": false, "layer_sizes": [27648, 100, 10], "batch_size": 10, "test_batch_size": 256, "learning_rate": 0.03, "weight_decay": 0.01, "warmup_learning_rate": 0.01, "num_warmup_epochs": 10, "num_outer_epochs": 100, "num_inner_epochs": 5, "inner_epoch_fraction": null, "choose_random_iterate": false, "num_epochs": 20}, "metrics": [{"epoch": 1, "train_loss": 2.1600322115421293, "grad_norm": 6.222148895263672, "test_error": 0.857}, {"epoch": 2, "train_loss": 2.2105810372829438, "grad_norm": 2.994499683380127, "test_error": 0.832875}, {"epoch": 3, "train_loss": 2.128029275178909, "grad_norm": 0.6990669965744019, "test_error": 0.85525}, {"epoch": 4, "train_loss": 2.098508511543274, "grad_norm": 0.9500159621238708, "test_error": 0.7755}, {"epoch": 5, "train_loss": 2.079726114034653, "grad_norm": 1.6213209629058838, "test_error": 0.76325}, {"epoch": 6, "train_loss": 2.130321167469025, "grad_norm": 2.4710371494293213, "test_error": 0.827125}, {"epoch": 7, "train_loss": 2.0819254240989684, "grad_norm": 0.6875455975532532, "test_error": 0.845875}, {"epoch": 8, "train_loss": 2.086246484518051, "grad_norm": 1.4409914016723633, "test_error": 0.806625}, {"epoch": 9, "train_loss": 2.1099104220867155, "grad_norm": 2.4489283561706543, "test_error": 0.80175}, {"epoch": 10, "train_loss": 2.0986825149059296, "grad_norm": 2.3855605125427246, "test_error": 0.800875}, {"epoch": 11, "train_loss": 2.2022262403964996, "grad_norm": 1.3345826864242554, "test_error": 0.78}, {"epoch": 12, "train_loss": 2.057869064331055, "grad_norm": 2.3426413536071777, "test_error": 0.81225}, {"epoch": 13, "train_loss": 2.05045814371109, "grad_norm": 1.3649431467056274, "test_error": 0.77375}, {"epoch": 14, "train_loss": 2.036771291017532, "grad_norm": 0.9373931288719177, "test_error": 0.799}, {"epoch": 15, "train_loss": 2.0667872824668883, "grad_norm": 1.373561143875122, "test_error": 0.784375}, {"epoch": 16, "train_loss": 2.0405378482341767, "grad_norm": 1.9782370328903198, "test_error": 0.8085}, {"epoch": 17, "train_loss": 2.0367613196372987, "grad_norm": 1.1696211099624634, "test_error": 0.82175}, {"epoch": 18, "train_loss": 2.0553973796367644, "grad_norm": 1.2028449773788452, "test_error": 0.8205}, {"epoch": 19, "train_loss": 2.044461328983307, "grad_norm": 1.3812350034713745, "test_error": 0.784625}, {"epoch": 20, "train_loss": 2.068829047679901, "grad_norm": 0.9912575483322144, "test_error": 0.767125}]}