{"argv": ["train.py", "--seed", "12", "--optimizer", "SGD", "--run_name", "sgd_0.5.json", "--output_path", "experiments/nonconvex_stl10/warmup-0.5.json", "--dataset", "STL10", "--layer_sizes", "27648", "100", "10", "--batch_size", "10", "--learning_rate", "0.5", "--weight_decay", "0.01", "--num_epochs", "20"], "args": {"seed": 12, "optimizer": "SGD", "run_name": "sgd_0.5.json", "output_path": "experiments/nonconvex_stl10/warmup-0.5.json", "device": "cpu", "dataset": "STL10", "dataset_root": "~/datasets/pytorch", "dataset_size": null, "download": false, "layer_sizes": [27648, 100, 10], "batch_size": 10, "test_batch_size": 256, "learning_rate": 0.5, "weight_decay": 0.01, "warmup_learning_rate": 0.01, "num_warmup_epochs": 10, "num_outer_epochs": 100, "num_inner_epochs": 5, "inner_epoch_fraction": null, "choose_random_iterate": false, "num_epochs": 20}, "metrics": [{"epoch": 1, "train_loss": 4.9465466084480285, "grad_norm": 0.07617024332284927, "test_error": 0.9}, {"epoch": 2, "train_loss": 2.314262187957764, "grad_norm": 0.033322419971227646, "test_error": 0.9}, {"epoch": 3, "train_loss": 2.313751203536987, "grad_norm": 0.04708084091544151, "test_error": 0.9}, {"epoch": 4, "train_loss": 2.3157005681991576, "grad_norm": 0.02024478279054165, "test_error": 0.9}, {"epoch": 5, "train_loss": 2.311207001209259, "grad_norm": 0.04589451104402542, "test_error": 0.9}, {"epoch": 6, "train_loss": 2.3130642628669738, "grad_norm": 0.036210063844919205, "test_error": 0.9}, {"epoch": 7, "train_loss": 2.3132223281860353, "grad_norm": 0.03956953063607216, "test_error": 0.9}, {"epoch": 8, "train_loss": 2.3133459067344666, "grad_norm": 0.06000111252069473, "test_error": 0.9}, {"epoch": 9, "train_loss": 2.316379932880402, "grad_norm": 0.0426657497882843, "test_error": 0.9}, {"epoch": 10, "train_loss": 2.313763557910919, "grad_norm": 0.046595219522714615, "test_error": 0.9}, {"epoch": 11, "train_loss": 2.315402454853058, "grad_norm": 0.025992216542363167, "test_error": 0.9}, {"epoch": 12, "train_loss": 2.3117287402153015, "grad_norm": 0.043817419558763504, "test_error": 0.9}, {"epoch": 13, "train_loss": 2.313245086193085, "grad_norm": 0.028443634510040283, "test_error": 0.9}, {"epoch": 14, "train_loss": 2.311762237548828, "grad_norm": 0.030701670795679092, "test_error": 0.9}, {"epoch": 15, "train_loss": 2.313878602027893, "grad_norm": 0.02676948718726635, "test_error": 0.9}, {"epoch": 16, "train_loss": 2.3139659123420717, "grad_norm": 0.04632154479622841, "test_error": 0.9}, {"epoch": 17, "train_loss": 2.3126663675308228, "grad_norm": 0.05272636190056801, "test_error": 0.9}, {"epoch": 18, "train_loss": 2.3125626468658447, "grad_norm": 0.05169711261987686, "test_error": 0.9}, {"epoch": 19, "train_loss": 2.315956126689911, "grad_norm": 0.042869143187999725, "test_error": 0.9}, {"epoch": 20, "train_loss": 2.3139350938797, "grad_norm": 0.03626056760549545, "test_error": 0.9}]}