{"argv": ["train.py", "--seed", "12", "--optimizer", "SGD", "--run_name", "sgd_0.01.json", "--output_path", "experiments/nonconvex_stl10/warmup-0.01.json", "--dataset", "STL10", "--layer_sizes", "27648", "100", "10", "--batch_size", "10", "--learning_rate", "0.01", "--weight_decay", "0.01", "--num_epochs", "20"], "args": {"seed": 12, "optimizer": "SGD", "run_name": "sgd_0.01.json", "output_path": "experiments/nonconvex_stl10/warmup-0.01.json", "device": "cpu", "dataset": "STL10", "dataset_root": "~/datasets/pytorch", "dataset_size": null, "download": false, "layer_sizes": [27648, 100, 10], "batch_size": 10, "test_batch_size": 256, "learning_rate": 0.01, "weight_decay": 0.01, "warmup_learning_rate": 0.01, "num_warmup_epochs": 10, "num_outer_epochs": 100, "num_inner_epochs": 5, "inner_epoch_fraction": null, "choose_random_iterate": false, "num_epochs": 20}, "metrics": [{"epoch": 1, "train_loss": 2.058058354854584, "grad_norm": 2.2139816284179688, "test_error": 0.7745}, {"epoch": 2, "train_loss": 1.930765398979187, "grad_norm": 4.033340930938721, "test_error": 0.78225}, {"epoch": 3, "train_loss": 1.8774653630256652, "grad_norm": 1.1911771297454834, "test_error": 0.71225}, {"epoch": 4, "train_loss": 1.8449853854179383, "grad_norm": 1.4981647729873657, "test_error": 0.708125}, {"epoch": 5, "train_loss": 1.8096515970230103, "grad_norm": 3.2635669708251953, "test_error": 0.716625}, {"epoch": 6, "train_loss": 1.774123728275299, "grad_norm": 2.871135711669922, "test_error": 0.691375}, {"epoch": 7, "train_loss": 1.7532777590751647, "grad_norm": 2.2411303520202637, "test_error": 0.67625}, {"epoch": 8, "train_loss": 1.7262916514873505, "grad_norm": 1.6548510789871216, "test_error": 0.67075}, {"epoch": 9, "train_loss": 1.7047919580936433, "grad_norm": 2.523577928543091, "test_error": 0.6725}, {"epoch": 10, "train_loss": 1.6777722668647765, "grad_norm": 3.992004156112671, "test_error": 0.692}, {"epoch": 11, "train_loss": 1.6436671710014343, "grad_norm": 1.258422613143921, "test_error": 0.636}, {"epoch": 12, "train_loss": 1.6196531089544297, "grad_norm": 1.8343658447265625, "test_error": 0.64075}, {"epoch": 13, "train_loss": 1.6072798095941543, "grad_norm": 2.319772243499756, "test_error": 0.647}, {"epoch": 14, "train_loss": 1.5806019755601883, "grad_norm": 2.3313486576080322, "test_error": 0.64725}, {"epoch": 15, "train_loss": 1.5656744481325149, "grad_norm": 3.14104962348938, "test_error": 0.655125}, {"epoch": 16, "train_loss": 1.5304591108560561, "grad_norm": 4.3998847007751465, "test_error": 0.662625}, {"epoch": 17, "train_loss": 1.5368377516269685, "grad_norm": 3.9000182151794434, "test_error": 0.6545}, {"epoch": 18, "train_loss": 1.5143495163917542, "grad_norm": 4.141712665557861, "test_error": 0.65625}, {"epoch": 19, "train_loss": 1.5038940283060074, "grad_norm": 2.403110980987549, "test_error": 0.622125}, {"epoch": 20, "train_loss": 1.4842615187168122, "grad_norm": 4.37992525100708, "test_error": 0.640375}]}