{"argv": ["train.py", "--seed", "12", "--optimizer", "SGD", "--run_name", "sgd_0.25.json", "--output_path", "experiments/nonconvex_stl10/warmup-0.25.json", "--dataset", "STL10", "--layer_sizes", "27648", "100", "10", "--batch_size", "10", "--learning_rate", "0.25", "--weight_decay", "0.01", "--num_epochs", "20"], "args": {"seed": 12, "optimizer": "SGD", "run_name": "sgd_0.25.json", "output_path": "experiments/nonconvex_stl10/warmup-0.25.json", "device": "cpu", "dataset": "STL10", "dataset_root": "~/datasets/pytorch", "dataset_size": null, "download": false, "layer_sizes": [27648, 100, 10], "batch_size": 10, "test_batch_size": 256, "learning_rate": 0.25, "weight_decay": 0.01, "warmup_learning_rate": 0.01, "num_warmup_epochs": 10, "num_outer_epochs": 100, "num_inner_epochs": 5, "inner_epoch_fraction": null, "choose_random_iterate": false, "num_epochs": 20}, "metrics": [{"epoch": 1, "train_loss": 2.820525728225708, "grad_norm": 0.04702472686767578, "test_error": 0.9}, {"epoch": 2, "train_loss": 2.3085818762779238, "grad_norm": 0.022951217368245125, "test_error": 0.9}, {"epoch": 3, "train_loss": 2.30888312292099, "grad_norm": 0.029231196269392967, "test_error": 0.9}, {"epoch": 4, "train_loss": 2.309691249847412, "grad_norm": 0.014328586868941784, "test_error": 0.9}, {"epoch": 5, "train_loss": 2.3072091393470764, "grad_norm": 0.026429953053593636, "test_error": 0.9}, {"epoch": 6, "train_loss": 2.3080928978919983, "grad_norm": 0.024659177288413048, "test_error": 0.9}, {"epoch": 7, "train_loss": 2.3082406458854674, "grad_norm": 0.027766313403844833, "test_error": 0.9}, {"epoch": 8, "train_loss": 2.3086052942276, "grad_norm": 0.037585724145174026, "test_error": 0.9}, {"epoch": 9, "train_loss": 2.3099994440078735, "grad_norm": 0.03197651728987694, "test_error": 0.9}, {"epoch": 10, "train_loss": 2.308493505477905, "grad_norm": 0.02962127886712551, "test_error": 0.9}, {"epoch": 11, "train_loss": 2.309560242176056, "grad_norm": 0.020696844905614853, "test_error": 0.9}, {"epoch": 12, "train_loss": 2.3073214626312257, "grad_norm": 0.028221532702445984, "test_error": 0.9}, {"epoch": 13, "train_loss": 2.3080971150398253, "grad_norm": 0.020723460242152214, "test_error": 0.9}, {"epoch": 14, "train_loss": 2.307550097465515, "grad_norm": 0.021966073662042618, "test_error": 0.9}, {"epoch": 15, "train_loss": 2.3082809758186342, "grad_norm": 0.020586345344781876, "test_error": 0.9}, {"epoch": 16, "train_loss": 2.3085913796424866, "grad_norm": 0.0335485115647316, "test_error": 0.9}, {"epoch": 17, "train_loss": 2.307940213680267, "grad_norm": 0.03745899721980095, "test_error": 0.9}, {"epoch": 18, "train_loss": 2.3078389563560484, "grad_norm": 0.027647055685520172, "test_error": 0.9}, {"epoch": 19, "train_loss": 2.3095095958709715, "grad_norm": 0.02759340964257717, "test_error": 0.9}, {"epoch": 20, "train_loss": 2.3080350260734557, "grad_norm": 0.024547768756747246, "test_error": 0.9}]}