{"argv": ["train.py", "--seed", "79", "--optimizer", "SVRG", "--run_name", "svrg_0.5.json", "--output_path", "experiments/nonconvex_fmnist/svrg-0.5.json", "--dataset", "FMNIST", "--layer_sizes", "784", "100", "10", "--batch_size", "10", "--learning_rate", "0.5", "--weight_decay", "0.001", "--warmup_learning_rate", "0.03", "--num_warmup_epochs", "10", "--num_outer_epochs", "250", "--num_inner_epochs", "1", "--device", "cuda"], "args": {"seed": 79, "optimizer": "SVRG", "run_name": "svrg_0.5.json", "output_path": "experiments/nonconvex_fmnist/svrg-0.5.json", "device": "cuda", "dataset": "FMNIST", "dataset_root": "~/datasets/pytorch", "dataset_size": null, "download": false, "layer_sizes": [784, 100, 10], "batch_size": 10, "test_batch_size": 256, "learning_rate": 0.5, "weight_decay": 0.001, "warmup_learning_rate": 0.03, "num_warmup_epochs": 10, "num_outer_epochs": 250, "num_inner_epochs": 1, "inner_epoch_fraction": null, "choose_random_iterate": false, "num_epochs": 10}, "metrics": [{"warmup_epoch": 1, "train_loss": 0.5629650882591183, "grad_norm": 0.4067375659942627, "test_error": 0.14638333333333334}, {"warmup_epoch": 2, "train_loss": 0.4176381326682555, "grad_norm": 0.5326794981956482, "test_error": 0.14525}, {"warmup_epoch": 3, "train_loss": 0.3856852090843022, "grad_norm": 0.8634437918663025, "test_error": 0.14971666666666666}, {"warmup_epoch": 4, "train_loss": 0.36692527095150823, "grad_norm": 0.6581805944442749, "test_error": 0.13681666666666667}, {"warmup_epoch": 5, "train_loss": 0.35395802397606896, "grad_norm": 0.7053418755531311, "test_error": 0.13155}, {"warmup_epoch": 6, "train_loss": 0.34573226063426893, "grad_norm": 0.5203390717506409, "test_error": 0.12031666666666667}, {"warmup_epoch": 7, "train_loss": 0.3395486783954936, "grad_norm": 0.5959027409553528, "test_error": 0.11886666666666666}, {"warmup_epoch": 8, "train_loss": 0.3361009404188953, "grad_norm": 0.43708112835884094, "test_error": 0.11576666666666667}, {"warmup_epoch": 9, "train_loss": 0.3307009245970791, "grad_norm": 0.27973583340644836, "test_error": 0.11073333333333334}, {"warmup_epoch": 10, "train_loss": 0.32809389451510895, "grad_norm": 0.563463568687439, "test_error": 0.1202}, {"outer_epoch": 1, "inner_epoch": 1, "train_loss": 1.8689260316143432, "grad_norm": 1.253423810005188, "test_error": 0.6457166666666667}, {"outer_epoch": 2, "inner_epoch": 1, "train_loss": 1.9275336613456409, "grad_norm": 0.33956995606422424, "test_error": 0.64875}, {"outer_epoch": 3, "inner_epoch": 1, "train_loss": 2.155311217288176, "grad_norm": 0.34112221002578735, "test_error": 0.8363666666666667}, {"outer_epoch": 4, "inner_epoch": 1, "train_loss": 2.2481495954791706, "grad_norm": 0.004472343251109123, "test_error": 0.9}, {"outer_epoch": 5, "inner_epoch": 1, "train_loss": 2.3025871516863505, "grad_norm": 6.044648159786448e-08, "test_error": 0.9}, {"outer_epoch": 6, "inner_epoch": 1, "train_loss": 2.3025852009852725, "grad_norm": 3.5461162894989684e-08, "test_error": 0.9}, {"outer_epoch": 7, "inner_epoch": 1, "train_loss": 2.302585215449333, "grad_norm": 2.0273631662348635e-08, "test_error": 0.9}, {"outer_epoch": 8, "inner_epoch": 1, "train_loss": 2.302585309545199, "grad_norm": 2.3815067251575783e-08, "test_error": 0.9}, {"outer_epoch": 9, "inner_epoch": 1, "train_loss": 2.302585355043411, "grad_norm": 2.671852605828917e-08, "test_error": 0.9}, {"outer_epoch": 10, "inner_epoch": 1, "train_loss": 2.302585353453954, "grad_norm": 3.103726697872844e-08, "test_error": 0.9}, {"outer_epoch": 11, "inner_epoch": 1, "train_loss": 2.302585360169411, "grad_norm": 5.5436434109878974e-08, "test_error": 0.9}, {"outer_epoch": 12, "inner_epoch": 1, "train_loss": 2.302585352341334, "grad_norm": 2.635144191742711e-08, "test_error": 0.9}, {"outer_epoch": 13, "inner_epoch": 1, "train_loss": 2.302585355321566, "grad_norm": 2.8049081279846177e-08, "test_error": 0.9}, {"outer_epoch": 14, "inner_epoch": 1, "train_loss": 2.3025853542486825, "grad_norm": 2.992747383245842e-08, "test_error": 0.9}, {"outer_epoch": 15, "inner_epoch": 1, "train_loss": 2.302585320194562, "grad_norm": 2.534963350342423e-08, "test_error": 0.9}, {"outer_epoch": 16, "inner_epoch": 1, "train_loss": 2.3025853097836175, "grad_norm": 3.3425557433020003e-08, "test_error": 0.9}, {"outer_epoch": 17, "inner_epoch": 1, "train_loss": 2.302585344552994, "grad_norm": 2.3079056887809202e-08, "test_error": 0.9}, {"outer_epoch": 18, "inner_epoch": 1, "train_loss": 2.30258535528183, "grad_norm": 2.0865632777145038e-08, "test_error": 0.9}, {"outer_epoch": 19, "inner_epoch": 1, "train_loss": 2.3025853521823882, "grad_norm": 2.0792951360704137e-08, "test_error": 0.9}, {"outer_epoch": 20, "inner_epoch": 1, "train_loss": 2.302585355083148, "grad_norm": 3.225241584914329e-08, "test_error": 0.9}, {"outer_epoch": 21, "inner_epoch": 1, "train_loss": 2.30258535583814, "grad_norm": 3.192851494304705e-08, "test_error": 0.9}, {"outer_epoch": 22, "inner_epoch": 1, "train_loss": 2.3025853590965273, "grad_norm": 3.396429093527331e-08, "test_error": 0.9}, {"outer_epoch": 23, "inner_epoch": 1, "train_loss": 2.302585363705953, "grad_norm": 3.9569929555227645e-08, "test_error": 0.9}, {"outer_epoch": 24, "inner_epoch": 1, "train_loss": 2.3025853584210076, "grad_norm": 2.7611896769030864e-08, "test_error": 0.9}, {"outer_epoch": 25, "inner_epoch": 1, "train_loss": 2.30258536028862, "grad_norm": 5.121725976664493e-08, "test_error": 0.9}, {"outer_epoch": 26, "inner_epoch": 1, "train_loss": 2.3025853580236433, "grad_norm": 6.18225826087837e-08, "test_error": 0.9}, {"outer_epoch": 27, "inner_epoch": 1, "train_loss": 2.302585354447365, "grad_norm": 1.4950357396514846e-08, "test_error": 0.9}, {"outer_epoch": 28, "inner_epoch": 1, "train_loss": 2.302585348804792, "grad_norm": 2.1433457675357204e-08, "test_error": 0.9}, {"outer_epoch": 29, "inner_epoch": 1, "train_loss": 2.3025853576262794, "grad_norm": 3.781876145581009e-08, "test_error": 0.9}, {"outer_epoch": 30, "inner_epoch": 1, "train_loss": 2.3025853809515637, "grad_norm": 5.7691067922860384e-08, "test_error": 0.9}, {"outer_epoch": 31, "inner_epoch": 1, "train_loss": 2.30258530652523, "grad_norm": 3.024447892130411e-08, "test_error": 0.9}, {"outer_epoch": 32, "inner_epoch": 1, "train_loss": 2.3025852037668226, "grad_norm": 3.115532720698866e-08, "test_error": 0.9}, {"outer_epoch": 33, "inner_epoch": 1, "train_loss": 2.302564272602399, "grad_norm": 9.152813618129585e-06, "test_error": 0.9}, {"outer_epoch": 34, "inner_epoch": 1, "train_loss": 2.3025852624575296, "grad_norm": 2.459984393965442e-08, "test_error": 0.9}, {"outer_epoch": 35, "inner_epoch": 1, "train_loss": 2.302585273385048, "grad_norm": 3.7975986799665407e-08, "test_error": 0.9}, {"outer_epoch": 36, "inner_epoch": 1, "train_loss": 2.3025852486689886, "grad_norm": 2.791093045573234e-08, "test_error": 0.9}, {"outer_epoch": 37, "inner_epoch": 1, "train_loss": 2.302585240562757, "grad_norm": 1.638541569093377e-08, "test_error": 0.9}, {"outer_epoch": 38, "inner_epoch": 1, "train_loss": 2.3025853507121403, "grad_norm": 4.42187726434895e-08, "test_error": 0.9}, {"outer_epoch": 39, "inner_epoch": 1, "train_loss": 2.302585314234098, "grad_norm": 3.126740466541378e-08, "test_error": 0.9}, {"outer_epoch": 40, "inner_epoch": 1, "train_loss": 2.302585366606712, "grad_norm": 4.64969041047425e-08, "test_error": 0.9}, {"outer_epoch": 41, "inner_epoch": 1, "train_loss": 2.3025853373607, "grad_norm": 2.8574376642609423e-08, "test_error": 0.9}, {"outer_epoch": 42, "inner_epoch": 1, "train_loss": 2.3025853270689645, "grad_norm": 2.7936767565961418e-08, "test_error": 0.9}, {"outer_epoch": 43, "inner_epoch": 1, "train_loss": 2.302585276246071, "grad_norm": 3.020835848133174e-08, "test_error": 0.9}, {"outer_epoch": 44, "inner_epoch": 1, "train_loss": 2.3025853241682053, "grad_norm": 1.650525049967655e-08, "test_error": 0.9}, {"outer_epoch": 45, "inner_epoch": 1, "train_loss": 2.3025853253602984, "grad_norm": 5.594125340735445e-08, "test_error": 0.9}, {"outer_epoch": 46, "inner_epoch": 1, "train_loss": 2.3025853521823882, "grad_norm": 2.181343994323015e-08, "test_error": 0.9}, {"outer_epoch": 47, "inner_epoch": 1, "train_loss": 2.302585352619489, "grad_norm": 2.95060598176633e-08, "test_error": 0.9}, {"outer_epoch": 48, "inner_epoch": 1, "train_loss": 2.302585351626078, "grad_norm": 5.052662643834083e-08, "test_error": 0.9}, {"outer_epoch": 49, "inner_epoch": 1, "train_loss": 2.302585353533427, "grad_norm": 3.51358444561356e-08, "test_error": 0.9}, {"outer_epoch": 50, "inner_epoch": 1, "train_loss": 2.302585348765055, "grad_norm": 2.436810930817046e-08, "test_error": 0.9}, {"outer_epoch": 51, "inner_epoch": 1, "train_loss": 2.3025853512684504, "grad_norm": 2.4613894922254076e-08, "test_error": 0.9}, {"outer_epoch": 52, "inner_epoch": 1, "train_loss": 2.3025853481292726, "grad_norm": 3.565482842304846e-08, "test_error": 0.9}, {"outer_epoch": 53, "inner_epoch": 1, "train_loss": 2.302585359573364, "grad_norm": 2.0659506105857872e-08, "test_error": 0.9}, {"outer_epoch": 54, "inner_epoch": 1, "train_loss": 2.3025853645801546, "grad_norm": 4.272746068068045e-08, "test_error": 0.9}, {"outer_epoch": 55, "inner_epoch": 1, "train_loss": 2.3025853592952092, "grad_norm": 4.4598618131885814e-08, "test_error": 0.9}, {"outer_epoch": 56, "inner_epoch": 1, "train_loss": 2.302585361679395, "grad_norm": 2.7779565314745014e-08, "test_error": 0.9}, {"outer_epoch": 57, "inner_epoch": 1, "train_loss": 2.302585361003876, "grad_norm": 3.226136513490019e-08, "test_error": 0.9}, {"outer_epoch": 58, "inner_epoch": 1, "train_loss": 2.302585362990697, "grad_norm": 2.8555835029919763e-08, "test_error": 0.9}, {"outer_epoch": 59, "inner_epoch": 1, "train_loss": 2.302585365215937, "grad_norm": 6.024438192753223e-08, "test_error": 0.9}, {"outer_epoch": 60, "inner_epoch": 1, "train_loss": 2.302585320035617, "grad_norm": 4.28559729925837e-08, "test_error": 0.9}, {"outer_epoch": 61, "inner_epoch": 1, "train_loss": 2.302585216800372, "grad_norm": 3.315024343919504e-08, "test_error": 0.9}, {"outer_epoch": 62, "inner_epoch": 1, "train_loss": 2.302585309346517, "grad_norm": 3.7286948639803086e-08, "test_error": 0.9}, {"outer_epoch": 63, "inner_epoch": 1, "train_loss": 2.302585354566574, "grad_norm": 3.317781605005621e-08, "test_error": 0.9}, {"outer_epoch": 64, "inner_epoch": 1, "train_loss": 2.302585353811582, "grad_norm": 3.3154041290117675e-08, "test_error": 0.9}, {"outer_epoch": 65, "inner_epoch": 1, "train_loss": 2.302585366487503, "grad_norm": 2.7865075580280063e-08, "test_error": 0.9}, {"outer_epoch": 66, "inner_epoch": 1, "train_loss": 2.302585346500079, "grad_norm": 2.409191779406683e-08, "test_error": 0.9}, {"outer_epoch": 67, "inner_epoch": 1, "train_loss": 2.3025853461027146, "grad_norm": 2.5597337582894397e-08, "test_error": 0.9}, {"outer_epoch": 68, "inner_epoch": 1, "train_loss": 2.3025853476524354, "grad_norm": 2.842351065623916e-08, "test_error": 0.9}, {"outer_epoch": 69, "inner_epoch": 1, "train_loss": 2.3025853496392568, "grad_norm": 1.666379212394986e-08, "test_error": 0.9}, {"outer_epoch": 70, "inner_epoch": 1, "train_loss": 2.302585353732109, "grad_norm": 2.3795667658532693e-08, "test_error": 0.9}, {"outer_epoch": 71, "inner_epoch": 1, "train_loss": 2.302585353652636, "grad_norm": 2.2395552079501613e-08, "test_error": 0.9}, {"outer_epoch": 72, "inner_epoch": 1, "train_loss": 2.302585359255473, "grad_norm": 5.479206777181389e-08, "test_error": 0.9}, {"outer_epoch": 73, "inner_epoch": 1, "train_loss": 2.302585346619288, "grad_norm": 2.589620784476665e-08, "test_error": 0.9}, {"outer_epoch": 74, "inner_epoch": 1, "train_loss": 2.302585332155228, "grad_norm": 2.7398666446742936e-08, "test_error": 0.9}, {"outer_epoch": 75, "inner_epoch": 1, "train_loss": 2.3025853525400164, "grad_norm": 2.9921800148713373e-08, "test_error": 0.9}, {"outer_epoch": 76, "inner_epoch": 1, "train_loss": 2.3025853521029154, "grad_norm": 2.401165488663537e-08, "test_error": 0.9}, {"outer_epoch": 77, "inner_epoch": 1, "train_loss": 2.3025853509108227, "grad_norm": 6.35479366906111e-08, "test_error": 0.9}, {"outer_epoch": 78, "inner_epoch": 1, "train_loss": 2.302585306286812, "grad_norm": 3.1019062873838266e-08, "test_error": 0.9}, {"outer_epoch": 79, "inner_epoch": 1, "train_loss": 2.3025852862993874, "grad_norm": 1.6642166755787002e-08, "test_error": 0.9}, {"outer_epoch": 80, "inner_epoch": 1, "train_loss": 2.302585289915403, "grad_norm": 3.611106080825266e-08, "test_error": 0.9}, {"outer_epoch": 81, "inner_epoch": 1, "train_loss": 2.3025853590170544, "grad_norm": 2.4004942034139276e-08, "test_error": 0.9}, {"outer_epoch": 82, "inner_epoch": 1, "train_loss": 2.302585357864698, "grad_norm": 2.147004884989201e-08, "test_error": 0.9}, {"outer_epoch": 83, "inner_epoch": 1, "train_loss": 2.3025853598117827, "grad_norm": 2.478821770068862e-08, "test_error": 0.9}, {"outer_epoch": 84, "inner_epoch": 1, "train_loss": 2.3025853617986045, "grad_norm": 3.111004076572499e-08, "test_error": 0.9}, {"outer_epoch": 85, "inner_epoch": 1, "train_loss": 2.302585358540217, "grad_norm": 3.307728491108719e-08, "test_error": 0.9}, {"outer_epoch": 86, "inner_epoch": 1, "train_loss": 2.3025853663285574, "grad_norm": 3.787915403563602e-08, "test_error": 0.9}, {"outer_epoch": 87, "inner_epoch": 1, "train_loss": 2.3025853617986045, "grad_norm": 2.590926939660676e-08, "test_error": 0.9}, {"outer_epoch": 88, "inner_epoch": 1, "train_loss": 2.3025853597720465, "grad_norm": 2.3700586382346955e-08, "test_error": 0.9}, {"outer_epoch": 89, "inner_epoch": 1, "train_loss": 2.3025853610833487, "grad_norm": 2.4634417172819667e-08, "test_error": 0.9}, {"outer_epoch": 90, "inner_epoch": 1, "train_loss": 2.302585361758868, "grad_norm": 2.7836430049887895e-08, "test_error": 0.9}, {"outer_epoch": 91, "inner_epoch": 1, "train_loss": 2.302585366686185, "grad_norm": 3.41273356241345e-08, "test_error": 0.9}, {"outer_epoch": 92, "inner_epoch": 1, "train_loss": 2.302585366010666, "grad_norm": 5.386033663512535e-08, "test_error": 0.9}, {"outer_epoch": 93, "inner_epoch": 1, "train_loss": 2.3025853604078295, "grad_norm": 2.5193463315531517e-08, "test_error": 0.9}, {"outer_epoch": 94, "inner_epoch": 1, "train_loss": 2.3025853608846663, "grad_norm": 2.6143265330347276e-08, "test_error": 0.9}, {"outer_epoch": 95, "inner_epoch": 1, "train_loss": 2.30258535973231, "grad_norm": 3.447073737561368e-08, "test_error": 0.9}, {"outer_epoch": 96, "inner_epoch": 1, "train_loss": 2.302585355043411, "grad_norm": 4.1809311568385965e-08, "test_error": 0.9}, {"outer_epoch": 97, "inner_epoch": 1, "train_loss": 2.302585359374682, "grad_norm": 2.6317000134667978e-08, "test_error": 0.9}, {"outer_epoch": 98, "inner_epoch": 1, "train_loss": 2.302585365811984, "grad_norm": 6.0054780703922e-08, "test_error": 0.9}, {"outer_epoch": 99, "inner_epoch": 1, "train_loss": 2.302585359573364, "grad_norm": 2.95991782195415e-08, "test_error": 0.9}, {"outer_epoch": 100, "inner_epoch": 1, "train_loss": 2.3025853591362635, "grad_norm": 3.224494804499045e-08, "test_error": 0.9}, {"outer_epoch": 101, "inner_epoch": 1, "train_loss": 2.302585282206535, "grad_norm": 3.51085951422192e-08, "test_error": 0.9}, {"outer_epoch": 102, "inner_epoch": 1, "train_loss": 2.302585199991862, "grad_norm": 2.9380258226296974e-08, "test_error": 0.9}, {"outer_epoch": 103, "inner_epoch": 1, "train_loss": 2.302585168997447, "grad_norm": 3.847191365480285e-08, "test_error": 0.9}, {"outer_epoch": 104, "inner_epoch": 1, "train_loss": 2.3025852826038995, "grad_norm": 3.076761956322116e-08, "test_error": 0.9}, {"outer_epoch": 105, "inner_epoch": 1, "train_loss": 2.3025853033860524, "grad_norm": 2.658856246284813e-08, "test_error": 0.9}, {"outer_epoch": 106, "inner_epoch": 1, "train_loss": 2.302585356473923, "grad_norm": 2.3524259873397568e-08, "test_error": 0.9}, {"outer_epoch": 107, "inner_epoch": 1, "train_loss": 2.3025852437416714, "grad_norm": 3.047964369784495e-08, "test_error": 0.9}, {"outer_epoch": 108, "inner_epoch": 1, "train_loss": 2.3025852001110714, "grad_norm": 3.325303410406377e-08, "test_error": 0.9}, {"outer_epoch": 109, "inner_epoch": 1, "train_loss": 2.302585281332334, "grad_norm": 3.210961807553758e-08, "test_error": 0.9}, {"outer_epoch": 110, "inner_epoch": 1, "train_loss": 2.302585357904434, "grad_norm": 3.5044752877411156e-08, "test_error": 0.9}, {"outer_epoch": 111, "inner_epoch": 1, "train_loss": 2.30258531276385, "grad_norm": 3.348988997231572e-08, "test_error": 0.9}, {"outer_epoch": 112, "inner_epoch": 1, "train_loss": 2.3025852801799775, "grad_norm": 3.376194612769723e-08, "test_error": 0.9}, {"outer_epoch": 113, "inner_epoch": 1, "train_loss": 2.302585358262062, "grad_norm": 2.0297321157158876e-08, "test_error": 0.9}, {"outer_epoch": 114, "inner_epoch": 1, "train_loss": 2.302585351506869, "grad_norm": 2.874999260882305e-08, "test_error": 0.9}, {"outer_epoch": 115, "inner_epoch": 1, "train_loss": 2.3025853458245593, "grad_norm": 2.0671057754384492e-08, "test_error": 0.9}, {"outer_epoch": 116, "inner_epoch": 1, "train_loss": 2.30258535750707, "grad_norm": 1.8953018710021752e-08, "test_error": 0.9}, {"outer_epoch": 117, "inner_epoch": 1, "train_loss": 2.302585359176, "grad_norm": 3.834961503912382e-08, "test_error": 0.9}, {"outer_epoch": 118, "inner_epoch": 1, "train_loss": 2.302585355321566, "grad_norm": 1.5913306228299007e-08, "test_error": 0.9}, {"outer_epoch": 119, "inner_epoch": 1, "train_loss": 2.3025853535731633, "grad_norm": 1.9173363341451477e-08, "test_error": 0.9}, {"outer_epoch": 120, "inner_epoch": 1, "train_loss": 2.3025853586594263, "grad_norm": 3.057394337702135e-08, "test_error": 0.9}, {"outer_epoch": 121, "inner_epoch": 1, "train_loss": 2.3025853590170544, "grad_norm": 5.910272093956337e-08, "test_error": 0.9}, {"outer_epoch": 122, "inner_epoch": 1, "train_loss": 2.302585359176, "grad_norm": 2.2762783657981345e-08, "test_error": 0.9}, {"outer_epoch": 123, "inner_epoch": 1, "train_loss": 2.302585359176, "grad_norm": 3.183243535431757e-08, "test_error": 0.9}, {"outer_epoch": 124, "inner_epoch": 1, "train_loss": 2.30258527302742, "grad_norm": 3.583598484624417e-08, "test_error": 0.9}, {"outer_epoch": 125, "inner_epoch": 1, "train_loss": 2.302585241953532, "grad_norm": 3.64014454135031e-08, "test_error": 0.9}, {"outer_epoch": 126, "inner_epoch": 1, "train_loss": 2.302585175236066, "grad_norm": 2.2282986122945658e-08, "test_error": 0.9}, {"outer_epoch": 127, "inner_epoch": 1, "train_loss": 2.3025852506160738, "grad_norm": 1.5806183029098975e-08, "test_error": 0.9}, {"outer_epoch": 128, "inner_epoch": 1, "train_loss": 2.302585249265035, "grad_norm": 3.7518095297173204e-08, "test_error": 0.9}, {"outer_epoch": 129, "inner_epoch": 1, "train_loss": 2.3025853210687637, "grad_norm": 5.176714878984967e-08, "test_error": 0.9}, {"outer_epoch": 130, "inner_epoch": 1, "train_loss": 2.302585298538208, "grad_norm": 4.042937007397995e-08, "test_error": 0.9}, {"outer_epoch": 131, "inner_epoch": 1, "train_loss": 2.302585294405619, "grad_norm": 3.341754961638799e-08, "test_error": 0.9}, {"outer_epoch": 132, "inner_epoch": 1, "train_loss": 2.3025852321386338, "grad_norm": 2.0707945580511478e-08, "test_error": 0.9}, {"outer_epoch": 133, "inner_epoch": 1, "train_loss": 2.3025853617986045, "grad_norm": 2.4650624652622355e-08, "test_error": 0.9}, {"outer_epoch": 134, "inner_epoch": 1, "train_loss": 2.302585355877876, "grad_norm": 3.6099965683433766e-08, "test_error": 0.9}, {"outer_epoch": 135, "inner_epoch": 1, "train_loss": 2.302585360129674, "grad_norm": 1.8576491456201438e-08, "test_error": 0.9}, {"outer_epoch": 136, "inner_epoch": 1, "train_loss": 2.3025853559970857, "grad_norm": 3.194210407286846e-08, "test_error": 0.9}, {"outer_epoch": 137, "inner_epoch": 1, "train_loss": 2.302585356593132, "grad_norm": 3.598293218942672e-08, "test_error": 0.9}, {"outer_epoch": 138, "inner_epoch": 1, "train_loss": 2.302585361043612, "grad_norm": 3.6601313979645056e-08, "test_error": 0.9}, {"outer_epoch": 139, "inner_epoch": 1, "train_loss": 2.3025853575865427, "grad_norm": 2.778603835906779e-08, "test_error": 0.9}, {"outer_epoch": 140, "inner_epoch": 1, "train_loss": 2.3025853611628215, "grad_norm": 2.305349866560391e-08, "test_error": 0.9}, {"outer_epoch": 141, "inner_epoch": 1, "train_loss": 2.3025853552420936, "grad_norm": 1.5545786880011292e-08, "test_error": 0.9}, {"outer_epoch": 142, "inner_epoch": 1, "train_loss": 2.3025853575865427, "grad_norm": 3.1977542391814495e-08, "test_error": 0.9}, {"outer_epoch": 143, "inner_epoch": 1, "train_loss": 2.3025853553613027, "grad_norm": 2.5976053308340852e-08, "test_error": 0.9}, {"outer_epoch": 144, "inner_epoch": 1, "train_loss": 2.302585279981295, "grad_norm": 3.9187799671935863e-08, "test_error": 0.9}, {"outer_epoch": 145, "inner_epoch": 1, "train_loss": 2.302585273543994, "grad_norm": 2.7684484038559276e-08, "test_error": 0.9}, {"outer_epoch": 146, "inner_epoch": 1, "train_loss": 2.3025852667490643, "grad_norm": 2.988558733818536e-08, "test_error": 0.9}, {"outer_epoch": 147, "inner_epoch": 1, "train_loss": 2.3025852101246516, "grad_norm": 3.502976042568662e-08, "test_error": 0.9}, {"outer_epoch": 148, "inner_epoch": 1, "train_loss": 2.302585269769033, "grad_norm": 2.1137097405699024e-08, "test_error": 0.9}, {"outer_epoch": 149, "inner_epoch": 1, "train_loss": 2.302585332393646, "grad_norm": 3.7464189972524764e-08, "test_error": 0.9}, {"outer_epoch": 150, "inner_epoch": 1, "train_loss": 2.302585313598315, "grad_norm": 2.920682540263897e-08, "test_error": 0.9}, {"outer_epoch": 151, "inner_epoch": 1, "train_loss": 2.3025853468974433, "grad_norm": 2.2795280330001333e-08, "test_error": 0.9}, {"outer_epoch": 152, "inner_epoch": 1, "train_loss": 2.302585343281428, "grad_norm": 3.4021201855694017e-08, "test_error": 0.9}, {"outer_epoch": 153, "inner_epoch": 1, "train_loss": 2.3025853484869003, "grad_norm": 1.746049527184823e-08, "test_error": 0.9}, {"outer_epoch": 154, "inner_epoch": 1, "train_loss": 2.302585348645846, "grad_norm": 2.357762696192367e-08, "test_error": 0.9}, {"outer_epoch": 155, "inner_epoch": 1, "train_loss": 2.302585346778234, "grad_norm": 3.416286276092251e-08, "test_error": 0.9}, {"outer_epoch": 156, "inner_epoch": 1, "train_loss": 2.3025853525002797, "grad_norm": 2.284086697557086e-08, "test_error": 0.9}, {"outer_epoch": 157, "inner_epoch": 1, "train_loss": 2.3025853586594263, "grad_norm": 1.9532253148213385e-08, "test_error": 0.9}, {"outer_epoch": 158, "inner_epoch": 1, "train_loss": 2.3025853604475657, "grad_norm": 1.925202042230012e-08, "test_error": 0.9}, {"outer_epoch": 159, "inner_epoch": 1, "train_loss": 2.302585356791814, "grad_norm": 2.6242201300874513e-08, "test_error": 0.9}, {"outer_epoch": 160, "inner_epoch": 1, "train_loss": 2.3025853584607443, "grad_norm": 2.6840355715762598e-08, "test_error": 0.9}, {"outer_epoch": 161, "inner_epoch": 1, "train_loss": 2.3025853612820306, "grad_norm": 3.5342601734100754e-08, "test_error": 0.9}, {"outer_epoch": 162, "inner_epoch": 1, "train_loss": 2.302585242827733, "grad_norm": 3.374207224737802e-08, "test_error": 0.9}, {"outer_epoch": 163, "inner_epoch": 1, "train_loss": 2.3025851752758024, "grad_norm": 3.335693321560029e-08, "test_error": 0.9}, {"outer_epoch": 164, "inner_epoch": 1, "train_loss": 2.302585153977076, "grad_norm": 3.407011917033742e-08, "test_error": 0.9}, {"outer_epoch": 165, "inner_epoch": 1, "train_loss": 2.3025851529041925, "grad_norm": 3.4994883435501833e-08, "test_error": 0.9}, {"outer_epoch": 166, "inner_epoch": 1, "train_loss": 2.3025851750373842, "grad_norm": 3.3922187725465847e-08, "test_error": 0.9}, {"outer_epoch": 167, "inner_epoch": 1, "train_loss": 2.3025852073431015, "grad_norm": 2.764475048877557e-08, "test_error": 0.9}, {"outer_epoch": 168, "inner_epoch": 1, "train_loss": 2.3025852046410242, "grad_norm": 3.62286982635851e-08, "test_error": 0.9}, {"outer_epoch": 169, "inner_epoch": 1, "train_loss": 2.3025853038628896, "grad_norm": 2.755637140694489e-08, "test_error": 0.9}, {"outer_epoch": 170, "inner_epoch": 1, "train_loss": 2.3025852493047716, "grad_norm": 2.7806953184494887e-08, "test_error": 0.9}, {"outer_epoch": 171, "inner_epoch": 1, "train_loss": 2.3025853199164072, "grad_norm": 2.6227178651083705e-08, "test_error": 0.9}, {"outer_epoch": 172, "inner_epoch": 1, "train_loss": 2.3025853211085003, "grad_norm": 2.1627061030926598e-08, "test_error": 0.9}, {"outer_epoch": 173, "inner_epoch": 1, "train_loss": 2.302585352977117, "grad_norm": 1.8712265514864157e-08, "test_error": 0.9}, {"outer_epoch": 174, "inner_epoch": 1, "train_loss": 2.302585350235303, "grad_norm": 4.595234059934228e-08, "test_error": 0.9}, {"outer_epoch": 175, "inner_epoch": 1, "train_loss": 2.3025853460232417, "grad_norm": 3.1145237500140865e-08, "test_error": 0.9}, {"outer_epoch": 176, "inner_epoch": 1, "train_loss": 2.3025853483279546, "grad_norm": 2.725927039648468e-08, "test_error": 0.9}, {"outer_epoch": 177, "inner_epoch": 1, "train_loss": 2.3025853590170544, "grad_norm": 4.773544404201857e-08, "test_error": 0.9}, {"outer_epoch": 178, "inner_epoch": 1, "train_loss": 2.3025853511492413, "grad_norm": 2.4472262438735015e-08, "test_error": 0.9}, {"outer_epoch": 179, "inner_epoch": 1, "train_loss": 2.302585351427396, "grad_norm": 2.8567844978510948e-08, "test_error": 0.9}, {"outer_epoch": 180, "inner_epoch": 1, "train_loss": 2.3025853076378504, "grad_norm": 2.6836394440010736e-08, "test_error": 0.9}, {"outer_epoch": 181, "inner_epoch": 1, "train_loss": 2.302585307955742, "grad_norm": 2.672463494945987e-08, "test_error": 0.9}, {"outer_epoch": 182, "inner_epoch": 1, "train_loss": 2.302585286418597, "grad_norm": 3.0566820186095356e-08, "test_error": 0.9}, {"outer_epoch": 183, "inner_epoch": 1, "train_loss": 2.3025853224595387, "grad_norm": 1.4724933272702856e-08, "test_error": 0.9}, {"outer_epoch": 184, "inner_epoch": 1, "train_loss": 2.3025853468179704, "grad_norm": 2.956212874494213e-08, "test_error": 0.9}, {"outer_epoch": 185, "inner_epoch": 1, "train_loss": 2.302585346539815, "grad_norm": 6.128203011712685e-08, "test_error": 0.9}, {"outer_epoch": 186, "inner_epoch": 1, "train_loss": 2.3025852666695914, "grad_norm": 3.004692317176705e-08, "test_error": 0.9}, {"outer_epoch": 187, "inner_epoch": 1, "train_loss": 2.3025852368275324, "grad_norm": 2.7528555435196722e-08, "test_error": 0.9}, {"outer_epoch": 188, "inner_epoch": 1, "train_loss": 2.302585282206535, "grad_norm": 1.5375583473087318e-08, "test_error": 0.9}, {"outer_epoch": 189, "inner_epoch": 1, "train_loss": 2.3025853621959684, "grad_norm": 2.9353724784186852e-08, "test_error": 0.9}, {"outer_epoch": 190, "inner_epoch": 1, "train_loss": 2.302585353533427, "grad_norm": 4.2039715708597214e-08, "test_error": 0.9}, {"outer_epoch": 191, "inner_epoch": 1, "train_loss": 2.3025853399038314, "grad_norm": 3.854097840871873e-08, "test_error": 0.9}, {"outer_epoch": 192, "inner_epoch": 1, "train_loss": 2.302585305571556, "grad_norm": 2.30378898180561e-08, "test_error": 0.9}, {"outer_epoch": 193, "inner_epoch": 1, "train_loss": 2.30258535305659, "grad_norm": 2.764590867343486e-08, "test_error": 0.9}, {"outer_epoch": 194, "inner_epoch": 1, "train_loss": 2.302585356473923, "grad_norm": 1.4914915524855132e-08, "test_error": 0.9}, {"outer_epoch": 195, "inner_epoch": 1, "train_loss": 2.302585357864698, "grad_norm": 2.5157783412055323e-08, "test_error": 0.9}, {"outer_epoch": 196, "inner_epoch": 1, "train_loss": 2.3025853589773178, "grad_norm": 1.3758794992213552e-08, "test_error": 0.9}, {"outer_epoch": 197, "inner_epoch": 1, "train_loss": 2.3025853568315506, "grad_norm": 3.022874750513438e-08, "test_error": 0.9}, {"outer_epoch": 198, "inner_epoch": 1, "train_loss": 2.302585360566775, "grad_norm": 3.2134344962742034e-08, "test_error": 0.9}, {"outer_epoch": 199, "inner_epoch": 1, "train_loss": 2.3025853633085887, "grad_norm": 2.7772772526191147e-08, "test_error": 0.9}, {"outer_epoch": 200, "inner_epoch": 1, "train_loss": 2.3025853602488837, "grad_norm": 1.901931412362501e-08, "test_error": 0.9}, {"outer_epoch": 201, "inner_epoch": 1, "train_loss": 2.302585360566775, "grad_norm": 1.4228556999285047e-08, "test_error": 0.9}, {"outer_epoch": 202, "inner_epoch": 1, "train_loss": 2.3025853583415348, "grad_norm": 2.8097328907961128e-08, "test_error": 0.9}, {"outer_epoch": 203, "inner_epoch": 1, "train_loss": 2.302585357983907, "grad_norm": 2.3906943980023243e-08, "test_error": 0.9}, {"outer_epoch": 204, "inner_epoch": 1, "train_loss": 2.3025853592952092, "grad_norm": 3.9349032476820867e-08, "test_error": 0.9}, {"outer_epoch": 205, "inner_epoch": 1, "train_loss": 2.3025852895180385, "grad_norm": 3.2859365006743246e-08, "test_error": 0.9}, {"outer_epoch": 206, "inner_epoch": 1, "train_loss": 2.3025852436621985, "grad_norm": 1.9634107673027756e-08, "test_error": 0.9}, {"outer_epoch": 207, "inner_epoch": 1, "train_loss": 2.302585327108701, "grad_norm": 3.287155436737521e-08, "test_error": 0.9}, {"outer_epoch": 208, "inner_epoch": 1, "train_loss": 2.3025853004455565, "grad_norm": 4.0114166210969415e-08, "test_error": 0.9}, {"outer_epoch": 209, "inner_epoch": 1, "train_loss": 2.3025853505134584, "grad_norm": 2.7679426750637504e-08, "test_error": 0.9}, {"outer_epoch": 210, "inner_epoch": 1, "train_loss": 2.3025853571891783, "grad_norm": 3.009957083577319e-08, "test_error": 0.9}, {"outer_epoch": 211, "inner_epoch": 1, "train_loss": 2.30258536028862, "grad_norm": 1.9981039045546822e-08, "test_error": 0.9}, {"outer_epoch": 212, "inner_epoch": 1, "train_loss": 2.302585356473923, "grad_norm": 3.7074084247024075e-08, "test_error": 0.9}, {"outer_epoch": 213, "inner_epoch": 1, "train_loss": 2.3025853602488837, "grad_norm": 3.7703355104667935e-08, "test_error": 0.9}, {"outer_epoch": 214, "inner_epoch": 1, "train_loss": 2.3025853613217673, "grad_norm": 3.1537119582480955e-08, "test_error": 0.9}, {"outer_epoch": 215, "inner_epoch": 1, "train_loss": 2.3025853339831035, "grad_norm": 3.112941016070181e-08, "test_error": 0.9}, {"outer_epoch": 216, "inner_epoch": 1, "train_loss": 2.3025852859814964, "grad_norm": 3.119836833320733e-08, "test_error": 0.9}, {"outer_epoch": 217, "inner_epoch": 1, "train_loss": 2.3025852782726286, "grad_norm": 2.8508116756142954e-08, "test_error": 0.9}, {"outer_epoch": 218, "inner_epoch": 1, "train_loss": 2.3025853139956793, "grad_norm": 4.299515410366439e-08, "test_error": 0.9}, {"outer_epoch": 219, "inner_epoch": 1, "train_loss": 2.3025853283802666, "grad_norm": 2.8645599670085176e-08, "test_error": 0.9}, {"outer_epoch": 220, "inner_epoch": 1, "train_loss": 2.302585311849912, "grad_norm": 2.8976163690686008e-08, "test_error": 0.9}, {"outer_epoch": 221, "inner_epoch": 1, "train_loss": 2.3025853132406873, "grad_norm": 3.16137658273874e-08, "test_error": 0.9}, {"outer_epoch": 222, "inner_epoch": 1, "train_loss": 2.3025852982203165, "grad_norm": 1.9226860104026855e-08, "test_error": 0.9}, {"outer_epoch": 223, "inner_epoch": 1, "train_loss": 2.3025853186448417, "grad_norm": 2.979291480187385e-08, "test_error": 0.9}, {"outer_epoch": 224, "inner_epoch": 1, "train_loss": 2.302585356513659, "grad_norm": 3.558859873464826e-08, "test_error": 0.9}, {"outer_epoch": 225, "inner_epoch": 1, "train_loss": 2.302585239807765, "grad_norm": 4.770791051100787e-08, "test_error": 0.9}, {"outer_epoch": 226, "inner_epoch": 1, "train_loss": 2.3025851871569953, "grad_norm": 2.3293930340173574e-08, "test_error": 0.9}, {"outer_epoch": 227, "inner_epoch": 1, "train_loss": 2.302585220535596, "grad_norm": 3.0068552092643586e-08, "test_error": 0.9}, {"outer_epoch": 228, "inner_epoch": 1, "train_loss": 2.3025851980845133, "grad_norm": 1.8563438786145525e-08, "test_error": 0.9}, {"outer_epoch": 229, "inner_epoch": 1, "train_loss": 2.3025852646827696, "grad_norm": 2.8458499556904826e-08, "test_error": 0.9}, {"outer_epoch": 230, "inner_epoch": 1, "train_loss": 2.3025852848291395, "grad_norm": 2.370397567119653e-08, "test_error": 0.9}, {"outer_epoch": 231, "inner_epoch": 1, "train_loss": 2.302585290590922, "grad_norm": 2.9633426379405137e-08, "test_error": 0.9}, {"outer_epoch": 232, "inner_epoch": 1, "train_loss": 2.3025853608846663, "grad_norm": 2.2770002772176667e-08, "test_error": 0.9}, {"outer_epoch": 233, "inner_epoch": 1, "train_loss": 2.302585357228915, "grad_norm": 3.028382522529682e-08, "test_error": 0.9}, {"outer_epoch": 234, "inner_epoch": 1, "train_loss": 2.3025853600502013, "grad_norm": 3.70293520290943e-08, "test_error": 0.9}, {"outer_epoch": 235, "inner_epoch": 1, "train_loss": 2.3025853608846663, "grad_norm": 4.9708130944736695e-08, "test_error": 0.9}, {"outer_epoch": 236, "inner_epoch": 1, "train_loss": 2.3025853585799534, "grad_norm": 2.8237879590164994e-08, "test_error": 0.9}, {"outer_epoch": 237, "inner_epoch": 1, "train_loss": 2.302585361480713, "grad_norm": 2.704030421796233e-08, "test_error": 0.9}, {"outer_epoch": 238, "inner_epoch": 1, "train_loss": 2.3025853618780774, "grad_norm": 4.351750604314475e-08, "test_error": 0.9}, {"outer_epoch": 239, "inner_epoch": 1, "train_loss": 2.302585362315178, "grad_norm": 3.837784134930189e-08, "test_error": 0.9}, {"outer_epoch": 240, "inner_epoch": 1, "train_loss": 2.3025852782328924, "grad_norm": 4.457337254848426e-08, "test_error": 0.9}, {"outer_epoch": 241, "inner_epoch": 1, "train_loss": 2.3025852024157842, "grad_norm": 2.1565380592392103e-08, "test_error": 0.9}, {"outer_epoch": 242, "inner_epoch": 1, "train_loss": 2.302585351626078, "grad_norm": 1.826819051586881e-08, "test_error": 0.9}, {"outer_epoch": 243, "inner_epoch": 1, "train_loss": 2.302585349440575, "grad_norm": 1.698663076865614e-08, "test_error": 0.9}, {"outer_epoch": 244, "inner_epoch": 1, "train_loss": 2.3025853575468065, "grad_norm": 2.202968651943138e-08, "test_error": 0.9}, {"outer_epoch": 245, "inner_epoch": 1, "train_loss": 2.3025853570302326, "grad_norm": 2.675985122380098e-08, "test_error": 0.9}, {"outer_epoch": 246, "inner_epoch": 1, "train_loss": 2.302585354367892, "grad_norm": 3.04936449424531e-08, "test_error": 0.9}, {"outer_epoch": 247, "inner_epoch": 1, "train_loss": 2.3025853613217673, "grad_norm": 1.4139170723126426e-08, "test_error": 0.9}, {"outer_epoch": 248, "inner_epoch": 1, "train_loss": 2.302585360368093, "grad_norm": 2.4928377584387817e-08, "test_error": 0.9}, {"outer_epoch": 249, "inner_epoch": 1, "train_loss": 2.302585346579552, "grad_norm": 4.840491385493806e-08, "test_error": 0.9}, {"outer_epoch": 250, "inner_epoch": 1, "train_loss": 2.302585393110911, "grad_norm": 4.507223749783407e-08, "test_error": 0.9}]}