{"argv": ["train.py", "--seed", "79", "--optimizer", "SVRG", "--run_name", "svrg_0.01.json", "--output_path", "experiments/nonconvex_fmnist/svrg-0.01.json", "--dataset", "FMNIST", "--layer_sizes", "784", "100", "10", "--batch_size", "10", "--learning_rate", "0.01", "--weight_decay", "0.001", "--warmup_learning_rate", "0.03", "--num_warmup_epochs", "10", "--num_outer_epochs", "250", "--num_inner_epochs", "1", "--device", "cuda"], "args": {"seed": 79, "optimizer": "SVRG", "run_name": "svrg_0.01.json", "output_path": "experiments/nonconvex_fmnist/svrg-0.01.json", "device": "cuda", "dataset": "FMNIST", "dataset_root": "~/datasets/pytorch", "dataset_size": null, "download": false, "layer_sizes": [784, 100, 10], "batch_size": 10, "test_batch_size": 256, "learning_rate": 0.01, "weight_decay": 0.001, "warmup_learning_rate": 0.03, "num_warmup_epochs": 10, "num_outer_epochs": 250, "num_inner_epochs": 1, "inner_epoch_fraction": null, "choose_random_iterate": false, "num_epochs": 10}, "metrics": [{"warmup_epoch": 1, "train_loss": 0.5629650882591183, "grad_norm": 0.4067375659942627, "test_error": 0.14638333333333334}, {"warmup_epoch": 2, "train_loss": 0.4176381326682555, "grad_norm": 0.5326794981956482, "test_error": 0.14525}, {"warmup_epoch": 3, "train_loss": 0.3856852090843022, "grad_norm": 0.8634437918663025, "test_error": 0.14971666666666666}, {"warmup_epoch": 4, "train_loss": 0.36692527095150823, "grad_norm": 0.6581805944442749, "test_error": 0.13681666666666667}, {"warmup_epoch": 5, "train_loss": 0.35395802397606896, "grad_norm": 0.7053418755531311, "test_error": 0.13155}, {"warmup_epoch": 6, "train_loss": 0.34573226063426893, "grad_norm": 0.5203390717506409, "test_error": 0.12031666666666667}, {"warmup_epoch": 7, "train_loss": 0.3395486783954936, "grad_norm": 0.5959027409553528, "test_error": 0.11886666666666666}, {"warmup_epoch": 8, "train_loss": 0.3361009404188953, "grad_norm": 0.43708112835884094, "test_error": 0.11576666666666667}, {"warmup_epoch": 9, "train_loss": 0.3307009245970791, "grad_norm": 0.27973583340644836, "test_error": 0.11073333333333334}, {"warmup_epoch": 10, "train_loss": 0.32809389451510895, "grad_norm": 0.563463568687439, "test_error": 0.1202}, {"outer_epoch": 1, "inner_epoch": 1, "train_loss": 0.28016274292914506, "grad_norm": 0.1292281448841095, "test_error": 0.09733333333333333}, {"outer_epoch": 2, "inner_epoch": 1, "train_loss": 0.2714964771399973, "grad_norm": 0.04877397045493126, "test_error": 0.09396666666666667}, {"outer_epoch": 3, "inner_epoch": 1, "train_loss": 0.26718940953848264, "grad_norm": 0.10144231468439102, "test_error": 0.09223333333333333}, {"outer_epoch": 4, "inner_epoch": 1, "train_loss": 0.2637515224556749, "grad_norm": 0.05774891749024391, "test_error": 0.09073333333333333}, {"outer_epoch": 5, "inner_epoch": 1, "train_loss": 0.2611939256797389, "grad_norm": 0.045038286596536636, "test_error": 0.08946666666666667}, {"outer_epoch": 6, "inner_epoch": 1, "train_loss": 0.2581805353164673, "grad_norm": 0.06348133087158203, "test_error": 0.08888333333333333}, {"outer_epoch": 7, "inner_epoch": 1, "train_loss": 0.25620717590876546, "grad_norm": 0.10587646067142487, "test_error": 0.0874}, {"outer_epoch": 8, "inner_epoch": 1, "train_loss": 0.2544901695836646, "grad_norm": 0.12666651606559753, "test_error": 0.0862}, {"outer_epoch": 9, "inner_epoch": 1, "train_loss": 0.25222388823726216, "grad_norm": 0.14361797273159027, "test_error": 0.08558333333333333}, {"outer_epoch": 10, "inner_epoch": 1, "train_loss": 0.25094453126192096, "grad_norm": 0.10702648758888245, "test_error": 0.08363333333333334}, {"outer_epoch": 11, "inner_epoch": 1, "train_loss": 0.24780023928331987, "grad_norm": 0.1241484209895134, "test_error": 0.0826}, {"outer_epoch": 12, "inner_epoch": 1, "train_loss": 0.24567989885950617, "grad_norm": 0.07851006090641022, "test_error": 0.0824}, {"outer_epoch": 13, "inner_epoch": 1, "train_loss": 0.244800579138527, "grad_norm": 0.12425567209720612, "test_error": 0.08156666666666666}, {"outer_epoch": 14, "inner_epoch": 1, "train_loss": 0.24358960402361118, "grad_norm": 0.280734658241272, "test_error": 0.08211666666666667}, {"outer_epoch": 15, "inner_epoch": 1, "train_loss": 0.24206761063239537, "grad_norm": 0.2912926971912384, "test_error": 0.08305}, {"outer_epoch": 16, "inner_epoch": 1, "train_loss": 0.2418659467981197, "grad_norm": 0.18461906909942627, "test_error": 0.08165}, {"outer_epoch": 17, "inner_epoch": 1, "train_loss": 0.24022061428497546, "grad_norm": 0.18729591369628906, "test_error": 0.0797}, {"outer_epoch": 18, "inner_epoch": 1, "train_loss": 0.2399923216502648, "grad_norm": 0.11531895399093628, "test_error": 0.07881666666666666}, {"outer_epoch": 19, "inner_epoch": 1, "train_loss": 0.2368837004644641, "grad_norm": 0.1680004596710205, "test_error": 0.07938333333333333}, {"outer_epoch": 20, "inner_epoch": 1, "train_loss": 0.2366719089067386, "grad_norm": 0.114203542470932, "test_error": 0.07941666666666666}, {"outer_epoch": 21, "inner_epoch": 1, "train_loss": 0.23723973444096433, "grad_norm": 0.10082267224788666, "test_error": 0.07885}, {"outer_epoch": 22, "inner_epoch": 1, "train_loss": 0.2334261935898491, "grad_norm": 0.16333216428756714, "test_error": 0.07835}, {"outer_epoch": 23, "inner_epoch": 1, "train_loss": 0.23258071707258932, "grad_norm": 0.20998071134090424, "test_error": 0.0773}, {"outer_epoch": 24, "inner_epoch": 1, "train_loss": 0.23209354979048172, "grad_norm": 0.1780872493982315, "test_error": 0.0775}, {"outer_epoch": 25, "inner_epoch": 1, "train_loss": 0.231216962649875, "grad_norm": 0.21404869854450226, "test_error": 0.07626666666666666}, {"outer_epoch": 26, "inner_epoch": 1, "train_loss": 0.23097290189308115, "grad_norm": 0.5267903208732605, "test_error": 0.0788}, {"outer_epoch": 27, "inner_epoch": 1, "train_loss": 0.23258473034086638, "grad_norm": 0.21894806623458862, "test_error": 0.07803333333333333}, {"outer_epoch": 28, "inner_epoch": 1, "train_loss": 0.23244834290797978, "grad_norm": 0.122185118496418, "test_error": 0.07561666666666667}, {"outer_epoch": 29, "inner_epoch": 1, "train_loss": 0.22870249715067137, "grad_norm": 0.18737079203128815, "test_error": 0.0762}, {"outer_epoch": 30, "inner_epoch": 1, "train_loss": 0.22846193461616834, "grad_norm": 0.12372443079948425, "test_error": 0.07636666666666667}, {"outer_epoch": 31, "inner_epoch": 1, "train_loss": 0.2268100256001732, "grad_norm": 0.1262204349040985, "test_error": 0.07503333333333333}, {"outer_epoch": 32, "inner_epoch": 1, "train_loss": 0.22631236367851185, "grad_norm": 0.18071839213371277, "test_error": 0.07453333333333333}, {"outer_epoch": 33, "inner_epoch": 1, "train_loss": 0.2261160903321579, "grad_norm": 0.41683146357536316, "test_error": 0.07551666666666666}, {"outer_epoch": 34, "inner_epoch": 1, "train_loss": 0.22822372879553587, "grad_norm": 0.23886968195438385, "test_error": 0.07565}, {"outer_epoch": 35, "inner_epoch": 1, "train_loss": 0.22766743670900663, "grad_norm": 0.2720484435558319, "test_error": 0.07405}, {"outer_epoch": 36, "inner_epoch": 1, "train_loss": 0.22569079264594863, "grad_norm": 0.13917237520217896, "test_error": 0.07555}, {"outer_epoch": 37, "inner_epoch": 1, "train_loss": 0.22513869575729284, "grad_norm": 0.22198137640953064, "test_error": 0.07735}, {"outer_epoch": 38, "inner_epoch": 1, "train_loss": 0.2272031288566844, "grad_norm": 0.3185080289840698, "test_error": 0.075}, {"outer_epoch": 39, "inner_epoch": 1, "train_loss": 0.2243300595448236, "grad_norm": 0.2586357593536377, "test_error": 0.07326666666666666}, {"outer_epoch": 40, "inner_epoch": 1, "train_loss": 0.2221054968207997, "grad_norm": 0.2932753562927246, "test_error": 0.07306666666666667}, {"outer_epoch": 41, "inner_epoch": 1, "train_loss": 0.22287171574957512, "grad_norm": 0.33011093735694885, "test_error": 0.07518333333333334}, {"outer_epoch": 42, "inner_epoch": 1, "train_loss": 0.22563196581415831, "grad_norm": 0.15447252988815308, "test_error": 0.07345}, {"outer_epoch": 43, "inner_epoch": 1, "train_loss": 0.22181201013658816, "grad_norm": 0.14720843732357025, "test_error": 0.07178333333333334}, {"outer_epoch": 44, "inner_epoch": 1, "train_loss": 0.2199998688272899, "grad_norm": 0.2545264661312103, "test_error": 0.07235}, {"outer_epoch": 45, "inner_epoch": 1, "train_loss": 0.22122448130440897, "grad_norm": 0.3004165291786194, "test_error": 0.07268333333333334}, {"outer_epoch": 46, "inner_epoch": 1, "train_loss": 0.2199026162197503, "grad_norm": 0.16241596639156342, "test_error": 0.07301666666666666}, {"outer_epoch": 47, "inner_epoch": 1, "train_loss": 0.2231293420790462, "grad_norm": 0.3254126310348511, "test_error": 0.0729}, {"outer_epoch": 48, "inner_epoch": 1, "train_loss": 0.2221717458096488, "grad_norm": 0.48908326029777527, "test_error": 0.07331666666666667}, {"outer_epoch": 49, "inner_epoch": 1, "train_loss": 0.22331191534370495, "grad_norm": 0.22496971487998962, "test_error": 0.07126666666666667}, {"outer_epoch": 50, "inner_epoch": 1, "train_loss": 0.21927688229262518, "grad_norm": 0.20403863489627838, "test_error": 0.07098333333333333}, {"outer_epoch": 51, "inner_epoch": 1, "train_loss": 0.21822490075758347, "grad_norm": 0.3251279294490814, "test_error": 0.07201666666666667}, {"outer_epoch": 52, "inner_epoch": 1, "train_loss": 0.21989590729253056, "grad_norm": 0.3548896014690399, "test_error": 0.07291666666666667}, {"outer_epoch": 53, "inner_epoch": 1, "train_loss": 0.2219035400286084, "grad_norm": 0.5525937676429749, "test_error": 0.07716666666666666}, {"outer_epoch": 54, "inner_epoch": 1, "train_loss": 0.2236817859522222, "grad_norm": 0.26575013995170593, "test_error": 0.07356666666666667}, {"outer_epoch": 55, "inner_epoch": 1, "train_loss": 0.22256163562151293, "grad_norm": 0.2635897696018219, "test_error": 0.07275}, {"outer_epoch": 56, "inner_epoch": 1, "train_loss": 0.219335576046103, "grad_norm": 0.45709142088890076, "test_error": 0.07211666666666666}, {"outer_epoch": 57, "inner_epoch": 1, "train_loss": 0.22069955348277775, "grad_norm": 0.3996960520744324, "test_error": 0.0718}, {"outer_epoch": 58, "inner_epoch": 1, "train_loss": 0.2198651146038125, "grad_norm": 0.2720396816730499, "test_error": 0.07161666666666666}, {"outer_epoch": 59, "inner_epoch": 1, "train_loss": 0.21937568178920386, "grad_norm": 0.38857391476631165, "test_error": 0.072}, {"outer_epoch": 60, "inner_epoch": 1, "train_loss": 0.21728651676969216, "grad_norm": 0.3368978798389435, "test_error": 0.07148333333333333}, {"outer_epoch": 61, "inner_epoch": 1, "train_loss": 0.21698003947967665, "grad_norm": 0.1734333038330078, "test_error": 0.07046666666666666}, {"outer_epoch": 62, "inner_epoch": 1, "train_loss": 0.2155148973596127, "grad_norm": 0.3673245906829834, "test_error": 0.07065}, {"outer_epoch": 63, "inner_epoch": 1, "train_loss": 0.21505726416781545, "grad_norm": 0.3784598410129547, "test_error": 0.07213333333333333}, {"outer_epoch": 64, "inner_epoch": 1, "train_loss": 0.21904808500098685, "grad_norm": 0.2474023401737213, "test_error": 0.07025}, {"outer_epoch": 65, "inner_epoch": 1, "train_loss": 0.21524813365893594, "grad_norm": 0.213325634598732, "test_error": 0.0705}, {"outer_epoch": 66, "inner_epoch": 1, "train_loss": 0.21462136051105335, "grad_norm": 0.3054773807525635, "test_error": 0.07041666666666667}, {"outer_epoch": 67, "inner_epoch": 1, "train_loss": 0.21766206286944603, "grad_norm": 0.12986084818840027, "test_error": 0.0715}, {"outer_epoch": 68, "inner_epoch": 1, "train_loss": 0.21930457646873158, "grad_norm": 0.4714932143688202, "test_error": 0.0742}, {"outer_epoch": 69, "inner_epoch": 1, "train_loss": 0.22184827841298344, "grad_norm": 0.27064454555511475, "test_error": 0.07246666666666667}, {"outer_epoch": 70, "inner_epoch": 1, "train_loss": 0.22084515987569467, "grad_norm": 0.6566545367240906, "test_error": 0.07786666666666667}, {"outer_epoch": 71, "inner_epoch": 1, "train_loss": 0.22747195013177893, "grad_norm": 0.6182650923728943, "test_error": 0.07711666666666667}, {"outer_epoch": 72, "inner_epoch": 1, "train_loss": 0.22286013337876648, "grad_norm": 0.3814176619052887, "test_error": 0.07506666666666667}, {"outer_epoch": 73, "inner_epoch": 1, "train_loss": 0.22192280439520254, "grad_norm": 0.457770437002182, "test_error": 0.07228333333333334}, {"outer_epoch": 74, "inner_epoch": 1, "train_loss": 0.21905888582211144, "grad_norm": 0.47352874279022217, "test_error": 0.0755}, {"outer_epoch": 75, "inner_epoch": 1, "train_loss": 0.21963706241439407, "grad_norm": 0.6555479168891907, "test_error": 0.0766}, {"outer_epoch": 76, "inner_epoch": 1, "train_loss": 0.22229787603362153, "grad_norm": 0.8661453723907471, "test_error": 0.07728333333333333}, {"outer_epoch": 77, "inner_epoch": 1, "train_loss": 0.22614563292392995, "grad_norm": 0.3765631914138794, "test_error": 0.07436666666666666}, {"outer_epoch": 78, "inner_epoch": 1, "train_loss": 0.22227908560781118, "grad_norm": 0.27665287256240845, "test_error": 0.07233333333333333}, {"outer_epoch": 79, "inner_epoch": 1, "train_loss": 0.21916378019346544, "grad_norm": 0.17079229652881622, "test_error": 0.07126666666666667}, {"outer_epoch": 80, "inner_epoch": 1, "train_loss": 0.21727257547488746, "grad_norm": 0.4389842450618744, "test_error": 0.07228333333333334}, {"outer_epoch": 81, "inner_epoch": 1, "train_loss": 0.21912609660322777, "grad_norm": 0.32334527373313904, "test_error": 0.07075}, {"outer_epoch": 82, "inner_epoch": 1, "train_loss": 0.2198886670162125, "grad_norm": 0.44550418853759766, "test_error": 0.07306666666666667}, {"outer_epoch": 83, "inner_epoch": 1, "train_loss": 0.21950724818410042, "grad_norm": 0.41951239109039307, "test_error": 0.07418333333333334}, {"outer_epoch": 84, "inner_epoch": 1, "train_loss": 0.2200067906861659, "grad_norm": 0.13453154265880585, "test_error": 0.07093333333333333}, {"outer_epoch": 85, "inner_epoch": 1, "train_loss": 0.21605964701541233, "grad_norm": 0.28468069434165955, "test_error": 0.07015}, {"outer_epoch": 86, "inner_epoch": 1, "train_loss": 0.21481265144395487, "grad_norm": 0.31246277689933777, "test_error": 0.06993333333333333}, {"outer_epoch": 87, "inner_epoch": 1, "train_loss": 0.21666625243790139, "grad_norm": 0.18185216188430786, "test_error": 0.0717}, {"outer_epoch": 88, "inner_epoch": 1, "train_loss": 0.21717686824135793, "grad_norm": 0.4282536208629608, "test_error": 0.0705}, {"outer_epoch": 89, "inner_epoch": 1, "train_loss": 0.21776362496148796, "grad_norm": 0.3581796884536743, "test_error": 0.07061666666666666}, {"outer_epoch": 90, "inner_epoch": 1, "train_loss": 0.2177635077307932, "grad_norm": 0.5508478879928589, "test_error": 0.07465}, {"outer_epoch": 91, "inner_epoch": 1, "train_loss": 0.21875826288379419, "grad_norm": 0.449166864156723, "test_error": 0.0716}, {"outer_epoch": 92, "inner_epoch": 1, "train_loss": 0.21981328203284647, "grad_norm": 0.34332242608070374, "test_error": 0.07078333333333334}, {"outer_epoch": 93, "inner_epoch": 1, "train_loss": 0.21772918772138655, "grad_norm": 0.20046328008174896, "test_error": 0.07011666666666666}, {"outer_epoch": 94, "inner_epoch": 1, "train_loss": 0.21487343793467154, "grad_norm": 0.4494088590145111, "test_error": 0.07218333333333334}, {"outer_epoch": 95, "inner_epoch": 1, "train_loss": 0.21643138000920104, "grad_norm": 0.29537105560302734, "test_error": 0.0702}, {"outer_epoch": 96, "inner_epoch": 1, "train_loss": 0.21650458578850765, "grad_norm": 0.23777899146080017, "test_error": 0.07266666666666667}, {"outer_epoch": 97, "inner_epoch": 1, "train_loss": 0.21716972576469804, "grad_norm": 0.3246450424194336, "test_error": 0.07165}, {"outer_epoch": 98, "inner_epoch": 1, "train_loss": 0.21859595524185957, "grad_norm": 0.3634682595729828, "test_error": 0.07063333333333334}, {"outer_epoch": 99, "inner_epoch": 1, "train_loss": 0.21434387844102457, "grad_norm": 0.6424155831336975, "test_error": 0.07318333333333334}, {"outer_epoch": 100, "inner_epoch": 1, "train_loss": 0.21717055843234995, "grad_norm": 0.6372823715209961, "test_error": 0.0735}, {"outer_epoch": 101, "inner_epoch": 1, "train_loss": 0.2189115204839812, "grad_norm": 0.3913441300392151, "test_error": 0.06985}, {"outer_epoch": 102, "inner_epoch": 1, "train_loss": 0.2157954040809224, "grad_norm": 0.2530479431152344, "test_error": 0.06941666666666667}, {"outer_epoch": 103, "inner_epoch": 1, "train_loss": 0.21420902692720603, "grad_norm": 0.1633511185646057, "test_error": 0.06793333333333333}, {"outer_epoch": 104, "inner_epoch": 1, "train_loss": 0.2121729553559562, "grad_norm": 0.26832082867622375, "test_error": 0.06806666666666666}, {"outer_epoch": 105, "inner_epoch": 1, "train_loss": 0.21300529445471086, "grad_norm": 0.3795062005519867, "test_error": 0.06888333333333334}, {"outer_epoch": 106, "inner_epoch": 1, "train_loss": 0.2121661407437641, "grad_norm": 0.1927678883075714, "test_error": 0.06818333333333333}, {"outer_epoch": 107, "inner_epoch": 1, "train_loss": 0.2113858194029114, "grad_norm": 0.18685457110404968, "test_error": 0.06731666666666666}, {"outer_epoch": 108, "inner_epoch": 1, "train_loss": 0.21119152775011024, "grad_norm": 0.22846800088882446, "test_error": 0.06788333333333334}, {"outer_epoch": 109, "inner_epoch": 1, "train_loss": 0.21054448173296017, "grad_norm": 0.11656808108091354, "test_error": 0.06778333333333333}, {"outer_epoch": 110, "inner_epoch": 1, "train_loss": 0.21132966187635127, "grad_norm": 0.3046632707118988, "test_error": 0.06871666666666666}, {"outer_epoch": 111, "inner_epoch": 1, "train_loss": 0.21461029888285946, "grad_norm": 0.18595340847969055, "test_error": 0.06876666666666667}, {"outer_epoch": 112, "inner_epoch": 1, "train_loss": 0.212675414018527, "grad_norm": 0.13867990672588348, "test_error": 0.06736666666666667}, {"outer_epoch": 113, "inner_epoch": 1, "train_loss": 0.2104654489144062, "grad_norm": 0.2166634052991867, "test_error": 0.06698333333333334}, {"outer_epoch": 114, "inner_epoch": 1, "train_loss": 0.20952413849963342, "grad_norm": 0.12874746322631836, "test_error": 0.06658333333333333}, {"outer_epoch": 115, "inner_epoch": 1, "train_loss": 0.20905298491171562, "grad_norm": 0.25160205364227295, "test_error": 0.06718333333333333}, {"outer_epoch": 116, "inner_epoch": 1, "train_loss": 0.20948898514561975, "grad_norm": 0.16964174807071686, "test_error": 0.0674}, {"outer_epoch": 117, "inner_epoch": 1, "train_loss": 0.2109652638831952, "grad_norm": 0.30143606662750244, "test_error": 0.06888333333333334}, {"outer_epoch": 118, "inner_epoch": 1, "train_loss": 0.21114680692960974, "grad_norm": 0.2473875731229782, "test_error": 0.06765}, {"outer_epoch": 119, "inner_epoch": 1, "train_loss": 0.21090797539563694, "grad_norm": 0.507591724395752, "test_error": 0.06956666666666667}, {"outer_epoch": 120, "inner_epoch": 1, "train_loss": 0.21298435633994328, "grad_norm": 0.4415026307106018, "test_error": 0.07188333333333333}, {"outer_epoch": 121, "inner_epoch": 1, "train_loss": 0.21737748421332798, "grad_norm": 0.38990914821624756, "test_error": 0.0703}, {"outer_epoch": 122, "inner_epoch": 1, "train_loss": 0.21464288957060004, "grad_norm": 0.4981423616409302, "test_error": 0.06901666666666667}, {"outer_epoch": 123, "inner_epoch": 1, "train_loss": 0.21363768859533594, "grad_norm": 0.15956372022628784, "test_error": 0.06766666666666667}, {"outer_epoch": 124, "inner_epoch": 1, "train_loss": 0.21106612617747547, "grad_norm": 0.6221758723258972, "test_error": 0.06936666666666666}, {"outer_epoch": 125, "inner_epoch": 1, "train_loss": 0.21645757042313926, "grad_norm": 0.4864370822906494, "test_error": 0.07223333333333333}, {"outer_epoch": 126, "inner_epoch": 1, "train_loss": 0.21652898972691037, "grad_norm": 0.849449872970581, "test_error": 0.07486666666666666}, {"outer_epoch": 127, "inner_epoch": 1, "train_loss": 0.2183969602289144, "grad_norm": 0.4274534583091736, "test_error": 0.07206666666666667}, {"outer_epoch": 128, "inner_epoch": 1, "train_loss": 0.2182419885173052, "grad_norm": 0.13841865956783295, "test_error": 0.0697}, {"outer_epoch": 129, "inner_epoch": 1, "train_loss": 0.21351623842158976, "grad_norm": 0.15978749096393585, "test_error": 0.068}, {"outer_epoch": 130, "inner_epoch": 1, "train_loss": 0.21315239845200754, "grad_norm": 0.31688591837882996, "test_error": 0.06768333333333333}, {"outer_epoch": 131, "inner_epoch": 1, "train_loss": 0.2126707964220938, "grad_norm": 0.19311313331127167, "test_error": 0.06833333333333333}, {"outer_epoch": 132, "inner_epoch": 1, "train_loss": 0.21182753532845527, "grad_norm": 0.3626059591770172, "test_error": 0.06866666666666667}, {"outer_epoch": 133, "inner_epoch": 1, "train_loss": 0.21175564925116486, "grad_norm": 0.1789238303899765, "test_error": 0.06843333333333333}, {"outer_epoch": 134, "inner_epoch": 1, "train_loss": 0.21168186779879034, "grad_norm": 0.11481545865535736, "test_error": 0.06763333333333334}, {"outer_epoch": 135, "inner_epoch": 1, "train_loss": 0.20936464819610895, "grad_norm": 0.19368235766887665, "test_error": 0.0671}, {"outer_epoch": 136, "inner_epoch": 1, "train_loss": 0.20975893419398925, "grad_norm": 0.14148981869220734, "test_error": 0.06698333333333334}, {"outer_epoch": 137, "inner_epoch": 1, "train_loss": 0.20909010111455184, "grad_norm": 0.2950645685195923, "test_error": 0.06688333333333334}, {"outer_epoch": 138, "inner_epoch": 1, "train_loss": 0.21126864358782768, "grad_norm": 0.2691972553730011, "test_error": 0.0686}, {"outer_epoch": 139, "inner_epoch": 1, "train_loss": 0.21236925344304958, "grad_norm": 0.3975706994533539, "test_error": 0.06931666666666667}, {"outer_epoch": 140, "inner_epoch": 1, "train_loss": 0.21229747405000185, "grad_norm": 0.24633988738059998, "test_error": 0.06791666666666667}, {"outer_epoch": 141, "inner_epoch": 1, "train_loss": 0.2110087842786646, "grad_norm": 0.3565714359283447, "test_error": 0.068}, {"outer_epoch": 142, "inner_epoch": 1, "train_loss": 0.21063268679046693, "grad_norm": 0.610612690448761, "test_error": 0.07085}, {"outer_epoch": 143, "inner_epoch": 1, "train_loss": 0.2148884847763305, "grad_norm": 0.46219390630722046, "test_error": 0.07171666666666666}, {"outer_epoch": 144, "inner_epoch": 1, "train_loss": 0.21562963255060216, "grad_norm": 0.5514682531356812, "test_error": 0.07101666666666667}, {"outer_epoch": 145, "inner_epoch": 1, "train_loss": 0.21518712920796437, "grad_norm": 0.4848431944847107, "test_error": 0.06936666666666666}, {"outer_epoch": 146, "inner_epoch": 1, "train_loss": 0.21196530713055592, "grad_norm": 0.2121407836675644, "test_error": 0.06731666666666666}, {"outer_epoch": 147, "inner_epoch": 1, "train_loss": 0.21008363049329878, "grad_norm": 0.12664881348609924, "test_error": 0.0671}, {"outer_epoch": 148, "inner_epoch": 1, "train_loss": 0.208041873081044, "grad_norm": 0.11037289351224899, "test_error": 0.06666666666666667}, {"outer_epoch": 149, "inner_epoch": 1, "train_loss": 0.20848912962378624, "grad_norm": 0.5576207637786865, "test_error": 0.06926666666666667}, {"outer_epoch": 150, "inner_epoch": 1, "train_loss": 0.2098250410022835, "grad_norm": 0.20658694207668304, "test_error": 0.06601666666666667}, {"outer_epoch": 151, "inner_epoch": 1, "train_loss": 0.20740765350606913, "grad_norm": 0.1820603609085083, "test_error": 0.06538333333333333}, {"outer_epoch": 152, "inner_epoch": 1, "train_loss": 0.20592415483381288, "grad_norm": 0.3816572427749634, "test_error": 0.0653}, {"outer_epoch": 153, "inner_epoch": 1, "train_loss": 0.20843786865084743, "grad_norm": 0.22381052374839783, "test_error": 0.06813333333333334}, {"outer_epoch": 154, "inner_epoch": 1, "train_loss": 0.2100987967402519, "grad_norm": 0.20967991650104523, "test_error": 0.0673}, {"outer_epoch": 155, "inner_epoch": 1, "train_loss": 0.20965508203334562, "grad_norm": 0.17098817229270935, "test_error": 0.06686666666666667}, {"outer_epoch": 156, "inner_epoch": 1, "train_loss": 0.20797347338862407, "grad_norm": 0.1816173791885376, "test_error": 0.06575}, {"outer_epoch": 157, "inner_epoch": 1, "train_loss": 0.20833712251922892, "grad_norm": 0.265424907207489, "test_error": 0.06691666666666667}, {"outer_epoch": 158, "inner_epoch": 1, "train_loss": 0.20935648794864148, "grad_norm": 0.3724018633365631, "test_error": 0.06611666666666667}, {"outer_epoch": 159, "inner_epoch": 1, "train_loss": 0.20854818078960913, "grad_norm": 0.25208330154418945, "test_error": 0.06675}, {"outer_epoch": 160, "inner_epoch": 1, "train_loss": 0.20902876130274187, "grad_norm": 0.3369530737400055, "test_error": 0.06728333333333333}, {"outer_epoch": 161, "inner_epoch": 1, "train_loss": 0.2107962683228155, "grad_norm": 0.5164101123809814, "test_error": 0.069}, {"outer_epoch": 162, "inner_epoch": 1, "train_loss": 0.21200101457551743, "grad_norm": 0.48750048875808716, "test_error": 0.06935}, {"outer_epoch": 163, "inner_epoch": 1, "train_loss": 0.212421215350274, "grad_norm": 0.8694645762443542, "test_error": 0.07208333333333333}, {"outer_epoch": 164, "inner_epoch": 1, "train_loss": 0.21686635124291448, "grad_norm": 0.8629666566848755, "test_error": 0.07795}, {"outer_epoch": 165, "inner_epoch": 1, "train_loss": 0.2221055040739011, "grad_norm": 0.579576849937439, "test_error": 0.07351666666666666}, {"outer_epoch": 166, "inner_epoch": 1, "train_loss": 0.21619741362775677, "grad_norm": 0.3644445836544037, "test_error": 0.07176666666666667}, {"outer_epoch": 167, "inner_epoch": 1, "train_loss": 0.21504956632231673, "grad_norm": 0.30699875950813293, "test_error": 0.07213333333333333}, {"outer_epoch": 168, "inner_epoch": 1, "train_loss": 0.21743146107947298, "grad_norm": 0.1396101862192154, "test_error": 0.0707}, {"outer_epoch": 169, "inner_epoch": 1, "train_loss": 0.2152675488748743, "grad_norm": 0.27362534403800964, "test_error": 0.0706}, {"outer_epoch": 170, "inner_epoch": 1, "train_loss": 0.21543912147936256, "grad_norm": 0.35160714387893677, "test_error": 0.07073333333333333}, {"outer_epoch": 171, "inner_epoch": 1, "train_loss": 0.21353963408836474, "grad_norm": 0.2390870749950409, "test_error": 0.06988333333333334}, {"outer_epoch": 172, "inner_epoch": 1, "train_loss": 0.21213955213847416, "grad_norm": 0.21665537357330322, "test_error": 0.06751666666666667}, {"outer_epoch": 173, "inner_epoch": 1, "train_loss": 0.21068693871229577, "grad_norm": 0.39961349964141846, "test_error": 0.06878333333333334}, {"outer_epoch": 174, "inner_epoch": 1, "train_loss": 0.21052902601713624, "grad_norm": 0.10778707265853882, "test_error": 0.06636666666666667}, {"outer_epoch": 175, "inner_epoch": 1, "train_loss": 0.2086705005761857, "grad_norm": 0.27934500575065613, "test_error": 0.0665}, {"outer_epoch": 176, "inner_epoch": 1, "train_loss": 0.2120708711016147, "grad_norm": 0.46267473697662354, "test_error": 0.06991666666666667}, {"outer_epoch": 177, "inner_epoch": 1, "train_loss": 0.21396787300771877, "grad_norm": 0.23933546245098114, "test_error": 0.06815}, {"outer_epoch": 178, "inner_epoch": 1, "train_loss": 0.2113130595809004, "grad_norm": 0.38915392756462097, "test_error": 0.06888333333333334}, {"outer_epoch": 179, "inner_epoch": 1, "train_loss": 0.21135996623166525, "grad_norm": 0.272082656621933, "test_error": 0.06763333333333334}, {"outer_epoch": 180, "inner_epoch": 1, "train_loss": 0.21071078444004523, "grad_norm": 0.3435664474964142, "test_error": 0.06761666666666667}, {"outer_epoch": 181, "inner_epoch": 1, "train_loss": 0.21008525696901295, "grad_norm": 0.2615395784378052, "test_error": 0.0667}, {"outer_epoch": 182, "inner_epoch": 1, "train_loss": 0.2083052383576675, "grad_norm": 0.23168185353279114, "test_error": 0.0671}, {"outer_epoch": 183, "inner_epoch": 1, "train_loss": 0.20926239294900248, "grad_norm": 0.2948319613933563, "test_error": 0.06896666666666666}, {"outer_epoch": 184, "inner_epoch": 1, "train_loss": 0.21075782801121629, "grad_norm": 0.1813160926103592, "test_error": 0.0687}, {"outer_epoch": 185, "inner_epoch": 1, "train_loss": 0.21091078444515976, "grad_norm": 0.6463498473167419, "test_error": 0.07168333333333334}, {"outer_epoch": 186, "inner_epoch": 1, "train_loss": 0.21661339462882218, "grad_norm": 0.2926046848297119, "test_error": 0.06813333333333334}, {"outer_epoch": 187, "inner_epoch": 1, "train_loss": 0.21280711152792597, "grad_norm": 0.2829013168811798, "test_error": 0.06675}, {"outer_epoch": 188, "inner_epoch": 1, "train_loss": 0.20901820438813107, "grad_norm": 0.3813229501247406, "test_error": 0.06993333333333333}, {"outer_epoch": 189, "inner_epoch": 1, "train_loss": 0.21116647717962042, "grad_norm": 0.5049011707305908, "test_error": 0.06843333333333333}, {"outer_epoch": 190, "inner_epoch": 1, "train_loss": 0.21082670665584738, "grad_norm": 0.21265532076358795, "test_error": 0.06841666666666667}, {"outer_epoch": 191, "inner_epoch": 1, "train_loss": 0.20987227451700408, "grad_norm": 0.4911052882671356, "test_error": 0.06953333333333334}, {"outer_epoch": 192, "inner_epoch": 1, "train_loss": 0.21336553429385335, "grad_norm": 0.30810150504112244, "test_error": 0.0686}, {"outer_epoch": 193, "inner_epoch": 1, "train_loss": 0.21136287282632354, "grad_norm": 0.19527924060821533, "test_error": 0.06816666666666667}, {"outer_epoch": 194, "inner_epoch": 1, "train_loss": 0.21024098974532293, "grad_norm": 0.22280584275722504, "test_error": 0.0665}, {"outer_epoch": 195, "inner_epoch": 1, "train_loss": 0.2078175847226133, "grad_norm": 0.28154903650283813, "test_error": 0.06823333333333333}, {"outer_epoch": 196, "inner_epoch": 1, "train_loss": 0.2123747159920555, "grad_norm": 0.7286205291748047, "test_error": 0.07241666666666667}, {"outer_epoch": 197, "inner_epoch": 1, "train_loss": 0.2155945934781727, "grad_norm": 0.49753931164741516, "test_error": 0.07081666666666667}, {"outer_epoch": 198, "inner_epoch": 1, "train_loss": 0.21196008692317023, "grad_norm": 0.3690788149833679, "test_error": 0.06856666666666666}, {"outer_epoch": 199, "inner_epoch": 1, "train_loss": 0.2093597514393429, "grad_norm": 0.18217837810516357, "test_error": 0.06713333333333334}, {"outer_epoch": 200, "inner_epoch": 1, "train_loss": 0.20928985883792242, "grad_norm": 0.3780286908149719, "test_error": 0.0706}, {"outer_epoch": 201, "inner_epoch": 1, "train_loss": 0.2145085066522006, "grad_norm": 0.31089887022972107, "test_error": 0.06966666666666667}, {"outer_epoch": 202, "inner_epoch": 1, "train_loss": 0.21255151432651717, "grad_norm": 0.6224668025970459, "test_error": 0.0722}, {"outer_epoch": 203, "inner_epoch": 1, "train_loss": 0.21582721312281986, "grad_norm": 0.6907522678375244, "test_error": 0.07128333333333334}, {"outer_epoch": 204, "inner_epoch": 1, "train_loss": 0.21313278911154096, "grad_norm": 0.2791201174259186, "test_error": 0.0682}, {"outer_epoch": 205, "inner_epoch": 1, "train_loss": 0.20991090299709078, "grad_norm": 0.255023330450058, "test_error": 0.06855}, {"outer_epoch": 206, "inner_epoch": 1, "train_loss": 0.20933245416672436, "grad_norm": 0.23998937010765076, "test_error": 0.06795}, {"outer_epoch": 207, "inner_epoch": 1, "train_loss": 0.20912709238638247, "grad_norm": 0.5612048506736755, "test_error": 0.06835}, {"outer_epoch": 208, "inner_epoch": 1, "train_loss": 0.20994832253952822, "grad_norm": 0.40866753458976746, "test_error": 0.06781666666666666}, {"outer_epoch": 209, "inner_epoch": 1, "train_loss": 0.20909484909699919, "grad_norm": 0.377651184797287, "test_error": 0.0662}, {"outer_epoch": 210, "inner_epoch": 1, "train_loss": 0.21126838478205415, "grad_norm": 0.4343438744544983, "test_error": 0.06843333333333333}, {"outer_epoch": 211, "inner_epoch": 1, "train_loss": 0.21141098513681209, "grad_norm": 0.39123836159706116, "test_error": 0.06805}, {"outer_epoch": 212, "inner_epoch": 1, "train_loss": 0.20953167119455368, "grad_norm": 0.22012846171855927, "test_error": 0.06895}, {"outer_epoch": 213, "inner_epoch": 1, "train_loss": 0.21135278841472852, "grad_norm": 0.4053701162338257, "test_error": 0.06786666666666667}, {"outer_epoch": 214, "inner_epoch": 1, "train_loss": 0.2085647764085637, "grad_norm": 0.2907612919807434, "test_error": 0.06625}, {"outer_epoch": 215, "inner_epoch": 1, "train_loss": 0.2082544367427472, "grad_norm": 0.25603193044662476, "test_error": 0.06725}, {"outer_epoch": 216, "inner_epoch": 1, "train_loss": 0.20827352901858587, "grad_norm": 0.2649865746498108, "test_error": 0.06776666666666667}, {"outer_epoch": 217, "inner_epoch": 1, "train_loss": 0.2078434513316024, "grad_norm": 0.34977951645851135, "test_error": 0.06838333333333334}, {"outer_epoch": 218, "inner_epoch": 1, "train_loss": 0.20925700959792207, "grad_norm": 0.35119423270225525, "test_error": 0.06771666666666666}, {"outer_epoch": 219, "inner_epoch": 1, "train_loss": 0.21123189861121744, "grad_norm": 0.37406858801841736, "test_error": 0.0693}, {"outer_epoch": 220, "inner_epoch": 1, "train_loss": 0.21006149499242505, "grad_norm": 0.2447318583726883, "test_error": 0.06756666666666666}, {"outer_epoch": 221, "inner_epoch": 1, "train_loss": 0.2082816679677926, "grad_norm": 0.7136921286582947, "test_error": 0.06968333333333333}, {"outer_epoch": 222, "inner_epoch": 1, "train_loss": 0.21188320522095697, "grad_norm": 0.7729096412658691, "test_error": 0.0726}, {"outer_epoch": 223, "inner_epoch": 1, "train_loss": 0.21583889473229648, "grad_norm": 0.5590835213661194, "test_error": 0.071}, {"outer_epoch": 224, "inner_epoch": 1, "train_loss": 0.21055416969396173, "grad_norm": 1.0263032913208008, "test_error": 0.07165}, {"outer_epoch": 225, "inner_epoch": 1, "train_loss": 0.21389920965277512, "grad_norm": 0.8164252638816833, "test_error": 0.07556666666666667}, {"outer_epoch": 226, "inner_epoch": 1, "train_loss": 0.22117162995086984, "grad_norm": 0.4040689170360565, "test_error": 0.07395}, {"outer_epoch": 227, "inner_epoch": 1, "train_loss": 0.2151421508550023, "grad_norm": 0.20250137150287628, "test_error": 0.06906666666666667}, {"outer_epoch": 228, "inner_epoch": 1, "train_loss": 0.2110948600967725, "grad_norm": 0.5073851346969604, "test_error": 0.06771666666666666}, {"outer_epoch": 229, "inner_epoch": 1, "train_loss": 0.21129132324957756, "grad_norm": 0.2997749447822571, "test_error": 0.07051666666666667}, {"outer_epoch": 230, "inner_epoch": 1, "train_loss": 0.21410996177978814, "grad_norm": 0.6104958057403564, "test_error": 0.0704}, {"outer_epoch": 231, "inner_epoch": 1, "train_loss": 0.21516773864242714, "grad_norm": 0.989271879196167, "test_error": 0.07633333333333334}, {"outer_epoch": 232, "inner_epoch": 1, "train_loss": 0.2221967390452046, "grad_norm": 0.2329060137271881, "test_error": 0.07218333333333334}, {"outer_epoch": 233, "inner_epoch": 1, "train_loss": 0.21328899566883533, "grad_norm": 0.3355356454849243, "test_error": 0.07076666666666667}, {"outer_epoch": 234, "inner_epoch": 1, "train_loss": 0.21537892530536434, "grad_norm": 0.43834197521209717, "test_error": 0.06958333333333333}, {"outer_epoch": 235, "inner_epoch": 1, "train_loss": 0.21215092359137877, "grad_norm": 0.26069164276123047, "test_error": 0.06756666666666666}, {"outer_epoch": 236, "inner_epoch": 1, "train_loss": 0.2093422037883817, "grad_norm": 0.33947569131851196, "test_error": 0.06728333333333333}, {"outer_epoch": 237, "inner_epoch": 1, "train_loss": 0.20861012656645228, "grad_norm": 0.30791789293289185, "test_error": 0.06608333333333333}, {"outer_epoch": 238, "inner_epoch": 1, "train_loss": 0.20856512875078867, "grad_norm": 0.1374172866344452, "test_error": 0.06566666666666666}, {"outer_epoch": 239, "inner_epoch": 1, "train_loss": 0.20674126176167434, "grad_norm": 0.22650378942489624, "test_error": 0.0654}, {"outer_epoch": 240, "inner_epoch": 1, "train_loss": 0.2063323439270413, "grad_norm": 0.13648132979869843, "test_error": 0.06445}, {"outer_epoch": 241, "inner_epoch": 1, "train_loss": 0.20536146930841884, "grad_norm": 0.18323500454425812, "test_error": 0.06535}, {"outer_epoch": 242, "inner_epoch": 1, "train_loss": 0.20865747923524275, "grad_norm": 0.2968842089176178, "test_error": 0.06681666666666666}, {"outer_epoch": 243, "inner_epoch": 1, "train_loss": 0.20898750895642054, "grad_norm": 0.3232647776603699, "test_error": 0.06733333333333333}, {"outer_epoch": 244, "inner_epoch": 1, "train_loss": 0.21189608541325045, "grad_norm": 0.2937832474708557, "test_error": 0.06896666666666666}, {"outer_epoch": 245, "inner_epoch": 1, "train_loss": 0.21145544101610236, "grad_norm": 0.161260187625885, "test_error": 0.06736666666666667}, {"outer_epoch": 246, "inner_epoch": 1, "train_loss": 0.20903639187908266, "grad_norm": 0.3077208697795868, "test_error": 0.0687}, {"outer_epoch": 247, "inner_epoch": 1, "train_loss": 0.21190561094864582, "grad_norm": 0.2887578308582306, "test_error": 0.06995}, {"outer_epoch": 248, "inner_epoch": 1, "train_loss": 0.21123477007844485, "grad_norm": 0.3921828866004944, "test_error": 0.07166666666666667}, {"outer_epoch": 249, "inner_epoch": 1, "train_loss": 0.2145562704160111, "grad_norm": 0.2749217450618744, "test_error": 0.06916666666666667}, {"outer_epoch": 250, "inner_epoch": 1, "train_loss": 0.21129901462475148, "grad_norm": 0.3971857726573944, "test_error": 0.0689}]}