{"argv": ["train.py", "--seed", "79", "--optimizer", "SVRG", "--run_name", "svrg_0.25.json", "--output_path", "experiments/nonconvex_fmnist/svrg-0.25.json", "--dataset", "FMNIST", "--layer_sizes", "784", "100", "10", "--batch_size", "10", "--learning_rate", "0.25", "--weight_decay", "0.001", "--warmup_learning_rate", "0.03", "--num_warmup_epochs", "10", "--num_outer_epochs", "250", "--num_inner_epochs", "1", "--device", "cuda"], "args": {"seed": 79, "optimizer": "SVRG", "run_name": "svrg_0.25.json", "output_path": "experiments/nonconvex_fmnist/svrg-0.25.json", "device": "cuda", "dataset": "FMNIST", "dataset_root": "~/datasets/pytorch", "dataset_size": null, "download": false, "layer_sizes": [784, 100, 10], "batch_size": 10, "test_batch_size": 256, "learning_rate": 0.25, "weight_decay": 0.001, "warmup_learning_rate": 0.03, "num_warmup_epochs": 10, "num_outer_epochs": 250, "num_inner_epochs": 1, "inner_epoch_fraction": null, "choose_random_iterate": false, "num_epochs": 10}, "metrics": [{"warmup_epoch": 1, "train_loss": 0.5629650882591183, "grad_norm": 0.4067375659942627, "test_error": 0.14638333333333334}, {"warmup_epoch": 2, "train_loss": 0.4176381326682555, "grad_norm": 0.5326794981956482, "test_error": 0.14525}, {"warmup_epoch": 3, "train_loss": 0.3856852090843022, "grad_norm": 0.8634437918663025, "test_error": 0.14971666666666666}, {"warmup_epoch": 4, "train_loss": 0.36692527095150823, "grad_norm": 0.6581805944442749, "test_error": 0.13681666666666667}, {"warmup_epoch": 5, "train_loss": 0.35395802397606896, "grad_norm": 0.7053418755531311, "test_error": 0.13155}, {"warmup_epoch": 6, "train_loss": 0.34573226063426893, "grad_norm": 0.5203390717506409, "test_error": 0.12031666666666667}, {"warmup_epoch": 7, "train_loss": 0.3395486783954936, "grad_norm": 0.5959027409553528, "test_error": 0.11886666666666666}, {"warmup_epoch": 8, "train_loss": 0.3361009404188953, "grad_norm": 0.43708112835884094, "test_error": 0.11576666666666667}, {"warmup_epoch": 9, "train_loss": 0.3307009245970791, "grad_norm": 0.27973583340644836, "test_error": 0.11073333333333334}, {"warmup_epoch": 10, "train_loss": 0.32809389451510895, "grad_norm": 0.563463568687439, "test_error": 0.1202}, {"outer_epoch": 1, "inner_epoch": 1, "train_loss": 0.7478786849866932, "grad_norm": 1.1168956756591797, "test_error": 0.26911666666666667}, {"outer_epoch": 2, "inner_epoch": 1, "train_loss": 0.7071370178581371, "grad_norm": 0.6251856088638306, "test_error": 0.2904333333333333}, {"outer_epoch": 3, "inner_epoch": 1, "train_loss": 0.6950080225550337, "grad_norm": 0.4923309087753296, "test_error": 0.27248333333333336}, {"outer_epoch": 4, "inner_epoch": 1, "train_loss": 0.654654019104084, "grad_norm": 1.2387542724609375, "test_error": 0.24291666666666667}, {"outer_epoch": 5, "inner_epoch": 1, "train_loss": 0.8606516953669489, "grad_norm": 0.4179467558860779, "test_error": 0.34476666666666667}, {"outer_epoch": 6, "inner_epoch": 1, "train_loss": 0.7234002442069662, "grad_norm": 0.3104528486728668, "test_error": 0.18626666666666666}, {"outer_epoch": 7, "inner_epoch": 1, "train_loss": 0.6935483217196694, "grad_norm": 0.23256754875183105, "test_error": 0.2113}, {"outer_epoch": 8, "inner_epoch": 1, "train_loss": 0.898493719009993, "grad_norm": 0.4192483723163605, "test_error": 0.30716666666666664}, {"outer_epoch": 9, "inner_epoch": 1, "train_loss": 0.9588742737999807, "grad_norm": 0.39382168650627136, "test_error": 0.3222333333333333}, {"outer_epoch": 10, "inner_epoch": 1, "train_loss": 0.8447908133148061, "grad_norm": 0.664660632610321, "test_error": 0.32056666666666667}, {"outer_epoch": 11, "inner_epoch": 1, "train_loss": 0.8654302559526016, "grad_norm": 1.6198701858520508, "test_error": 0.31905}, {"outer_epoch": 12, "inner_epoch": 1, "train_loss": 0.9186690797402213, "grad_norm": 0.5407683849334717, "test_error": 0.4174333333333333}, {"outer_epoch": 13, "inner_epoch": 1, "train_loss": 1.0119505548191567, "grad_norm": 0.6103113293647766, "test_error": 0.3752}, {"outer_epoch": 14, "inner_epoch": 1, "train_loss": 1.0246305575159689, "grad_norm": 1.6637176275253296, "test_error": 0.43433333333333335}, {"outer_epoch": 15, "inner_epoch": 1, "train_loss": 1.2194940351288144, "grad_norm": 0.6779588460922241, "test_error": 0.3151}, {"outer_epoch": 16, "inner_epoch": 1, "train_loss": 1.3008860632212211, "grad_norm": 0.846785306930542, "test_error": 0.4162}, {"outer_epoch": 17, "inner_epoch": 1, "train_loss": 1.1980845972162981, "grad_norm": 1.5648761987686157, "test_error": 0.49333333333333335}, {"outer_epoch": 18, "inner_epoch": 1, "train_loss": 2.0140680083607636, "grad_norm": 0.1013156995177269, "test_error": 0.90005}, {"outer_epoch": 19, "inner_epoch": 1, "train_loss": 2.2751305646498996, "grad_norm": 0.03772338852286339, "test_error": 0.8998166666666667}, {"outer_epoch": 20, "inner_epoch": 1, "train_loss": 2.2706724052031837, "grad_norm": 0.03838213533163071, "test_error": 0.8949166666666667}, {"outer_epoch": 21, "inner_epoch": 1, "train_loss": 2.2897103368639944, "grad_norm": 0.001534974668174982, "test_error": 0.9}, {"outer_epoch": 22, "inner_epoch": 1, "train_loss": 2.302584550182025, "grad_norm": 3.899903731507948e-06, "test_error": 0.9}, {"outer_epoch": 23, "inner_epoch": 1, "train_loss": 2.3025851773818333, "grad_norm": 2.7623664209386334e-05, "test_error": 0.8998666666666667}, {"outer_epoch": 24, "inner_epoch": 1, "train_loss": 1.9977511934936047, "grad_norm": 0.8160877227783203, "test_error": 0.7645833333333333}, {"outer_epoch": 25, "inner_epoch": 1, "train_loss": 2.241558967292309, "grad_norm": 0.02557947300374508, "test_error": 0.8992333333333333}, {"outer_epoch": 26, "inner_epoch": 1, "train_loss": 2.3047217581073443, "grad_norm": 0.07383782416582108, "test_error": 0.7894}, {"outer_epoch": 27, "inner_epoch": 1, "train_loss": 1.9613958517710368, "grad_norm": 0.4856521785259247, "test_error": 0.7302833333333333}, {"outer_epoch": 28, "inner_epoch": 1, "train_loss": 2.114719531575839, "grad_norm": 0.21203221380710602, "test_error": 0.8032}, {"outer_epoch": 29, "inner_epoch": 1, "train_loss": 2.066016704360644, "grad_norm": 0.13505160808563232, "test_error": 0.83455}, {"outer_epoch": 30, "inner_epoch": 1, "train_loss": 2.0229447865287464, "grad_norm": 0.019001919776201248, "test_error": 0.8037}, {"outer_epoch": 31, "inner_epoch": 1, "train_loss": 1.9939640266299248, "grad_norm": 2.022545099258423, "test_error": 0.7700666666666667}, {"outer_epoch": 32, "inner_epoch": 1, "train_loss": 2.30385876339674, "grad_norm": 0.005720923654735088, "test_error": 0.9}, {"outer_epoch": 33, "inner_epoch": 1, "train_loss": 2.3025861684481304, "grad_norm": 1.180736930450621e-07, "test_error": 0.9}, {"outer_epoch": 34, "inner_epoch": 1, "train_loss": 2.302585357785225, "grad_norm": 5.848631090543677e-08, "test_error": 0.9}, {"outer_epoch": 35, "inner_epoch": 1, "train_loss": 2.3025853633880615, "grad_norm": 3.9857670941501055e-08, "test_error": 0.9}, {"outer_epoch": 36, "inner_epoch": 1, "train_loss": 2.302585207541784, "grad_norm": 3.22484083881136e-08, "test_error": 0.9}, {"outer_epoch": 37, "inner_epoch": 1, "train_loss": 2.3025852123498916, "grad_norm": 2.8366041959770882e-08, "test_error": 0.9}, {"outer_epoch": 38, "inner_epoch": 1, "train_loss": 2.302585169712702, "grad_norm": 3.5130586439890976e-08, "test_error": 0.9}, {"outer_epoch": 39, "inner_epoch": 1, "train_loss": 2.3025852888425193, "grad_norm": 1.8989856798157234e-08, "test_error": 0.9}, {"outer_epoch": 40, "inner_epoch": 1, "train_loss": 2.302585356116295, "grad_norm": 1.9204296819452793e-08, "test_error": 0.9}, {"outer_epoch": 41, "inner_epoch": 1, "train_loss": 2.3025853539705277, "grad_norm": 4.1944339557176136e-08, "test_error": 0.9}, {"outer_epoch": 42, "inner_epoch": 1, "train_loss": 2.3025853139956793, "grad_norm": 3.6570103389976794e-08, "test_error": 0.9}, {"outer_epoch": 43, "inner_epoch": 1, "train_loss": 2.302585362950961, "grad_norm": 3.682420413042564e-08, "test_error": 0.9}, {"outer_epoch": 44, "inner_epoch": 1, "train_loss": 2.3025853570699693, "grad_norm": 4.2943870681710905e-08, "test_error": 0.9}, {"outer_epoch": 45, "inner_epoch": 1, "train_loss": 2.3025853510697685, "grad_norm": 3.2897691681910146e-08, "test_error": 0.9}, {"outer_epoch": 46, "inner_epoch": 1, "train_loss": 2.3025852896769843, "grad_norm": 2.1947679229583628e-08, "test_error": 0.9}, {"outer_epoch": 47, "inner_epoch": 1, "train_loss": 2.302585273305575, "grad_norm": 3.710364993025905e-08, "test_error": 0.9}, {"outer_epoch": 48, "inner_epoch": 1, "train_loss": 2.302585283835729, "grad_norm": 2.990489633702964e-08, "test_error": 0.9}, {"outer_epoch": 49, "inner_epoch": 1, "train_loss": 2.3025852553049724, "grad_norm": 4.7018932747278086e-08, "test_error": 0.9}, {"outer_epoch": 50, "inner_epoch": 1, "train_loss": 2.302585224866867, "grad_norm": 3.9516116601134854e-08, "test_error": 0.9}, {"outer_epoch": 51, "inner_epoch": 1, "train_loss": 2.3025852403243383, "grad_norm": 4.2280326795207657e-08, "test_error": 0.9}, {"outer_epoch": 52, "inner_epoch": 1, "train_loss": 2.3025852145751315, "grad_norm": 5.154498339265956e-08, "test_error": 0.9}, {"outer_epoch": 53, "inner_epoch": 1, "train_loss": 2.3025852159659066, "grad_norm": 2.5747782572693723e-08, "test_error": 0.9}, {"outer_epoch": 54, "inner_epoch": 1, "train_loss": 2.302585256258647, "grad_norm": 1.9204204448897144e-08, "test_error": 0.9}, {"outer_epoch": 55, "inner_epoch": 1, "train_loss": 2.302585362315178, "grad_norm": 4.1600653588602654e-08, "test_error": 0.9}, {"outer_epoch": 56, "inner_epoch": 1, "train_loss": 2.3025853497584663, "grad_norm": 5.274531744703381e-08, "test_error": 0.9}, {"outer_epoch": 57, "inner_epoch": 1, "train_loss": 2.302585347255071, "grad_norm": 2.5597669761623365e-08, "test_error": 0.9}, {"outer_epoch": 58, "inner_epoch": 1, "train_loss": 2.3025853571097055, "grad_norm": 4.3749899703016126e-08, "test_error": 0.9}, {"outer_epoch": 59, "inner_epoch": 1, "train_loss": 2.3025853521823882, "grad_norm": 4.563456812434197e-08, "test_error": 0.9}, {"outer_epoch": 60, "inner_epoch": 1, "train_loss": 2.302585268378258, "grad_norm": 4.01435293895247e-08, "test_error": 0.9}, {"outer_epoch": 61, "inner_epoch": 1, "train_loss": 2.3025852494637173, "grad_norm": 2.8077467462139793e-08, "test_error": 0.9}, {"outer_epoch": 62, "inner_epoch": 1, "train_loss": 2.3025853018363316, "grad_norm": 3.830028916240735e-08, "test_error": 0.9}, {"outer_epoch": 63, "inner_epoch": 1, "train_loss": 2.302585346778234, "grad_norm": 2.5036472450779e-08, "test_error": 0.9}, {"outer_epoch": 64, "inner_epoch": 1, "train_loss": 2.184676603635152, "grad_norm": 0.1740894466638565, "test_error": 0.8999833333333334}, {"outer_epoch": 65, "inner_epoch": 1, "train_loss": 2.1038638623853525, "grad_norm": 0.0006821244023740292, "test_error": 0.9}, {"outer_epoch": 66, "inner_epoch": 1, "train_loss": 2.235537822296222, "grad_norm": 0.07073026895523071, "test_error": 0.8053333333333333}, {"outer_epoch": 67, "inner_epoch": 1, "train_loss": 2.019367817054192, "grad_norm": 0.34193509817123413, "test_error": 0.7587333333333334}, {"outer_epoch": 68, "inner_epoch": 1, "train_loss": 2.0285195017258326, "grad_norm": 0.0848190188407898, "test_error": 0.81115}, {"outer_epoch": 69, "inner_epoch": 1, "train_loss": 2.026122841457526, "grad_norm": 1.8819949626922607, "test_error": 0.8396}, {"outer_epoch": 70, "inner_epoch": 1, "train_loss": 2.3366009277502697, "grad_norm": 0.004094851668924093, "test_error": 0.9}, {"outer_epoch": 71, "inner_epoch": 1, "train_loss": 2.3025822463035586, "grad_norm": 5.3278050415883627e-08, "test_error": 0.9}, {"outer_epoch": 72, "inner_epoch": 1, "train_loss": 2.302585342168808, "grad_norm": 5.184806539659803e-08, "test_error": 0.9}, {"outer_epoch": 73, "inner_epoch": 1, "train_loss": 2.3025853645801546, "grad_norm": 3.070627130341563e-08, "test_error": 0.9}, {"outer_epoch": 74, "inner_epoch": 1, "train_loss": 2.302585370937983, "grad_norm": 5.783298817618743e-08, "test_error": 0.9}, {"outer_epoch": 75, "inner_epoch": 1, "train_loss": 2.3025853689511617, "grad_norm": 3.310282181701041e-08, "test_error": 0.9}, {"outer_epoch": 76, "inner_epoch": 1, "train_loss": 2.302585364460945, "grad_norm": 3.058688236023954e-08, "test_error": 0.9}, {"outer_epoch": 77, "inner_epoch": 1, "train_loss": 2.3025853633880615, "grad_norm": 3.065607145913418e-08, "test_error": 0.9}, {"outer_epoch": 78, "inner_epoch": 1, "train_loss": 2.3025853633880615, "grad_norm": 3.841966744744241e-08, "test_error": 0.9}, {"outer_epoch": 79, "inner_epoch": 1, "train_loss": 2.3025853633880615, "grad_norm": 2.704406831810502e-08, "test_error": 0.9}, {"outer_epoch": 80, "inner_epoch": 1, "train_loss": 2.3025853633880615, "grad_norm": 4.009350718092719e-08, "test_error": 0.9}, {"outer_epoch": 81, "inner_epoch": 1, "train_loss": 2.3025853633880615, "grad_norm": 3.2816071637853383e-08, "test_error": 0.9}, {"outer_epoch": 82, "inner_epoch": 1, "train_loss": 2.3025853633880615, "grad_norm": 3.0326496869292896e-08, "test_error": 0.9}, {"outer_epoch": 83, "inner_epoch": 1, "train_loss": 2.3025853633880615, "grad_norm": 3.8730462392777554e-08, "test_error": 0.9}, {"outer_epoch": 84, "inner_epoch": 1, "train_loss": 2.3025853663285574, "grad_norm": 4.0395363498646475e-08, "test_error": 0.9}, {"outer_epoch": 85, "inner_epoch": 1, "train_loss": 2.3025853633880615, "grad_norm": 3.194138997741902e-08, "test_error": 0.9}, {"outer_epoch": 86, "inner_epoch": 1, "train_loss": 2.302585370937983, "grad_norm": 6.447864109304646e-08, "test_error": 0.9}, {"outer_epoch": 87, "inner_epoch": 1, "train_loss": 2.3025853633880615, "grad_norm": 2.6947528652954134e-08, "test_error": 0.9}, {"outer_epoch": 88, "inner_epoch": 1, "train_loss": 2.3025853663285574, "grad_norm": 3.800443337809156e-08, "test_error": 0.9}, {"outer_epoch": 89, "inner_epoch": 1, "train_loss": 2.302585364619891, "grad_norm": 3.798361802864747e-08, "test_error": 0.9}, {"outer_epoch": 90, "inner_epoch": 1, "train_loss": 2.3025853189229966, "grad_norm": 2.7307919481245335e-08, "test_error": 0.9}, {"outer_epoch": 91, "inner_epoch": 1, "train_loss": 2.3025853690306346, "grad_norm": 6.107275396516343e-08, "test_error": 0.9}, {"outer_epoch": 92, "inner_epoch": 1, "train_loss": 2.3025853801170983, "grad_norm": 5.86511923472699e-08, "test_error": 0.9}, {"outer_epoch": 93, "inner_epoch": 1, "train_loss": 2.3025853634277977, "grad_norm": 2.0652056065273428e-08, "test_error": 0.9}, {"outer_epoch": 94, "inner_epoch": 1, "train_loss": 2.3025853633880615, "grad_norm": 4.093621441825235e-08, "test_error": 0.9}, {"outer_epoch": 95, "inner_epoch": 1, "train_loss": 2.3025853633880615, "grad_norm": 3.969434558825924e-08, "test_error": 0.9}, {"outer_epoch": 96, "inner_epoch": 1, "train_loss": 2.3025853706200916, "grad_norm": 4.1436091891000615e-08, "test_error": 0.9}, {"outer_epoch": 97, "inner_epoch": 1, "train_loss": 2.3025853633880615, "grad_norm": 3.575516416276514e-08, "test_error": 0.9}, {"outer_epoch": 98, "inner_epoch": 1, "train_loss": 2.3025853787263233, "grad_norm": 6.260410856384624e-08, "test_error": 0.9}, {"outer_epoch": 99, "inner_epoch": 1, "train_loss": 2.302585363149643, "grad_norm": 3.353391164750974e-08, "test_error": 0.9}, {"outer_epoch": 100, "inner_epoch": 1, "train_loss": 2.3025853633880615, "grad_norm": 3.6182303375653646e-08, "test_error": 0.9}, {"outer_epoch": 101, "inner_epoch": 1, "train_loss": 2.3025853999853134, "grad_norm": 6.821917963861779e-08, "test_error": 0.9}, {"outer_epoch": 102, "inner_epoch": 1, "train_loss": 2.3025853633880615, "grad_norm": 2.9764645859131633e-08, "test_error": 0.9}, {"outer_epoch": 103, "inner_epoch": 1, "train_loss": 2.3025853633880615, "grad_norm": 4.609895043472534e-08, "test_error": 0.9}, {"outer_epoch": 104, "inner_epoch": 1, "train_loss": 2.3025853633880615, "grad_norm": 4.461695723989578e-08, "test_error": 0.9}, {"outer_epoch": 105, "inner_epoch": 1, "train_loss": 2.302585363785426, "grad_norm": 2.9684640523441885e-08, "test_error": 0.9}, {"outer_epoch": 106, "inner_epoch": 1, "train_loss": 2.3025853670040766, "grad_norm": 2.7398728619232315e-08, "test_error": 0.9}, {"outer_epoch": 107, "inner_epoch": 1, "train_loss": 2.3025853729248045, "grad_norm": 4.112516549525935e-08, "test_error": 0.9}, {"outer_epoch": 108, "inner_epoch": 1, "train_loss": 2.302585368235906, "grad_norm": 2.8982983124592465e-08, "test_error": 0.9}, {"outer_epoch": 109, "inner_epoch": 1, "train_loss": 2.3025853654543558, "grad_norm": 3.8747522523863154e-08, "test_error": 0.9}, {"outer_epoch": 110, "inner_epoch": 1, "train_loss": 2.3025853633880615, "grad_norm": 3.764639089354205e-08, "test_error": 0.9}, {"outer_epoch": 111, "inner_epoch": 1, "train_loss": 2.3025853683551154, "grad_norm": 5.1409550394510006e-08, "test_error": 0.9}, {"outer_epoch": 112, "inner_epoch": 1, "train_loss": 2.302585367878278, "grad_norm": 3.744912646652665e-08, "test_error": 0.9}, {"outer_epoch": 113, "inner_epoch": 1, "train_loss": 2.3025853633880615, "grad_norm": 2.429974799156298e-08, "test_error": 0.9}, {"outer_epoch": 114, "inner_epoch": 1, "train_loss": 2.302585366209348, "grad_norm": 2.909086660451976e-08, "test_error": 0.9}, {"outer_epoch": 115, "inner_epoch": 1, "train_loss": 2.302585363825162, "grad_norm": 3.236931434003054e-08, "test_error": 0.9}, {"outer_epoch": 116, "inner_epoch": 1, "train_loss": 2.3025853633880615, "grad_norm": 2.966348056077095e-08, "test_error": 0.9}, {"outer_epoch": 117, "inner_epoch": 1, "train_loss": 2.3025853633880615, "grad_norm": 3.05250509313737e-08, "test_error": 0.9}, {"outer_epoch": 118, "inner_epoch": 1, "train_loss": 2.302585365215937, "grad_norm": 3.687135574637068e-08, "test_error": 0.9}, {"outer_epoch": 119, "inner_epoch": 1, "train_loss": 2.3025853633880615, "grad_norm": 1.9173363341451477e-08, "test_error": 0.9}, {"outer_epoch": 120, "inner_epoch": 1, "train_loss": 2.3025853633880615, "grad_norm": 3.035846773968842e-08, "test_error": 0.9}, {"outer_epoch": 121, "inner_epoch": 1, "train_loss": 2.3025853648980457, "grad_norm": 3.033498074955787e-08, "test_error": 0.9}, {"outer_epoch": 122, "inner_epoch": 1, "train_loss": 2.3025853633880615, "grad_norm": 2.613931648909329e-08, "test_error": 0.9}, {"outer_epoch": 123, "inner_epoch": 1, "train_loss": 2.302585367282232, "grad_norm": 3.8268293423016075e-08, "test_error": 0.9}, {"outer_epoch": 124, "inner_epoch": 1, "train_loss": 2.3025852301120757, "grad_norm": 3.582538710134031e-08, "test_error": 0.9}, {"outer_epoch": 125, "inner_epoch": 1, "train_loss": 2.3025853292544682, "grad_norm": 3.7916873196763845e-08, "test_error": 0.9}, {"outer_epoch": 126, "inner_epoch": 1, "train_loss": 2.3025852188269296, "grad_norm": 2.6515653672731787e-08, "test_error": 0.9}, {"outer_epoch": 127, "inner_epoch": 1, "train_loss": 2.3025852774779003, "grad_norm": 2.613531258077728e-08, "test_error": 0.9}, {"outer_epoch": 128, "inner_epoch": 1, "train_loss": 2.302585246960322, "grad_norm": 3.3182026015765587e-08, "test_error": 0.9}, {"outer_epoch": 129, "inner_epoch": 1, "train_loss": 2.302585301677386, "grad_norm": 3.379298263439523e-08, "test_error": 0.9}, {"outer_epoch": 130, "inner_epoch": 1, "train_loss": 2.302585293372472, "grad_norm": 2.558486400516813e-08, "test_error": 0.9}, {"outer_epoch": 131, "inner_epoch": 1, "train_loss": 2.3025852522850037, "grad_norm": 4.649076856821921e-08, "test_error": 0.9}, {"outer_epoch": 132, "inner_epoch": 1, "train_loss": 2.30258523841699, "grad_norm": 2.894789652430063e-08, "test_error": 0.9}, {"outer_epoch": 133, "inner_epoch": 1, "train_loss": 2.302585304538409, "grad_norm": 3.047786023557819e-08, "test_error": 0.9}, {"outer_epoch": 134, "inner_epoch": 1, "train_loss": 2.302585294405619, "grad_norm": 2.7099281041387258e-08, "test_error": 0.9}, {"outer_epoch": 135, "inner_epoch": 1, "train_loss": 2.3025853289365767, "grad_norm": 2.178346569792211e-08, "test_error": 0.9}, {"outer_epoch": 136, "inner_epoch": 1, "train_loss": 2.3025853281418485, "grad_norm": 3.4491836942152077e-08, "test_error": 0.9}, {"outer_epoch": 137, "inner_epoch": 1, "train_loss": 2.30258528204759, "grad_norm": 4.507642969997505e-08, "test_error": 0.9}, {"outer_epoch": 138, "inner_epoch": 1, "train_loss": 2.3025852901538215, "grad_norm": 3.2958528350945926e-08, "test_error": 0.9}, {"outer_epoch": 139, "inner_epoch": 1, "train_loss": 2.3025853125651676, "grad_norm": 3.0329697864317495e-08, "test_error": 0.9}, {"outer_epoch": 140, "inner_epoch": 1, "train_loss": 2.302585312326749, "grad_norm": 1.492244905421103e-08, "test_error": 0.9}, {"outer_epoch": 141, "inner_epoch": 1, "train_loss": 2.302585357427597, "grad_norm": 2.6937950536876087e-08, "test_error": 0.9}, {"outer_epoch": 142, "inner_epoch": 1, "train_loss": 2.302585313638051, "grad_norm": 2.9804333223637514e-08, "test_error": 0.9}, {"outer_epoch": 143, "inner_epoch": 1, "train_loss": 2.3025853533744813, "grad_norm": 2.0802762179528145e-08, "test_error": 0.9}, {"outer_epoch": 144, "inner_epoch": 1, "train_loss": 2.302585357785225, "grad_norm": 2.2936077925805876e-08, "test_error": 0.9}, {"outer_epoch": 145, "inner_epoch": 1, "train_loss": 2.302585349281629, "grad_norm": 2.7455147488808507e-08, "test_error": 0.9}, {"outer_epoch": 146, "inner_epoch": 1, "train_loss": 2.302585354566574, "grad_norm": 2.6097310978911992e-08, "test_error": 0.9}, {"outer_epoch": 147, "inner_epoch": 1, "train_loss": 2.302585353652636, "grad_norm": 3.6474226305927004e-08, "test_error": 0.9}, {"outer_epoch": 148, "inner_epoch": 1, "train_loss": 2.302585355122884, "grad_norm": 5.397535218776284e-08, "test_error": 0.9}, {"outer_epoch": 149, "inner_epoch": 1, "train_loss": 2.3025853571097055, "grad_norm": 4.3808135785639024e-08, "test_error": 0.9}, {"outer_epoch": 150, "inner_epoch": 1, "train_loss": 2.302585360129674, "grad_norm": 4.115799612236515e-08, "test_error": 0.9}, {"outer_epoch": 151, "inner_epoch": 1, "train_loss": 2.3025853660901388, "grad_norm": 5.3992355475429576e-08, "test_error": 0.9}, {"outer_epoch": 152, "inner_epoch": 1, "train_loss": 2.3025853583415348, "grad_norm": 3.757856603670007e-08, "test_error": 0.9}, {"outer_epoch": 153, "inner_epoch": 1, "train_loss": 2.302585305015246, "grad_norm": 2.3960344819329293e-08, "test_error": 0.9}, {"outer_epoch": 154, "inner_epoch": 1, "train_loss": 2.302585181792577, "grad_norm": 3.0876780243715984e-08, "test_error": 0.9}, {"outer_epoch": 155, "inner_epoch": 1, "train_loss": 2.302585161884626, "grad_norm": 3.927992864305452e-08, "test_error": 0.9}, {"outer_epoch": 156, "inner_epoch": 1, "train_loss": 2.3025852006673815, "grad_norm": 2.8002947516370114e-08, "test_error": 0.9}, {"outer_epoch": 157, "inner_epoch": 1, "train_loss": 2.30258527024587, "grad_norm": 3.3694512069359916e-08, "test_error": 0.9}, {"outer_epoch": 158, "inner_epoch": 1, "train_loss": 2.3025852675040563, "grad_norm": 1.925202042230012e-08, "test_error": 0.9}, {"outer_epoch": 159, "inner_epoch": 1, "train_loss": 2.302585320830345, "grad_norm": 2.1258287574710266e-08, "test_error": 0.9}, {"outer_epoch": 160, "inner_epoch": 1, "train_loss": 2.3025853635072706, "grad_norm": 2.7409273073430995e-08, "test_error": 0.9}, {"outer_epoch": 161, "inner_epoch": 1, "train_loss": 2.302585360129674, "grad_norm": 2.7814071046350364e-08, "test_error": 0.9}, {"outer_epoch": 162, "inner_epoch": 1, "train_loss": 2.3025852231582005, "grad_norm": 3.816592197836144e-08, "test_error": 0.9}, {"outer_epoch": 163, "inner_epoch": 1, "train_loss": 2.302585196137428, "grad_norm": 2.9270202261955092e-08, "test_error": 0.9}, {"outer_epoch": 164, "inner_epoch": 1, "train_loss": 2.3025851579507193, "grad_norm": 3.740223775139384e-08, "test_error": 0.9}, {"outer_epoch": 165, "inner_epoch": 1, "train_loss": 2.3025852158466975, "grad_norm": 2.2855756398598714e-08, "test_error": 0.9}, {"outer_epoch": 166, "inner_epoch": 1, "train_loss": 2.3025853637456892, "grad_norm": 2.5281485349637478e-08, "test_error": 0.9}, {"outer_epoch": 167, "inner_epoch": 1, "train_loss": 2.30258535973231, "grad_norm": 3.317755314924398e-08, "test_error": 0.9}, {"outer_epoch": 168, "inner_epoch": 1, "train_loss": 2.3025853034655253, "grad_norm": 4.0290043301638434e-08, "test_error": 0.9}, {"outer_epoch": 169, "inner_epoch": 1, "train_loss": 2.302585316538811, "grad_norm": 2.6075412051795865e-08, "test_error": 0.9}, {"outer_epoch": 170, "inner_epoch": 1, "train_loss": 2.3025853133996326, "grad_norm": 3.58613192474877e-08, "test_error": 0.9}, {"outer_epoch": 171, "inner_epoch": 1, "train_loss": 2.3025852922995886, "grad_norm": 2.1359120694341982e-08, "test_error": 0.9}, {"outer_epoch": 172, "inner_epoch": 1, "train_loss": 2.3025853497982025, "grad_norm": 1.8507629206965248e-08, "test_error": 0.9}, {"outer_epoch": 173, "inner_epoch": 1, "train_loss": 2.302585349837939, "grad_norm": 2.3653532466028082e-08, "test_error": 0.9}, {"outer_epoch": 174, "inner_epoch": 1, "train_loss": 2.302585350314776, "grad_norm": 2.693403367004521e-08, "test_error": 0.9}, {"outer_epoch": 175, "inner_epoch": 1, "train_loss": 2.3025853515466053, "grad_norm": 3.5206237924967354e-08, "test_error": 0.9}, {"outer_epoch": 176, "inner_epoch": 1, "train_loss": 2.302585351785024, "grad_norm": 2.9489815034366984e-08, "test_error": 0.9}, {"outer_epoch": 177, "inner_epoch": 1, "train_loss": 2.302585362593333, "grad_norm": 4.6084835503279464e-08, "test_error": 0.9}, {"outer_epoch": 178, "inner_epoch": 1, "train_loss": 2.3025853519439696, "grad_norm": 2.9524578337714047e-08, "test_error": 0.9}, {"outer_epoch": 179, "inner_epoch": 1, "train_loss": 2.3025853507121403, "grad_norm": 3.647808810569586e-08, "test_error": 0.9}, {"outer_epoch": 180, "inner_epoch": 1, "train_loss": 2.302585349440575, "grad_norm": 3.940437665050922e-08, "test_error": 0.9}, {"outer_epoch": 181, "inner_epoch": 1, "train_loss": 2.3025853535731633, "grad_norm": 3.50242501667708e-08, "test_error": 0.9}, {"outer_epoch": 182, "inner_epoch": 1, "train_loss": 2.3025853067239126, "grad_norm": 2.858937442340448e-08, "test_error": 0.9}, {"outer_epoch": 183, "inner_epoch": 1, "train_loss": 2.302585227807363, "grad_norm": 2.881740002180777e-08, "test_error": 0.9}, {"outer_epoch": 184, "inner_epoch": 1, "train_loss": 2.3025852283239363, "grad_norm": 3.216592148191921e-08, "test_error": 0.9}, {"outer_epoch": 185, "inner_epoch": 1, "train_loss": 2.3025852132638294, "grad_norm": 3.0433952247221896e-08, "test_error": 0.9}, {"outer_epoch": 186, "inner_epoch": 1, "train_loss": 2.3025852203766504, "grad_norm": 3.018059047121824e-08, "test_error": 0.9}, {"outer_epoch": 187, "inner_epoch": 1, "train_loss": 2.3025853636662164, "grad_norm": 1.896647106036653e-08, "test_error": 0.9}, {"outer_epoch": 188, "inner_epoch": 1, "train_loss": 2.302585357864698, "grad_norm": 2.2991843096065168e-08, "test_error": 0.9}, {"outer_epoch": 189, "inner_epoch": 1, "train_loss": 2.302585357348124, "grad_norm": 2.5897406885633245e-08, "test_error": 0.9}, {"outer_epoch": 190, "inner_epoch": 1, "train_loss": 2.3025853539705277, "grad_norm": 4.0457766914414606e-08, "test_error": 0.9}, {"outer_epoch": 191, "inner_epoch": 1, "train_loss": 2.302585341612498, "grad_norm": 3.825945427138322e-08, "test_error": 0.9}, {"outer_epoch": 192, "inner_epoch": 1, "train_loss": 2.3025853030284247, "grad_norm": 3.852422025829583e-08, "test_error": 0.9}, {"outer_epoch": 193, "inner_epoch": 1, "train_loss": 2.3025853068033855, "grad_norm": 3.348711885564626e-08, "test_error": 0.9}, {"outer_epoch": 194, "inner_epoch": 1, "train_loss": 2.302585354646047, "grad_norm": 2.1851665366057205e-08, "test_error": 0.9}, {"outer_epoch": 195, "inner_epoch": 1, "train_loss": 2.3025853568315506, "grad_norm": 2.9672644785705415e-08, "test_error": 0.9}, {"outer_epoch": 196, "inner_epoch": 1, "train_loss": 2.3025853562355043, "grad_norm": 2.0348958074123402e-08, "test_error": 0.9}, {"outer_epoch": 197, "inner_epoch": 1, "train_loss": 2.30258535083135, "grad_norm": 3.022874750513438e-08, "test_error": 0.9}, {"outer_epoch": 198, "inner_epoch": 1, "train_loss": 2.302585356672605, "grad_norm": 3.290537264888371e-08, "test_error": 0.9}, {"outer_epoch": 199, "inner_epoch": 1, "train_loss": 2.3025853619575503, "grad_norm": 3.059458819620886e-08, "test_error": 0.9}, {"outer_epoch": 200, "inner_epoch": 1, "train_loss": 2.3025853561957677, "grad_norm": 3.6192165708825996e-08, "test_error": 0.9}, {"outer_epoch": 201, "inner_epoch": 1, "train_loss": 2.3025853575468065, "grad_norm": 2.9552332136972836e-08, "test_error": 0.9}, {"outer_epoch": 202, "inner_epoch": 1, "train_loss": 2.3025853544076282, "grad_norm": 3.191636110955187e-08, "test_error": 0.9}, {"outer_epoch": 203, "inner_epoch": 1, "train_loss": 2.302585356672605, "grad_norm": 2.1197076094381373e-08, "test_error": 0.9}, {"outer_epoch": 204, "inner_epoch": 1, "train_loss": 2.3025853563547134, "grad_norm": 3.978802709525553e-08, "test_error": 0.9}, {"outer_epoch": 205, "inner_epoch": 1, "train_loss": 2.302585348089536, "grad_norm": 3.4590261321909566e-08, "test_error": 0.9}, {"outer_epoch": 206, "inner_epoch": 1, "train_loss": 2.3025852973063787, "grad_norm": 1.5485007054394373e-08, "test_error": 0.9}, {"outer_epoch": 207, "inner_epoch": 1, "train_loss": 2.302585363229116, "grad_norm": 1.9377793591957015e-08, "test_error": 0.9}, {"outer_epoch": 208, "inner_epoch": 1, "train_loss": 2.302585350950559, "grad_norm": 5.296121585729452e-08, "test_error": 0.9}, {"outer_epoch": 209, "inner_epoch": 1, "train_loss": 2.3025853519837063, "grad_norm": 2.8592852530096025e-08, "test_error": 0.9}, {"outer_epoch": 210, "inner_epoch": 1, "train_loss": 2.3025853505531946, "grad_norm": 2.9217586572372056e-08, "test_error": 0.9}, {"outer_epoch": 211, "inner_epoch": 1, "train_loss": 2.3025853578249613, "grad_norm": 2.4995953751272282e-08, "test_error": 0.9}, {"outer_epoch": 212, "inner_epoch": 1, "train_loss": 2.3025852630933126, "grad_norm": 2.8842201515999477e-08, "test_error": 0.9}, {"outer_epoch": 213, "inner_epoch": 1, "train_loss": 2.3025852530399957, "grad_norm": 1.7604881108468362e-08, "test_error": 0.9}, {"outer_epoch": 214, "inner_epoch": 1, "train_loss": 2.3025853654940924, "grad_norm": 2.2770461072241233e-08, "test_error": 0.9}, {"outer_epoch": 215, "inner_epoch": 1, "train_loss": 2.302585354447365, "grad_norm": 2.385692887685309e-08, "test_error": 0.9}, {"outer_epoch": 216, "inner_epoch": 1, "train_loss": 2.302585314154625, "grad_norm": 2.5094006872450336e-08, "test_error": 0.9}, {"outer_epoch": 217, "inner_epoch": 1, "train_loss": 2.3025853545268378, "grad_norm": 2.239858609698331e-08, "test_error": 0.9}, {"outer_epoch": 218, "inner_epoch": 1, "train_loss": 2.3025853554407756, "grad_norm": 2.1564641627946912e-08, "test_error": 0.9}, {"outer_epoch": 219, "inner_epoch": 1, "train_loss": 2.302585356791814, "grad_norm": 2.1510961900617076e-08, "test_error": 0.9}, {"outer_epoch": 220, "inner_epoch": 1, "train_loss": 2.302585353811582, "grad_norm": 2.725370862322052e-08, "test_error": 0.9}, {"outer_epoch": 221, "inner_epoch": 1, "train_loss": 2.302585357983907, "grad_norm": 1.821626760545314e-08, "test_error": 0.9}, {"outer_epoch": 222, "inner_epoch": 1, "train_loss": 2.302585355202357, "grad_norm": 2.8673671437218218e-08, "test_error": 0.9}, {"outer_epoch": 223, "inner_epoch": 1, "train_loss": 2.3025853628317514, "grad_norm": 5.14240809934563e-08, "test_error": 0.9}, {"outer_epoch": 224, "inner_epoch": 1, "train_loss": 2.302585356871287, "grad_norm": 3.558859873464826e-08, "test_error": 0.9}, {"outer_epoch": 225, "inner_epoch": 1, "train_loss": 2.3025853815873463, "grad_norm": 8.278055219079761e-08, "test_error": 0.9}, {"outer_epoch": 226, "inner_epoch": 1, "train_loss": 2.3025853598515194, "grad_norm": 2.6663659724590616e-08, "test_error": 0.9}, {"outer_epoch": 227, "inner_epoch": 1, "train_loss": 2.302585355083148, "grad_norm": 2.30617036578451e-08, "test_error": 0.9}, {"outer_epoch": 228, "inner_epoch": 1, "train_loss": 2.3025853585799534, "grad_norm": 3.319426866710273e-08, "test_error": 0.9}, {"outer_epoch": 229, "inner_epoch": 1, "train_loss": 2.302585375825564, "grad_norm": 4.010244580854305e-08, "test_error": 0.9}, {"outer_epoch": 230, "inner_epoch": 1, "train_loss": 2.3025853594144183, "grad_norm": 3.601862985647131e-08, "test_error": 0.9}, {"outer_epoch": 231, "inner_epoch": 1, "train_loss": 2.302585371931394, "grad_norm": 4.3679090566683954e-08, "test_error": 0.9}, {"outer_epoch": 232, "inner_epoch": 1, "train_loss": 2.302585356871287, "grad_norm": 3.544742810390744e-08, "test_error": 0.9}, {"outer_epoch": 233, "inner_epoch": 1, "train_loss": 2.3025853711764017, "grad_norm": 5.7539629949587834e-08, "test_error": 0.9}, {"outer_epoch": 234, "inner_epoch": 1, "train_loss": 2.3025853649377823, "grad_norm": 5.487725474040417e-08, "test_error": 0.9}, {"outer_epoch": 235, "inner_epoch": 1, "train_loss": 2.302585357944171, "grad_norm": 6.695908183473875e-08, "test_error": 0.9}, {"outer_epoch": 236, "inner_epoch": 1, "train_loss": 2.3025853606065114, "grad_norm": 3.843089402266742e-08, "test_error": 0.9}, {"outer_epoch": 237, "inner_epoch": 1, "train_loss": 2.30258536529541, "grad_norm": 3.662870184939493e-08, "test_error": 0.9}, {"outer_epoch": 238, "inner_epoch": 1, "train_loss": 2.302585365931193, "grad_norm": 6.256706797103107e-08, "test_error": 0.9}, {"outer_epoch": 239, "inner_epoch": 1, "train_loss": 2.302585361679395, "grad_norm": 3.648244017995239e-08, "test_error": 0.9}, {"outer_epoch": 240, "inner_epoch": 1, "train_loss": 2.302585362792015, "grad_norm": 4.313619328399909e-08, "test_error": 0.9}, {"outer_epoch": 241, "inner_epoch": 1, "train_loss": 2.3025853584607443, "grad_norm": 2.7188091777929912e-08, "test_error": 0.9}, {"outer_epoch": 242, "inner_epoch": 1, "train_loss": 2.3025853551626208, "grad_norm": 1.4024519323641016e-08, "test_error": 0.9}, {"outer_epoch": 243, "inner_epoch": 1, "train_loss": 2.302585354288419, "grad_norm": 2.3145249272715773e-08, "test_error": 0.9}, {"outer_epoch": 244, "inner_epoch": 1, "train_loss": 2.3025853583812714, "grad_norm": 2.7975573857474956e-08, "test_error": 0.9}, {"outer_epoch": 245, "inner_epoch": 1, "train_loss": 2.3025853600502013, "grad_norm": 2.2280717715261744e-08, "test_error": 0.9}, {"outer_epoch": 246, "inner_epoch": 1, "train_loss": 2.3025853548844655, "grad_norm": 3.4774547685856305e-08, "test_error": 0.9}, {"outer_epoch": 247, "inner_epoch": 1, "train_loss": 2.302585359374682, "grad_norm": 2.3142170846313093e-08, "test_error": 0.9}, {"outer_epoch": 248, "inner_epoch": 1, "train_loss": 2.302585359493891, "grad_norm": 2.794147135887215e-08, "test_error": 0.9}, {"outer_epoch": 249, "inner_epoch": 1, "train_loss": 2.3025853600502013, "grad_norm": 2.4568496570509524e-08, "test_error": 0.9}, {"outer_epoch": 250, "inner_epoch": 1, "train_loss": 2.3025853613217673, "grad_norm": 2.2858163362116102e-08, "test_error": 0.9}]}