{"argv": ["train.py", "--seed", "79", "--optimizer", "SVRG", "--run_name", "svrg_0.025.json", "--output_path", "experiments/nonconvex_fmnist/svrg-0.025.json", "--dataset", "FMNIST", "--layer_sizes", "784", "100", "10", "--batch_size", "10", "--learning_rate", "0.025", "--weight_decay", "0.001", "--warmup_learning_rate", "0.03", "--num_warmup_epochs", "10", "--num_outer_epochs", "250", "--num_inner_epochs", "1", "--device", "cuda"], "args": {"seed": 79, "optimizer": "SVRG", "run_name": "svrg_0.025.json", "output_path": "experiments/nonconvex_fmnist/svrg-0.025.json", "device": "cuda", "dataset": "FMNIST", "dataset_root": "~/datasets/pytorch", "dataset_size": null, "download": false, "layer_sizes": [784, 100, 10], "batch_size": 10, "test_batch_size": 256, "learning_rate": 0.025, "weight_decay": 0.001, "warmup_learning_rate": 0.03, "num_warmup_epochs": 10, "num_outer_epochs": 250, "num_inner_epochs": 1, "inner_epoch_fraction": null, "choose_random_iterate": false, "num_epochs": 10}, "metrics": [{"warmup_epoch": 1, "train_loss": 0.5629650882591183, "grad_norm": 0.4067375659942627, "test_error": 0.14638333333333334}, {"warmup_epoch": 2, "train_loss": 0.4176381326682555, "grad_norm": 0.5326794981956482, "test_error": 0.14525}, {"warmup_epoch": 3, "train_loss": 0.3856852090843022, "grad_norm": 0.8634437918663025, "test_error": 0.14971666666666666}, {"warmup_epoch": 4, "train_loss": 0.36692527095150823, "grad_norm": 0.6581805944442749, "test_error": 0.13681666666666667}, {"warmup_epoch": 5, "train_loss": 0.35395802397606896, "grad_norm": 0.7053418755531311, "test_error": 0.13155}, {"warmup_epoch": 6, "train_loss": 0.34573226063426893, "grad_norm": 0.5203390717506409, "test_error": 0.12031666666666667}, {"warmup_epoch": 7, "train_loss": 0.3395486783954936, "grad_norm": 0.5959027409553528, "test_error": 0.11886666666666666}, {"warmup_epoch": 8, "train_loss": 0.3361009404188953, "grad_norm": 0.43708112835884094, "test_error": 0.11576666666666667}, {"warmup_epoch": 9, "train_loss": 0.3307009245970791, "grad_norm": 0.27973583340644836, "test_error": 0.11073333333333334}, {"warmup_epoch": 10, "train_loss": 0.32809389451510895, "grad_norm": 0.563463568687439, "test_error": 0.1202}, {"outer_epoch": 1, "inner_epoch": 1, "train_loss": 0.29036692186988267, "grad_norm": 0.5114903450012207, "test_error": 0.10528333333333334}, {"outer_epoch": 2, "inner_epoch": 1, "train_loss": 0.2870566176229622, "grad_norm": 0.2579334080219269, "test_error": 0.09906666666666666}, {"outer_epoch": 3, "inner_epoch": 1, "train_loss": 0.2817464482002736, "grad_norm": 0.19694657623767853, "test_error": 0.09641666666666666}, {"outer_epoch": 4, "inner_epoch": 1, "train_loss": 0.27755752712270865, "grad_norm": 0.26199355721473694, "test_error": 0.09305}, {"outer_epoch": 5, "inner_epoch": 1, "train_loss": 0.2748479776838794, "grad_norm": 0.346120685338974, "test_error": 0.0943}, {"outer_epoch": 6, "inner_epoch": 1, "train_loss": 0.2749457980475854, "grad_norm": 0.32713615894317627, "test_error": 0.09338333333333333}, {"outer_epoch": 7, "inner_epoch": 1, "train_loss": 0.2781257075738007, "grad_norm": 0.690912663936615, "test_error": 0.09881666666666666}, {"outer_epoch": 8, "inner_epoch": 1, "train_loss": 0.2854466944892192, "grad_norm": 0.484439492225647, "test_error": 0.10028333333333334}, {"outer_epoch": 9, "inner_epoch": 1, "train_loss": 0.27939053475282466, "grad_norm": 0.32041841745376587, "test_error": 0.09365}, {"outer_epoch": 10, "inner_epoch": 1, "train_loss": 0.2754570823685887, "grad_norm": 0.3059607148170471, "test_error": 0.0974}, {"outer_epoch": 11, "inner_epoch": 1, "train_loss": 0.280398480879919, "grad_norm": 0.32499104738235474, "test_error": 0.09616666666666666}, {"outer_epoch": 12, "inner_epoch": 1, "train_loss": 0.27770981035606623, "grad_norm": 0.5444029569625854, "test_error": 0.09935}, {"outer_epoch": 13, "inner_epoch": 1, "train_loss": 0.27838213987361327, "grad_norm": 0.3238164186477661, "test_error": 0.09585}, {"outer_epoch": 14, "inner_epoch": 1, "train_loss": 0.27825795617862603, "grad_norm": 0.643865168094635, "test_error": 0.09773333333333334}, {"outer_epoch": 15, "inner_epoch": 1, "train_loss": 0.28362796177032096, "grad_norm": 0.6670021414756775, "test_error": 0.10195}, {"outer_epoch": 16, "inner_epoch": 1, "train_loss": 0.2788566309330054, "grad_norm": 0.4268883466720581, "test_error": 0.09561666666666667}, {"outer_epoch": 17, "inner_epoch": 1, "train_loss": 0.27060330903398183, "grad_norm": 0.32149913907051086, "test_error": 0.09245}, {"outer_epoch": 18, "inner_epoch": 1, "train_loss": 0.2680579741193991, "grad_norm": 0.7841016054153442, "test_error": 0.0972}, {"outer_epoch": 19, "inner_epoch": 1, "train_loss": 0.2766171163710145, "grad_norm": 0.48307275772094727, "test_error": 0.09366666666666666}, {"outer_epoch": 20, "inner_epoch": 1, "train_loss": 0.2686522043768006, "grad_norm": 0.6492826342582703, "test_error": 0.10195}, {"outer_epoch": 21, "inner_epoch": 1, "train_loss": 0.28517779587760256, "grad_norm": 0.20594801008701324, "test_error": 0.09446666666666667}, {"outer_epoch": 22, "inner_epoch": 1, "train_loss": 0.2749005785175832, "grad_norm": 0.48523640632629395, "test_error": 0.0921}, {"outer_epoch": 23, "inner_epoch": 1, "train_loss": 0.2658323791938213, "grad_norm": 0.4358765482902527, "test_error": 0.09778333333333333}, {"outer_epoch": 24, "inner_epoch": 1, "train_loss": 0.2749396339897066, "grad_norm": 0.42376768589019775, "test_error": 0.09741666666666667}, {"outer_epoch": 25, "inner_epoch": 1, "train_loss": 0.2753408103790134, "grad_norm": 0.5218993425369263, "test_error": 0.09886666666666667}, {"outer_epoch": 26, "inner_epoch": 1, "train_loss": 0.2870460027776814, "grad_norm": 0.3955886960029602, "test_error": 0.09508333333333334}, {"outer_epoch": 27, "inner_epoch": 1, "train_loss": 0.26925155920294735, "grad_norm": 0.2190367579460144, "test_error": 0.09055}, {"outer_epoch": 28, "inner_epoch": 1, "train_loss": 0.26437433511135167, "grad_norm": 0.25428149104118347, "test_error": 0.08825}, {"outer_epoch": 29, "inner_epoch": 1, "train_loss": 0.2633992996925954, "grad_norm": 0.8367406725883484, "test_error": 0.09583333333333334}, {"outer_epoch": 30, "inner_epoch": 1, "train_loss": 0.2779304408237028, "grad_norm": 0.7156878709793091, "test_error": 0.10171666666666666}, {"outer_epoch": 31, "inner_epoch": 1, "train_loss": 0.2800906042874946, "grad_norm": 0.4424363076686859, "test_error": 0.09615}, {"outer_epoch": 32, "inner_epoch": 1, "train_loss": 0.2728360047524329, "grad_norm": 0.543795108795166, "test_error": 0.09538333333333333}, {"outer_epoch": 33, "inner_epoch": 1, "train_loss": 0.2752627632066918, "grad_norm": 1.1123061180114746, "test_error": 0.10733333333333334}, {"outer_epoch": 34, "inner_epoch": 1, "train_loss": 0.29104534632565143, "grad_norm": 0.6307780742645264, "test_error": 0.09825}, {"outer_epoch": 35, "inner_epoch": 1, "train_loss": 0.27554266900600244, "grad_norm": 0.7110855579376221, "test_error": 0.09781666666666666}, {"outer_epoch": 36, "inner_epoch": 1, "train_loss": 0.2744169967056174, "grad_norm": 0.5002967119216919, "test_error": 0.09673333333333334}, {"outer_epoch": 37, "inner_epoch": 1, "train_loss": 0.2741925555387667, "grad_norm": 0.4898681342601776, "test_error": 0.0981}, {"outer_epoch": 38, "inner_epoch": 1, "train_loss": 0.27510757715293827, "grad_norm": 0.25974413752555847, "test_error": 0.09455}, {"outer_epoch": 39, "inner_epoch": 1, "train_loss": 0.271463182379317, "grad_norm": 0.35092806816101074, "test_error": 0.09426666666666667}, {"outer_epoch": 40, "inner_epoch": 1, "train_loss": 0.27414236658019947, "grad_norm": 0.710601806640625, "test_error": 0.09626666666666667}, {"outer_epoch": 41, "inner_epoch": 1, "train_loss": 0.27707531305557737, "grad_norm": 0.3211537003517151, "test_error": 0.09586666666666667}, {"outer_epoch": 42, "inner_epoch": 1, "train_loss": 0.27055412310695587, "grad_norm": 0.433945894241333, "test_error": 0.0939}, {"outer_epoch": 43, "inner_epoch": 1, "train_loss": 0.26912238626748636, "grad_norm": 0.43376171588897705, "test_error": 0.09166666666666666}, {"outer_epoch": 44, "inner_epoch": 1, "train_loss": 0.26639985979744235, "grad_norm": 0.39920470118522644, "test_error": 0.0894}, {"outer_epoch": 45, "inner_epoch": 1, "train_loss": 0.27307550856928964, "grad_norm": 0.9591672420501709, "test_error": 0.10048333333333333}, {"outer_epoch": 46, "inner_epoch": 1, "train_loss": 0.2850237206815897, "grad_norm": 0.9077990651130676, "test_error": 0.10425}, {"outer_epoch": 47, "inner_epoch": 1, "train_loss": 0.28555971846186246, "grad_norm": 1.1523648500442505, "test_error": 0.11091666666666666}, {"outer_epoch": 48, "inner_epoch": 1, "train_loss": 0.28790180437096086, "grad_norm": 1.2738286256790161, "test_error": 0.11558333333333333}, {"outer_epoch": 49, "inner_epoch": 1, "train_loss": 0.2952598638262134, "grad_norm": 0.5791866183280945, "test_error": 0.10388333333333333}, {"outer_epoch": 50, "inner_epoch": 1, "train_loss": 0.28293302706039203, "grad_norm": 0.7653263211250305, "test_error": 0.10128333333333334}, {"outer_epoch": 51, "inner_epoch": 1, "train_loss": 0.27824348222650586, "grad_norm": 0.4067133963108063, "test_error": 0.10015}, {"outer_epoch": 52, "inner_epoch": 1, "train_loss": 0.2822731503705727, "grad_norm": 0.5039752721786499, "test_error": 0.09903333333333333}, {"outer_epoch": 53, "inner_epoch": 1, "train_loss": 0.28067862618621436, "grad_norm": 0.4665709435939789, "test_error": 0.09736666666666667}, {"outer_epoch": 54, "inner_epoch": 1, "train_loss": 0.27278922679050205, "grad_norm": 1.2479971647262573, "test_error": 0.10776666666666666}, {"outer_epoch": 55, "inner_epoch": 1, "train_loss": 0.29607841477081337, "grad_norm": 0.9637497067451477, "test_error": 0.11445}, {"outer_epoch": 56, "inner_epoch": 1, "train_loss": 0.29444701029212833, "grad_norm": 0.6455110907554626, "test_error": 0.10551666666666666}, {"outer_epoch": 57, "inner_epoch": 1, "train_loss": 0.28654697703748633, "grad_norm": 0.2864304780960083, "test_error": 0.09786666666666667}, {"outer_epoch": 58, "inner_epoch": 1, "train_loss": 0.2748967858940208, "grad_norm": 0.5284690856933594, "test_error": 0.09848333333333334}, {"outer_epoch": 59, "inner_epoch": 1, "train_loss": 0.279428542003734, "grad_norm": 0.56114661693573, "test_error": 0.10021666666666666}, {"outer_epoch": 60, "inner_epoch": 1, "train_loss": 0.27993326843444566, "grad_norm": 0.3774155378341675, "test_error": 0.09605}, {"outer_epoch": 61, "inner_epoch": 1, "train_loss": 0.2729056465012642, "grad_norm": 0.19638074934482574, "test_error": 0.09291666666666666}, {"outer_epoch": 62, "inner_epoch": 1, "train_loss": 0.26675548384412345, "grad_norm": 0.19203439354896545, "test_error": 0.08865}, {"outer_epoch": 63, "inner_epoch": 1, "train_loss": 0.2638130120668405, "grad_norm": 0.6545577645301819, "test_error": 0.09365}, {"outer_epoch": 64, "inner_epoch": 1, "train_loss": 0.2775126010810879, "grad_norm": 1.020464301109314, "test_error": 0.1034}, {"outer_epoch": 65, "inner_epoch": 1, "train_loss": 0.28243400544300673, "grad_norm": 0.2711560130119324, "test_error": 0.09385}, {"outer_epoch": 66, "inner_epoch": 1, "train_loss": 0.2662019389493313, "grad_norm": 0.45881524682044983, "test_error": 0.093}, {"outer_epoch": 67, "inner_epoch": 1, "train_loss": 0.2739478743466704, "grad_norm": 0.5362568497657776, "test_error": 0.09865}, {"outer_epoch": 68, "inner_epoch": 1, "train_loss": 0.27350753314226556, "grad_norm": 0.2873886525630951, "test_error": 0.0917}, {"outer_epoch": 69, "inner_epoch": 1, "train_loss": 0.2690230646957643, "grad_norm": 0.7568404078483582, "test_error": 0.09755}, {"outer_epoch": 70, "inner_epoch": 1, "train_loss": 0.2739369927177516, "grad_norm": 0.7107822299003601, "test_error": 0.1015}, {"outer_epoch": 71, "inner_epoch": 1, "train_loss": 0.28599838888637413, "grad_norm": 0.4215298891067505, "test_error": 0.09725}, {"outer_epoch": 72, "inner_epoch": 1, "train_loss": 0.2748845544132249, "grad_norm": 0.48852917551994324, "test_error": 0.09715}, {"outer_epoch": 73, "inner_epoch": 1, "train_loss": 0.27855136097866734, "grad_norm": 0.17782074213027954, "test_error": 0.09285}, {"outer_epoch": 74, "inner_epoch": 1, "train_loss": 0.2701031422073332, "grad_norm": 0.47066232562065125, "test_error": 0.09675}, {"outer_epoch": 75, "inner_epoch": 1, "train_loss": 0.2748755122849252, "grad_norm": 0.37850698828697205, "test_error": 0.09346666666666667}, {"outer_epoch": 76, "inner_epoch": 1, "train_loss": 0.26937775893773264, "grad_norm": 0.6563379764556885, "test_error": 0.09716666666666667}, {"outer_epoch": 77, "inner_epoch": 1, "train_loss": 0.2710861619883217, "grad_norm": 1.5376449823379517, "test_error": 0.12095}, {"outer_epoch": 78, "inner_epoch": 1, "train_loss": 0.3005066497055814, "grad_norm": 0.552047073841095, "test_error": 0.10685}, {"outer_epoch": 79, "inner_epoch": 1, "train_loss": 0.2836138434775251, "grad_norm": 0.3165174126625061, "test_error": 0.09686666666666667}, {"outer_epoch": 80, "inner_epoch": 1, "train_loss": 0.27298998647594513, "grad_norm": 0.45005685091018677, "test_error": 0.09228333333333333}, {"outer_epoch": 81, "inner_epoch": 1, "train_loss": 0.26881367872748524, "grad_norm": 0.17629145085811615, "test_error": 0.09313333333333333}, {"outer_epoch": 82, "inner_epoch": 1, "train_loss": 0.2693496258839344, "grad_norm": 0.5207290649414062, "test_error": 0.0934}, {"outer_epoch": 83, "inner_epoch": 1, "train_loss": 0.27301888675576386, "grad_norm": 0.46853911876678467, "test_error": 0.09671666666666667}, {"outer_epoch": 84, "inner_epoch": 1, "train_loss": 0.27418217970236824, "grad_norm": 0.5509634017944336, "test_error": 0.10025}, {"outer_epoch": 85, "inner_epoch": 1, "train_loss": 0.27852539210401783, "grad_norm": 0.7388406991958618, "test_error": 0.09856666666666666}, {"outer_epoch": 86, "inner_epoch": 1, "train_loss": 0.27917840649886055, "grad_norm": 0.7859249711036682, "test_error": 0.10436666666666666}, {"outer_epoch": 87, "inner_epoch": 1, "train_loss": 0.2872315850277276, "grad_norm": 0.7932703495025635, "test_error": 0.11065}, {"outer_epoch": 88, "inner_epoch": 1, "train_loss": 0.3001699940247345, "grad_norm": 0.8674644231796265, "test_error": 0.11008333333333334}, {"outer_epoch": 89, "inner_epoch": 1, "train_loss": 0.2969876276416083, "grad_norm": 0.6263807415962219, "test_error": 0.10466666666666667}, {"outer_epoch": 90, "inner_epoch": 1, "train_loss": 0.2887203123251287, "grad_norm": 0.7891800403594971, "test_error": 0.10503333333333334}, {"outer_epoch": 91, "inner_epoch": 1, "train_loss": 0.28954634164390153, "grad_norm": 0.9853900671005249, "test_error": 0.10413333333333333}, {"outer_epoch": 92, "inner_epoch": 1, "train_loss": 0.29037697493618664, "grad_norm": 0.572135865688324, "test_error": 0.10038333333333334}, {"outer_epoch": 93, "inner_epoch": 1, "train_loss": 0.2833839946991454, "grad_norm": 0.2768363654613495, "test_error": 0.0985}, {"outer_epoch": 94, "inner_epoch": 1, "train_loss": 0.27735094530147036, "grad_norm": 0.3688245117664337, "test_error": 0.09456666666666666}, {"outer_epoch": 95, "inner_epoch": 1, "train_loss": 0.27734185684045465, "grad_norm": 0.4693869948387146, "test_error": 0.09671666666666667}, {"outer_epoch": 96, "inner_epoch": 1, "train_loss": 0.2796660349336453, "grad_norm": 0.8769652843475342, "test_error": 0.10273333333333333}, {"outer_epoch": 97, "inner_epoch": 1, "train_loss": 0.2931997618354702, "grad_norm": 0.7793734073638916, "test_error": 0.1104}, {"outer_epoch": 98, "inner_epoch": 1, "train_loss": 0.2948708426605444, "grad_norm": 0.4707079529762268, "test_error": 0.10093333333333333}, {"outer_epoch": 99, "inner_epoch": 1, "train_loss": 0.2841978390278139, "grad_norm": 0.5377719402313232, "test_error": 0.10536666666666666}, {"outer_epoch": 100, "inner_epoch": 1, "train_loss": 0.2850633281041713, "grad_norm": 0.6349079608917236, "test_error": 0.10195}, {"outer_epoch": 101, "inner_epoch": 1, "train_loss": 0.28464479341109594, "grad_norm": 0.49351683259010315, "test_error": 0.1046}, {"outer_epoch": 102, "inner_epoch": 1, "train_loss": 0.28461674047533114, "grad_norm": 0.45512229204177856, "test_error": 0.09753333333333333}, {"outer_epoch": 103, "inner_epoch": 1, "train_loss": 0.2760826912857592, "grad_norm": 0.3416338562965393, "test_error": 0.09568333333333333}, {"outer_epoch": 104, "inner_epoch": 1, "train_loss": 0.27362794391073597, "grad_norm": 0.46583741903305054, "test_error": 0.09465}, {"outer_epoch": 105, "inner_epoch": 1, "train_loss": 0.2726090344627931, "grad_norm": 0.7446653246879578, "test_error": 0.09935}, {"outer_epoch": 106, "inner_epoch": 1, "train_loss": 0.2838866731292413, "grad_norm": 0.5725542306900024, "test_error": 0.09916666666666667}, {"outer_epoch": 107, "inner_epoch": 1, "train_loss": 0.2791768507803014, "grad_norm": 0.4953477680683136, "test_error": 0.09881666666666666}, {"outer_epoch": 108, "inner_epoch": 1, "train_loss": 0.28115294930525125, "grad_norm": 0.27996429800987244, "test_error": 0.09371666666666667}, {"outer_epoch": 109, "inner_epoch": 1, "train_loss": 0.2706285222640727, "grad_norm": 0.3777933716773987, "test_error": 0.09156666666666667}, {"outer_epoch": 110, "inner_epoch": 1, "train_loss": 0.26770264528373566, "grad_norm": 0.3945462703704834, "test_error": 0.09323333333333333}, {"outer_epoch": 111, "inner_epoch": 1, "train_loss": 0.27474948854775477, "grad_norm": 0.31709370017051697, "test_error": 0.0936}, {"outer_epoch": 112, "inner_epoch": 1, "train_loss": 0.2738754166822182, "grad_norm": 0.3033900856971741, "test_error": 0.09156666666666667}, {"outer_epoch": 113, "inner_epoch": 1, "train_loss": 0.2754716933157761, "grad_norm": 0.3410095274448395, "test_error": 0.09528333333333333}, {"outer_epoch": 114, "inner_epoch": 1, "train_loss": 0.277751752429797, "grad_norm": 0.6944205164909363, "test_error": 0.10086666666666666}, {"outer_epoch": 115, "inner_epoch": 1, "train_loss": 0.28177995462641897, "grad_norm": 0.3900342583656311, "test_error": 0.09671666666666667}, {"outer_epoch": 116, "inner_epoch": 1, "train_loss": 0.28063595822950205, "grad_norm": 0.5362705588340759, "test_error": 0.09731666666666666}, {"outer_epoch": 117, "inner_epoch": 1, "train_loss": 0.27846686570975, "grad_norm": 0.3931441605091095, "test_error": 0.09801666666666667}, {"outer_epoch": 118, "inner_epoch": 1, "train_loss": 0.2891734815570138, "grad_norm": 0.36365923285484314, "test_error": 0.09866666666666667}, {"outer_epoch": 119, "inner_epoch": 1, "train_loss": 0.28125780208866735, "grad_norm": 0.7171077728271484, "test_error": 0.10625}, {"outer_epoch": 120, "inner_epoch": 1, "train_loss": 0.29129561846144497, "grad_norm": 0.5588303804397583, "test_error": 0.1031}, {"outer_epoch": 121, "inner_epoch": 1, "train_loss": 0.28073751692528215, "grad_norm": 0.45847856998443604, "test_error": 0.0968}, {"outer_epoch": 122, "inner_epoch": 1, "train_loss": 0.27179531572169313, "grad_norm": 0.18707817792892456, "test_error": 0.09158333333333334}, {"outer_epoch": 123, "inner_epoch": 1, "train_loss": 0.26983846074063333, "grad_norm": 0.28151702880859375, "test_error": 0.09295}, {"outer_epoch": 124, "inner_epoch": 1, "train_loss": 0.26900869475274036, "grad_norm": 0.6680373549461365, "test_error": 0.09678333333333333}, {"outer_epoch": 125, "inner_epoch": 1, "train_loss": 0.2777863199699204, "grad_norm": 0.22066299617290497, "test_error": 0.0921}, {"outer_epoch": 126, "inner_epoch": 1, "train_loss": 0.2738779371299315, "grad_norm": 0.2814883887767792, "test_error": 0.09431666666666666}, {"outer_epoch": 127, "inner_epoch": 1, "train_loss": 0.27276613264150606, "grad_norm": 1.7470430135726929, "test_error": 0.12255}, {"outer_epoch": 128, "inner_epoch": 1, "train_loss": 0.31035804745694623, "grad_norm": 0.45900169014930725, "test_error": 0.10468333333333334}, {"outer_epoch": 129, "inner_epoch": 1, "train_loss": 0.28216236268154654, "grad_norm": 0.21189755201339722, "test_error": 0.09746666666666666}, {"outer_epoch": 130, "inner_epoch": 1, "train_loss": 0.2767597563852323, "grad_norm": 0.2714238166809082, "test_error": 0.09463333333333333}, {"outer_epoch": 131, "inner_epoch": 1, "train_loss": 0.27775812258788696, "grad_norm": 0.42725199460983276, "test_error": 0.09876666666666667}, {"outer_epoch": 132, "inner_epoch": 1, "train_loss": 0.27952678710020457, "grad_norm": 0.22636981308460236, "test_error": 0.09546666666666667}, {"outer_epoch": 133, "inner_epoch": 1, "train_loss": 0.27408602698279233, "grad_norm": 0.697739839553833, "test_error": 0.09858333333333333}, {"outer_epoch": 134, "inner_epoch": 1, "train_loss": 0.2815658332494398, "grad_norm": 0.3759956955909729, "test_error": 0.09716666666666667}, {"outer_epoch": 135, "inner_epoch": 1, "train_loss": 0.27469918904895896, "grad_norm": 0.3521706461906433, "test_error": 0.0949}, {"outer_epoch": 136, "inner_epoch": 1, "train_loss": 0.2724170851815337, "grad_norm": 0.29283663630485535, "test_error": 0.09298333333333333}, {"outer_epoch": 137, "inner_epoch": 1, "train_loss": 0.27505383974500003, "grad_norm": 0.8604826331138611, "test_error": 0.10553333333333334}, {"outer_epoch": 138, "inner_epoch": 1, "train_loss": 0.2912224399141657, "grad_norm": 0.8058006167411804, "test_error": 0.1043}, {"outer_epoch": 139, "inner_epoch": 1, "train_loss": 0.28540374602090257, "grad_norm": 0.6014773845672607, "test_error": 0.1012}, {"outer_epoch": 140, "inner_epoch": 1, "train_loss": 0.2857597223270374, "grad_norm": 0.3417123556137085, "test_error": 0.09896666666666666}, {"outer_epoch": 141, "inner_epoch": 1, "train_loss": 0.2769336025506879, "grad_norm": 0.43768027424812317, "test_error": 0.09641666666666666}, {"outer_epoch": 142, "inner_epoch": 1, "train_loss": 0.2720213301926075, "grad_norm": 0.6113119721412659, "test_error": 0.0953}, {"outer_epoch": 143, "inner_epoch": 1, "train_loss": 0.2769876755546623, "grad_norm": 0.27199670672416687, "test_error": 0.09613333333333333}, {"outer_epoch": 144, "inner_epoch": 1, "train_loss": 0.27730476347069877, "grad_norm": 0.25112444162368774, "test_error": 0.09385}, {"outer_epoch": 145, "inner_epoch": 1, "train_loss": 0.2727220229424226, "grad_norm": 0.2430838942527771, "test_error": 0.09296666666666667}, {"outer_epoch": 146, "inner_epoch": 1, "train_loss": 0.2691760095874779, "grad_norm": 0.13375172019004822, "test_error": 0.0898}, {"outer_epoch": 147, "inner_epoch": 1, "train_loss": 0.2659265621486896, "grad_norm": 0.20401200652122498, "test_error": 0.09053333333333333}, {"outer_epoch": 148, "inner_epoch": 1, "train_loss": 0.2676904561878182, "grad_norm": 0.5645667314529419, "test_error": 0.09643333333333333}, {"outer_epoch": 149, "inner_epoch": 1, "train_loss": 0.2794696220711339, "grad_norm": 1.3181869983673096, "test_error": 0.11193333333333333}, {"outer_epoch": 150, "inner_epoch": 1, "train_loss": 0.3042054770515145, "grad_norm": 0.5921685695648193, "test_error": 0.1049}, {"outer_epoch": 151, "inner_epoch": 1, "train_loss": 0.2812445107683695, "grad_norm": 0.6157673597335815, "test_error": 0.10243333333333333}, {"outer_epoch": 152, "inner_epoch": 1, "train_loss": 0.2837411002065831, "grad_norm": 0.5822811722755432, "test_error": 0.10343333333333334}, {"outer_epoch": 153, "inner_epoch": 1, "train_loss": 0.2822750382576293, "grad_norm": 0.4023159444332123, "test_error": 0.0973}, {"outer_epoch": 154, "inner_epoch": 1, "train_loss": 0.27495404869601286, "grad_norm": 0.270694375038147, "test_error": 0.09391666666666666}, {"outer_epoch": 155, "inner_epoch": 1, "train_loss": 0.27690766514655357, "grad_norm": 0.535294771194458, "test_error": 0.09646666666666667}, {"outer_epoch": 156, "inner_epoch": 1, "train_loss": 0.27707139746891335, "grad_norm": 0.5358760356903076, "test_error": 0.09825}, {"outer_epoch": 157, "inner_epoch": 1, "train_loss": 0.2762905649858488, "grad_norm": 0.6361638307571411, "test_error": 0.09701666666666667}, {"outer_epoch": 158, "inner_epoch": 1, "train_loss": 0.2776056478075916, "grad_norm": 0.27870509028434753, "test_error": 0.09511666666666667}, {"outer_epoch": 159, "inner_epoch": 1, "train_loss": 0.2773412687590656, "grad_norm": 0.6634781360626221, "test_error": 0.09995}, {"outer_epoch": 160, "inner_epoch": 1, "train_loss": 0.27525626330372566, "grad_norm": 0.5787276029586792, "test_error": 0.0967}, {"outer_epoch": 161, "inner_epoch": 1, "train_loss": 0.27123679148355345, "grad_norm": 1.126313328742981, "test_error": 0.10415}, {"outer_epoch": 162, "inner_epoch": 1, "train_loss": 0.2891998866399129, "grad_norm": 0.49988871812820435, "test_error": 0.10033333333333333}, {"outer_epoch": 163, "inner_epoch": 1, "train_loss": 0.2770854223587085, "grad_norm": 0.512214183807373, "test_error": 0.09873333333333334}, {"outer_epoch": 164, "inner_epoch": 1, "train_loss": 0.27431411685138785, "grad_norm": 0.39176157116889954, "test_error": 0.09786666666666667}, {"outer_epoch": 165, "inner_epoch": 1, "train_loss": 0.2709048625675496, "grad_norm": 0.4840030074119568, "test_error": 0.095}, {"outer_epoch": 166, "inner_epoch": 1, "train_loss": 0.2704787114885015, "grad_norm": 1.1330496072769165, "test_error": 0.10906666666666667}, {"outer_epoch": 167, "inner_epoch": 1, "train_loss": 0.297322887868116, "grad_norm": 0.6941168904304504, "test_error": 0.10935}, {"outer_epoch": 168, "inner_epoch": 1, "train_loss": 0.29091352719805824, "grad_norm": 0.5296280980110168, "test_error": 0.10198333333333333}, {"outer_epoch": 169, "inner_epoch": 1, "train_loss": 0.2840369018603427, "grad_norm": 0.4429187774658203, "test_error": 0.0968}, {"outer_epoch": 170, "inner_epoch": 1, "train_loss": 0.27711603475750113, "grad_norm": 0.64665687084198, "test_error": 0.108}, {"outer_epoch": 171, "inner_epoch": 1, "train_loss": 0.292050886463956, "grad_norm": 0.4142710566520691, "test_error": 0.10035}, {"outer_epoch": 172, "inner_epoch": 1, "train_loss": 0.2783178505632483, "grad_norm": 0.31620365381240845, "test_error": 0.09675}, {"outer_epoch": 173, "inner_epoch": 1, "train_loss": 0.277432937885557, "grad_norm": 0.5096300840377808, "test_error": 0.1032}, {"outer_epoch": 174, "inner_epoch": 1, "train_loss": 0.28850808897676566, "grad_norm": 0.5033082365989685, "test_error": 0.099}, {"outer_epoch": 175, "inner_epoch": 1, "train_loss": 0.2768876799888676, "grad_norm": 0.44387152791023254, "test_error": 0.09683333333333333}, {"outer_epoch": 176, "inner_epoch": 1, "train_loss": 0.27568117280731286, "grad_norm": 0.5985566973686218, "test_error": 0.09885}, {"outer_epoch": 177, "inner_epoch": 1, "train_loss": 0.28015073272232743, "grad_norm": 0.45691996812820435, "test_error": 0.10106666666666667}, {"outer_epoch": 178, "inner_epoch": 1, "train_loss": 0.29302006514215223, "grad_norm": 0.6603837609291077, "test_error": 0.10181666666666667}, {"outer_epoch": 179, "inner_epoch": 1, "train_loss": 0.27790303867632365, "grad_norm": 0.41234487295150757, "test_error": 0.09521666666666667}, {"outer_epoch": 180, "inner_epoch": 1, "train_loss": 0.27420894414768554, "grad_norm": 0.39481860399246216, "test_error": 0.09261666666666667}, {"outer_epoch": 181, "inner_epoch": 1, "train_loss": 0.270132914178151, "grad_norm": 1.955320954322815, "test_error": 0.13223333333333334}, {"outer_epoch": 182, "inner_epoch": 1, "train_loss": 0.32052913462618987, "grad_norm": 0.3930900990962982, "test_error": 0.10481666666666667}, {"outer_epoch": 183, "inner_epoch": 1, "train_loss": 0.2835078423533899, "grad_norm": 0.531873345375061, "test_error": 0.09968333333333333}, {"outer_epoch": 184, "inner_epoch": 1, "train_loss": 0.28024326349014883, "grad_norm": 0.37473613023757935, "test_error": 0.09548333333333334}, {"outer_epoch": 185, "inner_epoch": 1, "train_loss": 0.27404244166977393, "grad_norm": 0.2673989534378052, "test_error": 0.09216666666666666}, {"outer_epoch": 186, "inner_epoch": 1, "train_loss": 0.2751132011813267, "grad_norm": 0.4245392978191376, "test_error": 0.09456666666666666}, {"outer_epoch": 187, "inner_epoch": 1, "train_loss": 0.28345140752429143, "grad_norm": 0.526604950428009, "test_error": 0.09686666666666667}, {"outer_epoch": 188, "inner_epoch": 1, "train_loss": 0.2799099530339396, "grad_norm": 0.2280772179365158, "test_error": 0.09286666666666667}, {"outer_epoch": 189, "inner_epoch": 1, "train_loss": 0.27268240615950584, "grad_norm": 0.2490607351064682, "test_error": 0.0951}, {"outer_epoch": 190, "inner_epoch": 1, "train_loss": 0.2775729552973838, "grad_norm": 0.6732127070426941, "test_error": 0.09915}, {"outer_epoch": 191, "inner_epoch": 1, "train_loss": 0.28066883387521374, "grad_norm": 0.5340588688850403, "test_error": 0.0961}, {"outer_epoch": 192, "inner_epoch": 1, "train_loss": 0.28148237127872805, "grad_norm": 0.3441509008407593, "test_error": 0.09865}, {"outer_epoch": 193, "inner_epoch": 1, "train_loss": 0.2789372541529204, "grad_norm": 0.9010858535766602, "test_error": 0.10128333333333334}, {"outer_epoch": 194, "inner_epoch": 1, "train_loss": 0.28949882455480597, "grad_norm": 0.31740695238113403, "test_error": 0.09926666666666667}, {"outer_epoch": 195, "inner_epoch": 1, "train_loss": 0.2766650802095731, "grad_norm": 0.3915235102176666, "test_error": 0.09903333333333333}, {"outer_epoch": 196, "inner_epoch": 1, "train_loss": 0.287841803869931, "grad_norm": 0.7265992164611816, "test_error": 0.09875}, {"outer_epoch": 197, "inner_epoch": 1, "train_loss": 0.2882253575908253, "grad_norm": 0.9655873775482178, "test_error": 0.10735}, {"outer_epoch": 198, "inner_epoch": 1, "train_loss": 0.2939761945519519, "grad_norm": 0.6103197336196899, "test_error": 0.10358333333333333}, {"outer_epoch": 199, "inner_epoch": 1, "train_loss": 0.2911035821333838, "grad_norm": 0.42520079016685486, "test_error": 0.10098333333333333}, {"outer_epoch": 200, "inner_epoch": 1, "train_loss": 0.282990154323789, "grad_norm": 0.40780889987945557, "test_error": 0.09675}, {"outer_epoch": 201, "inner_epoch": 1, "train_loss": 0.28242217128483266, "grad_norm": 0.6741271018981934, "test_error": 0.09856666666666666}, {"outer_epoch": 202, "inner_epoch": 1, "train_loss": 0.2798234274693144, "grad_norm": 0.4856741726398468, "test_error": 0.09696666666666667}, {"outer_epoch": 203, "inner_epoch": 1, "train_loss": 0.28135592994427616, "grad_norm": 0.4280882477760315, "test_error": 0.09768333333333333}, {"outer_epoch": 204, "inner_epoch": 1, "train_loss": 0.2800677650550691, "grad_norm": 0.4722725749015808, "test_error": 0.09863333333333334}, {"outer_epoch": 205, "inner_epoch": 1, "train_loss": 0.28641790737382444, "grad_norm": 0.4732995927333832, "test_error": 0.10026666666666667}, {"outer_epoch": 206, "inner_epoch": 1, "train_loss": 0.2784499433611054, "grad_norm": 0.25181224942207336, "test_error": 0.09373333333333334}, {"outer_epoch": 207, "inner_epoch": 1, "train_loss": 0.27412920267313406, "grad_norm": 0.456316739320755, "test_error": 0.09495}, {"outer_epoch": 208, "inner_epoch": 1, "train_loss": 0.2790759365000995, "grad_norm": 0.36165887117385864, "test_error": 0.09298333333333333}, {"outer_epoch": 209, "inner_epoch": 1, "train_loss": 0.2705375986013872, "grad_norm": 0.6265208125114441, "test_error": 0.09481666666666666}, {"outer_epoch": 210, "inner_epoch": 1, "train_loss": 0.2799853755858106, "grad_norm": 0.2660341262817383, "test_error": 0.0947}, {"outer_epoch": 211, "inner_epoch": 1, "train_loss": 0.27730142245926737, "grad_norm": 0.41800928115844727, "test_error": 0.0954}, {"outer_epoch": 212, "inner_epoch": 1, "train_loss": 0.2857925893582675, "grad_norm": 0.3156462609767914, "test_error": 0.0977}, {"outer_epoch": 213, "inner_epoch": 1, "train_loss": 0.2819980977528418, "grad_norm": 0.3161865174770355, "test_error": 0.09333333333333334}, {"outer_epoch": 214, "inner_epoch": 1, "train_loss": 0.2707363173457949, "grad_norm": 0.4618224501609802, "test_error": 0.09131666666666667}, {"outer_epoch": 215, "inner_epoch": 1, "train_loss": 0.27346118865255264, "grad_norm": 0.6046056747436523, "test_error": 0.09493333333333333}, {"outer_epoch": 216, "inner_epoch": 1, "train_loss": 0.27748813583232307, "grad_norm": 0.5364170074462891, "test_error": 0.09938333333333334}, {"outer_epoch": 217, "inner_epoch": 1, "train_loss": 0.28239028772257735, "grad_norm": 0.7558295726776123, "test_error": 0.10056666666666667}, {"outer_epoch": 218, "inner_epoch": 1, "train_loss": 0.28362554186799876, "grad_norm": 1.2085942029953003, "test_error": 0.10758333333333334}, {"outer_epoch": 219, "inner_epoch": 1, "train_loss": 0.3004191339444757, "grad_norm": 0.6171202063560486, "test_error": 0.11236666666666667}, {"outer_epoch": 220, "inner_epoch": 1, "train_loss": 0.2967493264952209, "grad_norm": 0.29969003796577454, "test_error": 0.10146666666666666}, {"outer_epoch": 221, "inner_epoch": 1, "train_loss": 0.2837665649799164, "grad_norm": 0.7204431891441345, "test_error": 0.10086666666666666}, {"outer_epoch": 222, "inner_epoch": 1, "train_loss": 0.2826066876667707, "grad_norm": 0.5967490077018738, "test_error": 0.09775}, {"outer_epoch": 223, "inner_epoch": 1, "train_loss": 0.2838956844075583, "grad_norm": 0.6714250445365906, "test_error": 0.09858333333333333}, {"outer_epoch": 224, "inner_epoch": 1, "train_loss": 0.27668336762612067, "grad_norm": 0.38988780975341797, "test_error": 0.09308333333333334}, {"outer_epoch": 225, "inner_epoch": 1, "train_loss": 0.2715744659752042, "grad_norm": 0.5008476972579956, "test_error": 0.0937}, {"outer_epoch": 226, "inner_epoch": 1, "train_loss": 0.27170913615310566, "grad_norm": 0.5241492390632629, "test_error": 0.09495}, {"outer_epoch": 227, "inner_epoch": 1, "train_loss": 0.2799446407516176, "grad_norm": 0.5177869200706482, "test_error": 0.09583333333333334}, {"outer_epoch": 228, "inner_epoch": 1, "train_loss": 0.2802276470698416, "grad_norm": 0.36285221576690674, "test_error": 0.09823333333333334}, {"outer_epoch": 229, "inner_epoch": 1, "train_loss": 0.2773520244513638, "grad_norm": 0.4644630551338196, "test_error": 0.09606666666666666}, {"outer_epoch": 230, "inner_epoch": 1, "train_loss": 0.28160148318267114, "grad_norm": 1.3071415424346924, "test_error": 0.11395}, {"outer_epoch": 231, "inner_epoch": 1, "train_loss": 0.30326768032364393, "grad_norm": 0.9491755962371826, "test_error": 0.1129}, {"outer_epoch": 232, "inner_epoch": 1, "train_loss": 0.28594711296508707, "grad_norm": 0.43272241950035095, "test_error": 0.09875}, {"outer_epoch": 233, "inner_epoch": 1, "train_loss": 0.27595315949455834, "grad_norm": 0.25614678859710693, "test_error": 0.09316666666666666}, {"outer_epoch": 234, "inner_epoch": 1, "train_loss": 0.26873316516909596, "grad_norm": 0.7533500790596008, "test_error": 0.09813333333333334}, {"outer_epoch": 235, "inner_epoch": 1, "train_loss": 0.2880823894982071, "grad_norm": 0.36723995208740234, "test_error": 0.09471666666666667}, {"outer_epoch": 236, "inner_epoch": 1, "train_loss": 0.27367716582197077, "grad_norm": 0.5578479766845703, "test_error": 0.09621666666666667}, {"outer_epoch": 237, "inner_epoch": 1, "train_loss": 0.2761816780990921, "grad_norm": 0.2794572412967682, "test_error": 0.09341666666666666}, {"outer_epoch": 238, "inner_epoch": 1, "train_loss": 0.2722715140177946, "grad_norm": 0.620198667049408, "test_error": 0.09556666666666666}, {"outer_epoch": 239, "inner_epoch": 1, "train_loss": 0.2779964856747344, "grad_norm": 0.7523593306541443, "test_error": 0.09786666666666667}, {"outer_epoch": 240, "inner_epoch": 1, "train_loss": 0.2831880195688767, "grad_norm": 0.8074514865875244, "test_error": 0.10508333333333333}, {"outer_epoch": 241, "inner_epoch": 1, "train_loss": 0.2833560248457749, "grad_norm": 0.530083179473877, "test_error": 0.09531666666666666}, {"outer_epoch": 242, "inner_epoch": 1, "train_loss": 0.2725199165462982, "grad_norm": 1.3038434982299805, "test_error": 0.10735}, {"outer_epoch": 243, "inner_epoch": 1, "train_loss": 0.3005031684203229, "grad_norm": 0.8393140435218811, "test_error": 0.1092}, {"outer_epoch": 244, "inner_epoch": 1, "train_loss": 0.2888027026765825, "grad_norm": 0.5337536931037903, "test_error": 0.1035}, {"outer_epoch": 245, "inner_epoch": 1, "train_loss": 0.27887131240653495, "grad_norm": 0.6094566583633423, "test_error": 0.09898333333333334}, {"outer_epoch": 246, "inner_epoch": 1, "train_loss": 0.27820052942404677, "grad_norm": 0.9101764559745789, "test_error": 0.1021}, {"outer_epoch": 247, "inner_epoch": 1, "train_loss": 0.28309993228774205, "grad_norm": 0.3238750994205475, "test_error": 0.09728333333333333}, {"outer_epoch": 248, "inner_epoch": 1, "train_loss": 0.2750793095294697, "grad_norm": 1.0167804956436157, "test_error": 0.10593333333333334}, {"outer_epoch": 249, "inner_epoch": 1, "train_loss": 0.29638619870102656, "grad_norm": 0.756371259689331, "test_error": 0.11035}, {"outer_epoch": 250, "inner_epoch": 1, "train_loss": 0.29455254261669084, "grad_norm": 0.5939466953277588, "test_error": 0.1042}]}