{"argv": ["train.py", "--seed", "79", "--optimizer", "SVRG", "--run_name", "svrg_0.05.json", "--output_path", "experiments/nonconvex_fmnist/svrg-0.05.json", "--dataset", "FMNIST", "--layer_sizes", "784", "100", "10", "--batch_size", "10", "--learning_rate", "0.05", "--weight_decay", "0.001", "--warmup_learning_rate", "0.03", "--num_warmup_epochs", "10", "--num_outer_epochs", "250", "--num_inner_epochs", "1", "--device", "cuda"], "args": {"seed": 79, "optimizer": "SVRG", "run_name": "svrg_0.05.json", "output_path": "experiments/nonconvex_fmnist/svrg-0.05.json", "device": "cuda", "dataset": "FMNIST", "dataset_root": "~/datasets/pytorch", "dataset_size": null, "download": false, "layer_sizes": [784, 100, 10], "batch_size": 10, "test_batch_size": 256, "learning_rate": 0.05, "weight_decay": 0.001, "warmup_learning_rate": 0.03, "num_warmup_epochs": 10, "num_outer_epochs": 250, "num_inner_epochs": 1, "inner_epoch_fraction": null, "choose_random_iterate": false, "num_epochs": 10}, "metrics": [{"warmup_epoch": 1, "train_loss": 0.5629650882591183, "grad_norm": 0.4067375659942627, "test_error": 0.14638333333333334}, {"warmup_epoch": 2, "train_loss": 0.4176381326682555, "grad_norm": 0.5326794981956482, "test_error": 0.14525}, {"warmup_epoch": 3, "train_loss": 0.3856852090843022, "grad_norm": 0.8634437918663025, "test_error": 0.14971666666666666}, {"warmup_epoch": 4, "train_loss": 0.36692527095150823, "grad_norm": 0.6581805944442749, "test_error": 0.13681666666666667}, {"warmup_epoch": 5, "train_loss": 0.35395802397606896, "grad_norm": 0.7053418755531311, "test_error": 0.13155}, {"warmup_epoch": 6, "train_loss": 0.34573226063426893, "grad_norm": 0.5203390717506409, "test_error": 0.12031666666666667}, {"warmup_epoch": 7, "train_loss": 0.3395486783954936, "grad_norm": 0.5959027409553528, "test_error": 0.11886666666666666}, {"warmup_epoch": 8, "train_loss": 0.3361009404188953, "grad_norm": 0.43708112835884094, "test_error": 0.11576666666666667}, {"warmup_epoch": 9, "train_loss": 0.3307009245970791, "grad_norm": 0.27973583340644836, "test_error": 0.11073333333333334}, {"warmup_epoch": 10, "train_loss": 0.32809389451510895, "grad_norm": 0.563463568687439, "test_error": 0.1202}, {"outer_epoch": 1, "inner_epoch": 1, "train_loss": 0.3241470700535768, "grad_norm": 0.8392516374588013, "test_error": 0.12455}, {"outer_epoch": 2, "inner_epoch": 1, "train_loss": 0.3408577985644806, "grad_norm": 0.9813226461410522, "test_error": 0.12985}, {"outer_epoch": 3, "inner_epoch": 1, "train_loss": 0.343039390758456, "grad_norm": 0.6535923480987549, "test_error": 0.12045}, {"outer_epoch": 4, "inner_epoch": 1, "train_loss": 0.3394353598838982, "grad_norm": 0.4261700510978699, "test_error": 0.11613333333333334}, {"outer_epoch": 5, "inner_epoch": 1, "train_loss": 0.32819380664126946, "grad_norm": 0.30100470781326294, "test_error": 0.11241666666666666}, {"outer_epoch": 6, "inner_epoch": 1, "train_loss": 0.32793732575614315, "grad_norm": 0.9445111155509949, "test_error": 0.11683333333333333}, {"outer_epoch": 7, "inner_epoch": 1, "train_loss": 0.33791413619051064, "grad_norm": 0.9956961870193481, "test_error": 0.12951666666666667}, {"outer_epoch": 8, "inner_epoch": 1, "train_loss": 0.35396585331112146, "grad_norm": 0.5733960270881653, "test_error": 0.12135}, {"outer_epoch": 9, "inner_epoch": 1, "train_loss": 0.3305410480462015, "grad_norm": 0.4919162392616272, "test_error": 0.1189}, {"outer_epoch": 10, "inner_epoch": 1, "train_loss": 0.3285259759656619, "grad_norm": 0.3735305666923523, "test_error": 0.11205}, {"outer_epoch": 11, "inner_epoch": 1, "train_loss": 0.32346681179878456, "grad_norm": 0.559568464756012, "test_error": 0.1138}, {"outer_epoch": 12, "inner_epoch": 1, "train_loss": 0.3250507972324655, "grad_norm": 0.6377602219581604, "test_error": 0.12253333333333333}, {"outer_epoch": 13, "inner_epoch": 1, "train_loss": 0.3473521945253791, "grad_norm": 0.41300490498542786, "test_error": 0.11666666666666667}, {"outer_epoch": 14, "inner_epoch": 1, "train_loss": 0.3236130740002651, "grad_norm": 0.4881829619407654, "test_error": 0.11473333333333334}, {"outer_epoch": 15, "inner_epoch": 1, "train_loss": 0.33064673756175517, "grad_norm": 0.669590175151825, "test_error": 0.12001666666666666}, {"outer_epoch": 16, "inner_epoch": 1, "train_loss": 0.3395283334522974, "grad_norm": 0.5949327945709229, "test_error": 0.12063333333333333}, {"outer_epoch": 17, "inner_epoch": 1, "train_loss": 0.3427448682469161, "grad_norm": 0.7507181167602539, "test_error": 0.1241}, {"outer_epoch": 18, "inner_epoch": 1, "train_loss": 0.3420230788320769, "grad_norm": 0.20159070193767548, "test_error": 0.10855}, {"outer_epoch": 19, "inner_epoch": 1, "train_loss": 0.311943943510841, "grad_norm": 0.3871823847293854, "test_error": 0.10801666666666666}, {"outer_epoch": 20, "inner_epoch": 1, "train_loss": 0.3238518433322897, "grad_norm": 0.5444119572639465, "test_error": 0.1106}, {"outer_epoch": 21, "inner_epoch": 1, "train_loss": 0.3285666087193337, "grad_norm": 0.42100024223327637, "test_error": 0.1136}, {"outer_epoch": 22, "inner_epoch": 1, "train_loss": 0.33670260815524183, "grad_norm": 0.21678896248340607, "test_error": 0.10868333333333334}, {"outer_epoch": 23, "inner_epoch": 1, "train_loss": 0.31570858946209773, "grad_norm": 0.5948874354362488, "test_error": 0.11565}, {"outer_epoch": 24, "inner_epoch": 1, "train_loss": 0.3412069428592998, "grad_norm": 0.8294926285743713, "test_error": 0.12315}, {"outer_epoch": 25, "inner_epoch": 1, "train_loss": 0.34855160595942286, "grad_norm": 0.6026046872138977, "test_error": 0.12438333333333333}, {"outer_epoch": 26, "inner_epoch": 1, "train_loss": 0.3375638940243516, "grad_norm": 0.7475912570953369, "test_error": 0.12296666666666667}, {"outer_epoch": 27, "inner_epoch": 1, "train_loss": 0.33889964628483477, "grad_norm": 0.7759989500045776, "test_error": 0.12011666666666666}, {"outer_epoch": 28, "inner_epoch": 1, "train_loss": 0.3452664237425973, "grad_norm": 0.5856246948242188, "test_error": 0.11776666666666667}, {"outer_epoch": 29, "inner_epoch": 1, "train_loss": 0.33160864367064397, "grad_norm": 0.7451042532920837, "test_error": 0.12643333333333334}, {"outer_epoch": 30, "inner_epoch": 1, "train_loss": 0.3391359150014662, "grad_norm": 0.7145639061927795, "test_error": 0.12308333333333334}, {"outer_epoch": 31, "inner_epoch": 1, "train_loss": 0.333882643742254, "grad_norm": 0.5316988229751587, "test_error": 0.11578333333333334}, {"outer_epoch": 32, "inner_epoch": 1, "train_loss": 0.32570793421838123, "grad_norm": 0.40560412406921387, "test_error": 0.11273333333333334}, {"outer_epoch": 33, "inner_epoch": 1, "train_loss": 0.32513324243280417, "grad_norm": 0.4588671028614044, "test_error": 0.11441666666666667}, {"outer_epoch": 34, "inner_epoch": 1, "train_loss": 0.32260247252260643, "grad_norm": 0.7004646062850952, "test_error": 0.11626666666666667}, {"outer_epoch": 35, "inner_epoch": 1, "train_loss": 0.334876664005996, "grad_norm": 0.4599756598472595, "test_error": 0.11681666666666667}, {"outer_epoch": 36, "inner_epoch": 1, "train_loss": 0.3342007455111792, "grad_norm": 0.4330320954322815, "test_error": 0.11221666666666667}, {"outer_epoch": 37, "inner_epoch": 1, "train_loss": 0.3241281664073467, "grad_norm": 0.4052034318447113, "test_error": 0.11636666666666666}, {"outer_epoch": 38, "inner_epoch": 1, "train_loss": 0.3333123410558328, "grad_norm": 1.7523401975631714, "test_error": 0.16355}, {"outer_epoch": 39, "inner_epoch": 1, "train_loss": 0.38518942983002247, "grad_norm": 0.28462934494018555, "test_error": 0.12371666666666667}, {"outer_epoch": 40, "inner_epoch": 1, "train_loss": 0.33385976927921485, "grad_norm": 1.1049469709396362, "test_error": 0.13063333333333332}, {"outer_epoch": 41, "inner_epoch": 1, "train_loss": 0.35040932543746506, "grad_norm": 2.095616579055786, "test_error": 0.20418333333333333}, {"outer_epoch": 42, "inner_epoch": 1, "train_loss": 0.4093002001279965, "grad_norm": 0.9276348948478699, "test_error": 0.156}, {"outer_epoch": 43, "inner_epoch": 1, "train_loss": 0.36848948180791924, "grad_norm": 0.3294998109340668, "test_error": 0.11908333333333333}, {"outer_epoch": 44, "inner_epoch": 1, "train_loss": 0.3331044779033594, "grad_norm": 0.3163853585720062, "test_error": 0.11283333333333333}, {"outer_epoch": 45, "inner_epoch": 1, "train_loss": 0.32785771911172196, "grad_norm": 0.48763108253479004, "test_error": 0.11668333333333333}, {"outer_epoch": 46, "inner_epoch": 1, "train_loss": 0.33938214292990354, "grad_norm": 0.7103937268257141, "test_error": 0.12408333333333334}, {"outer_epoch": 47, "inner_epoch": 1, "train_loss": 0.35613331831231093, "grad_norm": 0.6171731352806091, "test_error": 0.12315}, {"outer_epoch": 48, "inner_epoch": 1, "train_loss": 0.33764458750118503, "grad_norm": 0.9046580195426941, "test_error": 0.12816666666666668}, {"outer_epoch": 49, "inner_epoch": 1, "train_loss": 0.35519495974015447, "grad_norm": 0.8757598400115967, "test_error": 0.14353333333333335}, {"outer_epoch": 50, "inner_epoch": 1, "train_loss": 0.35760032264259645, "grad_norm": 0.3894086480140686, "test_error": 0.11783333333333333}, {"outer_epoch": 51, "inner_epoch": 1, "train_loss": 0.33290745768587415, "grad_norm": 0.33582815527915955, "test_error": 0.11193333333333333}, {"outer_epoch": 52, "inner_epoch": 1, "train_loss": 0.32509448812444075, "grad_norm": 0.2385193258523941, "test_error": 0.11013333333333333}, {"outer_epoch": 53, "inner_epoch": 1, "train_loss": 0.32124011382631334, "grad_norm": 0.48086151480674744, "test_error": 0.11708333333333333}, {"outer_epoch": 54, "inner_epoch": 1, "train_loss": 0.3335498380532954, "grad_norm": 0.5236174464225769, "test_error": 0.11901666666666667}, {"outer_epoch": 55, "inner_epoch": 1, "train_loss": 0.33435611412336586, "grad_norm": 0.37596452236175537, "test_error": 0.11291666666666667}, {"outer_epoch": 56, "inner_epoch": 1, "train_loss": 0.32233141878192934, "grad_norm": 0.5107617974281311, "test_error": 0.11465}, {"outer_epoch": 57, "inner_epoch": 1, "train_loss": 0.3283420335026458, "grad_norm": 0.21984171867370605, "test_error": 0.11076666666666667}, {"outer_epoch": 58, "inner_epoch": 1, "train_loss": 0.3245955193112604, "grad_norm": 0.4384234547615051, "test_error": 0.11535}, {"outer_epoch": 59, "inner_epoch": 1, "train_loss": 0.33381026579610384, "grad_norm": 0.3501966595649719, "test_error": 0.11143333333333333}, {"outer_epoch": 60, "inner_epoch": 1, "train_loss": 0.32438909822135853, "grad_norm": 0.4257693290710449, "test_error": 0.11355}, {"outer_epoch": 61, "inner_epoch": 1, "train_loss": 0.3267657757632745, "grad_norm": 0.4429754316806793, "test_error": 0.11216666666666666}, {"outer_epoch": 62, "inner_epoch": 1, "train_loss": 0.3243046973824967, "grad_norm": 0.36329543590545654, "test_error": 0.11265}, {"outer_epoch": 63, "inner_epoch": 1, "train_loss": 0.3276558595347063, "grad_norm": 0.8977915644645691, "test_error": 0.13218333333333335}, {"outer_epoch": 64, "inner_epoch": 1, "train_loss": 0.37129303777854267, "grad_norm": 1.156949520111084, "test_error": 0.15885}, {"outer_epoch": 65, "inner_epoch": 1, "train_loss": 0.36397106194666895, "grad_norm": 0.31125542521476746, "test_error": 0.1205}, {"outer_epoch": 66, "inner_epoch": 1, "train_loss": 0.3374459379390658, "grad_norm": 0.3502921760082245, "test_error": 0.11801666666666667}, {"outer_epoch": 67, "inner_epoch": 1, "train_loss": 0.336640460902825, "grad_norm": 0.37972843647003174, "test_error": 0.1143}, {"outer_epoch": 68, "inner_epoch": 1, "train_loss": 0.3291724817731107, "grad_norm": 0.3671409785747528, "test_error": 0.11493333333333333}, {"outer_epoch": 69, "inner_epoch": 1, "train_loss": 0.3318878846758356, "grad_norm": 0.7744584083557129, "test_error": 0.1229}, {"outer_epoch": 70, "inner_epoch": 1, "train_loss": 0.34311611618078314, "grad_norm": 0.8654002547264099, "test_error": 0.13326666666666667}, {"outer_epoch": 71, "inner_epoch": 1, "train_loss": 0.35411849678649254, "grad_norm": 0.48833411931991577, "test_error": 0.12175}, {"outer_epoch": 72, "inner_epoch": 1, "train_loss": 0.3325188446729444, "grad_norm": 0.4764268696308136, "test_error": 0.11438333333333334}, {"outer_epoch": 73, "inner_epoch": 1, "train_loss": 0.332353057157093, "grad_norm": 0.4826968312263489, "test_error": 0.11523333333333333}, {"outer_epoch": 74, "inner_epoch": 1, "train_loss": 0.33300191845962157, "grad_norm": 0.3834964632987976, "test_error": 0.11433333333333333}, {"outer_epoch": 75, "inner_epoch": 1, "train_loss": 0.33093872704861377, "grad_norm": 0.39394524693489075, "test_error": 0.11311666666666667}, {"outer_epoch": 76, "inner_epoch": 1, "train_loss": 0.3314156691012904, "grad_norm": 0.4291561245918274, "test_error": 0.11521666666666666}, {"outer_epoch": 77, "inner_epoch": 1, "train_loss": 0.3286989208787369, "grad_norm": 0.8668351173400879, "test_error": 0.12213333333333333}, {"outer_epoch": 78, "inner_epoch": 1, "train_loss": 0.34621085147916647, "grad_norm": 0.753247082233429, "test_error": 0.12283333333333334}, {"outer_epoch": 79, "inner_epoch": 1, "train_loss": 0.3376440524078207, "grad_norm": 0.4111770689487457, "test_error": 0.11541666666666667}, {"outer_epoch": 80, "inner_epoch": 1, "train_loss": 0.3351476777130738, "grad_norm": 0.2717580199241638, "test_error": 0.11208333333333333}, {"outer_epoch": 81, "inner_epoch": 1, "train_loss": 0.33060338752988416, "grad_norm": 0.5219385623931885, "test_error": 0.1192}, {"outer_epoch": 82, "inner_epoch": 1, "train_loss": 0.33570873026394593, "grad_norm": 0.26498571038246155, "test_error": 0.1115}, {"outer_epoch": 83, "inner_epoch": 1, "train_loss": 0.3286166508474853, "grad_norm": 0.5172842144966125, "test_error": 0.11893333333333334}, {"outer_epoch": 84, "inner_epoch": 1, "train_loss": 0.35040086150045197, "grad_norm": 0.4975069761276245, "test_error": 0.12018333333333334}, {"outer_epoch": 85, "inner_epoch": 1, "train_loss": 0.3427426851486477, "grad_norm": 0.4548354148864746, "test_error": 0.12401666666666666}, {"outer_epoch": 86, "inner_epoch": 1, "train_loss": 0.34958686323052585, "grad_norm": 0.6077971458435059, "test_error": 0.12398333333333333}, {"outer_epoch": 87, "inner_epoch": 1, "train_loss": 0.3377242476261842, "grad_norm": 0.5401045083999634, "test_error": 0.1187}, {"outer_epoch": 88, "inner_epoch": 1, "train_loss": 0.33111071335462233, "grad_norm": 0.2892504334449768, "test_error": 0.11013333333333333}, {"outer_epoch": 89, "inner_epoch": 1, "train_loss": 0.319726306164482, "grad_norm": 0.7761462926864624, "test_error": 0.11858333333333333}, {"outer_epoch": 90, "inner_epoch": 1, "train_loss": 0.3382157091096354, "grad_norm": 0.4355121850967407, "test_error": 0.12185}, {"outer_epoch": 91, "inner_epoch": 1, "train_loss": 0.3371972996136174, "grad_norm": 0.4720601439476013, "test_error": 0.12151666666666666}, {"outer_epoch": 92, "inner_epoch": 1, "train_loss": 0.34285113142679136, "grad_norm": 0.2936301827430725, "test_error": 0.1152}, {"outer_epoch": 93, "inner_epoch": 1, "train_loss": 0.33075877859024333, "grad_norm": 0.5473158359527588, "test_error": 0.11745}, {"outer_epoch": 94, "inner_epoch": 1, "train_loss": 0.33708404408216786, "grad_norm": 0.18964967131614685, "test_error": 0.11125}, {"outer_epoch": 95, "inner_epoch": 1, "train_loss": 0.32314752278104425, "grad_norm": 0.4768896996974945, "test_error": 0.11351666666666667}, {"outer_epoch": 96, "inner_epoch": 1, "train_loss": 0.33837665876257234, "grad_norm": 0.3100055456161499, "test_error": 0.11593333333333333}, {"outer_epoch": 97, "inner_epoch": 1, "train_loss": 0.3310880502043292, "grad_norm": 0.45863670110702515, "test_error": 0.1151}, {"outer_epoch": 98, "inner_epoch": 1, "train_loss": 0.3419995920042663, "grad_norm": 0.4125077724456787, "test_error": 0.11938333333333333}, {"outer_epoch": 99, "inner_epoch": 1, "train_loss": 0.3373732211062064, "grad_norm": 0.6207087635993958, "test_error": 0.1233}, {"outer_epoch": 100, "inner_epoch": 1, "train_loss": 0.34510529274051077, "grad_norm": 0.3386228680610657, "test_error": 0.1137}, {"outer_epoch": 101, "inner_epoch": 1, "train_loss": 0.3381812305597899, "grad_norm": 0.5767382383346558, "test_error": 0.1169}, {"outer_epoch": 102, "inner_epoch": 1, "train_loss": 0.33201870565628633, "grad_norm": 0.6090219020843506, "test_error": 0.11795}, {"outer_epoch": 103, "inner_epoch": 1, "train_loss": 0.33954672171951583, "grad_norm": 0.45945385098457336, "test_error": 0.11711666666666666}, {"outer_epoch": 104, "inner_epoch": 1, "train_loss": 0.3369065636342857, "grad_norm": 0.6393941640853882, "test_error": 0.12148333333333333}, {"outer_epoch": 105, "inner_epoch": 1, "train_loss": 0.3529330363445139, "grad_norm": 0.5542023777961731, "test_error": 0.12201666666666666}, {"outer_epoch": 106, "inner_epoch": 1, "train_loss": 0.34078122447128406, "grad_norm": 0.46042880415916443, "test_error": 0.1258}, {"outer_epoch": 107, "inner_epoch": 1, "train_loss": 0.34196583468668784, "grad_norm": 0.7108965516090393, "test_error": 0.12515}, {"outer_epoch": 108, "inner_epoch": 1, "train_loss": 0.3419133822391741, "grad_norm": 0.6461611390113831, "test_error": 0.12753333333333333}, {"outer_epoch": 109, "inner_epoch": 1, "train_loss": 0.3503738931851306, "grad_norm": 0.26494693756103516, "test_error": 0.1151}, {"outer_epoch": 110, "inner_epoch": 1, "train_loss": 0.3339686486128873, "grad_norm": 0.8556118011474609, "test_error": 0.1295}, {"outer_epoch": 111, "inner_epoch": 1, "train_loss": 0.38064102368134384, "grad_norm": 0.4110967516899109, "test_error": 0.12535}, {"outer_epoch": 112, "inner_epoch": 1, "train_loss": 0.35302891879032056, "grad_norm": 0.5636709928512573, "test_error": 0.12711666666666666}, {"outer_epoch": 113, "inner_epoch": 1, "train_loss": 0.3588224123083055, "grad_norm": 0.4705734848976135, "test_error": 0.12473333333333333}, {"outer_epoch": 114, "inner_epoch": 1, "train_loss": 0.347830712842367, "grad_norm": 0.6158565282821655, "test_error": 0.12858333333333333}, {"outer_epoch": 115, "inner_epoch": 1, "train_loss": 0.35537439237426344, "grad_norm": 0.2561268210411072, "test_error": 0.1173}, {"outer_epoch": 116, "inner_epoch": 1, "train_loss": 0.33963300071656705, "grad_norm": 0.1868852823972702, "test_error": 0.11645}, {"outer_epoch": 117, "inner_epoch": 1, "train_loss": 0.3385731690668811, "grad_norm": 0.4840584099292755, "test_error": 0.11605}, {"outer_epoch": 118, "inner_epoch": 1, "train_loss": 0.34233225681128293, "grad_norm": 0.34921491146087646, "test_error": 0.11481666666666666}, {"outer_epoch": 119, "inner_epoch": 1, "train_loss": 0.33077585164845613, "grad_norm": 0.6621628403663635, "test_error": 0.11898333333333333}, {"outer_epoch": 120, "inner_epoch": 1, "train_loss": 0.34293346125958485, "grad_norm": 1.040786862373352, "test_error": 0.1369}, {"outer_epoch": 121, "inner_epoch": 1, "train_loss": 0.39909715628794706, "grad_norm": 0.4338817000389099, "test_error": 0.13573333333333334}, {"outer_epoch": 122, "inner_epoch": 1, "train_loss": 0.36701094422008224, "grad_norm": 0.7040715217590332, "test_error": 0.14068333333333333}, {"outer_epoch": 123, "inner_epoch": 1, "train_loss": 0.3730560711158129, "grad_norm": 0.5928778052330017, "test_error": 0.13445}, {"outer_epoch": 124, "inner_epoch": 1, "train_loss": 0.3733190568302137, "grad_norm": 0.2304764688014984, "test_error": 0.12778333333333333}, {"outer_epoch": 125, "inner_epoch": 1, "train_loss": 0.3490595484992955, "grad_norm": 0.2895708680152893, "test_error": 0.11985}, {"outer_epoch": 126, "inner_epoch": 1, "train_loss": 0.33777522985769126, "grad_norm": 0.501401960849762, "test_error": 0.11938333333333333}, {"outer_epoch": 127, "inner_epoch": 1, "train_loss": 0.34898205583263187, "grad_norm": 1.0130460262298584, "test_error": 0.14056666666666667}, {"outer_epoch": 128, "inner_epoch": 1, "train_loss": 0.380413206605784, "grad_norm": 0.26929542422294617, "test_error": 0.12441666666666666}, {"outer_epoch": 129, "inner_epoch": 1, "train_loss": 0.34458895192171135, "grad_norm": 0.20735302567481995, "test_error": 0.1166}, {"outer_epoch": 130, "inner_epoch": 1, "train_loss": 0.3461605936073853, "grad_norm": 0.4503917396068573, "test_error": 0.124}, {"outer_epoch": 131, "inner_epoch": 1, "train_loss": 0.35046569410967643, "grad_norm": 0.6068703532218933, "test_error": 0.12985}, {"outer_epoch": 132, "inner_epoch": 1, "train_loss": 0.3701636173943213, "grad_norm": 0.39714866876602173, "test_error": 0.12566666666666668}, {"outer_epoch": 133, "inner_epoch": 1, "train_loss": 0.3476331050666049, "grad_norm": 0.6113351583480835, "test_error": 0.131}, {"outer_epoch": 134, "inner_epoch": 1, "train_loss": 0.3564497421852623, "grad_norm": 0.5011726021766663, "test_error": 0.12493333333333333}, {"outer_epoch": 135, "inner_epoch": 1, "train_loss": 0.3427187859195595, "grad_norm": 0.43898117542266846, "test_error": 0.1218}, {"outer_epoch": 136, "inner_epoch": 1, "train_loss": 0.34847060251499834, "grad_norm": 0.4079922139644623, "test_error": 0.12083333333333333}, {"outer_epoch": 137, "inner_epoch": 1, "train_loss": 0.3559417594765158, "grad_norm": 0.7037365436553955, "test_error": 0.13373333333333334}, {"outer_epoch": 138, "inner_epoch": 1, "train_loss": 0.36558664912132854, "grad_norm": 0.6953274607658386, "test_error": 0.14068333333333333}, {"outer_epoch": 139, "inner_epoch": 1, "train_loss": 0.36838643603570137, "grad_norm": 0.634811282157898, "test_error": 0.134}, {"outer_epoch": 140, "inner_epoch": 1, "train_loss": 0.358424363495782, "grad_norm": 0.163382887840271, "test_error": 0.11768333333333333}, {"outer_epoch": 141, "inner_epoch": 1, "train_loss": 0.33408206011820585, "grad_norm": 0.441650927066803, "test_error": 0.11845}, {"outer_epoch": 142, "inner_epoch": 1, "train_loss": 0.3443452736802089, "grad_norm": 0.5085775256156921, "test_error": 0.11888333333333333}, {"outer_epoch": 143, "inner_epoch": 1, "train_loss": 0.34100432073289993, "grad_norm": 0.2975424826145172, "test_error": 0.12488333333333333}, {"outer_epoch": 144, "inner_epoch": 1, "train_loss": 0.3484148530396633, "grad_norm": 0.2666357159614563, "test_error": 0.11745}, {"outer_epoch": 145, "inner_epoch": 1, "train_loss": 0.3344020878650869, "grad_norm": 0.23765435814857483, "test_error": 0.1129}, {"outer_epoch": 146, "inner_epoch": 1, "train_loss": 0.3304699580770296, "grad_norm": 0.3039325475692749, "test_error": 0.11718333333333333}, {"outer_epoch": 147, "inner_epoch": 1, "train_loss": 0.337597381729167, "grad_norm": 0.551281213760376, "test_error": 0.12731666666666666}, {"outer_epoch": 148, "inner_epoch": 1, "train_loss": 0.3647956101704234, "grad_norm": 0.2497192919254303, "test_error": 0.12421666666666667}, {"outer_epoch": 149, "inner_epoch": 1, "train_loss": 0.34283877270800683, "grad_norm": 0.7265378832817078, "test_error": 0.12405}, {"outer_epoch": 150, "inner_epoch": 1, "train_loss": 0.3485709656627538, "grad_norm": 0.4747689664363861, "test_error": 0.12325}, {"outer_epoch": 151, "inner_epoch": 1, "train_loss": 0.3496230676959579, "grad_norm": 0.7030779719352722, "test_error": 0.12936666666666666}, {"outer_epoch": 152, "inner_epoch": 1, "train_loss": 0.35264151287886003, "grad_norm": 0.3026585578918457, "test_error": 0.1196}, {"outer_epoch": 153, "inner_epoch": 1, "train_loss": 0.3402724112092207, "grad_norm": 0.5604466199874878, "test_error": 0.12411666666666667}, {"outer_epoch": 154, "inner_epoch": 1, "train_loss": 0.35235741864424197, "grad_norm": 0.38488540053367615, "test_error": 0.12958333333333333}, {"outer_epoch": 155, "inner_epoch": 1, "train_loss": 0.3516369847380168, "grad_norm": 0.322394996881485, "test_error": 0.11986666666666666}, {"outer_epoch": 156, "inner_epoch": 1, "train_loss": 0.3395563421710394, "grad_norm": 0.6938067674636841, "test_error": 0.12715}, {"outer_epoch": 157, "inner_epoch": 1, "train_loss": 0.3484429072466058, "grad_norm": 0.6499160528182983, "test_error": 0.13025}, {"outer_epoch": 158, "inner_epoch": 1, "train_loss": 0.351109119477449, "grad_norm": 0.5690741539001465, "test_error": 0.12748333333333334}, {"outer_epoch": 159, "inner_epoch": 1, "train_loss": 0.3585504804753388, "grad_norm": 0.5231150388717651, "test_error": 0.12545}, {"outer_epoch": 160, "inner_epoch": 1, "train_loss": 0.35247117541839057, "grad_norm": 0.5884312987327576, "test_error": 0.12433333333333334}, {"outer_epoch": 161, "inner_epoch": 1, "train_loss": 0.3514535535761, "grad_norm": 0.7841897010803223, "test_error": 0.1326}, {"outer_epoch": 162, "inner_epoch": 1, "train_loss": 0.3592809540699236, "grad_norm": 0.2542576789855957, "test_error": 0.1168}, {"outer_epoch": 163, "inner_epoch": 1, "train_loss": 0.3383849993731516, "grad_norm": 0.6155343651771545, "test_error": 0.1229}, {"outer_epoch": 164, "inner_epoch": 1, "train_loss": 0.3467345225579726, "grad_norm": 0.23430059850215912, "test_error": 0.1178}, {"outer_epoch": 165, "inner_epoch": 1, "train_loss": 0.3351114013947081, "grad_norm": 0.5330491662025452, "test_error": 0.1189}, {"outer_epoch": 166, "inner_epoch": 1, "train_loss": 0.35241129954718053, "grad_norm": 0.5461311936378479, "test_error": 0.12386666666666667}, {"outer_epoch": 167, "inner_epoch": 1, "train_loss": 0.3436933411982221, "grad_norm": 0.4602418839931488, "test_error": 0.1247}, {"outer_epoch": 168, "inner_epoch": 1, "train_loss": 0.3499852350907555, "grad_norm": 0.4082901179790497, "test_error": 0.1217}, {"outer_epoch": 169, "inner_epoch": 1, "train_loss": 0.3393862439824734, "grad_norm": 0.4619089961051941, "test_error": 0.11738333333333334}, {"outer_epoch": 170, "inner_epoch": 1, "train_loss": 0.34082418820254196, "grad_norm": 0.24032127857208252, "test_error": 0.11671666666666666}, {"outer_epoch": 171, "inner_epoch": 1, "train_loss": 0.3327877303215597, "grad_norm": 0.27063220739364624, "test_error": 0.11543333333333333}, {"outer_epoch": 172, "inner_epoch": 1, "train_loss": 0.3360616532235872, "grad_norm": 0.22887754440307617, "test_error": 0.1163}, {"outer_epoch": 173, "inner_epoch": 1, "train_loss": 0.3425075425301523, "grad_norm": 0.2187926322221756, "test_error": 0.1159}, {"outer_epoch": 174, "inner_epoch": 1, "train_loss": 0.34282235393781835, "grad_norm": 0.33461979031562805, "test_error": 0.11545}, {"outer_epoch": 175, "inner_epoch": 1, "train_loss": 0.3472703043312843, "grad_norm": 0.4900529384613037, "test_error": 0.12055}, {"outer_epoch": 176, "inner_epoch": 1, "train_loss": 0.34792226741866517, "grad_norm": 0.2799471616744995, "test_error": 0.11646666666666666}, {"outer_epoch": 177, "inner_epoch": 1, "train_loss": 0.3437356938716645, "grad_norm": 0.74541836977005, "test_error": 0.12665}, {"outer_epoch": 178, "inner_epoch": 1, "train_loss": 0.3729040420313055, "grad_norm": 0.8777295351028442, "test_error": 0.1432}, {"outer_epoch": 179, "inner_epoch": 1, "train_loss": 0.36462810970144344, "grad_norm": 0.8662009835243225, "test_error": 0.14206666666666667}, {"outer_epoch": 180, "inner_epoch": 1, "train_loss": 0.36264820165163836, "grad_norm": 0.22265291213989258, "test_error": 0.12095}, {"outer_epoch": 181, "inner_epoch": 1, "train_loss": 0.34483921132779993, "grad_norm": 0.34548547863960266, "test_error": 0.1185}, {"outer_epoch": 182, "inner_epoch": 1, "train_loss": 0.3436629802497725, "grad_norm": 0.2633565366268158, "test_error": 0.11576666666666667}, {"outer_epoch": 183, "inner_epoch": 1, "train_loss": 0.3431041447116683, "grad_norm": 0.4736740291118622, "test_error": 0.12281666666666667}, {"outer_epoch": 184, "inner_epoch": 1, "train_loss": 0.3438648836032177, "grad_norm": 0.3305986523628235, "test_error": 0.11738333333333334}, {"outer_epoch": 185, "inner_epoch": 1, "train_loss": 0.3379501507428164, "grad_norm": 0.6278253793716431, "test_error": 0.12256666666666667}, {"outer_epoch": 186, "inner_epoch": 1, "train_loss": 0.3509321411887649, "grad_norm": 0.47552013397216797, "test_error": 0.12513333333333335}, {"outer_epoch": 187, "inner_epoch": 1, "train_loss": 0.3605412095917466, "grad_norm": 0.6906312704086304, "test_error": 0.13256666666666667}, {"outer_epoch": 188, "inner_epoch": 1, "train_loss": 0.3566810316913761, "grad_norm": 0.350202351808548, "test_error": 0.12056666666666667}, {"outer_epoch": 189, "inner_epoch": 1, "train_loss": 0.34813273210808016, "grad_norm": 0.3355379104614258, "test_error": 0.11936666666666666}, {"outer_epoch": 190, "inner_epoch": 1, "train_loss": 0.34605317905847915, "grad_norm": 0.3098919987678528, "test_error": 0.12098333333333333}, {"outer_epoch": 191, "inner_epoch": 1, "train_loss": 0.3511094817017826, "grad_norm": 0.2602606415748596, "test_error": 0.11528333333333333}, {"outer_epoch": 192, "inner_epoch": 1, "train_loss": 0.3410950511674552, "grad_norm": 0.36796650290489197, "test_error": 0.11526666666666667}, {"outer_epoch": 193, "inner_epoch": 1, "train_loss": 0.3485370409231012, "grad_norm": 0.3635828495025635, "test_error": 0.12288333333333333}, {"outer_epoch": 194, "inner_epoch": 1, "train_loss": 0.35588804162231585, "grad_norm": 0.3638265132904053, "test_error": 0.12141666666666667}, {"outer_epoch": 195, "inner_epoch": 1, "train_loss": 0.3506996180079877, "grad_norm": 0.6207288503646851, "test_error": 0.12806666666666666}, {"outer_epoch": 196, "inner_epoch": 1, "train_loss": 0.35858984497437874, "grad_norm": 0.4738367199897766, "test_error": 0.12025}, {"outer_epoch": 197, "inner_epoch": 1, "train_loss": 0.34392007486669657, "grad_norm": 0.31700780987739563, "test_error": 0.11995}, {"outer_epoch": 198, "inner_epoch": 1, "train_loss": 0.34513620250920457, "grad_norm": 0.4723854660987854, "test_error": 0.11796666666666666}, {"outer_epoch": 199, "inner_epoch": 1, "train_loss": 0.347564672891361, "grad_norm": 0.6208478808403015, "test_error": 0.13655}, {"outer_epoch": 200, "inner_epoch": 1, "train_loss": 0.36173541032864404, "grad_norm": 0.5735859274864197, "test_error": 0.12421666666666667}, {"outer_epoch": 201, "inner_epoch": 1, "train_loss": 0.3498278366271406, "grad_norm": 0.7650585174560547, "test_error": 0.13393333333333332}, {"outer_epoch": 202, "inner_epoch": 1, "train_loss": 0.37477825582958757, "grad_norm": 0.6597245931625366, "test_error": 0.13765}, {"outer_epoch": 203, "inner_epoch": 1, "train_loss": 0.3672452859080707, "grad_norm": 0.6750884652137756, "test_error": 0.13256666666666667}, {"outer_epoch": 204, "inner_epoch": 1, "train_loss": 0.3730718444827168, "grad_norm": 0.3008234202861786, "test_error": 0.1274}, {"outer_epoch": 205, "inner_epoch": 1, "train_loss": 0.3602590500739558, "grad_norm": 0.2727614939212799, "test_error": 0.12648333333333334}, {"outer_epoch": 206, "inner_epoch": 1, "train_loss": 0.3635188569581757, "grad_norm": 0.22597795724868774, "test_error": 0.12766666666666668}, {"outer_epoch": 207, "inner_epoch": 1, "train_loss": 0.36076180084895654, "grad_norm": 0.7533402442932129, "test_error": 0.13723333333333335}, {"outer_epoch": 208, "inner_epoch": 1, "train_loss": 0.38461410903014864, "grad_norm": 0.46433091163635254, "test_error": 0.13391666666666666}, {"outer_epoch": 209, "inner_epoch": 1, "train_loss": 0.37678534136448677, "grad_norm": 0.2162870615720749, "test_error": 0.12741666666666668}, {"outer_epoch": 210, "inner_epoch": 1, "train_loss": 0.36952512959421924, "grad_norm": 0.2912989556789398, "test_error": 0.12678333333333333}, {"outer_epoch": 211, "inner_epoch": 1, "train_loss": 0.3698536443169384, "grad_norm": 0.6215607523918152, "test_error": 0.12941666666666668}, {"outer_epoch": 212, "inner_epoch": 1, "train_loss": 0.37206894167970556, "grad_norm": 0.6011456251144409, "test_error": 0.13163333333333332}, {"outer_epoch": 213, "inner_epoch": 1, "train_loss": 0.3767000450802346, "grad_norm": 0.30624920129776, "test_error": 0.1306}, {"outer_epoch": 214, "inner_epoch": 1, "train_loss": 0.3700674741566181, "grad_norm": 0.540459394454956, "test_error": 0.12801666666666667}, {"outer_epoch": 215, "inner_epoch": 1, "train_loss": 0.3715123725727511, "grad_norm": 0.4755266606807709, "test_error": 0.13}, {"outer_epoch": 216, "inner_epoch": 1, "train_loss": 0.3768269257491144, "grad_norm": 0.3323482871055603, "test_error": 0.12808333333333333}, {"outer_epoch": 217, "inner_epoch": 1, "train_loss": 0.3727388737488072, "grad_norm": 0.6784058213233948, "test_error": 0.13726666666666668}, {"outer_epoch": 218, "inner_epoch": 1, "train_loss": 0.3774403545903042, "grad_norm": 0.8647647500038147, "test_error": 0.13788333333333333}, {"outer_epoch": 219, "inner_epoch": 1, "train_loss": 0.38243326679155387, "grad_norm": 0.39792758226394653, "test_error": 0.1329}, {"outer_epoch": 220, "inner_epoch": 1, "train_loss": 0.37071384829546633, "grad_norm": 0.8437517881393433, "test_error": 0.13993333333333333}, {"outer_epoch": 221, "inner_epoch": 1, "train_loss": 0.39122875229703885, "grad_norm": 0.6552640199661255, "test_error": 0.14165}, {"outer_epoch": 222, "inner_epoch": 1, "train_loss": 0.3782643764697326, "grad_norm": 0.5047025084495544, "test_error": 0.13111666666666666}, {"outer_epoch": 223, "inner_epoch": 1, "train_loss": 0.37321249713640037, "grad_norm": 0.3305354118347168, "test_error": 0.12983333333333333}, {"outer_epoch": 224, "inner_epoch": 1, "train_loss": 0.37344286806307114, "grad_norm": 0.3125295341014862, "test_error": 0.12653333333333333}, {"outer_epoch": 225, "inner_epoch": 1, "train_loss": 0.36172293255563515, "grad_norm": 1.2278871536254883, "test_error": 0.14515}, {"outer_epoch": 226, "inner_epoch": 1, "train_loss": 0.39520463431502384, "grad_norm": 0.41981497406959534, "test_error": 0.14978333333333332}, {"outer_epoch": 227, "inner_epoch": 1, "train_loss": 0.40638782439396404, "grad_norm": 0.5475919842720032, "test_error": 0.1378}, {"outer_epoch": 228, "inner_epoch": 1, "train_loss": 0.37903191800570735, "grad_norm": 0.48554953932762146, "test_error": 0.13386666666666666}, {"outer_epoch": 229, "inner_epoch": 1, "train_loss": 0.3762180273385408, "grad_norm": 0.6499698162078857, "test_error": 0.13246666666666668}, {"outer_epoch": 230, "inner_epoch": 1, "train_loss": 0.3720916729270636, "grad_norm": 0.20890100300312042, "test_error": 0.12528333333333333}, {"outer_epoch": 231, "inner_epoch": 1, "train_loss": 0.3620764525147, "grad_norm": 0.39683762192726135, "test_error": 0.12763333333333332}, {"outer_epoch": 232, "inner_epoch": 1, "train_loss": 0.37012367277328545, "grad_norm": 0.28789636492729187, "test_error": 0.12915}, {"outer_epoch": 233, "inner_epoch": 1, "train_loss": 0.3657842590153838, "grad_norm": 0.38674861192703247, "test_error": 0.1265}, {"outer_epoch": 234, "inner_epoch": 1, "train_loss": 0.36423679302982054, "grad_norm": 0.34634941816329956, "test_error": 0.12525}, {"outer_epoch": 235, "inner_epoch": 1, "train_loss": 0.3621608673603429, "grad_norm": 0.1737629920244217, "test_error": 0.1237}, {"outer_epoch": 236, "inner_epoch": 1, "train_loss": 0.36280146521671364, "grad_norm": 0.1902020424604416, "test_error": 0.12441666666666666}, {"outer_epoch": 237, "inner_epoch": 1, "train_loss": 0.36354505461337977, "grad_norm": 0.2684091031551361, "test_error": 0.1244}, {"outer_epoch": 238, "inner_epoch": 1, "train_loss": 0.36163662689644843, "grad_norm": 0.37724021077156067, "test_error": 0.1259}, {"outer_epoch": 239, "inner_epoch": 1, "train_loss": 0.3631241643135436, "grad_norm": 0.3210534453392029, "test_error": 0.1241}, {"outer_epoch": 240, "inner_epoch": 1, "train_loss": 0.35888495152497973, "grad_norm": 0.5356214046478271, "test_error": 0.12745}, {"outer_epoch": 241, "inner_epoch": 1, "train_loss": 0.3657343370709568, "grad_norm": 1.0661617517471313, "test_error": 0.14345}, {"outer_epoch": 242, "inner_epoch": 1, "train_loss": 0.3887820808212273, "grad_norm": 0.6859931945800781, "test_error": 0.1571}, {"outer_epoch": 243, "inner_epoch": 1, "train_loss": 0.38389052770410975, "grad_norm": 0.4139544367790222, "test_error": 0.13223333333333334}, {"outer_epoch": 244, "inner_epoch": 1, "train_loss": 0.36220150311927624, "grad_norm": 0.33234500885009766, "test_error": 0.12533333333333332}, {"outer_epoch": 245, "inner_epoch": 1, "train_loss": 0.35677800854450714, "grad_norm": 0.199703648686409, "test_error": 0.12113333333333333}, {"outer_epoch": 246, "inner_epoch": 1, "train_loss": 0.3522156213177368, "grad_norm": 0.4699386954307556, "test_error": 0.1243}, {"outer_epoch": 247, "inner_epoch": 1, "train_loss": 0.3664628834803589, "grad_norm": 0.48876115679740906, "test_error": 0.12923333333333334}, {"outer_epoch": 248, "inner_epoch": 1, "train_loss": 0.37052329949320606, "grad_norm": 0.19829559326171875, "test_error": 0.12631666666666666}, {"outer_epoch": 249, "inner_epoch": 1, "train_loss": 0.35722538343304766, "grad_norm": 1.0976566076278687, "test_error": 0.15116666666666667}, {"outer_epoch": 250, "inner_epoch": 1, "train_loss": 0.3937600922649726, "grad_norm": 0.7071666121482849, "test_error": 0.14331666666666668}]}