{"argv": ["train.py", "--seed", "79", "--optimizer", "SVRG", "--run_name", "svrg_0.005.json", "--output_path", "experiments/nonconvex_fmnist/svrg-0.005.json", "--dataset", "FMNIST", "--layer_sizes", "784", "100", "10", "--batch_size", "10", "--learning_rate", "0.005", "--weight_decay", "0.001", "--warmup_learning_rate", "0.03", "--num_warmup_epochs", "10", "--num_outer_epochs", "250", "--num_inner_epochs", "1", "--device", "cuda"], "args": {"seed": 79, "optimizer": "SVRG", "run_name": "svrg_0.005.json", "output_path": "experiments/nonconvex_fmnist/svrg-0.005.json", "device": "cuda", "dataset": "FMNIST", "dataset_root": "~/datasets/pytorch", "dataset_size": null, "download": false, "layer_sizes": [784, 100, 10], "batch_size": 10, "test_batch_size": 256, "learning_rate": 0.005, "weight_decay": 0.001, "warmup_learning_rate": 0.03, "num_warmup_epochs": 10, "num_outer_epochs": 250, "num_inner_epochs": 1, "inner_epoch_fraction": null, "choose_random_iterate": false, "num_epochs": 10}, "metrics": [{"warmup_epoch": 1, "train_loss": 0.5629650882591183, "grad_norm": 0.4067375659942627, "test_error": 0.14638333333333334}, {"warmup_epoch": 2, "train_loss": 0.4176381326682555, "grad_norm": 0.5326794981956482, "test_error": 0.14525}, {"warmup_epoch": 3, "train_loss": 0.3856852090843022, "grad_norm": 0.8634437918663025, "test_error": 0.14971666666666666}, {"warmup_epoch": 4, "train_loss": 0.36692527095150823, "grad_norm": 0.6581805944442749, "test_error": 0.13681666666666667}, {"warmup_epoch": 5, "train_loss": 0.35395802397606896, "grad_norm": 0.7053418755531311, "test_error": 0.13155}, {"warmup_epoch": 6, "train_loss": 0.34573226063426893, "grad_norm": 0.5203390717506409, "test_error": 0.12031666666666667}, {"warmup_epoch": 7, "train_loss": 0.3395486783954936, "grad_norm": 0.5959027409553528, "test_error": 0.11886666666666666}, {"warmup_epoch": 8, "train_loss": 0.3361009404188953, "grad_norm": 0.43708112835884094, "test_error": 0.11576666666666667}, {"warmup_epoch": 9, "train_loss": 0.3307009245970791, "grad_norm": 0.27973583340644836, "test_error": 0.11073333333333334}, {"warmup_epoch": 10, "train_loss": 0.32809389451510895, "grad_norm": 0.563463568687439, "test_error": 0.1202}, {"outer_epoch": 1, "inner_epoch": 1, "train_loss": 0.27926718741100437, "grad_norm": 0.09883181005716324, "test_error": 0.09768333333333333}, {"outer_epoch": 2, "inner_epoch": 1, "train_loss": 0.273366325545668, "grad_norm": 0.033908143639564514, "test_error": 0.09543333333333333}, {"outer_epoch": 3, "inner_epoch": 1, "train_loss": 0.2705905791684054, "grad_norm": 0.03337240219116211, "test_error": 0.09403333333333333}, {"outer_epoch": 4, "inner_epoch": 1, "train_loss": 0.2683445381457762, "grad_norm": 0.024174591526389122, "test_error": 0.09305}, {"outer_epoch": 5, "inner_epoch": 1, "train_loss": 0.26638338721365046, "grad_norm": 0.02527846395969391, "test_error": 0.09226666666666666}, {"outer_epoch": 6, "inner_epoch": 1, "train_loss": 0.2645777205755003, "grad_norm": 0.030436890199780464, "test_error": 0.09166666666666666}, {"outer_epoch": 7, "inner_epoch": 1, "train_loss": 0.2629964580456726, "grad_norm": 0.032833535224199295, "test_error": 0.0907}, {"outer_epoch": 8, "inner_epoch": 1, "train_loss": 0.26141150534735064, "grad_norm": 0.04102430120110512, "test_error": 0.09015}, {"outer_epoch": 9, "inner_epoch": 1, "train_loss": 0.25984874688081133, "grad_norm": 0.03947800025343895, "test_error": 0.08931666666666667}, {"outer_epoch": 10, "inner_epoch": 1, "train_loss": 0.2583765858778109, "grad_norm": 0.028775513172149658, "test_error": 0.08881666666666667}, {"outer_epoch": 11, "inner_epoch": 1, "train_loss": 0.25721931506864104, "grad_norm": 0.03139754757285118, "test_error": 0.0882}, {"outer_epoch": 12, "inner_epoch": 1, "train_loss": 0.2557380629707283, "grad_norm": 0.045858580619096756, "test_error": 0.08731666666666667}, {"outer_epoch": 13, "inner_epoch": 1, "train_loss": 0.25435274801954316, "grad_norm": 0.03348343446850777, "test_error": 0.08663333333333334}, {"outer_epoch": 14, "inner_epoch": 1, "train_loss": 0.2531171122554224, "grad_norm": 0.03409494459629059, "test_error": 0.08608333333333333}, {"outer_epoch": 15, "inner_epoch": 1, "train_loss": 0.2517416285097521, "grad_norm": 0.046949032694101334, "test_error": 0.08553333333333334}, {"outer_epoch": 16, "inner_epoch": 1, "train_loss": 0.25056362502882257, "grad_norm": 0.03516430780291557, "test_error": 0.08481666666666667}, {"outer_epoch": 17, "inner_epoch": 1, "train_loss": 0.24935537180832276, "grad_norm": 0.047900907695293427, "test_error": 0.08431666666666666}, {"outer_epoch": 18, "inner_epoch": 1, "train_loss": 0.24828919616589942, "grad_norm": 0.03997192159295082, "test_error": 0.08363333333333334}, {"outer_epoch": 19, "inner_epoch": 1, "train_loss": 0.24716726553284873, "grad_norm": 0.044303953647613525, "test_error": 0.08346666666666666}, {"outer_epoch": 20, "inner_epoch": 1, "train_loss": 0.2462414960510408, "grad_norm": 0.043900519609451294, "test_error": 0.08278333333333333}, {"outer_epoch": 21, "inner_epoch": 1, "train_loss": 0.24508125000058983, "grad_norm": 0.04568738117814064, "test_error": 0.08213333333333334}, {"outer_epoch": 22, "inner_epoch": 1, "train_loss": 0.2440409685726821, "grad_norm": 0.048502273857593536, "test_error": 0.08201666666666667}, {"outer_epoch": 23, "inner_epoch": 1, "train_loss": 0.24309567685665873, "grad_norm": 0.05231138691306114, "test_error": 0.0813}, {"outer_epoch": 24, "inner_epoch": 1, "train_loss": 0.2421570556171549, "grad_norm": 0.058602213859558105, "test_error": 0.08075}, {"outer_epoch": 25, "inner_epoch": 1, "train_loss": 0.24109448830899782, "grad_norm": 0.04148844629526138, "test_error": 0.08006666666666666}, {"outer_epoch": 26, "inner_epoch": 1, "train_loss": 0.24015266576770228, "grad_norm": 0.055118389427661896, "test_error": 0.08011666666666667}, {"outer_epoch": 27, "inner_epoch": 1, "train_loss": 0.23957076437437597, "grad_norm": 0.09594441205263138, "test_error": 0.08}, {"outer_epoch": 28, "inner_epoch": 1, "train_loss": 0.23850324819659968, "grad_norm": 0.047951456159353256, "test_error": 0.0791}, {"outer_epoch": 29, "inner_epoch": 1, "train_loss": 0.23765589613537305, "grad_norm": 0.06729228049516678, "test_error": 0.07905}, {"outer_epoch": 30, "inner_epoch": 1, "train_loss": 0.23697092413180507, "grad_norm": 0.04789144918322563, "test_error": 0.07846666666666667}, {"outer_epoch": 31, "inner_epoch": 1, "train_loss": 0.23597904305361833, "grad_norm": 0.10181786119937897, "test_error": 0.07828333333333333}, {"outer_epoch": 32, "inner_epoch": 1, "train_loss": 0.23519962869250838, "grad_norm": 0.06015640124678612, "test_error": 0.07798333333333334}, {"outer_epoch": 33, "inner_epoch": 1, "train_loss": 0.23433938293849738, "grad_norm": 0.05307929962873459, "test_error": 0.0774}, {"outer_epoch": 34, "inner_epoch": 1, "train_loss": 0.23343748621894822, "grad_norm": 0.07562834769487381, "test_error": 0.0776}, {"outer_epoch": 35, "inner_epoch": 1, "train_loss": 0.23337250854563898, "grad_norm": 0.07377364486455917, "test_error": 0.07738333333333333}, {"outer_epoch": 36, "inner_epoch": 1, "train_loss": 0.23229691248744105, "grad_norm": 0.06327618658542633, "test_error": 0.07668333333333334}, {"outer_epoch": 37, "inner_epoch": 1, "train_loss": 0.2317502952911891, "grad_norm": 0.06039543077349663, "test_error": 0.07645}, {"outer_epoch": 38, "inner_epoch": 1, "train_loss": 0.23100464733907333, "grad_norm": 0.0719030424952507, "test_error": 0.07638333333333333}, {"outer_epoch": 39, "inner_epoch": 1, "train_loss": 0.2302928052713396, "grad_norm": 0.10959254950284958, "test_error": 0.07631666666666667}, {"outer_epoch": 40, "inner_epoch": 1, "train_loss": 0.22977235479086328, "grad_norm": 0.07708074897527695, "test_error": 0.0755}, {"outer_epoch": 41, "inner_epoch": 1, "train_loss": 0.2289330657462124, "grad_norm": 0.07523564994335175, "test_error": 0.07515}, {"outer_epoch": 42, "inner_epoch": 1, "train_loss": 0.228724772636507, "grad_norm": 0.09276576340198517, "test_error": 0.0751}, {"outer_epoch": 43, "inner_epoch": 1, "train_loss": 0.22778332148802777, "grad_norm": 0.07702445983886719, "test_error": 0.07515}, {"outer_epoch": 44, "inner_epoch": 1, "train_loss": 0.22690919978815752, "grad_norm": 0.14068366587162018, "test_error": 0.07505}, {"outer_epoch": 45, "inner_epoch": 1, "train_loss": 0.2271507106795131, "grad_norm": 0.07030577212572098, "test_error": 0.07453333333333333}, {"outer_epoch": 46, "inner_epoch": 1, "train_loss": 0.22630438125579774, "grad_norm": 0.10358371585607529, "test_error": 0.07418333333333334}, {"outer_epoch": 47, "inner_epoch": 1, "train_loss": 0.22556603902888794, "grad_norm": 0.06501571089029312, "test_error": 0.07386666666666666}, {"outer_epoch": 48, "inner_epoch": 1, "train_loss": 0.22489767915429548, "grad_norm": 0.06194274127483368, "test_error": 0.07411666666666666}, {"outer_epoch": 49, "inner_epoch": 1, "train_loss": 0.2243514110192967, "grad_norm": 0.07333482056856155, "test_error": 0.07381666666666667}, {"outer_epoch": 50, "inner_epoch": 1, "train_loss": 0.2237725604632093, "grad_norm": 0.07670946419239044, "test_error": 0.07325}, {"outer_epoch": 51, "inner_epoch": 1, "train_loss": 0.22326414718137433, "grad_norm": 0.06770099699497223, "test_error": 0.073}, {"outer_epoch": 52, "inner_epoch": 1, "train_loss": 0.22271480764840573, "grad_norm": 0.07059960812330246, "test_error": 0.07271666666666667}, {"outer_epoch": 53, "inner_epoch": 1, "train_loss": 0.22244280387515514, "grad_norm": 0.08602853864431381, "test_error": 0.07248333333333333}, {"outer_epoch": 54, "inner_epoch": 1, "train_loss": 0.22204412208827368, "grad_norm": 0.06612658500671387, "test_error": 0.07266666666666667}, {"outer_epoch": 55, "inner_epoch": 1, "train_loss": 0.22155081654526293, "grad_norm": 0.06123025715351105, "test_error": 0.07215}, {"outer_epoch": 56, "inner_epoch": 1, "train_loss": 0.22088261300294348, "grad_norm": 0.07940016686916351, "test_error": 0.07208333333333333}, {"outer_epoch": 57, "inner_epoch": 1, "train_loss": 0.22064553272258491, "grad_norm": 0.07836954295635223, "test_error": 0.07158333333333333}, {"outer_epoch": 58, "inner_epoch": 1, "train_loss": 0.22027371636684984, "grad_norm": 0.09154177457094193, "test_error": 0.0726}, {"outer_epoch": 59, "inner_epoch": 1, "train_loss": 0.22029306352188965, "grad_norm": 0.10029229521751404, "test_error": 0.07145}, {"outer_epoch": 60, "inner_epoch": 1, "train_loss": 0.21966439676859106, "grad_norm": 0.0715455487370491, "test_error": 0.07155}, {"outer_epoch": 61, "inner_epoch": 1, "train_loss": 0.21906401022865127, "grad_norm": 0.05818888917565346, "test_error": 0.0711}, {"outer_epoch": 62, "inner_epoch": 1, "train_loss": 0.21863512428174728, "grad_norm": 0.11269596219062805, "test_error": 0.07105}, {"outer_epoch": 63, "inner_epoch": 1, "train_loss": 0.21828895575180648, "grad_norm": 0.08668364584445953, "test_error": 0.07111666666666666}, {"outer_epoch": 64, "inner_epoch": 1, "train_loss": 0.21784386464274333, "grad_norm": 0.10856486111879349, "test_error": 0.07063333333333334}, {"outer_epoch": 65, "inner_epoch": 1, "train_loss": 0.21750514052536649, "grad_norm": 0.07107317447662354, "test_error": 0.07058333333333333}, {"outer_epoch": 66, "inner_epoch": 1, "train_loss": 0.2168183191503243, "grad_norm": 0.07445991039276123, "test_error": 0.07041666666666667}, {"outer_epoch": 67, "inner_epoch": 1, "train_loss": 0.21666072338264591, "grad_norm": 0.06261985003948212, "test_error": 0.06971666666666666}, {"outer_epoch": 68, "inner_epoch": 1, "train_loss": 0.21632542400706248, "grad_norm": 0.07991946488618851, "test_error": 0.07023333333333333}, {"outer_epoch": 69, "inner_epoch": 1, "train_loss": 0.21614697697324056, "grad_norm": 0.10440527647733688, "test_error": 0.07006666666666667}, {"outer_epoch": 70, "inner_epoch": 1, "train_loss": 0.2159025334836915, "grad_norm": 0.05990418419241905, "test_error": 0.06961666666666666}, {"outer_epoch": 71, "inner_epoch": 1, "train_loss": 0.2152248206289951, "grad_norm": 0.08528043329715729, "test_error": 0.07031666666666667}, {"outer_epoch": 72, "inner_epoch": 1, "train_loss": 0.21502973290059404, "grad_norm": 0.0929066613316536, "test_error": 0.06965}, {"outer_epoch": 73, "inner_epoch": 1, "train_loss": 0.21487046495460285, "grad_norm": 0.10848966240882874, "test_error": 0.06918333333333333}, {"outer_epoch": 74, "inner_epoch": 1, "train_loss": 0.2144557149106404, "grad_norm": 0.08753741532564163, "test_error": 0.06913333333333334}, {"outer_epoch": 75, "inner_epoch": 1, "train_loss": 0.21425812209638145, "grad_norm": 0.08925861120223999, "test_error": 0.0694}, {"outer_epoch": 76, "inner_epoch": 1, "train_loss": 0.21411767112393865, "grad_norm": 0.08733272552490234, "test_error": 0.06915}, {"outer_epoch": 77, "inner_epoch": 1, "train_loss": 0.21366154074769778, "grad_norm": 0.12187325209379196, "test_error": 0.06913333333333334}, {"outer_epoch": 78, "inner_epoch": 1, "train_loss": 0.21374759912483085, "grad_norm": 0.09161945432424545, "test_error": 0.06835}, {"outer_epoch": 79, "inner_epoch": 1, "train_loss": 0.21316715333599132, "grad_norm": 0.12148883938789368, "test_error": 0.0691}, {"outer_epoch": 80, "inner_epoch": 1, "train_loss": 0.2132473247127297, "grad_norm": 0.1438816785812378, "test_error": 0.06871666666666666}, {"outer_epoch": 81, "inner_epoch": 1, "train_loss": 0.2125053590022338, "grad_norm": 0.1074274331331253, "test_error": 0.06926666666666667}, {"outer_epoch": 82, "inner_epoch": 1, "train_loss": 0.2127453453213287, "grad_norm": 0.09397982060909271, "test_error": 0.06853333333333333}, {"outer_epoch": 83, "inner_epoch": 1, "train_loss": 0.21238958794192878, "grad_norm": 0.08133479207754135, "test_error": 0.0684}, {"outer_epoch": 84, "inner_epoch": 1, "train_loss": 0.21190767439004654, "grad_norm": 0.07386204600334167, "test_error": 0.06841666666666667}, {"outer_epoch": 85, "inner_epoch": 1, "train_loss": 0.21202048626402392, "grad_norm": 0.12403902411460876, "test_error": 0.068}, {"outer_epoch": 86, "inner_epoch": 1, "train_loss": 0.21171810972120148, "grad_norm": 0.10489291697740555, "test_error": 0.06823333333333333}, {"outer_epoch": 87, "inner_epoch": 1, "train_loss": 0.2117320346790366, "grad_norm": 0.20320045948028564, "test_error": 0.06773333333333334}, {"outer_epoch": 88, "inner_epoch": 1, "train_loss": 0.21139789037262866, "grad_norm": 0.10521213710308075, "test_error": 0.06811666666666667}, {"outer_epoch": 89, "inner_epoch": 1, "train_loss": 0.21075292237630736, "grad_norm": 0.12050329148769379, "test_error": 0.0687}, {"outer_epoch": 90, "inner_epoch": 1, "train_loss": 0.21079689353642364, "grad_norm": 0.1337391883134842, "test_error": 0.06838333333333334}, {"outer_epoch": 91, "inner_epoch": 1, "train_loss": 0.21146823519134583, "grad_norm": 0.1226835772395134, "test_error": 0.06778333333333333}, {"outer_epoch": 92, "inner_epoch": 1, "train_loss": 0.2105001028786258, "grad_norm": 0.10085947066545486, "test_error": 0.0676}, {"outer_epoch": 93, "inner_epoch": 1, "train_loss": 0.2101111921456953, "grad_norm": 0.11201799660921097, "test_error": 0.06781666666666666}, {"outer_epoch": 94, "inner_epoch": 1, "train_loss": 0.21014170798799023, "grad_norm": 0.09467900544404984, "test_error": 0.06731666666666666}, {"outer_epoch": 95, "inner_epoch": 1, "train_loss": 0.20935352007726518, "grad_norm": 0.06650659441947937, "test_error": 0.0672}, {"outer_epoch": 96, "inner_epoch": 1, "train_loss": 0.20918054462006935, "grad_norm": 0.1060933992266655, "test_error": 0.06698333333333334}, {"outer_epoch": 97, "inner_epoch": 1, "train_loss": 0.2093140831889274, "grad_norm": 0.09259321540594101, "test_error": 0.06715}, {"outer_epoch": 98, "inner_epoch": 1, "train_loss": 0.20917143491810808, "grad_norm": 0.2518199682235718, "test_error": 0.06705}, {"outer_epoch": 99, "inner_epoch": 1, "train_loss": 0.20922915823136767, "grad_norm": 0.12034802883863449, "test_error": 0.06668333333333333}, {"outer_epoch": 100, "inner_epoch": 1, "train_loss": 0.20892132509375613, "grad_norm": 0.08768853545188904, "test_error": 0.06601666666666667}, {"outer_epoch": 101, "inner_epoch": 1, "train_loss": 0.20835353966519082, "grad_norm": 0.06647493690252304, "test_error": 0.06628333333333333}, {"outer_epoch": 102, "inner_epoch": 1, "train_loss": 0.20798310342811357, "grad_norm": 0.07319746166467667, "test_error": 0.06643333333333333}, {"outer_epoch": 103, "inner_epoch": 1, "train_loss": 0.20786232182344733, "grad_norm": 0.06906985491514206, "test_error": 0.06661666666666667}, {"outer_epoch": 104, "inner_epoch": 1, "train_loss": 0.20818349386829263, "grad_norm": 0.09419799596071243, "test_error": 0.06625}, {"outer_epoch": 105, "inner_epoch": 1, "train_loss": 0.2087122780997306, "grad_norm": 0.14271831512451172, "test_error": 0.06651666666666667}, {"outer_epoch": 106, "inner_epoch": 1, "train_loss": 0.20782282479421701, "grad_norm": 0.10301471501588821, "test_error": 0.06633333333333333}, {"outer_epoch": 107, "inner_epoch": 1, "train_loss": 0.2073389862605448, "grad_norm": 0.08942988514900208, "test_error": 0.06575}, {"outer_epoch": 108, "inner_epoch": 1, "train_loss": 0.20686982888848676, "grad_norm": 0.07098855823278427, "test_error": 0.06585}, {"outer_epoch": 109, "inner_epoch": 1, "train_loss": 0.2070667741941676, "grad_norm": 0.06568595767021179, "test_error": 0.06575}, {"outer_epoch": 110, "inner_epoch": 1, "train_loss": 0.2067483770721204, "grad_norm": 0.13867728412151337, "test_error": 0.06625}, {"outer_epoch": 111, "inner_epoch": 1, "train_loss": 0.20684745038572389, "grad_norm": 0.19291450083255768, "test_error": 0.06641666666666667}, {"outer_epoch": 112, "inner_epoch": 1, "train_loss": 0.2069896038871569, "grad_norm": 0.10512486845254898, "test_error": 0.06611666666666667}, {"outer_epoch": 113, "inner_epoch": 1, "train_loss": 0.20710825717588888, "grad_norm": 0.13140377402305603, "test_error": 0.06608333333333333}, {"outer_epoch": 114, "inner_epoch": 1, "train_loss": 0.20690078614186497, "grad_norm": 0.08911322057247162, "test_error": 0.06553333333333333}, {"outer_epoch": 115, "inner_epoch": 1, "train_loss": 0.2063907824345709, "grad_norm": 0.0875343531370163, "test_error": 0.06606666666666666}, {"outer_epoch": 116, "inner_epoch": 1, "train_loss": 0.20632513300620486, "grad_norm": 0.07693908363580704, "test_error": 0.06533333333333333}, {"outer_epoch": 117, "inner_epoch": 1, "train_loss": 0.20593350022425874, "grad_norm": 0.07708460092544556, "test_error": 0.06518333333333333}, {"outer_epoch": 118, "inner_epoch": 1, "train_loss": 0.20594565639611878, "grad_norm": 0.08746060729026794, "test_error": 0.06543333333333333}, {"outer_epoch": 119, "inner_epoch": 1, "train_loss": 0.2058672006938141, "grad_norm": 0.1770997941493988, "test_error": 0.06551666666666667}, {"outer_epoch": 120, "inner_epoch": 1, "train_loss": 0.2060136082698591, "grad_norm": 0.12686288356781006, "test_error": 0.06648333333333334}, {"outer_epoch": 121, "inner_epoch": 1, "train_loss": 0.2060466245606464, "grad_norm": 0.12181124091148376, "test_error": 0.06536666666666667}, {"outer_epoch": 122, "inner_epoch": 1, "train_loss": 0.2054283821072119, "grad_norm": 0.37781447172164917, "test_error": 0.06641666666666667}, {"outer_epoch": 123, "inner_epoch": 1, "train_loss": 0.20603617699141613, "grad_norm": 0.136991947889328, "test_error": 0.06505}, {"outer_epoch": 124, "inner_epoch": 1, "train_loss": 0.20530611828148054, "grad_norm": 0.12781621515750885, "test_error": 0.06543333333333333}, {"outer_epoch": 125, "inner_epoch": 1, "train_loss": 0.20559050909282328, "grad_norm": 0.12058007717132568, "test_error": 0.06483333333333334}, {"outer_epoch": 126, "inner_epoch": 1, "train_loss": 0.2052678677298827, "grad_norm": 0.060535453259944916, "test_error": 0.0649}, {"outer_epoch": 127, "inner_epoch": 1, "train_loss": 0.20443774996375821, "grad_norm": 0.10377367585897446, "test_error": 0.06435}, {"outer_epoch": 128, "inner_epoch": 1, "train_loss": 0.20470812138858793, "grad_norm": 0.08513592928647995, "test_error": 0.06461666666666667}, {"outer_epoch": 129, "inner_epoch": 1, "train_loss": 0.2044585754175593, "grad_norm": 0.1621111035346985, "test_error": 0.06508333333333334}, {"outer_epoch": 130, "inner_epoch": 1, "train_loss": 0.20496942665703438, "grad_norm": 0.08273407816886902, "test_error": 0.06623333333333334}, {"outer_epoch": 131, "inner_epoch": 1, "train_loss": 0.20548670383325468, "grad_norm": 0.10962673276662827, "test_error": 0.06448333333333334}, {"outer_epoch": 132, "inner_epoch": 1, "train_loss": 0.20433728118186506, "grad_norm": 0.0906095877289772, "test_error": 0.06436666666666667}, {"outer_epoch": 133, "inner_epoch": 1, "train_loss": 0.20425613992762132, "grad_norm": 0.09962166845798492, "test_error": 0.06416666666666666}, {"outer_epoch": 134, "inner_epoch": 1, "train_loss": 0.20410647090656373, "grad_norm": 0.12451478838920593, "test_error": 0.06476666666666667}, {"outer_epoch": 135, "inner_epoch": 1, "train_loss": 0.20409321478385634, "grad_norm": 0.10405658185482025, "test_error": 0.0644}, {"outer_epoch": 136, "inner_epoch": 1, "train_loss": 0.2043182985795041, "grad_norm": 0.08043509721755981, "test_error": 0.06455}, {"outer_epoch": 137, "inner_epoch": 1, "train_loss": 0.20359668431132255, "grad_norm": 0.10503625869750977, "test_error": 0.06425}, {"outer_epoch": 138, "inner_epoch": 1, "train_loss": 0.20373259431589394, "grad_norm": 0.09805107861757278, "test_error": 0.06418333333333333}, {"outer_epoch": 139, "inner_epoch": 1, "train_loss": 0.20329071231093257, "grad_norm": 0.12101683765649796, "test_error": 0.06385}, {"outer_epoch": 140, "inner_epoch": 1, "train_loss": 0.2034333398003752, "grad_norm": 0.3549371659755707, "test_error": 0.06556666666666666}, {"outer_epoch": 141, "inner_epoch": 1, "train_loss": 0.20350694691649793, "grad_norm": 0.1109214797616005, "test_error": 0.06443333333333333}, {"outer_epoch": 142, "inner_epoch": 1, "train_loss": 0.20325686284558225, "grad_norm": 0.07762355357408524, "test_error": 0.06423333333333334}, {"outer_epoch": 143, "inner_epoch": 1, "train_loss": 0.20318984889968608, "grad_norm": 0.18262062966823578, "test_error": 0.06465}, {"outer_epoch": 144, "inner_epoch": 1, "train_loss": 0.20381877826693623, "grad_norm": 0.12634077668190002, "test_error": 0.06465}, {"outer_epoch": 145, "inner_epoch": 1, "train_loss": 0.20377472289345072, "grad_norm": 0.17019452154636383, "test_error": 0.06458333333333334}, {"outer_epoch": 146, "inner_epoch": 1, "train_loss": 0.20362520556151867, "grad_norm": 0.08477997034788132, "test_error": 0.06403333333333333}, {"outer_epoch": 147, "inner_epoch": 1, "train_loss": 0.2031038860307696, "grad_norm": 0.07534603774547577, "test_error": 0.06451666666666667}, {"outer_epoch": 148, "inner_epoch": 1, "train_loss": 0.20267013451084495, "grad_norm": 0.11491182446479797, "test_error": 0.0643}, {"outer_epoch": 149, "inner_epoch": 1, "train_loss": 0.2030130109662811, "grad_norm": 0.13793832063674927, "test_error": 0.06438333333333333}, {"outer_epoch": 150, "inner_epoch": 1, "train_loss": 0.20277881033586648, "grad_norm": 0.11085543036460876, "test_error": 0.06381666666666666}, {"outer_epoch": 151, "inner_epoch": 1, "train_loss": 0.2024459304860017, "grad_norm": 0.11787509173154831, "test_error": 0.06385}, {"outer_epoch": 152, "inner_epoch": 1, "train_loss": 0.20246198956738226, "grad_norm": 0.12567923963069916, "test_error": 0.06375}, {"outer_epoch": 153, "inner_epoch": 1, "train_loss": 0.20245017541471558, "grad_norm": 0.06370244175195694, "test_error": 0.0632}, {"outer_epoch": 154, "inner_epoch": 1, "train_loss": 0.20208639987953939, "grad_norm": 0.16164837777614594, "test_error": 0.06375}, {"outer_epoch": 155, "inner_epoch": 1, "train_loss": 0.20242707387129, "grad_norm": 0.08110273629426956, "test_error": 0.0636}, {"outer_epoch": 156, "inner_epoch": 1, "train_loss": 0.2022122318869224, "grad_norm": 0.05648912861943245, "test_error": 0.0635}, {"outer_epoch": 157, "inner_epoch": 1, "train_loss": 0.20162219843204365, "grad_norm": 0.14962778985500336, "test_error": 0.06383333333333334}, {"outer_epoch": 158, "inner_epoch": 1, "train_loss": 0.2022250270198177, "grad_norm": 0.08475203067064285, "test_error": 0.06306666666666666}, {"outer_epoch": 159, "inner_epoch": 1, "train_loss": 0.20196296302430952, "grad_norm": 0.14213362336158752, "test_error": 0.0634}, {"outer_epoch": 160, "inner_epoch": 1, "train_loss": 0.20211059125799996, "grad_norm": 0.09597250819206238, "test_error": 0.06398333333333334}, {"outer_epoch": 161, "inner_epoch": 1, "train_loss": 0.20224818551749923, "grad_norm": 0.30786651372909546, "test_error": 0.0633}, {"outer_epoch": 162, "inner_epoch": 1, "train_loss": 0.20300459275829294, "grad_norm": 0.12962855398654938, "test_error": 0.06355}, {"outer_epoch": 163, "inner_epoch": 1, "train_loss": 0.2018954855663857, "grad_norm": 0.09419004619121552, "test_error": 0.06346666666666667}, {"outer_epoch": 164, "inner_epoch": 1, "train_loss": 0.2017701580253973, "grad_norm": 0.10836827754974365, "test_error": 0.0633}, {"outer_epoch": 165, "inner_epoch": 1, "train_loss": 0.20164124847983475, "grad_norm": 0.09529648721218109, "test_error": 0.06311666666666667}, {"outer_epoch": 166, "inner_epoch": 1, "train_loss": 0.20111249044405607, "grad_norm": 0.1021568775177002, "test_error": 0.06328333333333333}, {"outer_epoch": 167, "inner_epoch": 1, "train_loss": 0.2017876602114411, "grad_norm": 0.13252446055412292, "test_error": 0.06341666666666666}, {"outer_epoch": 168, "inner_epoch": 1, "train_loss": 0.20180428481656904, "grad_norm": 0.08370030671358109, "test_error": 0.06305}, {"outer_epoch": 169, "inner_epoch": 1, "train_loss": 0.201290230176722, "grad_norm": 0.10627346485853195, "test_error": 0.06321666666666667}, {"outer_epoch": 170, "inner_epoch": 1, "train_loss": 0.20145267526766597, "grad_norm": 0.23453235626220703, "test_error": 0.06376666666666667}, {"outer_epoch": 171, "inner_epoch": 1, "train_loss": 0.20179458843827403, "grad_norm": 0.08318405598402023, "test_error": 0.06311666666666667}, {"outer_epoch": 172, "inner_epoch": 1, "train_loss": 0.20094609388386986, "grad_norm": 0.09689068794250488, "test_error": 0.06341666666666666}, {"outer_epoch": 173, "inner_epoch": 1, "train_loss": 0.20084208715873925, "grad_norm": 0.15986086428165436, "test_error": 0.06488333333333333}, {"outer_epoch": 174, "inner_epoch": 1, "train_loss": 0.20149897221871652, "grad_norm": 0.17416313290596008, "test_error": 0.06416666666666666}, {"outer_epoch": 175, "inner_epoch": 1, "train_loss": 0.20154950070854588, "grad_norm": 0.1377137452363968, "test_error": 0.06355}, {"outer_epoch": 176, "inner_epoch": 1, "train_loss": 0.20068097344052513, "grad_norm": 0.09814947843551636, "test_error": 0.06361666666666667}, {"outer_epoch": 177, "inner_epoch": 1, "train_loss": 0.2007528515200441, "grad_norm": 0.26328152418136597, "test_error": 0.06331666666666666}, {"outer_epoch": 178, "inner_epoch": 1, "train_loss": 0.20175610559379373, "grad_norm": 0.19640493392944336, "test_error": 0.06353333333333333}, {"outer_epoch": 179, "inner_epoch": 1, "train_loss": 0.20119891632984702, "grad_norm": 0.18619851768016815, "test_error": 0.06361666666666667}, {"outer_epoch": 180, "inner_epoch": 1, "train_loss": 0.20083298320598744, "grad_norm": 0.10673511773347855, "test_error": 0.0631}, {"outer_epoch": 181, "inner_epoch": 1, "train_loss": 0.20087925645538296, "grad_norm": 0.11090865731239319, "test_error": 0.06298333333333334}, {"outer_epoch": 182, "inner_epoch": 1, "train_loss": 0.20101034676477622, "grad_norm": 0.14844657480716705, "test_error": 0.06291666666666666}, {"outer_epoch": 183, "inner_epoch": 1, "train_loss": 0.20065063595259564, "grad_norm": 0.12039978802204132, "test_error": 0.06275}, {"outer_epoch": 184, "inner_epoch": 1, "train_loss": 0.20025040969314675, "grad_norm": 0.10583259165287018, "test_error": 0.06285}, {"outer_epoch": 185, "inner_epoch": 1, "train_loss": 0.2002647386472672, "grad_norm": 0.06627544015645981, "test_error": 0.062433333333333334}, {"outer_epoch": 186, "inner_epoch": 1, "train_loss": 0.1999853323683298, "grad_norm": 0.11679091304540634, "test_error": 0.06245}, {"outer_epoch": 187, "inner_epoch": 1, "train_loss": 0.19997415950273473, "grad_norm": 0.12635302543640137, "test_error": 0.06233333333333333}, {"outer_epoch": 188, "inner_epoch": 1, "train_loss": 0.20014909042635312, "grad_norm": 0.09624958783388138, "test_error": 0.062316666666666666}, {"outer_epoch": 189, "inner_epoch": 1, "train_loss": 0.1998004512267653, "grad_norm": 0.11445779353380203, "test_error": 0.062433333333333334}, {"outer_epoch": 190, "inner_epoch": 1, "train_loss": 0.19991962745855563, "grad_norm": 0.1541345864534378, "test_error": 0.06293333333333333}, {"outer_epoch": 191, "inner_epoch": 1, "train_loss": 0.20025896017544437, "grad_norm": 0.17859366536140442, "test_error": 0.062233333333333335}, {"outer_epoch": 192, "inner_epoch": 1, "train_loss": 0.19981573226694793, "grad_norm": 0.10140815377235413, "test_error": 0.06221666666666667}, {"outer_epoch": 193, "inner_epoch": 1, "train_loss": 0.19967335854951912, "grad_norm": 0.11993555724620819, "test_error": 0.06328333333333333}, {"outer_epoch": 194, "inner_epoch": 1, "train_loss": 0.19988530631600104, "grad_norm": 0.10581836104393005, "test_error": 0.06236666666666667}, {"outer_epoch": 195, "inner_epoch": 1, "train_loss": 0.19963319260192414, "grad_norm": 0.13104495406150818, "test_error": 0.06225}, {"outer_epoch": 196, "inner_epoch": 1, "train_loss": 0.1996421369544696, "grad_norm": 0.0927223414182663, "test_error": 0.06261666666666667}, {"outer_epoch": 197, "inner_epoch": 1, "train_loss": 0.19971423682454043, "grad_norm": 0.16791151463985443, "test_error": 0.06315}, {"outer_epoch": 198, "inner_epoch": 1, "train_loss": 0.1999473857837729, "grad_norm": 0.08111154288053513, "test_error": 0.062033333333333336}, {"outer_epoch": 199, "inner_epoch": 1, "train_loss": 0.19959539816877805, "grad_norm": 0.08769162744283676, "test_error": 0.062183333333333334}, {"outer_epoch": 200, "inner_epoch": 1, "train_loss": 0.1993883216860704, "grad_norm": 0.13021381199359894, "test_error": 0.06213333333333333}, {"outer_epoch": 201, "inner_epoch": 1, "train_loss": 0.19961433164398962, "grad_norm": 0.175969198346138, "test_error": 0.0622}, {"outer_epoch": 202, "inner_epoch": 1, "train_loss": 0.1999176882690129, "grad_norm": 0.12525546550750732, "test_error": 0.06271666666666667}, {"outer_epoch": 203, "inner_epoch": 1, "train_loss": 0.19972981912114968, "grad_norm": 0.09823428094387054, "test_error": 0.06293333333333333}, {"outer_epoch": 204, "inner_epoch": 1, "train_loss": 0.2001536680276428, "grad_norm": 0.1342509686946869, "test_error": 0.0629}, {"outer_epoch": 205, "inner_epoch": 1, "train_loss": 0.19963524692544404, "grad_norm": 0.15265321731567383, "test_error": 0.061983333333333335}, {"outer_epoch": 206, "inner_epoch": 1, "train_loss": 0.1992108157259645, "grad_norm": 0.09304101765155792, "test_error": 0.06236666666666667}, {"outer_epoch": 207, "inner_epoch": 1, "train_loss": 0.19913603922978898, "grad_norm": 0.10024742037057877, "test_error": 0.061766666666666664}, {"outer_epoch": 208, "inner_epoch": 1, "train_loss": 0.19921620915465368, "grad_norm": 0.17023861408233643, "test_error": 0.06205}, {"outer_epoch": 209, "inner_epoch": 1, "train_loss": 0.19928448419148723, "grad_norm": 0.11125563830137253, "test_error": 0.062066666666666666}, {"outer_epoch": 210, "inner_epoch": 1, "train_loss": 0.19892676023723713, "grad_norm": 0.19558082520961761, "test_error": 0.0623}, {"outer_epoch": 211, "inner_epoch": 1, "train_loss": 0.19936385806453957, "grad_norm": 0.1778559684753418, "test_error": 0.06296666666666667}, {"outer_epoch": 212, "inner_epoch": 1, "train_loss": 0.19970297621260397, "grad_norm": 0.1294141709804535, "test_error": 0.06216666666666667}, {"outer_epoch": 213, "inner_epoch": 1, "train_loss": 0.19913655038946307, "grad_norm": 0.15587764978408813, "test_error": 0.06256666666666667}, {"outer_epoch": 214, "inner_epoch": 1, "train_loss": 0.19897155260085128, "grad_norm": 0.11207632720470428, "test_error": 0.0621}, {"outer_epoch": 215, "inner_epoch": 1, "train_loss": 0.19889316124818288, "grad_norm": 0.15430209040641785, "test_error": 0.062266666666666665}, {"outer_epoch": 216, "inner_epoch": 1, "train_loss": 0.19881876045073538, "grad_norm": 0.1326935738325119, "test_error": 0.06208333333333333}, {"outer_epoch": 217, "inner_epoch": 1, "train_loss": 0.1986550315237255, "grad_norm": 0.12454380095005035, "test_error": 0.06185}, {"outer_epoch": 218, "inner_epoch": 1, "train_loss": 0.19883088814133468, "grad_norm": 0.1619293987751007, "test_error": 0.06251666666666666}, {"outer_epoch": 219, "inner_epoch": 1, "train_loss": 0.19873380516081426, "grad_norm": 0.14267697930335999, "test_error": 0.06186666666666667}, {"outer_epoch": 220, "inner_epoch": 1, "train_loss": 0.19887724067294038, "grad_norm": 0.1279870569705963, "test_error": 0.06303333333333333}, {"outer_epoch": 221, "inner_epoch": 1, "train_loss": 0.19880962639348582, "grad_norm": 0.13375939428806305, "test_error": 0.0618}, {"outer_epoch": 222, "inner_epoch": 1, "train_loss": 0.19839497181695576, "grad_norm": 0.1241280734539032, "test_error": 0.06258333333333334}, {"outer_epoch": 223, "inner_epoch": 1, "train_loss": 0.19878719545148002, "grad_norm": 0.11202898621559143, "test_error": 0.06196666666666667}, {"outer_epoch": 224, "inner_epoch": 1, "train_loss": 0.19879092388196537, "grad_norm": 0.09362839162349701, "test_error": 0.06188333333333333}, {"outer_epoch": 225, "inner_epoch": 1, "train_loss": 0.19853244248831955, "grad_norm": 0.1775664985179901, "test_error": 0.061566666666666665}, {"outer_epoch": 226, "inner_epoch": 1, "train_loss": 0.19867360059695785, "grad_norm": 0.1395953893661499, "test_error": 0.0622}, {"outer_epoch": 227, "inner_epoch": 1, "train_loss": 0.1985252900281145, "grad_norm": 0.14740560948848724, "test_error": 0.061283333333333335}, {"outer_epoch": 228, "inner_epoch": 1, "train_loss": 0.19824947848415467, "grad_norm": 0.10647033900022507, "test_error": 0.06175}, {"outer_epoch": 229, "inner_epoch": 1, "train_loss": 0.1981900956252745, "grad_norm": 0.14030830562114716, "test_error": 0.06235}, {"outer_epoch": 230, "inner_epoch": 1, "train_loss": 0.19884281040359444, "grad_norm": 0.18138986825942993, "test_error": 0.0616}, {"outer_epoch": 231, "inner_epoch": 1, "train_loss": 0.1983370941761726, "grad_norm": 0.14284995198249817, "test_error": 0.06175}, {"outer_epoch": 232, "inner_epoch": 1, "train_loss": 0.19833435576738945, "grad_norm": 0.1320185512304306, "test_error": 0.06191666666666667}, {"outer_epoch": 233, "inner_epoch": 1, "train_loss": 0.1979535015367437, "grad_norm": 0.11276962608098984, "test_error": 0.0616}, {"outer_epoch": 234, "inner_epoch": 1, "train_loss": 0.1978362395975661, "grad_norm": 0.10293162614107132, "test_error": 0.061233333333333334}, {"outer_epoch": 235, "inner_epoch": 1, "train_loss": 0.19777800653102653, "grad_norm": 0.10941243916749954, "test_error": 0.061483333333333334}, {"outer_epoch": 236, "inner_epoch": 1, "train_loss": 0.19795843438625646, "grad_norm": 0.09925755858421326, "test_error": 0.06118333333333333}, {"outer_epoch": 237, "inner_epoch": 1, "train_loss": 0.1980449125134231, "grad_norm": 0.23567639291286469, "test_error": 0.06211666666666667}, {"outer_epoch": 238, "inner_epoch": 1, "train_loss": 0.19855193749279715, "grad_norm": 0.12120787799358368, "test_error": 0.06196666666666667}, {"outer_epoch": 239, "inner_epoch": 1, "train_loss": 0.19839440824906343, "grad_norm": 0.12639495730400085, "test_error": 0.06193333333333333}, {"outer_epoch": 240, "inner_epoch": 1, "train_loss": 0.19802876438448827, "grad_norm": 0.16331157088279724, "test_error": 0.0618}, {"outer_epoch": 241, "inner_epoch": 1, "train_loss": 0.19764811419319206, "grad_norm": 0.12096118181943893, "test_error": 0.06135}, {"outer_epoch": 242, "inner_epoch": 1, "train_loss": 0.1977537290196633, "grad_norm": 0.17233788967132568, "test_error": 0.06133333333333333}, {"outer_epoch": 243, "inner_epoch": 1, "train_loss": 0.19765843941279065, "grad_norm": 0.08001412451267242, "test_error": 0.0614}, {"outer_epoch": 244, "inner_epoch": 1, "train_loss": 0.19753968108445405, "grad_norm": 0.12108517438173294, "test_error": 0.0618}, {"outer_epoch": 245, "inner_epoch": 1, "train_loss": 0.1983471912185584, "grad_norm": 0.17829780280590057, "test_error": 0.06171666666666667}, {"outer_epoch": 246, "inner_epoch": 1, "train_loss": 0.19755354823203136, "grad_norm": 0.15150080621242523, "test_error": 0.0611}, {"outer_epoch": 247, "inner_epoch": 1, "train_loss": 0.19754272714750065, "grad_norm": 0.15945103764533997, "test_error": 0.06125}, {"outer_epoch": 248, "inner_epoch": 1, "train_loss": 0.1976719258056643, "grad_norm": 0.14597725868225098, "test_error": 0.061283333333333335}, {"outer_epoch": 249, "inner_epoch": 1, "train_loss": 0.19762866580835545, "grad_norm": 0.07975278794765472, "test_error": 0.06113333333333333}, {"outer_epoch": 250, "inner_epoch": 1, "train_loss": 0.19749674287772118, "grad_norm": 0.08765894919633865, "test_error": 0.061516666666666664}]}