{"argv": ["train.py", "--seed", "79", "--optimizer", "SVRG", "--run_name", "svrg_0.1.json", "--output_path", "experiments/nonconvex_fmnist/svrg-0.1.json", "--dataset", "FMNIST", "--layer_sizes", "784", "100", "10", "--batch_size", "10", "--learning_rate", "0.1", "--weight_decay", "0.001", "--warmup_learning_rate", "0.03", "--num_warmup_epochs", "10", "--num_outer_epochs", "250", "--num_inner_epochs", "1", "--device", "cuda"], "args": {"seed": 79, "optimizer": "SVRG", "run_name": "svrg_0.1.json", "output_path": "experiments/nonconvex_fmnist/svrg-0.1.json", "device": "cuda", "dataset": "FMNIST", "dataset_root": "~/datasets/pytorch", "dataset_size": null, "download": false, "layer_sizes": [784, 100, 10], "batch_size": 10, "test_batch_size": 256, "learning_rate": 0.1, "weight_decay": 0.001, "warmup_learning_rate": 0.03, "num_warmup_epochs": 10, "num_outer_epochs": 250, "num_inner_epochs": 1, "inner_epoch_fraction": null, "choose_random_iterate": false, "num_epochs": 10}, "metrics": [{"warmup_epoch": 1, "train_loss": 0.5629650882591183, "grad_norm": 0.4067375659942627, "test_error": 0.14638333333333334}, {"warmup_epoch": 2, "train_loss": 0.4176381326682555, "grad_norm": 0.5326794981956482, "test_error": 0.14525}, {"warmup_epoch": 3, "train_loss": 0.3856852090843022, "grad_norm": 0.8634437918663025, "test_error": 0.14971666666666666}, {"warmup_epoch": 4, "train_loss": 0.36692527095150823, "grad_norm": 0.6581805944442749, "test_error": 0.13681666666666667}, {"warmup_epoch": 5, "train_loss": 0.35395802397606896, "grad_norm": 0.7053418755531311, "test_error": 0.13155}, {"warmup_epoch": 6, "train_loss": 0.34573226063426893, "grad_norm": 0.5203390717506409, "test_error": 0.12031666666666667}, {"warmup_epoch": 7, "train_loss": 0.3395486783954936, "grad_norm": 0.5959027409553528, "test_error": 0.11886666666666666}, {"warmup_epoch": 8, "train_loss": 0.3361009404188953, "grad_norm": 0.43708112835884094, "test_error": 0.11576666666666667}, {"warmup_epoch": 9, "train_loss": 0.3307009245970791, "grad_norm": 0.27973583340644836, "test_error": 0.11073333333333334}, {"warmup_epoch": 10, "train_loss": 0.32809389451510895, "grad_norm": 0.563463568687439, "test_error": 0.1202}, {"outer_epoch": 1, "inner_epoch": 1, "train_loss": 0.412368044252391, "grad_norm": 1.552586555480957, "test_error": 0.1742}, {"outer_epoch": 2, "inner_epoch": 1, "train_loss": 0.43495855847815984, "grad_norm": 0.9040706157684326, "test_error": 0.15791666666666668}, {"outer_epoch": 3, "inner_epoch": 1, "train_loss": 0.4174716335266518, "grad_norm": 0.6496178507804871, "test_error": 0.13693333333333332}, {"outer_epoch": 4, "inner_epoch": 1, "train_loss": 0.40852673598153827, "grad_norm": 0.2367391437292099, "test_error": 0.12941666666666668}, {"outer_epoch": 5, "inner_epoch": 1, "train_loss": 0.38639051851133505, "grad_norm": 0.7036483883857727, "test_error": 0.15443333333333334}, {"outer_epoch": 6, "inner_epoch": 1, "train_loss": 0.4187862973730856, "grad_norm": 0.6371204257011414, "test_error": 0.1415}, {"outer_epoch": 7, "inner_epoch": 1, "train_loss": 0.4052271808536413, "grad_norm": 0.42018601298332214, "test_error": 0.14583333333333334}, {"outer_epoch": 8, "inner_epoch": 1, "train_loss": 0.4037014043503441, "grad_norm": 0.4822072982788086, "test_error": 0.1413}, {"outer_epoch": 9, "inner_epoch": 1, "train_loss": 0.40614324366611737, "grad_norm": 0.27824991941452026, "test_error": 0.13496666666666668}, {"outer_epoch": 10, "inner_epoch": 1, "train_loss": 0.3979388833976506, "grad_norm": 0.4285299479961395, "test_error": 0.13416666666666666}, {"outer_epoch": 11, "inner_epoch": 1, "train_loss": 0.3963882843426739, "grad_norm": 0.2737453281879425, "test_error": 0.12705}, {"outer_epoch": 12, "inner_epoch": 1, "train_loss": 0.3724436016951998, "grad_norm": 0.6977345943450928, "test_error": 0.14378333333333335}, {"outer_epoch": 13, "inner_epoch": 1, "train_loss": 0.40960840781560787, "grad_norm": 0.3856287896633148, "test_error": 0.13321666666666668}, {"outer_epoch": 14, "inner_epoch": 1, "train_loss": 0.3904715387974866, "grad_norm": 0.38776376843452454, "test_error": 0.13161666666666666}, {"outer_epoch": 15, "inner_epoch": 1, "train_loss": 0.38055376514807965, "grad_norm": 0.30578821897506714, "test_error": 0.12443333333333334}, {"outer_epoch": 16, "inner_epoch": 1, "train_loss": 0.37654464259704884, "grad_norm": 0.6568363308906555, "test_error": 0.14065}, {"outer_epoch": 17, "inner_epoch": 1, "train_loss": 0.4409719490124844, "grad_norm": 0.42371392250061035, "test_error": 0.14871666666666666}, {"outer_epoch": 18, "inner_epoch": 1, "train_loss": 0.40068774330367646, "grad_norm": 0.6070041656494141, "test_error": 0.13915}, {"outer_epoch": 19, "inner_epoch": 1, "train_loss": 0.40065202783094717, "grad_norm": 0.5238974094390869, "test_error": 0.13956666666666667}, {"outer_epoch": 20, "inner_epoch": 1, "train_loss": 0.41189225878543223, "grad_norm": 0.7771186232566833, "test_error": 0.16038333333333332}, {"outer_epoch": 21, "inner_epoch": 1, "train_loss": 0.4374453975122888, "grad_norm": 0.36991390585899353, "test_error": 0.14041666666666666}, {"outer_epoch": 22, "inner_epoch": 1, "train_loss": 0.40393549369648096, "grad_norm": 0.7864429354667664, "test_error": 0.14688333333333334}, {"outer_epoch": 23, "inner_epoch": 1, "train_loss": 0.44502393733368567, "grad_norm": 0.6245195269584656, "test_error": 0.14696666666666666}, {"outer_epoch": 24, "inner_epoch": 1, "train_loss": 0.4216874918884908, "grad_norm": 0.4063730835914612, "test_error": 0.14603333333333332}, {"outer_epoch": 25, "inner_epoch": 1, "train_loss": 0.42516524603233363, "grad_norm": 0.3452949523925781, "test_error": 0.14698333333333333}, {"outer_epoch": 26, "inner_epoch": 1, "train_loss": 0.4146572797819972, "grad_norm": 0.196950763463974, "test_error": 0.1347}, {"outer_epoch": 27, "inner_epoch": 1, "train_loss": 0.3926260749339902, "grad_norm": 0.2949104309082031, "test_error": 0.13293333333333332}, {"outer_epoch": 28, "inner_epoch": 1, "train_loss": 0.39659410043340176, "grad_norm": 0.6838580369949341, "test_error": 0.14735}, {"outer_epoch": 29, "inner_epoch": 1, "train_loss": 0.42072575910855087, "grad_norm": 0.6311947703361511, "test_error": 0.14786666666666667}, {"outer_epoch": 30, "inner_epoch": 1, "train_loss": 0.44695114169999334, "grad_norm": 1.0466984510421753, "test_error": 0.16518333333333332}, {"outer_epoch": 31, "inner_epoch": 1, "train_loss": 0.442436111113367, "grad_norm": 0.5736057162284851, "test_error": 0.14571666666666666}, {"outer_epoch": 32, "inner_epoch": 1, "train_loss": 0.4231473728575123, "grad_norm": 0.3518560528755188, "test_error": 0.13883333333333334}, {"outer_epoch": 33, "inner_epoch": 1, "train_loss": 0.41023596680738655, "grad_norm": 0.5185070037841797, "test_error": 0.14096666666666666}, {"outer_epoch": 34, "inner_epoch": 1, "train_loss": 0.450196106680048, "grad_norm": 1.2780383825302124, "test_error": 0.21688333333333334}, {"outer_epoch": 35, "inner_epoch": 1, "train_loss": 0.4801698987151807, "grad_norm": 1.1466087102890015, "test_error": 0.17575}, {"outer_epoch": 36, "inner_epoch": 1, "train_loss": 0.4886776296549166, "grad_norm": 0.5211194753646851, "test_error": 0.16605}, {"outer_epoch": 37, "inner_epoch": 1, "train_loss": 0.4430368263960506, "grad_norm": 0.6495611667633057, "test_error": 0.14868333333333333}, {"outer_epoch": 38, "inner_epoch": 1, "train_loss": 0.42286289588199, "grad_norm": 2.5908830165863037, "test_error": 0.22856666666666667}, {"outer_epoch": 39, "inner_epoch": 1, "train_loss": 0.5579412030099581, "grad_norm": 1.2718462944030762, "test_error": 0.19815}, {"outer_epoch": 40, "inner_epoch": 1, "train_loss": 0.49921402539677606, "grad_norm": 1.074447751045227, "test_error": 0.21051666666666666}, {"outer_epoch": 41, "inner_epoch": 1, "train_loss": 0.4917538267018584, "grad_norm": 0.9234757423400879, "test_error": 0.19726666666666667}, {"outer_epoch": 42, "inner_epoch": 1, "train_loss": 0.539870013826061, "grad_norm": 0.41918614506721497, "test_error": 0.16401666666666667}, {"outer_epoch": 43, "inner_epoch": 1, "train_loss": 0.43991376062855125, "grad_norm": 0.32774102687835693, "test_error": 0.1441}, {"outer_epoch": 44, "inner_epoch": 1, "train_loss": 0.416666845632717, "grad_norm": 0.29320231080055237, "test_error": 0.13668333333333332}, {"outer_epoch": 45, "inner_epoch": 1, "train_loss": 0.404815685495579, "grad_norm": 0.6002233624458313, "test_error": 0.14271666666666666}, {"outer_epoch": 46, "inner_epoch": 1, "train_loss": 0.42664366123483827, "grad_norm": 0.5107108950614929, "test_error": 0.14466666666666667}, {"outer_epoch": 47, "inner_epoch": 1, "train_loss": 0.419207284906103, "grad_norm": 0.5368649363517761, "test_error": 0.18293333333333334}, {"outer_epoch": 48, "inner_epoch": 1, "train_loss": 0.4509929619623193, "grad_norm": 0.4225233197212219, "test_error": 0.14453333333333335}, {"outer_epoch": 49, "inner_epoch": 1, "train_loss": 0.4151649466383581, "grad_norm": 0.9679313898086548, "test_error": 0.15763333333333332}, {"outer_epoch": 50, "inner_epoch": 1, "train_loss": 0.45332834288772816, "grad_norm": 0.7508118748664856, "test_error": 0.16865}, {"outer_epoch": 51, "inner_epoch": 1, "train_loss": 0.43739599867972234, "grad_norm": 0.34451714158058167, "test_error": 0.14285}, {"outer_epoch": 52, "inner_epoch": 1, "train_loss": 0.414632406218055, "grad_norm": 0.3785577416419983, "test_error": 0.13766666666666666}, {"outer_epoch": 53, "inner_epoch": 1, "train_loss": 0.4002724958813439, "grad_norm": 0.3947473466396332, "test_error": 0.14013333333333333}, {"outer_epoch": 54, "inner_epoch": 1, "train_loss": 0.4201522031999969, "grad_norm": 0.5891876220703125, "test_error": 0.16581666666666667}, {"outer_epoch": 55, "inner_epoch": 1, "train_loss": 0.4552389086167483, "grad_norm": 0.7323607206344604, "test_error": 0.16128333333333333}, {"outer_epoch": 56, "inner_epoch": 1, "train_loss": 0.4547649565615381, "grad_norm": 0.4507429301738739, "test_error": 0.15543333333333334}, {"outer_epoch": 57, "inner_epoch": 1, "train_loss": 0.4385961910133871, "grad_norm": 1.4784250259399414, "test_error": 0.19225}, {"outer_epoch": 58, "inner_epoch": 1, "train_loss": 0.504691146899946, "grad_norm": 0.8542685508728027, "test_error": 0.1837}, {"outer_epoch": 59, "inner_epoch": 1, "train_loss": 0.48960306247215096, "grad_norm": 0.5308465957641602, "test_error": 0.18105}, {"outer_epoch": 60, "inner_epoch": 1, "train_loss": 0.4858347725722318, "grad_norm": 0.8062474727630615, "test_error": 0.1791}, {"outer_epoch": 61, "inner_epoch": 1, "train_loss": 0.48729014388968545, "grad_norm": 0.6248182058334351, "test_error": 0.16691666666666666}, {"outer_epoch": 62, "inner_epoch": 1, "train_loss": 0.4653393841329962, "grad_norm": 0.5830235481262207, "test_error": 0.15803333333333333}, {"outer_epoch": 63, "inner_epoch": 1, "train_loss": 0.4621673536666979, "grad_norm": 0.525416910648346, "test_error": 0.158}, {"outer_epoch": 64, "inner_epoch": 1, "train_loss": 0.47218425597560904, "grad_norm": 0.45013320446014404, "test_error": 0.16343333333333335}, {"outer_epoch": 65, "inner_epoch": 1, "train_loss": 0.46966189016867427, "grad_norm": 0.18864743411540985, "test_error": 0.15258333333333332}, {"outer_epoch": 66, "inner_epoch": 1, "train_loss": 0.4501439147396013, "grad_norm": 0.24742838740348816, "test_error": 0.14836666666666667}, {"outer_epoch": 67, "inner_epoch": 1, "train_loss": 0.4541181659819558, "grad_norm": 0.37639835476875305, "test_error": 0.15325}, {"outer_epoch": 68, "inner_epoch": 1, "train_loss": 0.4567741396408528, "grad_norm": 0.41719648241996765, "test_error": 0.15335}, {"outer_epoch": 69, "inner_epoch": 1, "train_loss": 0.4538182204918315, "grad_norm": 0.4434535801410675, "test_error": 0.15453333333333333}, {"outer_epoch": 70, "inner_epoch": 1, "train_loss": 0.44249044093318907, "grad_norm": 0.3342028260231018, "test_error": 0.15235}, {"outer_epoch": 71, "inner_epoch": 1, "train_loss": 0.44628006874366355, "grad_norm": 0.4285260736942291, "test_error": 0.15046666666666667}, {"outer_epoch": 72, "inner_epoch": 1, "train_loss": 0.4395741628996717, "grad_norm": 0.6513424515724182, "test_error": 0.15105}, {"outer_epoch": 73, "inner_epoch": 1, "train_loss": 0.44160920406443377, "grad_norm": 0.4350631833076477, "test_error": 0.14581666666666668}, {"outer_epoch": 74, "inner_epoch": 1, "train_loss": 0.4296817965672041, "grad_norm": 1.016404628753662, "test_error": 0.17185}, {"outer_epoch": 75, "inner_epoch": 1, "train_loss": 0.49116152920977524, "grad_norm": 0.5807659029960632, "test_error": 0.1608}, {"outer_epoch": 76, "inner_epoch": 1, "train_loss": 0.4488904868075624, "grad_norm": 2.00192928314209, "test_error": 0.21556666666666666}, {"outer_epoch": 77, "inner_epoch": 1, "train_loss": 0.5609478181595914, "grad_norm": 1.0500552654266357, "test_error": 0.25538333333333335}, {"outer_epoch": 78, "inner_epoch": 1, "train_loss": 0.5532035866407677, "grad_norm": 0.6143143773078918, "test_error": 0.19406666666666667}, {"outer_epoch": 79, "inner_epoch": 1, "train_loss": 0.49137265972715494, "grad_norm": 0.8256141543388367, "test_error": 0.17316666666666666}, {"outer_epoch": 80, "inner_epoch": 1, "train_loss": 0.4753877010671422, "grad_norm": 0.6717289090156555, "test_error": 0.17888333333333334}, {"outer_epoch": 81, "inner_epoch": 1, "train_loss": 0.4678640237549941, "grad_norm": 0.4034455120563507, "test_error": 0.15601666666666666}, {"outer_epoch": 82, "inner_epoch": 1, "train_loss": 0.4543246751697734, "grad_norm": 0.19383549690246582, "test_error": 0.14726666666666666}, {"outer_epoch": 83, "inner_epoch": 1, "train_loss": 0.44044312326299645, "grad_norm": 1.0149623155593872, "test_error": 0.17238333333333333}, {"outer_epoch": 84, "inner_epoch": 1, "train_loss": 0.5014284904546414, "grad_norm": 0.42587244510650635, "test_error": 0.17116666666666666}, {"outer_epoch": 85, "inner_epoch": 1, "train_loss": 0.47201310539214564, "grad_norm": 1.1424682140350342, "test_error": 0.18515}, {"outer_epoch": 86, "inner_epoch": 1, "train_loss": 0.5009258618624881, "grad_norm": 0.5702548027038574, "test_error": 0.16601666666666667}, {"outer_epoch": 87, "inner_epoch": 1, "train_loss": 0.46939545280237993, "grad_norm": 0.25525254011154175, "test_error": 0.15196666666666667}, {"outer_epoch": 88, "inner_epoch": 1, "train_loss": 0.4495756224557602, "grad_norm": 0.6369989514350891, "test_error": 0.15655}, {"outer_epoch": 89, "inner_epoch": 1, "train_loss": 0.46993209365972627, "grad_norm": 0.48356857895851135, "test_error": 0.15196666666666667}, {"outer_epoch": 90, "inner_epoch": 1, "train_loss": 0.45236017707393816, "grad_norm": 0.2939682602882385, "test_error": 0.14863333333333334}, {"outer_epoch": 91, "inner_epoch": 1, "train_loss": 0.44623327066376806, "grad_norm": 0.4986104369163513, "test_error": 0.16463333333333333}, {"outer_epoch": 92, "inner_epoch": 1, "train_loss": 0.5169635106688365, "grad_norm": 0.3388235569000244, "test_error": 0.16038333333333332}, {"outer_epoch": 93, "inner_epoch": 1, "train_loss": 0.46959175257974617, "grad_norm": 0.390643835067749, "test_error": 0.16338333333333332}, {"outer_epoch": 94, "inner_epoch": 1, "train_loss": 0.485330089281934, "grad_norm": 0.6793726086616516, "test_error": 0.17125}, {"outer_epoch": 95, "inner_epoch": 1, "train_loss": 0.4929690290079452, "grad_norm": 0.677531898021698, "test_error": 0.16725}, {"outer_epoch": 96, "inner_epoch": 1, "train_loss": 0.47751232666149734, "grad_norm": 0.7990373373031616, "test_error": 0.16893333333333332}, {"outer_epoch": 97, "inner_epoch": 1, "train_loss": 0.48901763269646714, "grad_norm": 0.48019111156463623, "test_error": 0.16076666666666667}, {"outer_epoch": 98, "inner_epoch": 1, "train_loss": 0.4596660366732006, "grad_norm": 0.6717777252197266, "test_error": 0.16163333333333332}, {"outer_epoch": 99, "inner_epoch": 1, "train_loss": 0.45949629376952844, "grad_norm": 0.5298223495483398, "test_error": 0.15746666666666667}, {"outer_epoch": 100, "inner_epoch": 1, "train_loss": 0.4585526810505738, "grad_norm": 0.6332551836967468, "test_error": 0.15973333333333334}, {"outer_epoch": 101, "inner_epoch": 1, "train_loss": 0.4819360352475196, "grad_norm": 0.5598918795585632, "test_error": 0.17355}, {"outer_epoch": 102, "inner_epoch": 1, "train_loss": 0.46871245888931057, "grad_norm": 0.33155837655067444, "test_error": 0.15576666666666666}, {"outer_epoch": 103, "inner_epoch": 1, "train_loss": 0.4507571289253732, "grad_norm": 0.2142663598060608, "test_error": 0.1477}, {"outer_epoch": 104, "inner_epoch": 1, "train_loss": 0.4452081728996709, "grad_norm": 0.2530752420425415, "test_error": 0.14765}, {"outer_epoch": 105, "inner_epoch": 1, "train_loss": 0.4425487061563569, "grad_norm": 0.5544275045394897, "test_error": 0.1541}, {"outer_epoch": 106, "inner_epoch": 1, "train_loss": 0.46003898967709395, "grad_norm": 0.4016787111759186, "test_error": 0.1503}, {"outer_epoch": 107, "inner_epoch": 1, "train_loss": 0.44721672280551866, "grad_norm": 0.5077171325683594, "test_error": 0.15361666666666668}, {"outer_epoch": 108, "inner_epoch": 1, "train_loss": 0.4621704098138337, "grad_norm": 0.7263749837875366, "test_error": 0.16315}, {"outer_epoch": 109, "inner_epoch": 1, "train_loss": 0.46903905281284825, "grad_norm": 1.072506308555603, "test_error": 0.1853}, {"outer_epoch": 110, "inner_epoch": 1, "train_loss": 0.5603781041086962, "grad_norm": 0.9603374600410461, "test_error": 0.20246666666666666}, {"outer_epoch": 111, "inner_epoch": 1, "train_loss": 0.5728985838436832, "grad_norm": 0.6369774341583252, "test_error": 0.1786}, {"outer_epoch": 112, "inner_epoch": 1, "train_loss": 0.5145768243369336, "grad_norm": 0.4949950575828552, "test_error": 0.16445}, {"outer_epoch": 113, "inner_epoch": 1, "train_loss": 0.4943169204595809, "grad_norm": 0.4302365779876709, "test_error": 0.1594}, {"outer_epoch": 114, "inner_epoch": 1, "train_loss": 0.47785842418701696, "grad_norm": 0.4993213415145874, "test_error": 0.16198333333333334}, {"outer_epoch": 115, "inner_epoch": 1, "train_loss": 0.48081751689470065, "grad_norm": 0.18786883354187012, "test_error": 0.15323333333333333}, {"outer_epoch": 116, "inner_epoch": 1, "train_loss": 0.4639615332693793, "grad_norm": 0.7685845494270325, "test_error": 0.1661}, {"outer_epoch": 117, "inner_epoch": 1, "train_loss": 0.49943321393740675, "grad_norm": 0.8558825254440308, "test_error": 0.17745}, {"outer_epoch": 118, "inner_epoch": 1, "train_loss": 0.5741648944703241, "grad_norm": 0.6603685617446899, "test_error": 0.19545}, {"outer_epoch": 119, "inner_epoch": 1, "train_loss": 0.525340270144244, "grad_norm": 1.0353827476501465, "test_error": 0.19043333333333334}, {"outer_epoch": 120, "inner_epoch": 1, "train_loss": 0.5223882742843902, "grad_norm": 0.710763156414032, "test_error": 0.18455}, {"outer_epoch": 121, "inner_epoch": 1, "train_loss": 0.5439936932390556, "grad_norm": 0.34885478019714355, "test_error": 0.17095}, {"outer_epoch": 122, "inner_epoch": 1, "train_loss": 0.49284707492403684, "grad_norm": 0.44084668159484863, "test_error": 0.16425}, {"outer_epoch": 123, "inner_epoch": 1, "train_loss": 0.4870669446696217, "grad_norm": 1.192491888999939, "test_error": 0.1864}, {"outer_epoch": 124, "inner_epoch": 1, "train_loss": 0.5469890068853274, "grad_norm": 1.2764976024627686, "test_error": 0.23343333333333333}, {"outer_epoch": 125, "inner_epoch": 1, "train_loss": 0.5568704495513812, "grad_norm": 0.6900929808616638, "test_error": 0.18623333333333333}, {"outer_epoch": 126, "inner_epoch": 1, "train_loss": 0.5131720621042575, "grad_norm": 0.2627716660499573, "test_error": 0.16055}, {"outer_epoch": 127, "inner_epoch": 1, "train_loss": 0.4789182363587121, "grad_norm": 0.6270743012428284, "test_error": 0.1705}, {"outer_epoch": 128, "inner_epoch": 1, "train_loss": 0.5006820156875377, "grad_norm": 0.48076754808425903, "test_error": 0.16911666666666667}, {"outer_epoch": 129, "inner_epoch": 1, "train_loss": 0.4869515711447845, "grad_norm": 0.6230992674827576, "test_error": 0.16985}, {"outer_epoch": 130, "inner_epoch": 1, "train_loss": 0.495435902297652, "grad_norm": 0.6300877332687378, "test_error": 0.1679}, {"outer_epoch": 131, "inner_epoch": 1, "train_loss": 0.49019752381928267, "grad_norm": 0.35420629382133484, "test_error": 0.157}, {"outer_epoch": 132, "inner_epoch": 1, "train_loss": 0.4608895534888531, "grad_norm": 0.48130401968955994, "test_error": 0.15443333333333334}, {"outer_epoch": 133, "inner_epoch": 1, "train_loss": 0.4608431332024435, "grad_norm": 0.6874828338623047, "test_error": 0.16373333333333334}, {"outer_epoch": 134, "inner_epoch": 1, "train_loss": 0.48426167397294195, "grad_norm": 1.1639949083328247, "test_error": 0.18925}, {"outer_epoch": 135, "inner_epoch": 1, "train_loss": 0.5822639682561469, "grad_norm": 0.9940034747123718, "test_error": 0.2072}, {"outer_epoch": 136, "inner_epoch": 1, "train_loss": 0.5314739880356938, "grad_norm": 0.5886726975440979, "test_error": 0.17088333333333333}, {"outer_epoch": 137, "inner_epoch": 1, "train_loss": 0.49204871607696016, "grad_norm": 0.6047865152359009, "test_error": 0.16928333333333334}, {"outer_epoch": 138, "inner_epoch": 1, "train_loss": 0.4935753818365435, "grad_norm": 0.4071417450904846, "test_error": 0.16311666666666666}, {"outer_epoch": 139, "inner_epoch": 1, "train_loss": 0.48507488778233526, "grad_norm": 0.4081714451313019, "test_error": 0.16118333333333335}, {"outer_epoch": 140, "inner_epoch": 1, "train_loss": 0.48122283036013447, "grad_norm": 0.2915850877761841, "test_error": 0.15796666666666667}, {"outer_epoch": 141, "inner_epoch": 1, "train_loss": 0.4804614723064005, "grad_norm": 0.9998127222061157, "test_error": 0.18176666666666666}, {"outer_epoch": 142, "inner_epoch": 1, "train_loss": 0.5182593887718394, "grad_norm": 2.11387300491333, "test_error": 0.26321666666666665}, {"outer_epoch": 143, "inner_epoch": 1, "train_loss": 0.7637958480939269, "grad_norm": 1.2137428522109985, "test_error": 0.32726666666666665}, {"outer_epoch": 144, "inner_epoch": 1, "train_loss": 0.6867140185696383, "grad_norm": 0.5751689076423645, "test_error": 0.23581666666666667}, {"outer_epoch": 145, "inner_epoch": 1, "train_loss": 0.606285377095143, "grad_norm": 0.6458976864814758, "test_error": 0.19035}, {"outer_epoch": 146, "inner_epoch": 1, "train_loss": 0.5725413075250884, "grad_norm": 0.624938428401947, "test_error": 0.19256666666666666}, {"outer_epoch": 147, "inner_epoch": 1, "train_loss": 0.5470187489325181, "grad_norm": 0.7725788354873657, "test_error": 0.18706666666666666}, {"outer_epoch": 148, "inner_epoch": 1, "train_loss": 0.5546392426850895, "grad_norm": 0.6920439004898071, "test_error": 0.2165}, {"outer_epoch": 149, "inner_epoch": 1, "train_loss": 0.553483509573775, "grad_norm": 0.8006368279457092, "test_error": 0.1996}, {"outer_epoch": 150, "inner_epoch": 1, "train_loss": 0.5510896735563874, "grad_norm": 0.7395036816596985, "test_error": 0.18921666666666667}, {"outer_epoch": 151, "inner_epoch": 1, "train_loss": 0.531770412982752, "grad_norm": 0.5517497658729553, "test_error": 0.18036666666666668}, {"outer_epoch": 152, "inner_epoch": 1, "train_loss": 0.5267485615611076, "grad_norm": 0.4504011869430542, "test_error": 0.17401666666666665}, {"outer_epoch": 153, "inner_epoch": 1, "train_loss": 0.5144997812466076, "grad_norm": 0.406248539686203, "test_error": 0.17405}, {"outer_epoch": 154, "inner_epoch": 1, "train_loss": 0.5129105975835895, "grad_norm": 0.39091944694519043, "test_error": 0.16951666666666668}, {"outer_epoch": 155, "inner_epoch": 1, "train_loss": 0.5122303850337242, "grad_norm": 2.0094363689422607, "test_error": 0.22661666666666666}, {"outer_epoch": 156, "inner_epoch": 1, "train_loss": 0.7376272414149716, "grad_norm": 1.0000243186950684, "test_error": 0.24343333333333333}, {"outer_epoch": 157, "inner_epoch": 1, "train_loss": 0.6554639412642767, "grad_norm": 0.6147518157958984, "test_error": 0.22123333333333334}, {"outer_epoch": 158, "inner_epoch": 1, "train_loss": 0.5820481064363072, "grad_norm": 0.3974878191947937, "test_error": 0.1848}, {"outer_epoch": 159, "inner_epoch": 1, "train_loss": 0.5260500240537027, "grad_norm": 0.9230760335922241, "test_error": 0.18983333333333333}, {"outer_epoch": 160, "inner_epoch": 1, "train_loss": 0.541188784242918, "grad_norm": 0.5444092154502869, "test_error": 0.18626666666666666}, {"outer_epoch": 161, "inner_epoch": 1, "train_loss": 0.5261395868221298, "grad_norm": 0.751205325126648, "test_error": 0.18395}, {"outer_epoch": 162, "inner_epoch": 1, "train_loss": 0.531297097687299, "grad_norm": 0.8194724917411804, "test_error": 0.1839}, {"outer_epoch": 163, "inner_epoch": 1, "train_loss": 0.5448218080500762, "grad_norm": 0.3008456230163574, "test_error": 0.17318333333333333}, {"outer_epoch": 164, "inner_epoch": 1, "train_loss": 0.5155399203114212, "grad_norm": 0.38471806049346924, "test_error": 0.17343333333333333}, {"outer_epoch": 165, "inner_epoch": 1, "train_loss": 0.5117693062669908, "grad_norm": 0.37116584181785583, "test_error": 0.17055}, {"outer_epoch": 166, "inner_epoch": 1, "train_loss": 0.521145499994047, "grad_norm": 0.3286185562610626, "test_error": 0.1688}, {"outer_epoch": 167, "inner_epoch": 1, "train_loss": 0.508690082838138, "grad_norm": 0.3405008614063263, "test_error": 0.17025}, {"outer_epoch": 168, "inner_epoch": 1, "train_loss": 0.48624888203060257, "grad_norm": 0.7100171446800232, "test_error": 0.1699}, {"outer_epoch": 169, "inner_epoch": 1, "train_loss": 0.5056695818370208, "grad_norm": 0.6001915335655212, "test_error": 0.16936666666666667}, {"outer_epoch": 170, "inner_epoch": 1, "train_loss": 0.4838068087734282, "grad_norm": 0.6628862619400024, "test_error": 0.16505}, {"outer_epoch": 171, "inner_epoch": 1, "train_loss": 0.4819403332900256, "grad_norm": 0.32937952876091003, "test_error": 0.15548333333333333}, {"outer_epoch": 172, "inner_epoch": 1, "train_loss": 0.4629556678843995, "grad_norm": 0.37326309084892273, "test_error": 0.15531666666666666}, {"outer_epoch": 173, "inner_epoch": 1, "train_loss": 0.4721536909708132, "grad_norm": 0.49290841817855835, "test_error": 0.1602}, {"outer_epoch": 174, "inner_epoch": 1, "train_loss": 0.47325575137355674, "grad_norm": 0.462787389755249, "test_error": 0.15611666666666665}, {"outer_epoch": 175, "inner_epoch": 1, "train_loss": 0.4684585947707916, "grad_norm": 0.24314212799072266, "test_error": 0.15383333333333332}, {"outer_epoch": 176, "inner_epoch": 1, "train_loss": 0.46118556299991903, "grad_norm": 0.20696485042572021, "test_error": 0.15248333333333333}, {"outer_epoch": 177, "inner_epoch": 1, "train_loss": 0.4587984946107802, "grad_norm": 1.8070573806762695, "test_error": 0.22456666666666666}, {"outer_epoch": 178, "inner_epoch": 1, "train_loss": 0.5937596885487437, "grad_norm": 1.621518611907959, "test_error": 0.25256666666666666}, {"outer_epoch": 179, "inner_epoch": 1, "train_loss": 0.6304763211272657, "grad_norm": 0.6331730484962463, "test_error": 0.20226666666666668}, {"outer_epoch": 180, "inner_epoch": 1, "train_loss": 0.5391633792333305, "grad_norm": 0.325355589389801, "test_error": 0.17063333333333333}, {"outer_epoch": 181, "inner_epoch": 1, "train_loss": 0.5110748997669046, "grad_norm": 0.754943311214447, "test_error": 0.17791666666666667}, {"outer_epoch": 182, "inner_epoch": 1, "train_loss": 0.537337265434054, "grad_norm": 0.47612980008125305, "test_error": 0.17578333333333335}, {"outer_epoch": 183, "inner_epoch": 1, "train_loss": 0.5210198164147636, "grad_norm": 0.8592217564582825, "test_error": 0.18506666666666666}, {"outer_epoch": 184, "inner_epoch": 1, "train_loss": 0.5415523307419693, "grad_norm": 0.38309910893440247, "test_error": 0.17431666666666668}, {"outer_epoch": 185, "inner_epoch": 1, "train_loss": 0.5158364157142739, "grad_norm": 0.7807072401046753, "test_error": 0.18788333333333335}, {"outer_epoch": 186, "inner_epoch": 1, "train_loss": 0.5382648830277225, "grad_norm": 0.7146716117858887, "test_error": 0.19143333333333334}, {"outer_epoch": 187, "inner_epoch": 1, "train_loss": 0.5359339770732913, "grad_norm": 0.644835352897644, "test_error": 0.18365}, {"outer_epoch": 188, "inner_epoch": 1, "train_loss": 0.5422842823301132, "grad_norm": 1.0879521369934082, "test_error": 0.20206666666666667}, {"outer_epoch": 189, "inner_epoch": 1, "train_loss": 0.5578245687717572, "grad_norm": 0.8770588040351868, "test_error": 0.2005}, {"outer_epoch": 190, "inner_epoch": 1, "train_loss": 0.5568738083261997, "grad_norm": 0.752452552318573, "test_error": 0.19331666666666666}, {"outer_epoch": 191, "inner_epoch": 1, "train_loss": 0.5335963818822056, "grad_norm": 1.051766037940979, "test_error": 0.20996666666666666}, {"outer_epoch": 192, "inner_epoch": 1, "train_loss": 0.5479185574067136, "grad_norm": 0.5975979566574097, "test_error": 0.18313333333333334}, {"outer_epoch": 193, "inner_epoch": 1, "train_loss": 0.5304629014578337, "grad_norm": 0.7631550431251526, "test_error": 0.19595}, {"outer_epoch": 194, "inner_epoch": 1, "train_loss": 0.5371399853179852, "grad_norm": 0.31328284740448, "test_error": 0.17375}, {"outer_epoch": 195, "inner_epoch": 1, "train_loss": 0.5177737860657896, "grad_norm": 0.5794708728790283, "test_error": 0.17683333333333334}, {"outer_epoch": 196, "inner_epoch": 1, "train_loss": 0.5230546502107755, "grad_norm": 0.4512403905391693, "test_error": 0.16843333333333332}, {"outer_epoch": 197, "inner_epoch": 1, "train_loss": 0.5357003249246627, "grad_norm": 1.5095574855804443, "test_error": 0.21968333333333334}, {"outer_epoch": 198, "inner_epoch": 1, "train_loss": 0.5804801400161038, "grad_norm": 0.651334285736084, "test_error": 0.18473333333333333}, {"outer_epoch": 199, "inner_epoch": 1, "train_loss": 0.5314788559856825, "grad_norm": 0.3029246926307678, "test_error": 0.17193333333333333}, {"outer_epoch": 200, "inner_epoch": 1, "train_loss": 0.5137544502088179, "grad_norm": 0.5224814414978027, "test_error": 0.17141666666666666}, {"outer_epoch": 201, "inner_epoch": 1, "train_loss": 0.5144856525498132, "grad_norm": 0.7930358052253723, "test_error": 0.18636666666666668}, {"outer_epoch": 202, "inner_epoch": 1, "train_loss": 0.5300460822799553, "grad_norm": 1.0753761529922485, "test_error": 0.2088}, {"outer_epoch": 203, "inner_epoch": 1, "train_loss": 0.5646697461179768, "grad_norm": 0.5936284065246582, "test_error": 0.18238333333333334}, {"outer_epoch": 204, "inner_epoch": 1, "train_loss": 0.5289416890519981, "grad_norm": 0.8972259759902954, "test_error": 0.18846666666666667}, {"outer_epoch": 205, "inner_epoch": 1, "train_loss": 0.5370090098070601, "grad_norm": 0.6198720932006836, "test_error": 0.19393333333333335}, {"outer_epoch": 206, "inner_epoch": 1, "train_loss": 0.527634297838745, "grad_norm": 0.8050844669342041, "test_error": 0.18855}, {"outer_epoch": 207, "inner_epoch": 1, "train_loss": 0.539014146936747, "grad_norm": 1.3379093408584595, "test_error": 0.21255}, {"outer_epoch": 208, "inner_epoch": 1, "train_loss": 0.5832297425149009, "grad_norm": 0.6104825139045715, "test_error": 0.191}, {"outer_epoch": 209, "inner_epoch": 1, "train_loss": 0.5467888745823875, "grad_norm": 0.5937678813934326, "test_error": 0.1832}, {"outer_epoch": 210, "inner_epoch": 1, "train_loss": 0.5412315787629535, "grad_norm": 0.575539231300354, "test_error": 0.17915}, {"outer_epoch": 211, "inner_epoch": 1, "train_loss": 0.5364437543327609, "grad_norm": 0.4193271994590759, "test_error": 0.18051666666666666}, {"outer_epoch": 212, "inner_epoch": 1, "train_loss": 0.5167076841015369, "grad_norm": 0.40112167596817017, "test_error": 0.18001666666666666}, {"outer_epoch": 213, "inner_epoch": 1, "train_loss": 0.5260353275978317, "grad_norm": 0.8216107487678528, "test_error": 0.18331666666666666}, {"outer_epoch": 214, "inner_epoch": 1, "train_loss": 0.531668018811072, "grad_norm": 1.1819138526916504, "test_error": 0.20705}, {"outer_epoch": 215, "inner_epoch": 1, "train_loss": 0.5634227520373339, "grad_norm": 0.4596253037452698, "test_error": 0.1812}, {"outer_epoch": 216, "inner_epoch": 1, "train_loss": 0.516691713274767, "grad_norm": 0.4166364073753357, "test_error": 0.17525}, {"outer_epoch": 217, "inner_epoch": 1, "train_loss": 0.5173549449148899, "grad_norm": 0.4608685076236725, "test_error": 0.17283333333333334}, {"outer_epoch": 218, "inner_epoch": 1, "train_loss": 0.5150896182479336, "grad_norm": 0.35988396406173706, "test_error": 0.17136666666666667}, {"outer_epoch": 219, "inner_epoch": 1, "train_loss": 0.5149428499313071, "grad_norm": 0.3741918206214905, "test_error": 0.17065}, {"outer_epoch": 220, "inner_epoch": 1, "train_loss": 0.5102387403265263, "grad_norm": 1.1678270101547241, "test_error": 0.19695}, {"outer_epoch": 221, "inner_epoch": 1, "train_loss": 0.5726030476298183, "grad_norm": 0.5077996850013733, "test_error": 0.19386666666666666}, {"outer_epoch": 222, "inner_epoch": 1, "train_loss": 0.5378456382425502, "grad_norm": 0.40758997201919556, "test_error": 0.17145}, {"outer_epoch": 223, "inner_epoch": 1, "train_loss": 0.5127634304016828, "grad_norm": 0.9513460993766785, "test_error": 0.18423333333333333}, {"outer_epoch": 224, "inner_epoch": 1, "train_loss": 0.5443092623992513, "grad_norm": 0.8127502799034119, "test_error": 0.1997}, {"outer_epoch": 225, "inner_epoch": 1, "train_loss": 0.5469647033764049, "grad_norm": 0.9063253402709961, "test_error": 0.20116666666666666}, {"outer_epoch": 226, "inner_epoch": 1, "train_loss": 0.5350567455943673, "grad_norm": 0.4976383149623871, "test_error": 0.1802}, {"outer_epoch": 227, "inner_epoch": 1, "train_loss": 0.5154694475090752, "grad_norm": 0.4807371497154236, "test_error": 0.1756}, {"outer_epoch": 228, "inner_epoch": 1, "train_loss": 0.5133506096508353, "grad_norm": 0.48328423500061035, "test_error": 0.17146666666666666}, {"outer_epoch": 229, "inner_epoch": 1, "train_loss": 0.513545500451078, "grad_norm": 0.36825481057167053, "test_error": 0.17143333333333333}, {"outer_epoch": 230, "inner_epoch": 1, "train_loss": 0.5132113662500245, "grad_norm": 0.48340821266174316, "test_error": 0.17106666666666667}, {"outer_epoch": 231, "inner_epoch": 1, "train_loss": 0.5169102078365783, "grad_norm": 0.23335039615631104, "test_error": 0.1673}, {"outer_epoch": 232, "inner_epoch": 1, "train_loss": 0.5073144042842711, "grad_norm": 0.7153518199920654, "test_error": 0.17711666666666667}, {"outer_epoch": 233, "inner_epoch": 1, "train_loss": 0.5219257784054304, "grad_norm": 0.27948883175849915, "test_error": 0.16878333333333334}, {"outer_epoch": 234, "inner_epoch": 1, "train_loss": 0.5039028453746189, "grad_norm": 0.8395066857337952, "test_error": 0.18608333333333332}, {"outer_epoch": 235, "inner_epoch": 1, "train_loss": 0.5370575494660685, "grad_norm": 0.6438849568367004, "test_error": 0.18426666666666666}, {"outer_epoch": 236, "inner_epoch": 1, "train_loss": 0.5305528698141376, "grad_norm": 0.7973291277885437, "test_error": 0.18631666666666666}, {"outer_epoch": 237, "inner_epoch": 1, "train_loss": 0.5387541541596874, "grad_norm": 0.6099438071250916, "test_error": 0.18011666666666667}, {"outer_epoch": 238, "inner_epoch": 1, "train_loss": 0.5241551379870313, "grad_norm": 1.3302781581878662, "test_error": 0.23718333333333333}, {"outer_epoch": 239, "inner_epoch": 1, "train_loss": 0.6002989288171132, "grad_norm": 0.774957001209259, "test_error": 0.19013333333333332}, {"outer_epoch": 240, "inner_epoch": 1, "train_loss": 0.5415931513011456, "grad_norm": 0.5018576383590698, "test_error": 0.18061666666666668}, {"outer_epoch": 241, "inner_epoch": 1, "train_loss": 0.5255830489850293, "grad_norm": 0.579536497592926, "test_error": 0.18331666666666666}, {"outer_epoch": 242, "inner_epoch": 1, "train_loss": 0.5313630858516941, "grad_norm": 0.7731546759605408, "test_error": 0.201}, {"outer_epoch": 243, "inner_epoch": 1, "train_loss": 0.5459269721554593, "grad_norm": 0.2085370123386383, "test_error": 0.17361666666666667}, {"outer_epoch": 244, "inner_epoch": 1, "train_loss": 0.5086337031759322, "grad_norm": 0.32037073373794556, "test_error": 0.16913333333333333}, {"outer_epoch": 245, "inner_epoch": 1, "train_loss": 0.5075313538570578, "grad_norm": 0.5512253642082214, "test_error": 0.17055}, {"outer_epoch": 246, "inner_epoch": 1, "train_loss": 0.5168834134954959, "grad_norm": 0.4893741011619568, "test_error": 0.17943333333333333}, {"outer_epoch": 247, "inner_epoch": 1, "train_loss": 0.5233241636718934, "grad_norm": 0.32460975646972656, "test_error": 0.17258333333333334}, {"outer_epoch": 248, "inner_epoch": 1, "train_loss": 0.5084267760788401, "grad_norm": 1.3924020528793335, "test_error": 0.21256666666666665}, {"outer_epoch": 249, "inner_epoch": 1, "train_loss": 0.5670733991935849, "grad_norm": 0.7287320494651794, "test_error": 0.19791666666666666}, {"outer_epoch": 250, "inner_epoch": 1, "train_loss": 0.541787322336187, "grad_norm": 2.4786508083343506, "test_error": 0.29178333333333334}]}