{"argv": ["train.py", "--seed", "79", "--optimizer", "SVRG", "--run_name", "svrg_0.001.json", "--output_path", "experiments/nonconvex_fmnist/svrg-0.001.json", "--dataset", "FMNIST", "--layer_sizes", "784", "100", "10", "--batch_size", "10", "--learning_rate", "0.001", "--weight_decay", "0.001", "--warmup_learning_rate", "0.03", "--num_warmup_epochs", "10", "--num_outer_epochs", "250", "--num_inner_epochs", "1", "--device", "cuda"], "args": {"seed": 79, "optimizer": "SVRG", "run_name": "svrg_0.001.json", "output_path": "experiments/nonconvex_fmnist/svrg-0.001.json", "device": "cuda", "dataset": "FMNIST", "dataset_root": "~/datasets/pytorch", "dataset_size": null, "download": false, "layer_sizes": [784, 100, 10], "batch_size": 10, "test_batch_size": 256, "learning_rate": 0.001, "weight_decay": 0.001, "warmup_learning_rate": 0.03, "num_warmup_epochs": 10, "num_outer_epochs": 250, "num_inner_epochs": 1, "inner_epoch_fraction": null, "choose_random_iterate": false, "num_epochs": 10}, "metrics": [{"warmup_epoch": 1, "train_loss": 0.5629650882591183, "grad_norm": 0.4067375659942627, "test_error": 0.14638333333333334}, {"warmup_epoch": 2, "train_loss": 0.4176381326682555, "grad_norm": 0.5326794981956482, "test_error": 0.14525}, {"warmup_epoch": 3, "train_loss": 0.3856852090843022, "grad_norm": 0.8634437918663025, "test_error": 0.14971666666666666}, {"warmup_epoch": 4, "train_loss": 0.36692527095150823, "grad_norm": 0.6581805944442749, "test_error": 0.13681666666666667}, {"warmup_epoch": 5, "train_loss": 0.35395802397606896, "grad_norm": 0.7053418755531311, "test_error": 0.13155}, {"warmup_epoch": 6, "train_loss": 0.34573226063426893, "grad_norm": 0.5203390717506409, "test_error": 0.12031666666666667}, {"warmup_epoch": 7, "train_loss": 0.3395486783954936, "grad_norm": 0.5959027409553528, "test_error": 0.11886666666666666}, {"warmup_epoch": 8, "train_loss": 0.3361009404188953, "grad_norm": 0.43708112835884094, "test_error": 0.11576666666666667}, {"warmup_epoch": 9, "train_loss": 0.3307009245970791, "grad_norm": 0.27973583340644836, "test_error": 0.11073333333333334}, {"warmup_epoch": 10, "train_loss": 0.32809389451510895, "grad_norm": 0.563463568687439, "test_error": 0.1202}, {"outer_epoch": 1, "inner_epoch": 1, "train_loss": 0.282641266592429, "grad_norm": 0.05275806784629822, "test_error": 0.09811666666666667}, {"outer_epoch": 2, "inner_epoch": 1, "train_loss": 0.27718613313999957, "grad_norm": 0.019790297374129295, "test_error": 0.09703333333333333}, {"outer_epoch": 3, "inner_epoch": 1, "train_loss": 0.27591334968688896, "grad_norm": 0.018134960904717445, "test_error": 0.09683333333333333}, {"outer_epoch": 4, "inner_epoch": 1, "train_loss": 0.27501347380748487, "grad_norm": 0.01675884611904621, "test_error": 0.09641666666666666}, {"outer_epoch": 5, "inner_epoch": 1, "train_loss": 0.27425465997176557, "grad_norm": 0.016521593555808067, "test_error": 0.09621666666666667}, {"outer_epoch": 6, "inner_epoch": 1, "train_loss": 0.27359204968220247, "grad_norm": 0.01634044572710991, "test_error": 0.09586666666666667}, {"outer_epoch": 7, "inner_epoch": 1, "train_loss": 0.2729844421153733, "grad_norm": 0.01604640856385231, "test_error": 0.0958}, {"outer_epoch": 8, "inner_epoch": 1, "train_loss": 0.27244818454189224, "grad_norm": 0.015703795477747917, "test_error": 0.0957}, {"outer_epoch": 9, "inner_epoch": 1, "train_loss": 0.27191559185506775, "grad_norm": 0.015747463330626488, "test_error": 0.09536666666666667}, {"outer_epoch": 10, "inner_epoch": 1, "train_loss": 0.2714135878242281, "grad_norm": 0.015710607171058655, "test_error": 0.0952}, {"outer_epoch": 11, "inner_epoch": 1, "train_loss": 0.27094416175968944, "grad_norm": 0.015661830082535744, "test_error": 0.09505}, {"outer_epoch": 12, "inner_epoch": 1, "train_loss": 0.27048582276550587, "grad_norm": 0.01629074104130268, "test_error": 0.09493333333333333}, {"outer_epoch": 13, "inner_epoch": 1, "train_loss": 0.2700251994664626, "grad_norm": 0.015999145805835724, "test_error": 0.09458333333333334}, {"outer_epoch": 14, "inner_epoch": 1, "train_loss": 0.2695923713552765, "grad_norm": 0.016034170985221863, "test_error": 0.09441666666666666}, {"outer_epoch": 15, "inner_epoch": 1, "train_loss": 0.26916223427967634, "grad_norm": 0.015450673177838326, "test_error": 0.09406666666666667}, {"outer_epoch": 16, "inner_epoch": 1, "train_loss": 0.26874477667710744, "grad_norm": 0.01577083207666874, "test_error": 0.09391666666666666}, {"outer_epoch": 17, "inner_epoch": 1, "train_loss": 0.2683215155773796, "grad_norm": 0.015434877015650272, "test_error": 0.0936}, {"outer_epoch": 18, "inner_epoch": 1, "train_loss": 0.2679310389419164, "grad_norm": 0.015502761118113995, "test_error": 0.0934}, {"outer_epoch": 19, "inner_epoch": 1, "train_loss": 0.26754199420722824, "grad_norm": 0.015324187465012074, "test_error": 0.09313333333333333}, {"outer_epoch": 20, "inner_epoch": 1, "train_loss": 0.26715191211295314, "grad_norm": 0.01618960127234459, "test_error": 0.09306666666666667}, {"outer_epoch": 21, "inner_epoch": 1, "train_loss": 0.26677177513336453, "grad_norm": 0.015538168139755726, "test_error": 0.09303333333333333}, {"outer_epoch": 22, "inner_epoch": 1, "train_loss": 0.2663955607611376, "grad_norm": 0.01583091728389263, "test_error": 0.0928}, {"outer_epoch": 23, "inner_epoch": 1, "train_loss": 0.2660285147462661, "grad_norm": 0.015329278074204922, "test_error": 0.09255}, {"outer_epoch": 24, "inner_epoch": 1, "train_loss": 0.2656553007028997, "grad_norm": 0.01620914228260517, "test_error": 0.09233333333333334}, {"outer_epoch": 25, "inner_epoch": 1, "train_loss": 0.2653046705489978, "grad_norm": 0.015272004529833794, "test_error": 0.09225}, {"outer_epoch": 26, "inner_epoch": 1, "train_loss": 0.26495206998746534, "grad_norm": 0.015558485873043537, "test_error": 0.09205}, {"outer_epoch": 27, "inner_epoch": 1, "train_loss": 0.26460398428336096, "grad_norm": 0.015363877639174461, "test_error": 0.09185}, {"outer_epoch": 28, "inner_epoch": 1, "train_loss": 0.2642429167102479, "grad_norm": 0.015397734008729458, "test_error": 0.09168333333333334}, {"outer_epoch": 29, "inner_epoch": 1, "train_loss": 0.2639104257079307, "grad_norm": 0.015629228204488754, "test_error": 0.09163333333333333}, {"outer_epoch": 30, "inner_epoch": 1, "train_loss": 0.2635662982929498, "grad_norm": 0.016527922824025154, "test_error": 0.09141666666666666}, {"outer_epoch": 31, "inner_epoch": 1, "train_loss": 0.26324003923350636, "grad_norm": 0.0161079503595829, "test_error": 0.09116666666666666}, {"outer_epoch": 32, "inner_epoch": 1, "train_loss": 0.2629082330994618, "grad_norm": 0.016037629917263985, "test_error": 0.09106666666666667}, {"outer_epoch": 33, "inner_epoch": 1, "train_loss": 0.2625921259294264, "grad_norm": 0.01570236124098301, "test_error": 0.09101666666666666}, {"outer_epoch": 34, "inner_epoch": 1, "train_loss": 0.26226628065559393, "grad_norm": 0.016274206340312958, "test_error": 0.09076666666666666}, {"outer_epoch": 35, "inner_epoch": 1, "train_loss": 0.26194136452535166, "grad_norm": 0.01565474458038807, "test_error": 0.09075}, {"outer_epoch": 36, "inner_epoch": 1, "train_loss": 0.2616282906289368, "grad_norm": 0.01561377476900816, "test_error": 0.09053333333333333}, {"outer_epoch": 37, "inner_epoch": 1, "train_loss": 0.2613071812521666, "grad_norm": 0.015500220470130444, "test_error": 0.09051666666666666}, {"outer_epoch": 38, "inner_epoch": 1, "train_loss": 0.26099441734507367, "grad_norm": 0.015482624061405659, "test_error": 0.09033333333333333}, {"outer_epoch": 39, "inner_epoch": 1, "train_loss": 0.2606925890889252, "grad_norm": 0.015308905392885208, "test_error": 0.09028333333333333}, {"outer_epoch": 40, "inner_epoch": 1, "train_loss": 0.2603879612627206, "grad_norm": 0.015991948544979095, "test_error": 0.09011666666666666}, {"outer_epoch": 41, "inner_epoch": 1, "train_loss": 0.2600757212160776, "grad_norm": 0.016389422118663788, "test_error": 0.09005}, {"outer_epoch": 42, "inner_epoch": 1, "train_loss": 0.2597696475405246, "grad_norm": 0.015959685668349266, "test_error": 0.08985}, {"outer_epoch": 43, "inner_epoch": 1, "train_loss": 0.2594899313432009, "grad_norm": 0.016013644635677338, "test_error": 0.08973333333333333}, {"outer_epoch": 44, "inner_epoch": 1, "train_loss": 0.2591918399512069, "grad_norm": 0.015514364466071129, "test_error": 0.08963333333333333}, {"outer_epoch": 45, "inner_epoch": 1, "train_loss": 0.2589067007564008, "grad_norm": 0.015554009936749935, "test_error": 0.0895}, {"outer_epoch": 46, "inner_epoch": 1, "train_loss": 0.2586148719949803, "grad_norm": 0.015813671052455902, "test_error": 0.08925}, {"outer_epoch": 47, "inner_epoch": 1, "train_loss": 0.25832015109745166, "grad_norm": 0.01687762141227722, "test_error": 0.08895}, {"outer_epoch": 48, "inner_epoch": 1, "train_loss": 0.25803482718626036, "grad_norm": 0.01619650609791279, "test_error": 0.08881666666666667}, {"outer_epoch": 49, "inner_epoch": 1, "train_loss": 0.2577513145071765, "grad_norm": 0.01571599952876568, "test_error": 0.08861666666666666}, {"outer_epoch": 50, "inner_epoch": 1, "train_loss": 0.25746411171454625, "grad_norm": 0.01588338240981102, "test_error": 0.0886}, {"outer_epoch": 51, "inner_epoch": 1, "train_loss": 0.2571979522823046, "grad_norm": 0.01607196219265461, "test_error": 0.0885}, {"outer_epoch": 52, "inner_epoch": 1, "train_loss": 0.25691972259486406, "grad_norm": 0.015817776322364807, "test_error": 0.08836666666666666}, {"outer_epoch": 53, "inner_epoch": 1, "train_loss": 0.25663591449319695, "grad_norm": 0.016402047127485275, "test_error": 0.08815}, {"outer_epoch": 54, "inner_epoch": 1, "train_loss": 0.25636693537359434, "grad_norm": 0.01707768626511097, "test_error": 0.08811666666666666}, {"outer_epoch": 55, "inner_epoch": 1, "train_loss": 0.25608783373162924, "grad_norm": 0.016686534509062767, "test_error": 0.08786666666666666}, {"outer_epoch": 56, "inner_epoch": 1, "train_loss": 0.25582822219422086, "grad_norm": 0.018782174214720726, "test_error": 0.0876}, {"outer_epoch": 57, "inner_epoch": 1, "train_loss": 0.25555135947000235, "grad_norm": 0.016083629801869392, "test_error": 0.0875}, {"outer_epoch": 58, "inner_epoch": 1, "train_loss": 0.2552996781410184, "grad_norm": 0.01578676700592041, "test_error": 0.08745}, {"outer_epoch": 59, "inner_epoch": 1, "train_loss": 0.25502371456772865, "grad_norm": 0.016866836696863174, "test_error": 0.08728333333333334}, {"outer_epoch": 60, "inner_epoch": 1, "train_loss": 0.25476316062904275, "grad_norm": 0.016274116933345795, "test_error": 0.0872}, {"outer_epoch": 61, "inner_epoch": 1, "train_loss": 0.25450139817766226, "grad_norm": 0.016065889969468117, "test_error": 0.08715}, {"outer_epoch": 62, "inner_epoch": 1, "train_loss": 0.25424423861728673, "grad_norm": 0.017707619816064835, "test_error": 0.08688333333333334}, {"outer_epoch": 63, "inner_epoch": 1, "train_loss": 0.25397801524284297, "grad_norm": 0.019399261102080345, "test_error": 0.08686666666666666}, {"outer_epoch": 64, "inner_epoch": 1, "train_loss": 0.2537208961562719, "grad_norm": 0.017025992274284363, "test_error": 0.08665}, {"outer_epoch": 65, "inner_epoch": 1, "train_loss": 0.2534676717024607, "grad_norm": 0.01743984781205654, "test_error": 0.08645}, {"outer_epoch": 66, "inner_epoch": 1, "train_loss": 0.25322051786254934, "grad_norm": 0.01670653000473976, "test_error": 0.0865}, {"outer_epoch": 67, "inner_epoch": 1, "train_loss": 0.25297624518272155, "grad_norm": 0.018420130014419556, "test_error": 0.08623333333333333}, {"outer_epoch": 68, "inner_epoch": 1, "train_loss": 0.25271737382390225, "grad_norm": 0.01953223906457424, "test_error": 0.08605}, {"outer_epoch": 69, "inner_epoch": 1, "train_loss": 0.2524757857955992, "grad_norm": 0.017913734540343285, "test_error": 0.08608333333333333}, {"outer_epoch": 70, "inner_epoch": 1, "train_loss": 0.25222270451280443, "grad_norm": 0.018110891804099083, "test_error": 0.08588333333333334}, {"outer_epoch": 71, "inner_epoch": 1, "train_loss": 0.2519759799719323, "grad_norm": 0.017164740711450577, "test_error": 0.08573333333333333}, {"outer_epoch": 72, "inner_epoch": 1, "train_loss": 0.25173382385525234, "grad_norm": 0.016717446967959404, "test_error": 0.0857}, {"outer_epoch": 73, "inner_epoch": 1, "train_loss": 0.2514889152755495, "grad_norm": 0.01761845126748085, "test_error": 0.0857}, {"outer_epoch": 74, "inner_epoch": 1, "train_loss": 0.25125017464816723, "grad_norm": 0.017140677198767662, "test_error": 0.08555}, {"outer_epoch": 75, "inner_epoch": 1, "train_loss": 0.25100515798370665, "grad_norm": 0.017172664403915405, "test_error": 0.08553333333333334}, {"outer_epoch": 76, "inner_epoch": 1, "train_loss": 0.2507667562535498, "grad_norm": 0.01820223405957222, "test_error": 0.08543333333333333}, {"outer_epoch": 77, "inner_epoch": 1, "train_loss": 0.25053115004107046, "grad_norm": 0.016639601439237595, "test_error": 0.08533333333333333}, {"outer_epoch": 78, "inner_epoch": 1, "train_loss": 0.2503066772879877, "grad_norm": 0.018562916666269302, "test_error": 0.08515}, {"outer_epoch": 79, "inner_epoch": 1, "train_loss": 0.2500708732192094, "grad_norm": 0.0171657782047987, "test_error": 0.08505}, {"outer_epoch": 80, "inner_epoch": 1, "train_loss": 0.24984794099706537, "grad_norm": 0.017622942104935646, "test_error": 0.08486666666666667}, {"outer_epoch": 81, "inner_epoch": 1, "train_loss": 0.24960311775188893, "grad_norm": 0.017396915704011917, "test_error": 0.08476666666666667}, {"outer_epoch": 82, "inner_epoch": 1, "train_loss": 0.2493893763415981, "grad_norm": 0.018822023645043373, "test_error": 0.08466666666666667}, {"outer_epoch": 83, "inner_epoch": 1, "train_loss": 0.24915377794594193, "grad_norm": 0.021479040384292603, "test_error": 0.08455}, {"outer_epoch": 84, "inner_epoch": 1, "train_loss": 0.24893099941072674, "grad_norm": 0.017393475398421288, "test_error": 0.08443333333333333}, {"outer_epoch": 85, "inner_epoch": 1, "train_loss": 0.24871167774265632, "grad_norm": 0.017383895814418793, "test_error": 0.08453333333333334}, {"outer_epoch": 86, "inner_epoch": 1, "train_loss": 0.24847283577243798, "grad_norm": 0.019763315096497536, "test_error": 0.08425}, {"outer_epoch": 87, "inner_epoch": 1, "train_loss": 0.2482474583463433, "grad_norm": 0.01848454214632511, "test_error": 0.08408333333333333}, {"outer_epoch": 88, "inner_epoch": 1, "train_loss": 0.2480312943183041, "grad_norm": 0.018578335642814636, "test_error": 0.08398333333333333}, {"outer_epoch": 89, "inner_epoch": 1, "train_loss": 0.24779680354070538, "grad_norm": 0.018491193652153015, "test_error": 0.08386666666666667}, {"outer_epoch": 90, "inner_epoch": 1, "train_loss": 0.24758074652201806, "grad_norm": 0.016755681484937668, "test_error": 0.08365}, {"outer_epoch": 91, "inner_epoch": 1, "train_loss": 0.24736220984735216, "grad_norm": 0.018591614440083504, "test_error": 0.08365}, {"outer_epoch": 92, "inner_epoch": 1, "train_loss": 0.24716288443786713, "grad_norm": 0.017164945602416992, "test_error": 0.0835}, {"outer_epoch": 93, "inner_epoch": 1, "train_loss": 0.24693765916209667, "grad_norm": 0.017520610243082047, "test_error": 0.0834}, {"outer_epoch": 94, "inner_epoch": 1, "train_loss": 0.24672218320526493, "grad_norm": 0.02041786164045334, "test_error": 0.08325}, {"outer_epoch": 95, "inner_epoch": 1, "train_loss": 0.24649763571548586, "grad_norm": 0.021107789129018784, "test_error": 0.08335}, {"outer_epoch": 96, "inner_epoch": 1, "train_loss": 0.24629873696924187, "grad_norm": 0.0175375584512949, "test_error": 0.08308333333333333}, {"outer_epoch": 97, "inner_epoch": 1, "train_loss": 0.246067288986252, "grad_norm": 0.0176689513027668, "test_error": 0.08298333333333334}, {"outer_epoch": 98, "inner_epoch": 1, "train_loss": 0.2458729398047241, "grad_norm": 0.01745438016951084, "test_error": 0.08275}, {"outer_epoch": 99, "inner_epoch": 1, "train_loss": 0.24567620161711237, "grad_norm": 0.020582420751452446, "test_error": 0.08275}, {"outer_epoch": 100, "inner_epoch": 1, "train_loss": 0.24550297715056998, "grad_norm": 0.021575696766376495, "test_error": 0.0826}, {"outer_epoch": 101, "inner_epoch": 1, "train_loss": 0.24524940045014956, "grad_norm": 0.019027257338166237, "test_error": 0.08253333333333333}, {"outer_epoch": 102, "inner_epoch": 1, "train_loss": 0.24505480075270558, "grad_norm": 0.01920781470835209, "test_error": 0.08238333333333334}, {"outer_epoch": 103, "inner_epoch": 1, "train_loss": 0.24486937762005254, "grad_norm": 0.017754774540662766, "test_error": 0.08226666666666667}, {"outer_epoch": 104, "inner_epoch": 1, "train_loss": 0.24465141130584137, "grad_norm": 0.0245479978621006, "test_error": 0.08228333333333333}, {"outer_epoch": 105, "inner_epoch": 1, "train_loss": 0.24442808149192327, "grad_norm": 0.022105364128947258, "test_error": 0.08208333333333333}, {"outer_epoch": 106, "inner_epoch": 1, "train_loss": 0.2442535728739264, "grad_norm": 0.026669450104236603, "test_error": 0.08193333333333333}, {"outer_epoch": 107, "inner_epoch": 1, "train_loss": 0.24403455062109666, "grad_norm": 0.022808581590652466, "test_error": 0.08198333333333334}, {"outer_epoch": 108, "inner_epoch": 1, "train_loss": 0.24382726596668364, "grad_norm": 0.020294371992349625, "test_error": 0.08188333333333334}, {"outer_epoch": 109, "inner_epoch": 1, "train_loss": 0.24364494549296797, "grad_norm": 0.021835101768374443, "test_error": 0.08183333333333333}, {"outer_epoch": 110, "inner_epoch": 1, "train_loss": 0.24345620002543245, "grad_norm": 0.02009386569261551, "test_error": 0.08165}, {"outer_epoch": 111, "inner_epoch": 1, "train_loss": 0.24324541184554496, "grad_norm": 0.018396563827991486, "test_error": 0.08168333333333333}, {"outer_epoch": 112, "inner_epoch": 1, "train_loss": 0.2430835770559109, "grad_norm": 0.021204466000199318, "test_error": 0.08151666666666667}, {"outer_epoch": 113, "inner_epoch": 1, "train_loss": 0.24287852837358756, "grad_norm": 0.02030615136027336, "test_error": 0.08128333333333333}, {"outer_epoch": 114, "inner_epoch": 1, "train_loss": 0.242680421690573, "grad_norm": 0.01963323913514614, "test_error": 0.08133333333333333}, {"outer_epoch": 115, "inner_epoch": 1, "train_loss": 0.2424895573494335, "grad_norm": 0.019512029364705086, "test_error": 0.08095}, {"outer_epoch": 116, "inner_epoch": 1, "train_loss": 0.24230753429657004, "grad_norm": 0.019214212894439697, "test_error": 0.08106666666666666}, {"outer_epoch": 117, "inner_epoch": 1, "train_loss": 0.24209657732591344, "grad_norm": 0.022032542154192924, "test_error": 0.08115}, {"outer_epoch": 118, "inner_epoch": 1, "train_loss": 0.24192266093586418, "grad_norm": 0.01863901875913143, "test_error": 0.08088333333333333}, {"outer_epoch": 119, "inner_epoch": 1, "train_loss": 0.24173086751702552, "grad_norm": 0.018702641129493713, "test_error": 0.08075}, {"outer_epoch": 120, "inner_epoch": 1, "train_loss": 0.24152734260649109, "grad_norm": 0.01813296228647232, "test_error": 0.08065}, {"outer_epoch": 121, "inner_epoch": 1, "train_loss": 0.24133895296684932, "grad_norm": 0.019443821161985397, "test_error": 0.08071666666666667}, {"outer_epoch": 122, "inner_epoch": 1, "train_loss": 0.24116904725274071, "grad_norm": 0.025386888533830643, "test_error": 0.08065}, {"outer_epoch": 123, "inner_epoch": 1, "train_loss": 0.2409760877963466, "grad_norm": 0.024243097752332687, "test_error": 0.08048333333333334}, {"outer_epoch": 124, "inner_epoch": 1, "train_loss": 0.24080449572500462, "grad_norm": 0.020557085052132607, "test_error": 0.08035}, {"outer_epoch": 125, "inner_epoch": 1, "train_loss": 0.24060944801724204, "grad_norm": 0.02088112384080887, "test_error": 0.08018333333333333}, {"outer_epoch": 126, "inner_epoch": 1, "train_loss": 0.2404438831289299, "grad_norm": 0.019598614424467087, "test_error": 0.08026666666666667}, {"outer_epoch": 127, "inner_epoch": 1, "train_loss": 0.240250657779087, "grad_norm": 0.01942068710923195, "test_error": 0.08021666666666667}, {"outer_epoch": 128, "inner_epoch": 1, "train_loss": 0.24007035023614298, "grad_norm": 0.020985634997487068, "test_error": 0.08005}, {"outer_epoch": 129, "inner_epoch": 1, "train_loss": 0.23989511677568467, "grad_norm": 0.018945051357150078, "test_error": 0.08003333333333333}, {"outer_epoch": 130, "inner_epoch": 1, "train_loss": 0.23969761311751792, "grad_norm": 0.01950535550713539, "test_error": 0.07985}, {"outer_epoch": 131, "inner_epoch": 1, "train_loss": 0.23952764432566861, "grad_norm": 0.019740615040063858, "test_error": 0.07986666666666667}, {"outer_epoch": 132, "inner_epoch": 1, "train_loss": 0.23935633474340043, "grad_norm": 0.01904428005218506, "test_error": 0.07975}, {"outer_epoch": 133, "inner_epoch": 1, "train_loss": 0.23917578217984797, "grad_norm": 0.019843146204948425, "test_error": 0.07958333333333334}, {"outer_epoch": 134, "inner_epoch": 1, "train_loss": 0.23899633624230046, "grad_norm": 0.01752339117228985, "test_error": 0.07945}, {"outer_epoch": 135, "inner_epoch": 1, "train_loss": 0.23881413899416415, "grad_norm": 0.020963136106729507, "test_error": 0.07938333333333333}, {"outer_epoch": 136, "inner_epoch": 1, "train_loss": 0.23866563263908028, "grad_norm": 0.021391890943050385, "test_error": 0.07923333333333334}, {"outer_epoch": 137, "inner_epoch": 1, "train_loss": 0.23849117460365718, "grad_norm": 0.02340705692768097, "test_error": 0.07938333333333333}, {"outer_epoch": 138, "inner_epoch": 1, "train_loss": 0.23829949294993033, "grad_norm": 0.021335478872060776, "test_error": 0.07915}, {"outer_epoch": 139, "inner_epoch": 1, "train_loss": 0.23814826986612753, "grad_norm": 0.021639034152030945, "test_error": 0.07915}, {"outer_epoch": 140, "inner_epoch": 1, "train_loss": 0.2379956394827071, "grad_norm": 0.01968235895037651, "test_error": 0.07901666666666667}, {"outer_epoch": 141, "inner_epoch": 1, "train_loss": 0.23779718837778394, "grad_norm": 0.01878712698817253, "test_error": 0.07901666666666667}, {"outer_epoch": 142, "inner_epoch": 1, "train_loss": 0.2376249166081349, "grad_norm": 0.019174765795469284, "test_error": 0.0789}, {"outer_epoch": 143, "inner_epoch": 1, "train_loss": 0.23747758248289272, "grad_norm": 0.021666254848241806, "test_error": 0.07885}, {"outer_epoch": 144, "inner_epoch": 1, "train_loss": 0.23730454718026642, "grad_norm": 0.020534221082925797, "test_error": 0.07881666666666666}, {"outer_epoch": 145, "inner_epoch": 1, "train_loss": 0.2371484715558278, "grad_norm": 0.025813380256295204, "test_error": 0.07876666666666667}, {"outer_epoch": 146, "inner_epoch": 1, "train_loss": 0.2369733571210721, "grad_norm": 0.027803057804703712, "test_error": 0.07881666666666666}, {"outer_epoch": 147, "inner_epoch": 1, "train_loss": 0.23683039317047225, "grad_norm": 0.021567873656749725, "test_error": 0.07855}, {"outer_epoch": 148, "inner_epoch": 1, "train_loss": 0.2366399565319686, "grad_norm": 0.026739025488495827, "test_error": 0.07858333333333334}, {"outer_epoch": 149, "inner_epoch": 1, "train_loss": 0.2364854847265718, "grad_norm": 0.022676460444927216, "test_error": 0.07851666666666667}, {"outer_epoch": 150, "inner_epoch": 1, "train_loss": 0.23633239818310053, "grad_norm": 0.021327199414372444, "test_error": 0.07846666666666667}, {"outer_epoch": 151, "inner_epoch": 1, "train_loss": 0.2361563115650788, "grad_norm": 0.02391863241791725, "test_error": 0.07855}, {"outer_epoch": 152, "inner_epoch": 1, "train_loss": 0.2360146614376766, "grad_norm": 0.023839855566620827, "test_error": 0.07835}, {"outer_epoch": 153, "inner_epoch": 1, "train_loss": 0.23586649112418914, "grad_norm": 0.022216133773326874, "test_error": 0.07836666666666667}, {"outer_epoch": 154, "inner_epoch": 1, "train_loss": 0.23569534011619786, "grad_norm": 0.02220051735639572, "test_error": 0.07846666666666667}, {"outer_epoch": 155, "inner_epoch": 1, "train_loss": 0.2355145745674381, "grad_norm": 0.02366790361702442, "test_error": 0.07828333333333333}, {"outer_epoch": 156, "inner_epoch": 1, "train_loss": 0.23536112375516677, "grad_norm": 0.02324172668159008, "test_error": 0.07825}, {"outer_epoch": 157, "inner_epoch": 1, "train_loss": 0.2352286361431276, "grad_norm": 0.026748167350888252, "test_error": 0.07823333333333334}, {"outer_epoch": 158, "inner_epoch": 1, "train_loss": 0.23506224138052978, "grad_norm": 0.02430211566388607, "test_error": 0.07823333333333334}, {"outer_epoch": 159, "inner_epoch": 1, "train_loss": 0.23490002292782688, "grad_norm": 0.023048384115099907, "test_error": 0.07815}, {"outer_epoch": 160, "inner_epoch": 1, "train_loss": 0.23475929185980932, "grad_norm": 0.025236964225769043, "test_error": 0.07798333333333334}, {"outer_epoch": 161, "inner_epoch": 1, "train_loss": 0.23457498375807578, "grad_norm": 0.022141344845294952, "test_error": 0.07798333333333334}, {"outer_epoch": 162, "inner_epoch": 1, "train_loss": 0.23446326812775806, "grad_norm": 0.024120397865772247, "test_error": 0.07786666666666667}, {"outer_epoch": 163, "inner_epoch": 1, "train_loss": 0.23427759450293767, "grad_norm": 0.020724313333630562, "test_error": 0.07783333333333334}, {"outer_epoch": 164, "inner_epoch": 1, "train_loss": 0.23415660767924662, "grad_norm": 0.02360721118748188, "test_error": 0.07778333333333333}, {"outer_epoch": 165, "inner_epoch": 1, "train_loss": 0.23397858568894056, "grad_norm": 0.022293565794825554, "test_error": 0.07778333333333333}, {"outer_epoch": 166, "inner_epoch": 1, "train_loss": 0.23383379789356454, "grad_norm": 0.023922454565763474, "test_error": 0.07795}, {"outer_epoch": 167, "inner_epoch": 1, "train_loss": 0.23369181040713252, "grad_norm": 0.0214287880808115, "test_error": 0.07781666666666667}, {"outer_epoch": 168, "inner_epoch": 1, "train_loss": 0.23357472383052422, "grad_norm": 0.022246427834033966, "test_error": 0.07758333333333334}, {"outer_epoch": 169, "inner_epoch": 1, "train_loss": 0.23339863180035414, "grad_norm": 0.02174139954149723, "test_error": 0.07773333333333333}, {"outer_epoch": 170, "inner_epoch": 1, "train_loss": 0.23326736690616234, "grad_norm": 0.01988988183438778, "test_error": 0.07766666666666666}, {"outer_epoch": 171, "inner_epoch": 1, "train_loss": 0.23310573418900216, "grad_norm": 0.022324945777654648, "test_error": 0.07755}, {"outer_epoch": 172, "inner_epoch": 1, "train_loss": 0.2329869011627355, "grad_norm": 0.024539954960346222, "test_error": 0.07753333333333333}, {"outer_epoch": 173, "inner_epoch": 1, "train_loss": 0.2328144417348085, "grad_norm": 0.026442864909768105, "test_error": 0.07748333333333333}, {"outer_epoch": 174, "inner_epoch": 1, "train_loss": 0.2326935286843994, "grad_norm": 0.026737714186310768, "test_error": 0.07738333333333333}, {"outer_epoch": 175, "inner_epoch": 1, "train_loss": 0.23254034825895603, "grad_norm": 0.02351956069469452, "test_error": 0.07711666666666667}, {"outer_epoch": 176, "inner_epoch": 1, "train_loss": 0.23239283809267605, "grad_norm": 0.019770650193095207, "test_error": 0.07716666666666666}, {"outer_epoch": 177, "inner_epoch": 1, "train_loss": 0.23223675461602397, "grad_norm": 0.020843014121055603, "test_error": 0.07726666666666666}, {"outer_epoch": 178, "inner_epoch": 1, "train_loss": 0.2321085198740863, "grad_norm": 0.027637818828225136, "test_error": 0.0768}, {"outer_epoch": 179, "inner_epoch": 1, "train_loss": 0.23197967827304578, "grad_norm": 0.023780763149261475, "test_error": 0.0771}, {"outer_epoch": 180, "inner_epoch": 1, "train_loss": 0.23184373572069064, "grad_norm": 0.02249937318265438, "test_error": 0.07678333333333333}, {"outer_epoch": 181, "inner_epoch": 1, "train_loss": 0.2316890300915111, "grad_norm": 0.021403901278972626, "test_error": 0.07686666666666667}, {"outer_epoch": 182, "inner_epoch": 1, "train_loss": 0.23156063176179303, "grad_norm": 0.024814246222376823, "test_error": 0.07671666666666667}, {"outer_epoch": 183, "inner_epoch": 1, "train_loss": 0.2314395349235274, "grad_norm": 0.037916798144578934, "test_error": 0.07683333333333334}, {"outer_epoch": 184, "inner_epoch": 1, "train_loss": 0.23130181027277527, "grad_norm": 0.02842128463089466, "test_error": 0.07663333333333333}, {"outer_epoch": 185, "inner_epoch": 1, "train_loss": 0.23115913563532134, "grad_norm": 0.025820879265666008, "test_error": 0.07646666666666667}, {"outer_epoch": 186, "inner_epoch": 1, "train_loss": 0.23101295369133973, "grad_norm": 0.02552153915166855, "test_error": 0.07655}, {"outer_epoch": 187, "inner_epoch": 1, "train_loss": 0.23087973469588904, "grad_norm": 0.025304468348622322, "test_error": 0.07658333333333334}, {"outer_epoch": 188, "inner_epoch": 1, "train_loss": 0.23075303762739835, "grad_norm": 0.02527799643576145, "test_error": 0.07646666666666667}, {"outer_epoch": 189, "inner_epoch": 1, "train_loss": 0.23062346743318873, "grad_norm": 0.023644346743822098, "test_error": 0.07646666666666667}, {"outer_epoch": 190, "inner_epoch": 1, "train_loss": 0.23049317285694026, "grad_norm": 0.022685129195451736, "test_error": 0.07646666666666667}, {"outer_epoch": 191, "inner_epoch": 1, "train_loss": 0.2303406205571955, "grad_norm": 0.020474586635828018, "test_error": 0.07638333333333333}, {"outer_epoch": 192, "inner_epoch": 1, "train_loss": 0.23022562249540351, "grad_norm": 0.022915644571185112, "test_error": 0.07628333333333333}, {"outer_epoch": 193, "inner_epoch": 1, "train_loss": 0.23008468739587504, "grad_norm": 0.024172795936465263, "test_error": 0.0764}, {"outer_epoch": 194, "inner_epoch": 1, "train_loss": 0.2299568829482887, "grad_norm": 0.023799361661076546, "test_error": 0.07611666666666667}, {"outer_epoch": 195, "inner_epoch": 1, "train_loss": 0.2298647701543911, "grad_norm": 0.0257557462900877, "test_error": 0.07608333333333334}, {"outer_epoch": 196, "inner_epoch": 1, "train_loss": 0.22970598311640789, "grad_norm": 0.02559022232890129, "test_error": 0.07616666666666666}, {"outer_epoch": 197, "inner_epoch": 1, "train_loss": 0.22960047354983787, "grad_norm": 0.021643642336130142, "test_error": 0.07606666666666667}, {"outer_epoch": 198, "inner_epoch": 1, "train_loss": 0.22945158303005156, "grad_norm": 0.02102598361670971, "test_error": 0.07603333333333333}, {"outer_epoch": 199, "inner_epoch": 1, "train_loss": 0.22935613046749495, "grad_norm": 0.02964905835688114, "test_error": 0.07605}, {"outer_epoch": 200, "inner_epoch": 1, "train_loss": 0.22920725529206296, "grad_norm": 0.02778649516403675, "test_error": 0.07588333333333333}, {"outer_epoch": 201, "inner_epoch": 1, "train_loss": 0.22908574666897766, "grad_norm": 0.022970104590058327, "test_error": 0.07585}, {"outer_epoch": 202, "inner_epoch": 1, "train_loss": 0.22896165099173474, "grad_norm": 0.02953307144343853, "test_error": 0.07591666666666666}, {"outer_epoch": 203, "inner_epoch": 1, "train_loss": 0.22886752160995577, "grad_norm": 0.03008861094713211, "test_error": 0.07578333333333333}, {"outer_epoch": 204, "inner_epoch": 1, "train_loss": 0.2287275464848693, "grad_norm": 0.03146539255976677, "test_error": 0.0755}, {"outer_epoch": 205, "inner_epoch": 1, "train_loss": 0.22861149282117063, "grad_norm": 0.024086210876703262, "test_error": 0.07558333333333334}, {"outer_epoch": 206, "inner_epoch": 1, "train_loss": 0.2284519938567343, "grad_norm": 0.028890740126371384, "test_error": 0.07565}, {"outer_epoch": 207, "inner_epoch": 1, "train_loss": 0.22835836512459598, "grad_norm": 0.025966988876461983, "test_error": 0.07558333333333334}, {"outer_epoch": 208, "inner_epoch": 1, "train_loss": 0.22823725960411442, "grad_norm": 0.03698892146348953, "test_error": 0.07553333333333333}, {"outer_epoch": 209, "inner_epoch": 1, "train_loss": 0.22811952165514232, "grad_norm": 0.025084342807531357, "test_error": 0.07528333333333333}, {"outer_epoch": 210, "inner_epoch": 1, "train_loss": 0.22798988562554587, "grad_norm": 0.022717824205756187, "test_error": 0.07545}, {"outer_epoch": 211, "inner_epoch": 1, "train_loss": 0.22786441752545458, "grad_norm": 0.033111557364463806, "test_error": 0.07526666666666666}, {"outer_epoch": 212, "inner_epoch": 1, "train_loss": 0.22775625797198154, "grad_norm": 0.02538747526705265, "test_error": 0.07518333333333334}, {"outer_epoch": 213, "inner_epoch": 1, "train_loss": 0.22763838454925767, "grad_norm": 0.025694670155644417, "test_error": 0.07516666666666667}, {"outer_epoch": 214, "inner_epoch": 1, "train_loss": 0.2275177948375543, "grad_norm": 0.028626933693885803, "test_error": 0.07503333333333333}, {"outer_epoch": 215, "inner_epoch": 1, "train_loss": 0.22739699991621698, "grad_norm": 0.03159760683774948, "test_error": 0.07515}, {"outer_epoch": 216, "inner_epoch": 1, "train_loss": 0.22730099463742226, "grad_norm": 0.025770382955670357, "test_error": 0.0749}, {"outer_epoch": 217, "inner_epoch": 1, "train_loss": 0.22714703437224185, "grad_norm": 0.025610677897930145, "test_error": 0.07496666666666667}, {"outer_epoch": 218, "inner_epoch": 1, "train_loss": 0.22706466016064708, "grad_norm": 0.02464081346988678, "test_error": 0.075}, {"outer_epoch": 219, "inner_epoch": 1, "train_loss": 0.22695119232622285, "grad_norm": 0.025464970618486404, "test_error": 0.07483333333333334}, {"outer_epoch": 220, "inner_epoch": 1, "train_loss": 0.22682312726966727, "grad_norm": 0.026500154286623, "test_error": 0.07486666666666666}, {"outer_epoch": 221, "inner_epoch": 1, "train_loss": 0.2267327364013375, "grad_norm": 0.029732121154665947, "test_error": 0.07481666666666667}, {"outer_epoch": 222, "inner_epoch": 1, "train_loss": 0.22660112109446587, "grad_norm": 0.026128964498639107, "test_error": 0.07471666666666667}, {"outer_epoch": 223, "inner_epoch": 1, "train_loss": 0.22650220036165167, "grad_norm": 0.026366164907813072, "test_error": 0.07458333333333333}, {"outer_epoch": 224, "inner_epoch": 1, "train_loss": 0.22637717545133396, "grad_norm": 0.02747875265777111, "test_error": 0.07453333333333333}, {"outer_epoch": 225, "inner_epoch": 1, "train_loss": 0.22624068388096444, "grad_norm": 0.026572519913315773, "test_error": 0.07463333333333333}, {"outer_epoch": 226, "inner_epoch": 1, "train_loss": 0.22617712659349976, "grad_norm": 0.032096005976200104, "test_error": 0.07455}, {"outer_epoch": 227, "inner_epoch": 1, "train_loss": 0.22603499594703316, "grad_norm": 0.02731618843972683, "test_error": 0.07446666666666667}, {"outer_epoch": 228, "inner_epoch": 1, "train_loss": 0.22593060765997508, "grad_norm": 0.024547694250941277, "test_error": 0.0744}, {"outer_epoch": 229, "inner_epoch": 1, "train_loss": 0.22581664326887887, "grad_norm": 0.02380603551864624, "test_error": 0.0742}, {"outer_epoch": 230, "inner_epoch": 1, "train_loss": 0.2257190257779633, "grad_norm": 0.022417251020669937, "test_error": 0.07448333333333333}, {"outer_epoch": 231, "inner_epoch": 1, "train_loss": 0.22560060365583437, "grad_norm": 0.023680539801716805, "test_error": 0.07428333333333334}, {"outer_epoch": 232, "inner_epoch": 1, "train_loss": 0.2255204015512718, "grad_norm": 0.026766903698444366, "test_error": 0.07418333333333334}, {"outer_epoch": 233, "inner_epoch": 1, "train_loss": 0.22537504017787674, "grad_norm": 0.029682517051696777, "test_error": 0.07425}, {"outer_epoch": 234, "inner_epoch": 1, "train_loss": 0.22527761091404438, "grad_norm": 0.021301589906215668, "test_error": 0.07411666666666666}, {"outer_epoch": 235, "inner_epoch": 1, "train_loss": 0.2251880258337672, "grad_norm": 0.019834762439131737, "test_error": 0.07406666666666667}, {"outer_epoch": 236, "inner_epoch": 1, "train_loss": 0.22506487492091642, "grad_norm": 0.022224823012948036, "test_error": 0.07406666666666667}, {"outer_epoch": 237, "inner_epoch": 1, "train_loss": 0.22496103699117279, "grad_norm": 0.027572456747293472, "test_error": 0.07398333333333333}, {"outer_epoch": 238, "inner_epoch": 1, "train_loss": 0.22488457275228574, "grad_norm": 0.025414761155843735, "test_error": 0.07376666666666666}, {"outer_epoch": 239, "inner_epoch": 1, "train_loss": 0.2247825421912518, "grad_norm": 0.02574908919632435, "test_error": 0.0737}, {"outer_epoch": 240, "inner_epoch": 1, "train_loss": 0.2246749588495974, "grad_norm": 0.02380465716123581, "test_error": 0.07396666666666667}, {"outer_epoch": 241, "inner_epoch": 1, "train_loss": 0.22459532103408128, "grad_norm": 0.023940378800034523, "test_error": 0.07401666666666666}, {"outer_epoch": 242, "inner_epoch": 1, "train_loss": 0.2244604831961915, "grad_norm": 0.028744440525770187, "test_error": 0.07395}, {"outer_epoch": 243, "inner_epoch": 1, "train_loss": 0.2243539546643539, "grad_norm": 0.02987971156835556, "test_error": 0.07373333333333333}, {"outer_epoch": 244, "inner_epoch": 1, "train_loss": 0.22426073456757392, "grad_norm": 0.03199668973684311, "test_error": 0.0737}, {"outer_epoch": 245, "inner_epoch": 1, "train_loss": 0.224165998152496, "grad_norm": 0.04504584148526192, "test_error": 0.07356666666666667}, {"outer_epoch": 246, "inner_epoch": 1, "train_loss": 0.22405908736419708, "grad_norm": 0.02501688338816166, "test_error": 0.07348333333333333}, {"outer_epoch": 247, "inner_epoch": 1, "train_loss": 0.22398214110324624, "grad_norm": 0.026649391278624535, "test_error": 0.07351666666666666}, {"outer_epoch": 248, "inner_epoch": 1, "train_loss": 0.22386205782811158, "grad_norm": 0.03651263192296028, "test_error": 0.07353333333333334}, {"outer_epoch": 249, "inner_epoch": 1, "train_loss": 0.22376261360035277, "grad_norm": 0.023172670975327492, "test_error": 0.07346666666666667}, {"outer_epoch": 250, "inner_epoch": 1, "train_loss": 0.22367468411878993, "grad_norm": 0.02997269481420517, "test_error": 0.07325}]}