{"argv": ["train.py", "--seed", "12", "--optimizer", "SGD", "--run_name", "sgd_0.1.json", "--output_path", "experiments/nonconvex_FMNIST/warmup-0.1.json", "--dataset", "FMNIST", "--layer_sizes", "784", "100", "10", "--batch_size", "10", "--learning_rate", "0.1", "--weight_decay", "0.001", "--num_epochs", "10", "--download", "--device", "cuda"], "args": {"seed": 12, "optimizer": "SGD", "run_name": "sgd_0.1.json", "output_path": "experiments/nonconvex_FMNIST/warmup-0.1.json", "device": "cuda", "dataset": "FMNIST", "dataset_root": "~/datasets/pytorch", "dataset_size": null, "download": true, "layer_sizes": [784, 100, 10], "batch_size": 10, "test_batch_size": 256, "learning_rate": 0.1, "weight_decay": 0.001, "warmup_learning_rate": 0.01, "num_warmup_epochs": 10, "num_outer_epochs": 100, "num_inner_epochs": 5, "inner_epoch_fraction": null, "choose_random_iterate": false, "num_epochs": 10}, "metrics": [{"epoch": 1, "train_loss": 0.5414132573734969, "grad_norm": 0.5141624212265015, "test_error": 0.15655}, {"epoch": 2, "train_loss": 0.4383627734122177, "grad_norm": 0.401837021112442, "test_error": 0.14535}, {"epoch": 3, "train_loss": 0.41832956622649603, "grad_norm": 1.0954545736312866, "test_error": 0.18251666666666666}, {"epoch": 4, "train_loss": 0.40918632739417565, "grad_norm": 0.5369473695755005, "test_error": 0.14748333333333333}, {"epoch": 5, "train_loss": 0.4044924216743093, "grad_norm": 0.3884136974811554, "test_error": 0.1325}, {"epoch": 6, "train_loss": 0.40129043264132147, "grad_norm": 0.9254010915756226, "test_error": 0.16855}, {"epoch": 7, "train_loss": 0.3982730760353928, "grad_norm": 0.40672725439071655, "test_error": 0.13438333333333333}, {"epoch": 8, "train_loss": 0.39611906262487173, "grad_norm": 0.538923442363739, "test_error": 0.1386}, {"epoch": 9, "train_loss": 0.3962576545061699, "grad_norm": 0.6770410537719727, "test_error": 0.15643333333333334}, {"epoch": 10, "train_loss": 0.3945481856429251, "grad_norm": 0.6184256672859192, "test_error": 0.1459}]}