{"argv": ["train.py", "--seed", "12", "--optimizer", "SGD", "--run_name", "sgd_0.01.json", "--output_path", "experiments/nonconvex_FMNIST/warmup-0.01.json", "--dataset", "FMNIST", "--layer_sizes", "784", "100", "10", "--batch_size", "10", "--learning_rate", "0.01", "--weight_decay", "0.001", "--num_epochs", "10", "--download", "--device", "cuda"], "args": {"seed": 12, "optimizer": "SGD", "run_name": "sgd_0.01.json", "output_path": "experiments/nonconvex_FMNIST/warmup-0.01.json", "device": "cuda", "dataset": "FMNIST", "dataset_root": "~/datasets/pytorch", "dataset_size": null, "download": true, "layer_sizes": [784, 100, 10], "batch_size": 10, "test_batch_size": 256, "learning_rate": 0.01, "weight_decay": 0.001, "warmup_learning_rate": 0.01, "num_warmup_epochs": 10, "num_outer_epochs": 100, "num_inner_epochs": 5, "inner_epoch_fraction": null, "choose_random_iterate": false, "num_epochs": 10}, "metrics": [{"epoch": 1, "train_loss": 0.6704693815155576, "grad_norm": 0.6993235945701599, "test_error": 0.17113333333333333}, {"epoch": 2, "train_loss": 0.47147595829765004, "grad_norm": 0.5213921666145325, "test_error": 0.14893333333333333}, {"epoch": 3, "train_loss": 0.4313490278205524, "grad_norm": 0.9235321283340454, "test_error": 0.14863333333333334}, {"epoch": 4, "train_loss": 0.4062976682546238, "grad_norm": 0.9760746955871582, "test_error": 0.14723333333333333}, {"epoch": 5, "train_loss": 0.3897041315653672, "grad_norm": 0.8184413313865662, "test_error": 0.13738333333333333}, {"epoch": 6, "train_loss": 0.3755931604898845, "grad_norm": 0.8774158358573914, "test_error": 0.13148333333333334}, {"epoch": 7, "train_loss": 0.3634238383153764, "grad_norm": 0.38262009620666504, "test_error": 0.11971666666666667}, {"epoch": 8, "train_loss": 0.35594694098845747, "grad_norm": 0.48719337582588196, "test_error": 0.12133333333333333}, {"epoch": 9, "train_loss": 0.3480448515933628, "grad_norm": 0.5470952391624451, "test_error": 0.1207}, {"epoch": 10, "train_loss": 0.3408740118639544, "grad_norm": 0.658075213432312, "test_error": 0.12156666666666667}]}