{"argv": ["train.py", "--seed", "12", "--optimizer", "SGD", "--run_name", "sgd_0.5.json", "--output_path", "experiments/nonconvex_FMNIST/warmup-0.5.json", "--dataset", "FMNIST", "--layer_sizes", "784", "100", "10", "--batch_size", "10", "--learning_rate", "0.5", "--weight_decay", "0.001", "--num_epochs", "10", "--download", "--device", "cuda"], "args": {"seed": 12, "optimizer": "SGD", "run_name": "sgd_0.5.json", "output_path": "experiments/nonconvex_FMNIST/warmup-0.5.json", "device": "cuda", "dataset": "FMNIST", "dataset_root": "~/datasets/pytorch", "dataset_size": null, "download": true, "layer_sizes": [784, 100, 10], "batch_size": 10, "test_batch_size": 256, "learning_rate": 0.5, "weight_decay": 0.001, "warmup_learning_rate": 0.01, "num_warmup_epochs": 10, "num_outer_epochs": 100, "num_inner_epochs": 5, "inner_epoch_fraction": null, "choose_random_iterate": false, "num_epochs": 10}, "metrics": [{"epoch": 1, "train_loss": 2.203925753692786, "grad_norm": 0.06348318606615067, "test_error": 0.9}, {"epoch": 2, "train_loss": 2.3057382551630337, "grad_norm": 0.03383183106780052, "test_error": 0.9}, {"epoch": 3, "train_loss": 2.2597016938328744, "grad_norm": 0.3520197868347168, "test_error": 0.8009666666666667}, {"epoch": 4, "train_loss": 2.308452622652054, "grad_norm": 0.04897493124008179, "test_error": 0.8999833333333334}, {"epoch": 5, "train_loss": 2.306851287841797, "grad_norm": 0.058907944709062576, "test_error": 0.9}, {"epoch": 6, "train_loss": 2.3097587668498356, "grad_norm": 0.03423542156815529, "test_error": 0.9}, {"epoch": 7, "train_loss": 2.300811615983645, "grad_norm": 0.044860124588012695, "test_error": 0.9}, {"epoch": 8, "train_loss": 2.3141647992531458, "grad_norm": 0.046321455389261246, "test_error": 0.9}, {"epoch": 9, "train_loss": 2.3141095061302184, "grad_norm": 0.044996801763772964, "test_error": 0.9}, {"epoch": 10, "train_loss": 2.3138857738574345, "grad_norm": 0.04624900221824646, "test_error": 0.9}]}