{"argv": ["train.py", "--seed", "12", "--optimizer", "SGD", "--run_name", "sgd_0.001.json", "--output_path", "experiments/nonconvex_FMNIST/warmup-0.001.json", "--dataset", "FMNIST", "--layer_sizes", "784", "100", "10", "--batch_size", "10", "--learning_rate", "0.001", "--weight_decay", "0.001", "--num_epochs", "10", "--download", "--device", "cuda"], "args": {"seed": 12, "optimizer": "SGD", "run_name": "sgd_0.001.json", "output_path": "experiments/nonconvex_FMNIST/warmup-0.001.json", "device": "cuda", "dataset": "FMNIST", "dataset_root": "~/datasets/pytorch", "dataset_size": null, "download": true, "layer_sizes": [784, 100, 10], "batch_size": 10, "test_batch_size": 256, "learning_rate": 0.001, "weight_decay": 0.001, "warmup_learning_rate": 0.01, "num_warmup_epochs": 10, "num_outer_epochs": 100, "num_inner_epochs": 5, "inner_epoch_fraction": null, "choose_random_iterate": false, "num_epochs": 10}, "metrics": [{"epoch": 1, "train_loss": 1.3335421972920498, "grad_norm": 0.37519675493240356, "test_error": 0.2981666666666667}, {"epoch": 2, "train_loss": 0.7711481733421485, "grad_norm": 0.14589498937129974, "test_error": 0.23331666666666667}, {"epoch": 3, "train_loss": 0.6584179441916446, "grad_norm": 0.28941231966018677, "test_error": 0.20263333333333333}, {"epoch": 4, "train_loss": 0.5967315491375824, "grad_norm": 0.42614901065826416, "test_error": 0.19116666666666668}, {"epoch": 5, "train_loss": 0.5578162958187362, "grad_norm": 0.5255615711212158, "test_error": 0.18135}, {"epoch": 6, "train_loss": 0.5311609434187412, "grad_norm": 0.3086719512939453, "test_error": 0.17448333333333332}, {"epoch": 7, "train_loss": 0.5115282934928934, "grad_norm": 0.2778010070323944, "test_error": 0.16956666666666667}, {"epoch": 8, "train_loss": 0.4968543242911498, "grad_norm": 0.23691105842590332, "test_error": 0.16628333333333334}, {"epoch": 9, "train_loss": 0.4850491143185645, "grad_norm": 0.25328436493873596, "test_error": 0.16346666666666668}, {"epoch": 10, "train_loss": 0.4751766976645837, "grad_norm": 0.524364709854126, "test_error": 0.16216666666666665}]}