{"argv": ["train.py", "--seed", "12", "--optimizer", "SGD", "--run_name", "sgd_0.03.json", "--output_path", "experiments/nonconvex_FMNIST/warmup-0.03.json", "--dataset", "FMNIST", "--layer_sizes", "784", "100", "10", "--batch_size", "10", "--learning_rate", "0.03", "--weight_decay", "0.001", "--num_epochs", "10", "--download", "--device", "cuda"], "args": {"seed": 12, "optimizer": "SGD", "run_name": "sgd_0.03.json", "output_path": "experiments/nonconvex_FMNIST/warmup-0.03.json", "device": "cuda", "dataset": "FMNIST", "dataset_root": "~/datasets/pytorch", "dataset_size": null, "download": true, "layer_sizes": [784, 100, 10], "batch_size": 10, "test_batch_size": 256, "learning_rate": 0.03, "weight_decay": 0.001, "warmup_learning_rate": 0.01, "num_warmup_epochs": 10, "num_outer_epochs": 100, "num_inner_epochs": 5, "inner_epoch_fraction": null, "choose_random_iterate": false, "num_epochs": 10}, "metrics": [{"epoch": 1, "train_loss": 0.5641517613871644, "grad_norm": 0.5844318866729736, "test_error": 0.15343333333333334}, {"epoch": 2, "train_loss": 0.4176616868469864, "grad_norm": 0.38464781641960144, "test_error": 0.1352}, {"epoch": 3, "train_loss": 0.3839680435131304, "grad_norm": 0.7980645298957825, "test_error": 0.14391666666666666}, {"epoch": 4, "train_loss": 0.36548370208110037, "grad_norm": 0.6650702953338623, "test_error": 0.13493333333333332}, {"epoch": 5, "train_loss": 0.35379437254974616, "grad_norm": 0.73182213306427, "test_error": 0.1305}, {"epoch": 6, "train_loss": 0.34443790347144626, "grad_norm": 0.641606330871582, "test_error": 0.12481666666666667}, {"epoch": 7, "train_loss": 0.33691966398696727, "grad_norm": 0.31175774335861206, "test_error": 0.11183333333333334}, {"epoch": 8, "train_loss": 0.3335269453131283, "grad_norm": 0.41174283623695374, "test_error": 0.11495}, {"epoch": 9, "train_loss": 0.32915027475783915, "grad_norm": 0.5259469747543335, "test_error": 0.118}, {"epoch": 10, "train_loss": 0.3250362190786982, "grad_norm": 0.6526010632514954, "test_error": 0.12266666666666666}]}