{"argv": ["train.py", "--seed", "12", "--optimizer", "SGD", "--run_name", "sgd_0.25.json", "--output_path", "experiments/nonconvex_FMNIST/warmup-0.25.json", "--dataset", "FMNIST", "--layer_sizes", "784", "100", "10", "--batch_size", "10", "--learning_rate", "0.25", "--weight_decay", "0.001", "--num_epochs", "10", "--download", "--device", "cuda"], "args": {"seed": 12, "optimizer": "SGD", "run_name": "sgd_0.25.json", "output_path": "experiments/nonconvex_FMNIST/warmup-0.25.json", "device": "cuda", "dataset": "FMNIST", "dataset_root": "~/datasets/pytorch", "dataset_size": null, "download": true, "layer_sizes": [784, 100, 10], "batch_size": 10, "test_batch_size": 256, "learning_rate": 0.25, "weight_decay": 0.001, "warmup_learning_rate": 0.01, "num_warmup_epochs": 10, "num_outer_epochs": 100, "num_inner_epochs": 5, "inner_epoch_fraction": null, "choose_random_iterate": false, "num_epochs": 10}, "metrics": [{"epoch": 1, "train_loss": 0.7285429598395713, "grad_norm": 0.9691017270088196, "test_error": 0.24848333333333333}, {"epoch": 2, "train_loss": 0.619932689786811, "grad_norm": 0.5646783113479614, "test_error": 0.19873333333333335}, {"epoch": 3, "train_loss": 0.6064903847649693, "grad_norm": 0.4445273280143738, "test_error": 0.19873333333333335}, {"epoch": 4, "train_loss": 0.5940067055857119, "grad_norm": 2.510293483734131, "test_error": 0.28996666666666665}, {"epoch": 5, "train_loss": 0.6182002355050451, "grad_norm": 0.3578319251537323, "test_error": 0.16991666666666666}, {"epoch": 6, "train_loss": 0.6145593615177398, "grad_norm": 2.313148260116577, "test_error": 0.29715}, {"epoch": 7, "train_loss": 0.6135217246346486, "grad_norm": 0.31569018959999084, "test_error": 0.17428333333333335}, {"epoch": 8, "train_loss": 0.6142530297059178, "grad_norm": 0.4543478786945343, "test_error": 0.20991666666666667}, {"epoch": 9, "train_loss": 0.6220055572649774, "grad_norm": 0.905318021774292, "test_error": 0.24513333333333334}, {"epoch": 10, "train_loss": 0.6539035613596594, "grad_norm": 0.40993571281433105, "test_error": 0.19655}]}