{"argv": ["train.py", "--seed", "79", "--optimizer", "SVRG", "--run_name", "svrg_0.001.json", "--output_path", "experiments/nonconvex_mnist/svrg-0.001.json", "--dataset", "MNIST", "--layer_sizes", "784", "100", "10", "--batch_size", "10", "--learning_rate", "0.001", "--weight_decay", "0.001", "--warmup_learning_rate", "0.03", "--num_warmup_epochs", "10", "--num_outer_epochs", "250", "--num_inner_epochs", "1", "--device", "cuda"], "args": {"seed": 79, "optimizer": "SVRG", "run_name": "svrg_0.001.json", "output_path": "experiments/nonconvex_mnist/svrg-0.001.json", "device": "cuda", "dataset": "MNIST", "dataset_root": "~/datasets/pytorch", "dataset_size": null, "download": false, "layer_sizes": [784, 100, 10], "batch_size": 10, "test_batch_size": 256, "learning_rate": 0.001, "weight_decay": 0.001, "warmup_learning_rate": 0.03, "num_warmup_epochs": 10, "num_outer_epochs": 250, "num_inner_epochs": 1, "inner_epoch_fraction": null, "choose_random_iterate": false, "num_epochs": 10}, "metrics": [{"warmup_epoch": 1, "train_loss": 0.35890698494156825, "grad_norm": 0.1693902164697647, "test_error": 0.0604}, {"warmup_epoch": 2, "train_loss": 0.18194871377463762, "grad_norm": 0.2195146232843399, "test_error": 0.0452}, {"warmup_epoch": 3, "train_loss": 0.13772531318229933, "grad_norm": 0.1083531603217125, "test_error": 0.0355}, {"warmup_epoch": 4, "train_loss": 0.11455598155801029, "grad_norm": 0.128460094332695, "test_error": 0.0309}, {"warmup_epoch": 5, "train_loss": 0.10187839505526548, "grad_norm": 0.12868857383728027, "test_error": 0.0289}, {"warmup_epoch": 6, "train_loss": 0.09330414409479515, "grad_norm": 0.11282596737146378, "test_error": 0.0299}, {"warmup_epoch": 7, "train_loss": 0.0883496714690118, "grad_norm": 0.1100197434425354, "test_error": 0.0272}, {"warmup_epoch": 8, "train_loss": 0.08488113678083756, "grad_norm": 0.07917097210884094, "test_error": 0.0262}, {"warmup_epoch": 9, "train_loss": 0.08198994982849885, "grad_norm": 0.09910028427839279, "test_error": 0.0251}, {"warmup_epoch": 10, "train_loss": 0.07989919863670365, "grad_norm": 0.09282933175563812, "test_error": 0.0258}, {"outer_epoch": 1, "inner_epoch": 1, "train_loss": 0.06756136743389653, "grad_norm": 0.018120719119906425, "test_error": 0.0237}, {"outer_epoch": 2, "inner_epoch": 1, "train_loss": 0.06611644971976056, "grad_norm": 0.015029392205178738, "test_error": 0.0231}, {"outer_epoch": 3, "inner_epoch": 1, "train_loss": 0.06570719963669155, "grad_norm": 0.014000363647937775, "test_error": 0.0229}, {"outer_epoch": 4, "inner_epoch": 1, "train_loss": 0.06548603460252829, "grad_norm": 0.013518248684704304, "test_error": 0.0225}, {"outer_epoch": 5, "inner_epoch": 1, "train_loss": 0.06534152956081865, "grad_norm": 0.013298782519996166, "test_error": 0.0222}, {"outer_epoch": 6, "inner_epoch": 1, "train_loss": 0.06525148257182445, "grad_norm": 0.013164573349058628, "test_error": 0.0221}, {"outer_epoch": 7, "inner_epoch": 1, "train_loss": 0.06518367430319388, "grad_norm": 0.013091212138533592, "test_error": 0.0222}, {"outer_epoch": 8, "inner_epoch": 1, "train_loss": 0.06512569748117433, "grad_norm": 0.013054005801677704, "test_error": 0.0222}, {"outer_epoch": 9, "inner_epoch": 1, "train_loss": 0.06508388623824188, "grad_norm": 0.013024332001805305, "test_error": 0.0222}, {"outer_epoch": 10, "inner_epoch": 1, "train_loss": 0.06504802088014548, "grad_norm": 0.013008260168135166, "test_error": 0.0221}, {"outer_epoch": 11, "inner_epoch": 1, "train_loss": 0.06501146964470779, "grad_norm": 0.013008218258619308, "test_error": 0.0221}, {"outer_epoch": 12, "inner_epoch": 1, "train_loss": 0.06497949464952883, "grad_norm": 0.013010297901928425, "test_error": 0.0222}, {"outer_epoch": 13, "inner_epoch": 1, "train_loss": 0.06495278301718645, "grad_norm": 0.013013129122555256, "test_error": 0.0222}, {"outer_epoch": 14, "inner_epoch": 1, "train_loss": 0.06492775624324956, "grad_norm": 0.013017924502491951, "test_error": 0.0223}, {"outer_epoch": 15, "inner_epoch": 1, "train_loss": 0.06489836890209699, "grad_norm": 0.013031071051955223, "test_error": 0.0223}, {"outer_epoch": 16, "inner_epoch": 1, "train_loss": 0.06487454762001289, "grad_norm": 0.013037859462201595, "test_error": 0.0223}, {"outer_epoch": 17, "inner_epoch": 1, "train_loss": 0.06484804641496157, "grad_norm": 0.01305419858545065, "test_error": 0.0223}, {"outer_epoch": 18, "inner_epoch": 1, "train_loss": 0.06482525530849428, "grad_norm": 0.013058146461844444, "test_error": 0.0223}, {"outer_epoch": 19, "inner_epoch": 1, "train_loss": 0.06480017663606365, "grad_norm": 0.013064773753285408, "test_error": 0.0223}, {"outer_epoch": 20, "inner_epoch": 1, "train_loss": 0.06477832273161038, "grad_norm": 0.013075204566121101, "test_error": 0.0223}, {"outer_epoch": 21, "inner_epoch": 1, "train_loss": 0.06475432382826693, "grad_norm": 0.013080676086246967, "test_error": 0.0223}, {"outer_epoch": 22, "inner_epoch": 1, "train_loss": 0.06472798248456092, "grad_norm": 0.013094344176352024, "test_error": 0.0223}, {"outer_epoch": 23, "inner_epoch": 1, "train_loss": 0.06470743782841601, "grad_norm": 0.013099731877446175, "test_error": 0.0223}, {"outer_epoch": 24, "inner_epoch": 1, "train_loss": 0.06468256148302073, "grad_norm": 0.013108311221003532, "test_error": 0.0222}, {"outer_epoch": 25, "inner_epoch": 1, "train_loss": 0.06466106021421729, "grad_norm": 0.013106387108564377, "test_error": 0.0221}, {"outer_epoch": 26, "inner_epoch": 1, "train_loss": 0.0646361691634908, "grad_norm": 0.01312161609530449, "test_error": 0.0221}, {"outer_epoch": 27, "inner_epoch": 1, "train_loss": 0.06461379872375013, "grad_norm": 0.0131210433319211, "test_error": 0.0221}, {"outer_epoch": 28, "inner_epoch": 1, "train_loss": 0.0645897157227737, "grad_norm": 0.013132814317941666, "test_error": 0.0221}, {"outer_epoch": 29, "inner_epoch": 1, "train_loss": 0.06456711224571336, "grad_norm": 0.013145724311470985, "test_error": 0.0221}, {"outer_epoch": 30, "inner_epoch": 1, "train_loss": 0.06454295096354326, "grad_norm": 0.013134924694895744, "test_error": 0.0221}, {"outer_epoch": 31, "inner_epoch": 1, "train_loss": 0.06451827588231147, "grad_norm": 0.013142657466232777, "test_error": 0.0221}, {"outer_epoch": 32, "inner_epoch": 1, "train_loss": 0.06449506181885954, "grad_norm": 0.013153492473065853, "test_error": 0.0221}, {"outer_epoch": 33, "inner_epoch": 1, "train_loss": 0.06447131959170413, "grad_norm": 0.013161154463887215, "test_error": 0.0222}, {"outer_epoch": 34, "inner_epoch": 1, "train_loss": 0.06444794236239977, "grad_norm": 0.013174155727028847, "test_error": 0.0221}, {"outer_epoch": 35, "inner_epoch": 1, "train_loss": 0.06442291016335366, "grad_norm": 0.013162837363779545, "test_error": 0.0222}, {"outer_epoch": 36, "inner_epoch": 1, "train_loss": 0.0643994963983035, "grad_norm": 0.013176646083593369, "test_error": 0.0222}, {"outer_epoch": 37, "inner_epoch": 1, "train_loss": 0.06437501014237447, "grad_norm": 0.013176516629755497, "test_error": 0.0222}, {"outer_epoch": 38, "inner_epoch": 1, "train_loss": 0.06435077551102343, "grad_norm": 0.013185590505599976, "test_error": 0.0222}, {"outer_epoch": 39, "inner_epoch": 1, "train_loss": 0.06432763561823716, "grad_norm": 0.013182221911847591, "test_error": 0.0222}, {"outer_epoch": 40, "inner_epoch": 1, "train_loss": 0.06430485407036031, "grad_norm": 0.01318950392305851, "test_error": 0.0221}, {"outer_epoch": 41, "inner_epoch": 1, "train_loss": 0.06428060743678361, "grad_norm": 0.013194937258958817, "test_error": 0.0222}, {"outer_epoch": 42, "inner_epoch": 1, "train_loss": 0.06425633594684768, "grad_norm": 0.013200672343373299, "test_error": 0.0222}, {"outer_epoch": 43, "inner_epoch": 1, "train_loss": 0.06423418573249365, "grad_norm": 0.013204298913478851, "test_error": 0.022}, {"outer_epoch": 44, "inner_epoch": 1, "train_loss": 0.06420932019614459, "grad_norm": 0.01319569069892168, "test_error": 0.022}, {"outer_epoch": 45, "inner_epoch": 1, "train_loss": 0.0641869933832398, "grad_norm": 0.013214883394539356, "test_error": 0.022}, {"outer_epoch": 46, "inner_epoch": 1, "train_loss": 0.06416392778397616, "grad_norm": 0.013224294409155846, "test_error": 0.022}, {"outer_epoch": 47, "inner_epoch": 1, "train_loss": 0.06413849323248723, "grad_norm": 0.013207792304456234, "test_error": 0.022}, {"outer_epoch": 48, "inner_epoch": 1, "train_loss": 0.06411546278490762, "grad_norm": 0.013220755383372307, "test_error": 0.022}, {"outer_epoch": 49, "inner_epoch": 1, "train_loss": 0.0640914439210513, "grad_norm": 0.013237059116363525, "test_error": 0.0221}, {"outer_epoch": 50, "inner_epoch": 1, "train_loss": 0.06406993456256653, "grad_norm": 0.013215208426117897, "test_error": 0.022}, {"outer_epoch": 51, "inner_epoch": 1, "train_loss": 0.06404869438585592, "grad_norm": 0.013224856927990913, "test_error": 0.022}, {"outer_epoch": 52, "inner_epoch": 1, "train_loss": 0.06402407544474893, "grad_norm": 0.013230440206825733, "test_error": 0.022}, {"outer_epoch": 53, "inner_epoch": 1, "train_loss": 0.06400262073167444, "grad_norm": 0.013247480615973473, "test_error": 0.0219}, {"outer_epoch": 54, "inner_epoch": 1, "train_loss": 0.06397769622403818, "grad_norm": 0.01325334794819355, "test_error": 0.022}, {"outer_epoch": 55, "inner_epoch": 1, "train_loss": 0.06395476331202857, "grad_norm": 0.013236052356660366, "test_error": 0.022}, {"outer_epoch": 56, "inner_epoch": 1, "train_loss": 0.06393199156901877, "grad_norm": 0.01323937438428402, "test_error": 0.0219}, {"outer_epoch": 57, "inner_epoch": 1, "train_loss": 0.06390828937542392, "grad_norm": 0.013237914070487022, "test_error": 0.022}, {"outer_epoch": 58, "inner_epoch": 1, "train_loss": 0.0638859008634075, "grad_norm": 0.01325012743473053, "test_error": 0.0218}, {"outer_epoch": 59, "inner_epoch": 1, "train_loss": 0.06386140515484537, "grad_norm": 0.013250774703919888, "test_error": 0.0218}, {"outer_epoch": 60, "inner_epoch": 1, "train_loss": 0.06384003564084803, "grad_norm": 0.013252547942101955, "test_error": 0.022}, {"outer_epoch": 61, "inner_epoch": 1, "train_loss": 0.06381686381908366, "grad_norm": 0.013284768909215927, "test_error": 0.022}, {"outer_epoch": 62, "inner_epoch": 1, "train_loss": 0.06379360511881532, "grad_norm": 0.013287311419844627, "test_error": 0.0219}, {"outer_epoch": 63, "inner_epoch": 1, "train_loss": 0.06377019447775092, "grad_norm": 0.013273211196064949, "test_error": 0.022}, {"outer_epoch": 64, "inner_epoch": 1, "train_loss": 0.06374677528074243, "grad_norm": 0.01327079813927412, "test_error": 0.0219}, {"outer_epoch": 65, "inner_epoch": 1, "train_loss": 0.06372453237181375, "grad_norm": 0.013273638673126698, "test_error": 0.022}, {"outer_epoch": 66, "inner_epoch": 1, "train_loss": 0.0637009995044209, "grad_norm": 0.013252380304038525, "test_error": 0.0219}, {"outer_epoch": 67, "inner_epoch": 1, "train_loss": 0.06367932518322292, "grad_norm": 0.01326513197273016, "test_error": 0.0219}, {"outer_epoch": 68, "inner_epoch": 1, "train_loss": 0.06365813167018738, "grad_norm": 0.013249767944216728, "test_error": 0.0219}, {"outer_epoch": 69, "inner_epoch": 1, "train_loss": 0.06363487097871257, "grad_norm": 0.013257167302072048, "test_error": 0.022}, {"outer_epoch": 70, "inner_epoch": 1, "train_loss": 0.06361156678521851, "grad_norm": 0.013267304748296738, "test_error": 0.022}, {"outer_epoch": 71, "inner_epoch": 1, "train_loss": 0.0635892976760127, "grad_norm": 0.01331073697656393, "test_error": 0.022}, {"outer_epoch": 72, "inner_epoch": 1, "train_loss": 0.06356883393569539, "grad_norm": 0.013273523189127445, "test_error": 0.022}, {"outer_epoch": 73, "inner_epoch": 1, "train_loss": 0.06354733357407774, "grad_norm": 0.013284352608025074, "test_error": 0.0221}, {"outer_epoch": 74, "inner_epoch": 1, "train_loss": 0.06352545052483523, "grad_norm": 0.013296263292431831, "test_error": 0.0221}, {"outer_epoch": 75, "inner_epoch": 1, "train_loss": 0.06350285150648172, "grad_norm": 0.013276110403239727, "test_error": 0.022}, {"outer_epoch": 76, "inner_epoch": 1, "train_loss": 0.06348060961901987, "grad_norm": 0.01326234731823206, "test_error": 0.0219}, {"outer_epoch": 77, "inner_epoch": 1, "train_loss": 0.06345837285240608, "grad_norm": 0.013311183080077171, "test_error": 0.0221}, {"outer_epoch": 78, "inner_epoch": 1, "train_loss": 0.06343645578516104, "grad_norm": 0.013300558552145958, "test_error": 0.022}, {"outer_epoch": 79, "inner_epoch": 1, "train_loss": 0.06341593797405949, "grad_norm": 0.013278195634484291, "test_error": 0.022}, {"outer_epoch": 80, "inner_epoch": 1, "train_loss": 0.06339268673038653, "grad_norm": 0.013288290239870548, "test_error": 0.022}, {"outer_epoch": 81, "inner_epoch": 1, "train_loss": 0.06337222826085054, "grad_norm": 0.0132784154266119, "test_error": 0.0219}, {"outer_epoch": 82, "inner_epoch": 1, "train_loss": 0.0633509392917816, "grad_norm": 0.013308076187968254, "test_error": 0.0219}, {"outer_epoch": 83, "inner_epoch": 1, "train_loss": 0.0633311709817693, "grad_norm": 0.013298790901899338, "test_error": 0.022}, {"outer_epoch": 84, "inner_epoch": 1, "train_loss": 0.06330790127275396, "grad_norm": 0.01330671738833189, "test_error": 0.022}, {"outer_epoch": 85, "inner_epoch": 1, "train_loss": 0.06328680542154082, "grad_norm": 0.013288411311805248, "test_error": 0.022}, {"outer_epoch": 86, "inner_epoch": 1, "train_loss": 0.06326423296584592, "grad_norm": 0.01334657147526741, "test_error": 0.0219}, {"outer_epoch": 87, "inner_epoch": 1, "train_loss": 0.06324551085050917, "grad_norm": 0.01329023577272892, "test_error": 0.022}, {"outer_epoch": 88, "inner_epoch": 1, "train_loss": 0.06322353231978681, "grad_norm": 0.013304158113896847, "test_error": 0.022}, {"outer_epoch": 89, "inner_epoch": 1, "train_loss": 0.06320326224264379, "grad_norm": 0.013329671695828438, "test_error": 0.022}, {"outer_epoch": 90, "inner_epoch": 1, "train_loss": 0.06318046680118035, "grad_norm": 0.013329451903700829, "test_error": 0.022}, {"outer_epoch": 91, "inner_epoch": 1, "train_loss": 0.06315833952456403, "grad_norm": 0.013321328908205032, "test_error": 0.022}, {"outer_epoch": 92, "inner_epoch": 1, "train_loss": 0.06313871832969986, "grad_norm": 0.013328912667930126, "test_error": 0.0219}, {"outer_epoch": 93, "inner_epoch": 1, "train_loss": 0.06311741100342867, "grad_norm": 0.013287766836583614, "test_error": 0.022}, {"outer_epoch": 94, "inner_epoch": 1, "train_loss": 0.0630971893487925, "grad_norm": 0.013304858468472958, "test_error": 0.022}, {"outer_epoch": 95, "inner_epoch": 1, "train_loss": 0.06307442878213866, "grad_norm": 0.013294747099280357, "test_error": 0.022}, {"outer_epoch": 96, "inner_epoch": 1, "train_loss": 0.06305524032357304, "grad_norm": 0.013303210958838463, "test_error": 0.022}, {"outer_epoch": 97, "inner_epoch": 1, "train_loss": 0.06303655986553834, "grad_norm": 0.013334644958376884, "test_error": 0.022}, {"outer_epoch": 98, "inner_epoch": 1, "train_loss": 0.06301648652497291, "grad_norm": 0.013289709575474262, "test_error": 0.022}, {"outer_epoch": 99, "inner_epoch": 1, "train_loss": 0.06299393181892811, "grad_norm": 0.013303259387612343, "test_error": 0.022}, {"outer_epoch": 100, "inner_epoch": 1, "train_loss": 0.06297300876484951, "grad_norm": 0.01327869575470686, "test_error": 0.022}, {"outer_epoch": 101, "inner_epoch": 1, "train_loss": 0.06295465556891092, "grad_norm": 0.01329291146248579, "test_error": 0.022}, {"outer_epoch": 102, "inner_epoch": 1, "train_loss": 0.06293224000230353, "grad_norm": 0.013300820253789425, "test_error": 0.022}, {"outer_epoch": 103, "inner_epoch": 1, "train_loss": 0.06291402259253664, "grad_norm": 0.013303356245160103, "test_error": 0.022}, {"outer_epoch": 104, "inner_epoch": 1, "train_loss": 0.06289428790156186, "grad_norm": 0.013301946222782135, "test_error": 0.022}, {"outer_epoch": 105, "inner_epoch": 1, "train_loss": 0.06287493555290469, "grad_norm": 0.01331443153321743, "test_error": 0.022}, {"outer_epoch": 106, "inner_epoch": 1, "train_loss": 0.0628560501501003, "grad_norm": 0.013301701284945011, "test_error": 0.022}, {"outer_epoch": 107, "inner_epoch": 1, "train_loss": 0.06283577372969983, "grad_norm": 0.013309372588992119, "test_error": 0.022}, {"outer_epoch": 108, "inner_epoch": 1, "train_loss": 0.06281690559920389, "grad_norm": 0.013305069878697395, "test_error": 0.022}, {"outer_epoch": 109, "inner_epoch": 1, "train_loss": 0.06279556916768585, "grad_norm": 0.013303905725479126, "test_error": 0.0219}, {"outer_epoch": 110, "inner_epoch": 1, "train_loss": 0.06277714977258196, "grad_norm": 0.013294881209731102, "test_error": 0.0219}, {"outer_epoch": 111, "inner_epoch": 1, "train_loss": 0.06275605509672702, "grad_norm": 0.013341027311980724, "test_error": 0.0219}, {"outer_epoch": 112, "inner_epoch": 1, "train_loss": 0.0627379830138137, "grad_norm": 0.013300939463078976, "test_error": 0.0219}, {"outer_epoch": 113, "inner_epoch": 1, "train_loss": 0.06271900592096305, "grad_norm": 0.013302815146744251, "test_error": 0.0219}, {"outer_epoch": 114, "inner_epoch": 1, "train_loss": 0.06270183366896041, "grad_norm": 0.013308384455740452, "test_error": 0.0219}, {"outer_epoch": 115, "inner_epoch": 1, "train_loss": 0.0626822104085198, "grad_norm": 0.013292595744132996, "test_error": 0.0219}, {"outer_epoch": 116, "inner_epoch": 1, "train_loss": 0.06266480730149973, "grad_norm": 0.013306204229593277, "test_error": 0.0218}, {"outer_epoch": 117, "inner_epoch": 1, "train_loss": 0.06264382817021881, "grad_norm": 0.01330907829105854, "test_error": 0.0218}, {"outer_epoch": 118, "inner_epoch": 1, "train_loss": 0.06262588721438078, "grad_norm": 0.013348110020160675, "test_error": 0.0218}, {"outer_epoch": 119, "inner_epoch": 1, "train_loss": 0.06260648044074575, "grad_norm": 0.013330972753465176, "test_error": 0.0218}, {"outer_epoch": 120, "inner_epoch": 1, "train_loss": 0.06258999589830637, "grad_norm": 0.013315580785274506, "test_error": 0.0219}, {"outer_epoch": 121, "inner_epoch": 1, "train_loss": 0.06257157130700458, "grad_norm": 0.013320153579115868, "test_error": 0.0219}, {"outer_epoch": 122, "inner_epoch": 1, "train_loss": 0.0625537718392831, "grad_norm": 0.01330159418284893, "test_error": 0.0218}, {"outer_epoch": 123, "inner_epoch": 1, "train_loss": 0.06253322409273823, "grad_norm": 0.013296736404299736, "test_error": 0.0218}, {"outer_epoch": 124, "inner_epoch": 1, "train_loss": 0.06251763472612948, "grad_norm": 0.013303062878549099, "test_error": 0.0218}, {"outer_epoch": 125, "inner_epoch": 1, "train_loss": 0.0624997708259034, "grad_norm": 0.013309819623827934, "test_error": 0.0218}, {"outer_epoch": 126, "inner_epoch": 1, "train_loss": 0.062480484459976046, "grad_norm": 0.01331448182463646, "test_error": 0.0218}, {"outer_epoch": 127, "inner_epoch": 1, "train_loss": 0.06246182250404187, "grad_norm": 0.013298237696290016, "test_error": 0.0218}, {"outer_epoch": 128, "inner_epoch": 1, "train_loss": 0.062443481996868895, "grad_norm": 0.013306548818945885, "test_error": 0.0218}, {"outer_epoch": 129, "inner_epoch": 1, "train_loss": 0.06242557354075446, "grad_norm": 0.013294675387442112, "test_error": 0.0218}, {"outer_epoch": 130, "inner_epoch": 1, "train_loss": 0.06240998759908446, "grad_norm": 0.013332617469131947, "test_error": 0.0218}, {"outer_epoch": 131, "inner_epoch": 1, "train_loss": 0.06239304841973353, "grad_norm": 0.013322756625711918, "test_error": 0.0218}, {"outer_epoch": 132, "inner_epoch": 1, "train_loss": 0.06237442759699964, "grad_norm": 0.013317481614649296, "test_error": 0.0218}, {"outer_epoch": 133, "inner_epoch": 1, "train_loss": 0.062356447949598076, "grad_norm": 0.013308831490576267, "test_error": 0.0218}, {"outer_epoch": 134, "inner_epoch": 1, "train_loss": 0.062337894275571064, "grad_norm": 0.01333001721650362, "test_error": 0.0218}, {"outer_epoch": 135, "inner_epoch": 1, "train_loss": 0.06232291090620371, "grad_norm": 0.013335841707885265, "test_error": 0.0218}, {"outer_epoch": 136, "inner_epoch": 1, "train_loss": 0.062307373546510156, "grad_norm": 0.013316146098077297, "test_error": 0.0218}, {"outer_epoch": 137, "inner_epoch": 1, "train_loss": 0.06229079746167796, "grad_norm": 0.013336953707039356, "test_error": 0.0218}, {"outer_epoch": 138, "inner_epoch": 1, "train_loss": 0.062273292231053344, "grad_norm": 0.01332608051598072, "test_error": 0.0218}, {"outer_epoch": 139, "inner_epoch": 1, "train_loss": 0.062257887822575866, "grad_norm": 0.013307974673807621, "test_error": 0.0218}, {"outer_epoch": 140, "inner_epoch": 1, "train_loss": 0.06224103148058445, "grad_norm": 0.013313938863575459, "test_error": 0.0218}, {"outer_epoch": 141, "inner_epoch": 1, "train_loss": 0.06222593488099907, "grad_norm": 0.013276639394462109, "test_error": 0.0218}, {"outer_epoch": 142, "inner_epoch": 1, "train_loss": 0.062205948623188304, "grad_norm": 0.013331061229109764, "test_error": 0.0218}, {"outer_epoch": 143, "inner_epoch": 1, "train_loss": 0.06219230442595047, "grad_norm": 0.013334156014025211, "test_error": 0.0218}, {"outer_epoch": 144, "inner_epoch": 1, "train_loss": 0.06217818993824767, "grad_norm": 0.01332053355872631, "test_error": 0.0218}, {"outer_epoch": 145, "inner_epoch": 1, "train_loss": 0.06215963733175886, "grad_norm": 0.013346617110073566, "test_error": 0.0218}, {"outer_epoch": 146, "inner_epoch": 1, "train_loss": 0.062144391448237, "grad_norm": 0.013294222764670849, "test_error": 0.0218}, {"outer_epoch": 147, "inner_epoch": 1, "train_loss": 0.062130007373867556, "grad_norm": 0.01334171649068594, "test_error": 0.0218}, {"outer_epoch": 148, "inner_epoch": 1, "train_loss": 0.062113448610606914, "grad_norm": 0.013345564715564251, "test_error": 0.0218}, {"outer_epoch": 149, "inner_epoch": 1, "train_loss": 0.06209741050701511, "grad_norm": 0.013343065045773983, "test_error": 0.0218}, {"outer_epoch": 150, "inner_epoch": 1, "train_loss": 0.062080448181251996, "grad_norm": 0.013338450342416763, "test_error": 0.0218}, {"outer_epoch": 151, "inner_epoch": 1, "train_loss": 0.06206715766714963, "grad_norm": 0.013362080790102482, "test_error": 0.0218}, {"outer_epoch": 152, "inner_epoch": 1, "train_loss": 0.06205291987657741, "grad_norm": 0.013328389264643192, "test_error": 0.0218}, {"outer_epoch": 153, "inner_epoch": 1, "train_loss": 0.06203613024626005, "grad_norm": 0.013332226313650608, "test_error": 0.0218}, {"outer_epoch": 154, "inner_epoch": 1, "train_loss": 0.0620218233926959, "grad_norm": 0.01332259364426136, "test_error": 0.0218}, {"outer_epoch": 155, "inner_epoch": 1, "train_loss": 0.062007077603794945, "grad_norm": 0.013306557200849056, "test_error": 0.0218}, {"outer_epoch": 156, "inner_epoch": 1, "train_loss": 0.061991573356053174, "grad_norm": 0.013315307907760143, "test_error": 0.0218}, {"outer_epoch": 157, "inner_epoch": 1, "train_loss": 0.06197767231578473, "grad_norm": 0.013332496397197247, "test_error": 0.0218}, {"outer_epoch": 158, "inner_epoch": 1, "train_loss": 0.06196358056486739, "grad_norm": 0.013325897045433521, "test_error": 0.0218}, {"outer_epoch": 159, "inner_epoch": 1, "train_loss": 0.0619468609370136, "grad_norm": 0.013326545245945454, "test_error": 0.0218}, {"outer_epoch": 160, "inner_epoch": 1, "train_loss": 0.061932662052897894, "grad_norm": 0.013294107280671597, "test_error": 0.0218}, {"outer_epoch": 161, "inner_epoch": 1, "train_loss": 0.06191826211857066, "grad_norm": 0.01330092828720808, "test_error": 0.0218}, {"outer_epoch": 162, "inner_epoch": 1, "train_loss": 0.061903878955558565, "grad_norm": 0.013310054317116737, "test_error": 0.0218}, {"outer_epoch": 163, "inner_epoch": 1, "train_loss": 0.06189286554269104, "grad_norm": 0.013279769569635391, "test_error": 0.0218}, {"outer_epoch": 164, "inner_epoch": 1, "train_loss": 0.06187613483287472, "grad_norm": 0.013317123055458069, "test_error": 0.0218}, {"outer_epoch": 165, "inner_epoch": 1, "train_loss": 0.06186134913949839, "grad_norm": 0.013323490507900715, "test_error": 0.0218}, {"outer_epoch": 166, "inner_epoch": 1, "train_loss": 0.06184890345579091, "grad_norm": 0.013343216851353645, "test_error": 0.0218}, {"outer_epoch": 167, "inner_epoch": 1, "train_loss": 0.061835539468331265, "grad_norm": 0.013288863003253937, "test_error": 0.0218}, {"outer_epoch": 168, "inner_epoch": 1, "train_loss": 0.061818402970791796, "grad_norm": 0.013325992040336132, "test_error": 0.0218}, {"outer_epoch": 169, "inner_epoch": 1, "train_loss": 0.061807507800423385, "grad_norm": 0.013359982520341873, "test_error": 0.0218}, {"outer_epoch": 170, "inner_epoch": 1, "train_loss": 0.06179358433474166, "grad_norm": 0.013356822542846203, "test_error": 0.0218}, {"outer_epoch": 171, "inner_epoch": 1, "train_loss": 0.06178011673815005, "grad_norm": 0.01334973145276308, "test_error": 0.0218}, {"outer_epoch": 172, "inner_epoch": 1, "train_loss": 0.06176215726461184, "grad_norm": 0.01333870179951191, "test_error": 0.0218}, {"outer_epoch": 173, "inner_epoch": 1, "train_loss": 0.06175305193720851, "grad_norm": 0.013304812833666801, "test_error": 0.0218}, {"outer_epoch": 174, "inner_epoch": 1, "train_loss": 0.06173729634618697, "grad_norm": 0.013373932801187038, "test_error": 0.0218}, {"outer_epoch": 175, "inner_epoch": 1, "train_loss": 0.06172484366549179, "grad_norm": 0.013340488076210022, "test_error": 0.0219}, {"outer_epoch": 176, "inner_epoch": 1, "train_loss": 0.061710824272187895, "grad_norm": 0.013341646641492844, "test_error": 0.0219}, {"outer_epoch": 177, "inner_epoch": 1, "train_loss": 0.06169732789122888, "grad_norm": 0.013331186026334763, "test_error": 0.0219}, {"outer_epoch": 178, "inner_epoch": 1, "train_loss": 0.061683882828258596, "grad_norm": 0.013316497206687927, "test_error": 0.0219}, {"outer_epoch": 179, "inner_epoch": 1, "train_loss": 0.061670781356379545, "grad_norm": 0.013326933607459068, "test_error": 0.0218}, {"outer_epoch": 180, "inner_epoch": 1, "train_loss": 0.06165747989524971, "grad_norm": 0.013272101059556007, "test_error": 0.0218}, {"outer_epoch": 181, "inner_epoch": 1, "train_loss": 0.061645559459012775, "grad_norm": 0.013279416598379612, "test_error": 0.0219}, {"outer_epoch": 182, "inner_epoch": 1, "train_loss": 0.06163203998633738, "grad_norm": 0.013327108696103096, "test_error": 0.0218}, {"outer_epoch": 183, "inner_epoch": 1, "train_loss": 0.061619301834667566, "grad_norm": 0.01333923451602459, "test_error": 0.0218}, {"outer_epoch": 184, "inner_epoch": 1, "train_loss": 0.06160765621093257, "grad_norm": 0.013322216458618641, "test_error": 0.0218}, {"outer_epoch": 185, "inner_epoch": 1, "train_loss": 0.061592706544324756, "grad_norm": 0.013365725986659527, "test_error": 0.0219}, {"outer_epoch": 186, "inner_epoch": 1, "train_loss": 0.061580406274239066, "grad_norm": 0.013333032839000225, "test_error": 0.022}, {"outer_epoch": 187, "inner_epoch": 1, "train_loss": 0.061567742911652505, "grad_norm": 0.013293079100549221, "test_error": 0.022}, {"outer_epoch": 188, "inner_epoch": 1, "train_loss": 0.06155377114374035, "grad_norm": 0.013334662653505802, "test_error": 0.022}, {"outer_epoch": 189, "inner_epoch": 1, "train_loss": 0.06154062044583649, "grad_norm": 0.013380061835050583, "test_error": 0.022}, {"outer_epoch": 190, "inner_epoch": 1, "train_loss": 0.06152920258309071, "grad_norm": 0.01331742201000452, "test_error": 0.022}, {"outer_epoch": 191, "inner_epoch": 1, "train_loss": 0.061516877421701796, "grad_norm": 0.013333206064999104, "test_error": 0.022}, {"outer_epoch": 192, "inner_epoch": 1, "train_loss": 0.061503290171987225, "grad_norm": 0.013310369104146957, "test_error": 0.022}, {"outer_epoch": 193, "inner_epoch": 1, "train_loss": 0.06149231367895845, "grad_norm": 0.013323131948709488, "test_error": 0.022}, {"outer_epoch": 194, "inner_epoch": 1, "train_loss": 0.0614789179826621, "grad_norm": 0.013327834196388721, "test_error": 0.022}, {"outer_epoch": 195, "inner_epoch": 1, "train_loss": 0.06146546832997895, "grad_norm": 0.013327027671039104, "test_error": 0.022}, {"outer_epoch": 196, "inner_epoch": 1, "train_loss": 0.0614558061901674, "grad_norm": 0.01331736147403717, "test_error": 0.022}, {"outer_epoch": 197, "inner_epoch": 1, "train_loss": 0.06144255462096771, "grad_norm": 0.013340816833078861, "test_error": 0.022}, {"outer_epoch": 198, "inner_epoch": 1, "train_loss": 0.061430352833025004, "grad_norm": 0.013349938206374645, "test_error": 0.022}, {"outer_epoch": 199, "inner_epoch": 1, "train_loss": 0.06142099206578375, "grad_norm": 0.013344142585992813, "test_error": 0.022}, {"outer_epoch": 200, "inner_epoch": 1, "train_loss": 0.06140620560005967, "grad_norm": 0.013341983780264854, "test_error": 0.022}, {"outer_epoch": 201, "inner_epoch": 1, "train_loss": 0.06139460184848091, "grad_norm": 0.013321860693395138, "test_error": 0.0219}, {"outer_epoch": 202, "inner_epoch": 1, "train_loss": 0.061384293584347084, "grad_norm": 0.013339295983314514, "test_error": 0.0219}, {"outer_epoch": 203, "inner_epoch": 1, "train_loss": 0.0613723625272396, "grad_norm": 0.013344287872314453, "test_error": 0.022}, {"outer_epoch": 204, "inner_epoch": 1, "train_loss": 0.061360407910212716, "grad_norm": 0.013353944756090641, "test_error": 0.022}, {"outer_epoch": 205, "inner_epoch": 1, "train_loss": 0.06134916511162495, "grad_norm": 0.01333251316100359, "test_error": 0.0219}, {"outer_epoch": 206, "inner_epoch": 1, "train_loss": 0.06133844064746518, "grad_norm": 0.013345865532755852, "test_error": 0.0219}, {"outer_epoch": 207, "inner_epoch": 1, "train_loss": 0.061329420677366825, "grad_norm": 0.013332549482584, "test_error": 0.0219}, {"outer_epoch": 208, "inner_epoch": 1, "train_loss": 0.0613178206642624, "grad_norm": 0.013345024548470974, "test_error": 0.0219}, {"outer_epoch": 209, "inner_epoch": 1, "train_loss": 0.061306159178474144, "grad_norm": 0.013349306769669056, "test_error": 0.0219}, {"outer_epoch": 210, "inner_epoch": 1, "train_loss": 0.0612942528805191, "grad_norm": 0.013311205431818962, "test_error": 0.0218}, {"outer_epoch": 211, "inner_epoch": 1, "train_loss": 0.06128308694380879, "grad_norm": 0.013317388482391834, "test_error": 0.0219}, {"outer_epoch": 212, "inner_epoch": 1, "train_loss": 0.061272370924979135, "grad_norm": 0.013318783603608608, "test_error": 0.0218}, {"outer_epoch": 213, "inner_epoch": 1, "train_loss": 0.06126017445079439, "grad_norm": 0.013345918618142605, "test_error": 0.0219}, {"outer_epoch": 214, "inner_epoch": 1, "train_loss": 0.061250588710303415, "grad_norm": 0.013364294543862343, "test_error": 0.0218}, {"outer_epoch": 215, "inner_epoch": 1, "train_loss": 0.06123883872809044, "grad_norm": 0.013388799503445625, "test_error": 0.0218}, {"outer_epoch": 216, "inner_epoch": 1, "train_loss": 0.06122896974056494, "grad_norm": 0.013336178846657276, "test_error": 0.0218}, {"outer_epoch": 217, "inner_epoch": 1, "train_loss": 0.06121721791326611, "grad_norm": 0.013369079679250717, "test_error": 0.0218}, {"outer_epoch": 218, "inner_epoch": 1, "train_loss": 0.061204755383427255, "grad_norm": 0.01336598489433527, "test_error": 0.0218}, {"outer_epoch": 219, "inner_epoch": 1, "train_loss": 0.06119673475962675, "grad_norm": 0.013361742720007896, "test_error": 0.0218}, {"outer_epoch": 220, "inner_epoch": 1, "train_loss": 0.06118189515844764, "grad_norm": 0.013332261703908443, "test_error": 0.0219}, {"outer_epoch": 221, "inner_epoch": 1, "train_loss": 0.06117401981926135, "grad_norm": 0.013322786428034306, "test_error": 0.0218}, {"outer_epoch": 222, "inner_epoch": 1, "train_loss": 0.06116378037070778, "grad_norm": 0.013301381841301918, "test_error": 0.0218}, {"outer_epoch": 223, "inner_epoch": 1, "train_loss": 0.06115335292629121, "grad_norm": 0.013347500935196877, "test_error": 0.0218}, {"outer_epoch": 224, "inner_epoch": 1, "train_loss": 0.06114327196551797, "grad_norm": 0.013353084214031696, "test_error": 0.0218}, {"outer_epoch": 225, "inner_epoch": 1, "train_loss": 0.061132313570512145, "grad_norm": 0.01332077570259571, "test_error": 0.0218}, {"outer_epoch": 226, "inner_epoch": 1, "train_loss": 0.06112151320354314, "grad_norm": 0.013343339785933495, "test_error": 0.0218}, {"outer_epoch": 227, "inner_epoch": 1, "train_loss": 0.06110987063450739, "grad_norm": 0.013366793282330036, "test_error": 0.0218}, {"outer_epoch": 228, "inner_epoch": 1, "train_loss": 0.06109904599216922, "grad_norm": 0.013371177017688751, "test_error": 0.0218}, {"outer_epoch": 229, "inner_epoch": 1, "train_loss": 0.0610906426832856, "grad_norm": 0.013346029445528984, "test_error": 0.0218}, {"outer_epoch": 230, "inner_epoch": 1, "train_loss": 0.061080273523247644, "grad_norm": 0.013397302478551865, "test_error": 0.0219}, {"outer_epoch": 231, "inner_epoch": 1, "train_loss": 0.061069917360378895, "grad_norm": 0.01332785189151764, "test_error": 0.0218}, {"outer_epoch": 232, "inner_epoch": 1, "train_loss": 0.06105858070949519, "grad_norm": 0.013354984112083912, "test_error": 0.0218}, {"outer_epoch": 233, "inner_epoch": 1, "train_loss": 0.061048625114296255, "grad_norm": 0.013316704891622066, "test_error": 0.0218}, {"outer_epoch": 234, "inner_epoch": 1, "train_loss": 0.06103990346383459, "grad_norm": 0.013328646309673786, "test_error": 0.0218}, {"outer_epoch": 235, "inner_epoch": 1, "train_loss": 0.06103103977476712, "grad_norm": 0.013359359465539455, "test_error": 0.0218}, {"outer_epoch": 236, "inner_epoch": 1, "train_loss": 0.06102008704080557, "grad_norm": 0.01331059169024229, "test_error": 0.0218}, {"outer_epoch": 237, "inner_epoch": 1, "train_loss": 0.0610103296963692, "grad_norm": 0.01330526638776064, "test_error": 0.0218}, {"outer_epoch": 238, "inner_epoch": 1, "train_loss": 0.06100144229623644, "grad_norm": 0.0133791733533144, "test_error": 0.0217}, {"outer_epoch": 239, "inner_epoch": 1, "train_loss": 0.06099141205525181, "grad_norm": 0.01336210872977972, "test_error": 0.0218}, {"outer_epoch": 240, "inner_epoch": 1, "train_loss": 0.06098157658210645, "grad_norm": 0.013358273543417454, "test_error": 0.0218}, {"outer_epoch": 241, "inner_epoch": 1, "train_loss": 0.060973403375207756, "grad_norm": 0.013316888362169266, "test_error": 0.0218}, {"outer_epoch": 242, "inner_epoch": 1, "train_loss": 0.06096424393181223, "grad_norm": 0.013327281922101974, "test_error": 0.0218}, {"outer_epoch": 243, "inner_epoch": 1, "train_loss": 0.06095494125194576, "grad_norm": 0.013400884345173836, "test_error": 0.0217}, {"outer_epoch": 244, "inner_epoch": 1, "train_loss": 0.060942400190067324, "grad_norm": 0.013338658958673477, "test_error": 0.0218}, {"outer_epoch": 245, "inner_epoch": 1, "train_loss": 0.06093480457943709, "grad_norm": 0.01334772165864706, "test_error": 0.0218}, {"outer_epoch": 246, "inner_epoch": 1, "train_loss": 0.06092508896401463, "grad_norm": 0.01329797226935625, "test_error": 0.0218}, {"outer_epoch": 247, "inner_epoch": 1, "train_loss": 0.06091459364147158, "grad_norm": 0.013359920121729374, "test_error": 0.0218}, {"outer_epoch": 248, "inner_epoch": 1, "train_loss": 0.060906249592041904, "grad_norm": 0.013321120291948318, "test_error": 0.0218}, {"outer_epoch": 249, "inner_epoch": 1, "train_loss": 0.06089751467997363, "grad_norm": 0.013307774439454079, "test_error": 0.0218}, {"outer_epoch": 250, "inner_epoch": 1, "train_loss": 0.06088598928567565, "grad_norm": 0.013358430936932564, "test_error": 0.0218}]}