{"argv": ["train.py", "--seed", "79", "--optimizer", "SVRG", "--run_name", "svrg_0.05.json", "--output_path", "experiments/nonconvex_mnist/svrg-0.05.json", "--dataset", "MNIST", "--layer_sizes", "784", "100", "10", "--batch_size", "10", "--learning_rate", "0.05", "--weight_decay", "0.001", "--warmup_learning_rate", "0.03", "--num_warmup_epochs", "10", "--num_outer_epochs", "250", "--num_inner_epochs", "1", "--device", "cuda"], "args": {"seed": 79, "optimizer": "SVRG", "run_name": "svrg_0.05.json", "output_path": "experiments/nonconvex_mnist/svrg-0.05.json", "device": "cuda", "dataset": "MNIST", "dataset_root": "~/datasets/pytorch", "dataset_size": null, "download": false, "layer_sizes": [784, 100, 10], "batch_size": 10, "test_batch_size": 256, "learning_rate": 0.05, "weight_decay": 0.001, "warmup_learning_rate": 0.03, "num_warmup_epochs": 10, "num_outer_epochs": 250, "num_inner_epochs": 1, "inner_epoch_fraction": null, "choose_random_iterate": false, "num_epochs": 10}, "metrics": [{"warmup_epoch": 1, "train_loss": 0.35890698494156825, "grad_norm": 0.1693902164697647, "test_error": 0.0604}, {"warmup_epoch": 2, "train_loss": 0.18194871377463762, "grad_norm": 0.2195146232843399, "test_error": 0.0452}, {"warmup_epoch": 3, "train_loss": 0.13772531318229933, "grad_norm": 0.1083531603217125, "test_error": 0.0355}, {"warmup_epoch": 4, "train_loss": 0.11455598155801029, "grad_norm": 0.128460094332695, "test_error": 0.0309}, {"warmup_epoch": 5, "train_loss": 0.10187839505526548, "grad_norm": 0.12868857383728027, "test_error": 0.0289}, {"warmup_epoch": 6, "train_loss": 0.09330414409479515, "grad_norm": 0.11282596737146378, "test_error": 0.0299}, {"warmup_epoch": 7, "train_loss": 0.0883496714690118, "grad_norm": 0.1100197434425354, "test_error": 0.0272}, {"warmup_epoch": 8, "train_loss": 0.08488113678083756, "grad_norm": 0.07917097210884094, "test_error": 0.0262}, {"warmup_epoch": 9, "train_loss": 0.08198994982849885, "grad_norm": 0.09910028427839279, "test_error": 0.0251}, {"warmup_epoch": 10, "train_loss": 0.07989919863670365, "grad_norm": 0.09282933175563812, "test_error": 0.0258}, {"outer_epoch": 1, "inner_epoch": 1, "train_loss": 0.06656309507407908, "grad_norm": 0.04971085488796234, "test_error": 0.023}, {"outer_epoch": 2, "inner_epoch": 1, "train_loss": 0.06433851273672189, "grad_norm": 0.030913492664694786, "test_error": 0.0219}, {"outer_epoch": 3, "inner_epoch": 1, "train_loss": 0.06291637194956032, "grad_norm": 0.02562142349779606, "test_error": 0.0214}, {"outer_epoch": 4, "inner_epoch": 1, "train_loss": 0.062123341328600264, "grad_norm": 0.01906784065067768, "test_error": 0.0221}, {"outer_epoch": 5, "inner_epoch": 1, "train_loss": 0.061336332205818814, "grad_norm": 0.022545482963323593, "test_error": 0.0223}, {"outer_epoch": 6, "inner_epoch": 1, "train_loss": 0.060760064721611946, "grad_norm": 0.03513190150260925, "test_error": 0.0218}, {"outer_epoch": 7, "inner_epoch": 1, "train_loss": 0.06043946649048788, "grad_norm": 0.03661450743675232, "test_error": 0.0219}, {"outer_epoch": 8, "inner_epoch": 1, "train_loss": 0.06020135756304565, "grad_norm": 0.029434066265821457, "test_error": 0.021}, {"outer_epoch": 9, "inner_epoch": 1, "train_loss": 0.05985265068843728, "grad_norm": 0.028320973739027977, "test_error": 0.0206}, {"outer_epoch": 10, "inner_epoch": 1, "train_loss": 0.05947611584157372, "grad_norm": 0.026985162869095802, "test_error": 0.0213}, {"outer_epoch": 11, "inner_epoch": 1, "train_loss": 0.05933778960383885, "grad_norm": 0.023631049320101738, "test_error": 0.021}, {"outer_epoch": 12, "inner_epoch": 1, "train_loss": 0.0590877763221312, "grad_norm": 0.019885238260030746, "test_error": 0.0215}, {"outer_epoch": 13, "inner_epoch": 1, "train_loss": 0.059008832762929765, "grad_norm": 0.023028165102005005, "test_error": 0.0207}, {"outer_epoch": 14, "inner_epoch": 1, "train_loss": 0.05869448948142235, "grad_norm": 0.04653642326593399, "test_error": 0.0218}, {"outer_epoch": 15, "inner_epoch": 1, "train_loss": 0.05896962394144308, "grad_norm": 0.043951891362667084, "test_error": 0.0215}, {"outer_epoch": 16, "inner_epoch": 1, "train_loss": 0.05873778235751282, "grad_norm": 0.027234241366386414, "test_error": 0.0205}, {"outer_epoch": 17, "inner_epoch": 1, "train_loss": 0.05844192288311509, "grad_norm": 0.02343766577541828, "test_error": 0.0212}, {"outer_epoch": 18, "inner_epoch": 1, "train_loss": 0.05831969856190456, "grad_norm": 0.021679718047380447, "test_error": 0.0212}, {"outer_epoch": 19, "inner_epoch": 1, "train_loss": 0.05817418144356149, "grad_norm": 0.020181803032755852, "test_error": 0.0212}, {"outer_epoch": 20, "inner_epoch": 1, "train_loss": 0.05813798047489642, "grad_norm": 0.01972685009241104, "test_error": 0.0207}, {"outer_epoch": 21, "inner_epoch": 1, "train_loss": 0.05803612236931804, "grad_norm": 0.022192679345607758, "test_error": 0.0209}, {"outer_epoch": 22, "inner_epoch": 1, "train_loss": 0.058004185076395515, "grad_norm": 0.025654617697000504, "test_error": 0.021}, {"outer_epoch": 23, "inner_epoch": 1, "train_loss": 0.05790493039006833, "grad_norm": 0.02169134095311165, "test_error": 0.0207}, {"outer_epoch": 24, "inner_epoch": 1, "train_loss": 0.057897572256275454, "grad_norm": 0.022902244701981544, "test_error": 0.0208}, {"outer_epoch": 25, "inner_epoch": 1, "train_loss": 0.05776105478570874, "grad_norm": 0.021543793380260468, "test_error": 0.0212}, {"outer_epoch": 26, "inner_epoch": 1, "train_loss": 0.05778415624581976, "grad_norm": 0.02630658820271492, "test_error": 0.0201}, {"outer_epoch": 27, "inner_epoch": 1, "train_loss": 0.05762174717563903, "grad_norm": 0.020982470363378525, "test_error": 0.0209}, {"outer_epoch": 28, "inner_epoch": 1, "train_loss": 0.057528754180219646, "grad_norm": 0.023382334038615227, "test_error": 0.021}, {"outer_epoch": 29, "inner_epoch": 1, "train_loss": 0.05753601098501046, "grad_norm": 0.02380591630935669, "test_error": 0.0202}, {"outer_epoch": 30, "inner_epoch": 1, "train_loss": 0.05746923750499264, "grad_norm": 0.02707567624747753, "test_error": 0.0205}, {"outer_epoch": 31, "inner_epoch": 1, "train_loss": 0.05754586942777193, "grad_norm": 0.019901560619473457, "test_error": 0.0206}, {"outer_epoch": 32, "inner_epoch": 1, "train_loss": 0.057283453425819364, "grad_norm": 0.021438686177134514, "test_error": 0.0209}, {"outer_epoch": 33, "inner_epoch": 1, "train_loss": 0.057269105003700436, "grad_norm": 0.022216182202100754, "test_error": 0.021}, {"outer_epoch": 34, "inner_epoch": 1, "train_loss": 0.05725029738260976, "grad_norm": 0.01753915846347809, "test_error": 0.0208}, {"outer_epoch": 35, "inner_epoch": 1, "train_loss": 0.05721009614875463, "grad_norm": 0.02079327031970024, "test_error": 0.0209}, {"outer_epoch": 36, "inner_epoch": 1, "train_loss": 0.057256782971768796, "grad_norm": 0.01888793520629406, "test_error": 0.0203}, {"outer_epoch": 37, "inner_epoch": 1, "train_loss": 0.057211296040622986, "grad_norm": 0.024883359670639038, "test_error": 0.0199}, {"outer_epoch": 38, "inner_epoch": 1, "train_loss": 0.05715072846523253, "grad_norm": 0.020100433379411697, "test_error": 0.0208}, {"outer_epoch": 39, "inner_epoch": 1, "train_loss": 0.05714625814508569, "grad_norm": 0.030682818964123726, "test_error": 0.0209}, {"outer_epoch": 40, "inner_epoch": 1, "train_loss": 0.05708677323564189, "grad_norm": 0.0301861260086298, "test_error": 0.0211}, {"outer_epoch": 41, "inner_epoch": 1, "train_loss": 0.05718883250145397, "grad_norm": 0.024884697049856186, "test_error": 0.021}, {"outer_epoch": 42, "inner_epoch": 1, "train_loss": 0.0570229503500935, "grad_norm": 0.023338954895734787, "test_error": 0.0211}, {"outer_epoch": 43, "inner_epoch": 1, "train_loss": 0.05708836465369677, "grad_norm": 0.02113543078303337, "test_error": 0.0207}, {"outer_epoch": 44, "inner_epoch": 1, "train_loss": 0.05697928641001151, "grad_norm": 0.020728420466184616, "test_error": 0.0201}, {"outer_epoch": 45, "inner_epoch": 1, "train_loss": 0.05690019117994234, "grad_norm": 0.019688276574015617, "test_error": 0.0212}, {"outer_epoch": 46, "inner_epoch": 1, "train_loss": 0.05703854884315903, "grad_norm": 0.02055872231721878, "test_error": 0.0207}, {"outer_epoch": 47, "inner_epoch": 1, "train_loss": 0.05697441529255593, "grad_norm": 0.01687193289399147, "test_error": 0.0202}, {"outer_epoch": 48, "inner_epoch": 1, "train_loss": 0.05698589070645782, "grad_norm": 0.021367566660046577, "test_error": 0.0204}, {"outer_epoch": 49, "inner_epoch": 1, "train_loss": 0.05699704662815202, "grad_norm": 0.023168930783867836, "test_error": 0.02}, {"outer_epoch": 50, "inner_epoch": 1, "train_loss": 0.056963387820598045, "grad_norm": 0.022780509665608406, "test_error": 0.0204}, {"outer_epoch": 51, "inner_epoch": 1, "train_loss": 0.056935061136823305, "grad_norm": 0.019239071756601334, "test_error": 0.0205}, {"outer_epoch": 52, "inner_epoch": 1, "train_loss": 0.05687017096497584, "grad_norm": 0.0296179186552763, "test_error": 0.0204}, {"outer_epoch": 53, "inner_epoch": 1, "train_loss": 0.05692423483477129, "grad_norm": 0.022198813036084175, "test_error": 0.0202}, {"outer_epoch": 54, "inner_epoch": 1, "train_loss": 0.05697165394304708, "grad_norm": 0.02375478856265545, "test_error": 0.0203}, {"outer_epoch": 55, "inner_epoch": 1, "train_loss": 0.05688905948683775, "grad_norm": 0.019826825708150864, "test_error": 0.0209}, {"outer_epoch": 56, "inner_epoch": 1, "train_loss": 0.056684357554360756, "grad_norm": 0.024833912029862404, "test_error": 0.0206}, {"outer_epoch": 57, "inner_epoch": 1, "train_loss": 0.056746464014771236, "grad_norm": 0.021105242893099785, "test_error": 0.0206}, {"outer_epoch": 58, "inner_epoch": 1, "train_loss": 0.056847410243877676, "grad_norm": 0.019266000017523766, "test_error": 0.0205}, {"outer_epoch": 59, "inner_epoch": 1, "train_loss": 0.056821742756971313, "grad_norm": 0.016998352482914925, "test_error": 0.0209}, {"outer_epoch": 60, "inner_epoch": 1, "train_loss": 0.05661657389686055, "grad_norm": 0.021362630650401115, "test_error": 0.0199}, {"outer_epoch": 61, "inner_epoch": 1, "train_loss": 0.05674570300779305, "grad_norm": 0.020979249849915504, "test_error": 0.0208}, {"outer_epoch": 62, "inner_epoch": 1, "train_loss": 0.05669849125889596, "grad_norm": 0.026471177116036415, "test_error": 0.0202}, {"outer_epoch": 63, "inner_epoch": 1, "train_loss": 0.0567599418310953, "grad_norm": 0.02595517598092556, "test_error": 0.0203}, {"outer_epoch": 64, "inner_epoch": 1, "train_loss": 0.056769101450239154, "grad_norm": 0.02199695259332657, "test_error": 0.0204}, {"outer_epoch": 65, "inner_epoch": 1, "train_loss": 0.05662306135838541, "grad_norm": 0.021987859159708023, "test_error": 0.0206}, {"outer_epoch": 66, "inner_epoch": 1, "train_loss": 0.05672554381236356, "grad_norm": 0.021861063316464424, "test_error": 0.0203}, {"outer_epoch": 67, "inner_epoch": 1, "train_loss": 0.056693998807439736, "grad_norm": 0.026292303577065468, "test_error": 0.0209}, {"outer_epoch": 68, "inner_epoch": 1, "train_loss": 0.05663373541119897, "grad_norm": 0.018357662484049797, "test_error": 0.0204}, {"outer_epoch": 69, "inner_epoch": 1, "train_loss": 0.05658661716068551, "grad_norm": 0.020000888034701347, "test_error": 0.0206}, {"outer_epoch": 70, "inner_epoch": 1, "train_loss": 0.056679317688356, "grad_norm": 0.024026593193411827, "test_error": 0.0212}, {"outer_epoch": 71, "inner_epoch": 1, "train_loss": 0.05661223008763045, "grad_norm": 0.021135900169610977, "test_error": 0.0206}, {"outer_epoch": 72, "inner_epoch": 1, "train_loss": 0.0566112923383868, "grad_norm": 0.044634826481342316, "test_error": 0.0211}, {"outer_epoch": 73, "inner_epoch": 1, "train_loss": 0.05670889421597045, "grad_norm": 0.025213567540049553, "test_error": 0.0204}, {"outer_epoch": 74, "inner_epoch": 1, "train_loss": 0.0566320158658782, "grad_norm": 0.03148549050092697, "test_error": 0.0204}, {"outer_epoch": 75, "inner_epoch": 1, "train_loss": 0.05652381287488, "grad_norm": 0.03420807793736458, "test_error": 0.0202}, {"outer_epoch": 76, "inner_epoch": 1, "train_loss": 0.05668302844307618, "grad_norm": 0.019632622599601746, "test_error": 0.0205}, {"outer_epoch": 77, "inner_epoch": 1, "train_loss": 0.0565811317912594, "grad_norm": 0.02095486782491207, "test_error": 0.0203}, {"outer_epoch": 78, "inner_epoch": 1, "train_loss": 0.05658739647280891, "grad_norm": 0.02019108459353447, "test_error": 0.0206}, {"outer_epoch": 79, "inner_epoch": 1, "train_loss": 0.05657645299809519, "grad_norm": 0.016899697482585907, "test_error": 0.0203}, {"outer_epoch": 80, "inner_epoch": 1, "train_loss": 0.05641833416355075, "grad_norm": 0.02291899546980858, "test_error": 0.0204}, {"outer_epoch": 81, "inner_epoch": 1, "train_loss": 0.05647799382838033, "grad_norm": 0.01885589212179184, "test_error": 0.0201}, {"outer_epoch": 82, "inner_epoch": 1, "train_loss": 0.056553504290573375, "grad_norm": 0.020816579461097717, "test_error": 0.0208}, {"outer_epoch": 83, "inner_epoch": 1, "train_loss": 0.056466350273850066, "grad_norm": 0.025126852095127106, "test_error": 0.0204}, {"outer_epoch": 84, "inner_epoch": 1, "train_loss": 0.05642262322065653, "grad_norm": 0.01902276650071144, "test_error": 0.0205}, {"outer_epoch": 85, "inner_epoch": 1, "train_loss": 0.05645628706990586, "grad_norm": 0.021618833765387535, "test_error": 0.0209}, {"outer_epoch": 86, "inner_epoch": 1, "train_loss": 0.05649055257276632, "grad_norm": 0.020722029730677605, "test_error": 0.0208}, {"outer_epoch": 87, "inner_epoch": 1, "train_loss": 0.056368352682543144, "grad_norm": 0.019506964832544327, "test_error": 0.0203}, {"outer_epoch": 88, "inner_epoch": 1, "train_loss": 0.05641725266325132, "grad_norm": 0.02571006678044796, "test_error": 0.0202}, {"outer_epoch": 89, "inner_epoch": 1, "train_loss": 0.0564664081048686, "grad_norm": 0.02635364420711994, "test_error": 0.0211}, {"outer_epoch": 90, "inner_epoch": 1, "train_loss": 0.05650662040669704, "grad_norm": 0.02140302211046219, "test_error": 0.0207}, {"outer_epoch": 91, "inner_epoch": 1, "train_loss": 0.05646830925153336, "grad_norm": 0.02005670592188835, "test_error": 0.0211}, {"outer_epoch": 92, "inner_epoch": 1, "train_loss": 0.05636747156333877, "grad_norm": 0.019274767488241196, "test_error": 0.0206}, {"outer_epoch": 93, "inner_epoch": 1, "train_loss": 0.05631366106618468, "grad_norm": 0.017507782205939293, "test_error": 0.0209}, {"outer_epoch": 94, "inner_epoch": 1, "train_loss": 0.056339274660140895, "grad_norm": 0.04033580422401428, "test_error": 0.0208}, {"outer_epoch": 95, "inner_epoch": 1, "train_loss": 0.05652025675674668, "grad_norm": 0.022082675248384476, "test_error": 0.0213}, {"outer_epoch": 96, "inner_epoch": 1, "train_loss": 0.05630022038337969, "grad_norm": 0.019573448225855827, "test_error": 0.0209}, {"outer_epoch": 97, "inner_epoch": 1, "train_loss": 0.056347687652548, "grad_norm": 0.018995486199855804, "test_error": 0.0204}, {"outer_epoch": 98, "inner_epoch": 1, "train_loss": 0.05638327221527773, "grad_norm": 0.02197381481528282, "test_error": 0.0201}, {"outer_epoch": 99, "inner_epoch": 1, "train_loss": 0.05639192895527231, "grad_norm": 0.02318647690117359, "test_error": 0.0212}, {"outer_epoch": 100, "inner_epoch": 1, "train_loss": 0.05639123906216507, "grad_norm": 0.021507974714040756, "test_error": 0.0206}, {"outer_epoch": 101, "inner_epoch": 1, "train_loss": 0.056309338268474673, "grad_norm": 0.022150548174977303, "test_error": 0.0209}, {"outer_epoch": 102, "inner_epoch": 1, "train_loss": 0.056322171313979194, "grad_norm": 0.020952820777893066, "test_error": 0.0205}, {"outer_epoch": 103, "inner_epoch": 1, "train_loss": 0.056322096336535954, "grad_norm": 0.022061772644519806, "test_error": 0.0201}, {"outer_epoch": 104, "inner_epoch": 1, "train_loss": 0.05629185899868996, "grad_norm": 0.017321737483143806, "test_error": 0.0204}, {"outer_epoch": 105, "inner_epoch": 1, "train_loss": 0.05625611570696735, "grad_norm": 0.01735900714993477, "test_error": 0.0206}, {"outer_epoch": 106, "inner_epoch": 1, "train_loss": 0.056325226046241975, "grad_norm": 0.027464887127280235, "test_error": 0.0207}, {"outer_epoch": 107, "inner_epoch": 1, "train_loss": 0.05643877744381704, "grad_norm": 0.02176683582365513, "test_error": 0.0209}, {"outer_epoch": 108, "inner_epoch": 1, "train_loss": 0.056208450824002894, "grad_norm": 0.017049044370651245, "test_error": 0.021}, {"outer_epoch": 109, "inner_epoch": 1, "train_loss": 0.05628953014133731, "grad_norm": 0.021574240177869797, "test_error": 0.0208}, {"outer_epoch": 110, "inner_epoch": 1, "train_loss": 0.056235151940665674, "grad_norm": 0.016435645520687103, "test_error": 0.0205}, {"outer_epoch": 111, "inner_epoch": 1, "train_loss": 0.0562699903032044, "grad_norm": 0.01906047947704792, "test_error": 0.0206}, {"outer_epoch": 112, "inner_epoch": 1, "train_loss": 0.05631595228197208, "grad_norm": 0.018358729779720306, "test_error": 0.0206}, {"outer_epoch": 113, "inner_epoch": 1, "train_loss": 0.05626385954889702, "grad_norm": 0.019337214529514313, "test_error": 0.0208}, {"outer_epoch": 114, "inner_epoch": 1, "train_loss": 0.05619890273862984, "grad_norm": 0.016055786982178688, "test_error": 0.0202}, {"outer_epoch": 115, "inner_epoch": 1, "train_loss": 0.05621156173022852, "grad_norm": 0.020835094153881073, "test_error": 0.0204}, {"outer_epoch": 116, "inner_epoch": 1, "train_loss": 0.056230491761351004, "grad_norm": 0.03908386453986168, "test_error": 0.0211}, {"outer_epoch": 117, "inner_epoch": 1, "train_loss": 0.05648789277624261, "grad_norm": 0.031741898506879807, "test_error": 0.0213}, {"outer_epoch": 118, "inner_epoch": 1, "train_loss": 0.05625414535597277, "grad_norm": 0.0226025078445673, "test_error": 0.0209}, {"outer_epoch": 119, "inner_epoch": 1, "train_loss": 0.05614961329855335, "grad_norm": 0.01934095099568367, "test_error": 0.0208}, {"outer_epoch": 120, "inner_epoch": 1, "train_loss": 0.056215702235427066, "grad_norm": 0.016354091465473175, "test_error": 0.0204}, {"outer_epoch": 121, "inner_epoch": 1, "train_loss": 0.05616626703455889, "grad_norm": 0.018613126128911972, "test_error": 0.0201}, {"outer_epoch": 122, "inner_epoch": 1, "train_loss": 0.056120720026859396, "grad_norm": 0.024253295734524727, "test_error": 0.0208}, {"outer_epoch": 123, "inner_epoch": 1, "train_loss": 0.056132941765652505, "grad_norm": 0.03925073891878128, "test_error": 0.0215}, {"outer_epoch": 124, "inner_epoch": 1, "train_loss": 0.05639265783681185, "grad_norm": 0.028355672955513, "test_error": 0.0204}, {"outer_epoch": 125, "inner_epoch": 1, "train_loss": 0.05617430704028811, "grad_norm": 0.018101055175065994, "test_error": 0.0205}, {"outer_epoch": 126, "inner_epoch": 1, "train_loss": 0.05620554438565159, "grad_norm": 0.022140227258205414, "test_error": 0.021}, {"outer_epoch": 127, "inner_epoch": 1, "train_loss": 0.056035213838991085, "grad_norm": 0.049432333558797836, "test_error": 0.0209}, {"outer_epoch": 128, "inner_epoch": 1, "train_loss": 0.056483580138088046, "grad_norm": 0.030800970271229744, "test_error": 0.0214}, {"outer_epoch": 129, "inner_epoch": 1, "train_loss": 0.056365673018241066, "grad_norm": 0.020860111340880394, "test_error": 0.021}, {"outer_epoch": 130, "inner_epoch": 1, "train_loss": 0.056109741486104515, "grad_norm": 0.02118613012135029, "test_error": 0.0204}, {"outer_epoch": 131, "inner_epoch": 1, "train_loss": 0.05605999990519679, "grad_norm": 0.020841026678681374, "test_error": 0.0208}, {"outer_epoch": 132, "inner_epoch": 1, "train_loss": 0.05610510362085188, "grad_norm": 0.020828930661082268, "test_error": 0.0206}, {"outer_epoch": 133, "inner_epoch": 1, "train_loss": 0.056136101466972226, "grad_norm": 0.028985222801566124, "test_error": 0.0204}, {"outer_epoch": 134, "inner_epoch": 1, "train_loss": 0.05615374079779334, "grad_norm": 0.02564455009996891, "test_error": 0.0205}, {"outer_epoch": 135, "inner_epoch": 1, "train_loss": 0.05605391649502174, "grad_norm": 0.02594870515167713, "test_error": 0.0209}, {"outer_epoch": 136, "inner_epoch": 1, "train_loss": 0.0560739304498032, "grad_norm": 0.02603391371667385, "test_error": 0.0209}, {"outer_epoch": 137, "inner_epoch": 1, "train_loss": 0.05608736691281471, "grad_norm": 0.017952915281057358, "test_error": 0.0208}, {"outer_epoch": 138, "inner_epoch": 1, "train_loss": 0.05607427011427353, "grad_norm": 0.020369865000247955, "test_error": 0.0205}, {"outer_epoch": 139, "inner_epoch": 1, "train_loss": 0.05613910526510638, "grad_norm": 0.02290310338139534, "test_error": 0.0206}, {"outer_epoch": 140, "inner_epoch": 1, "train_loss": 0.0560770184781674, "grad_norm": 0.020750150084495544, "test_error": 0.0203}, {"outer_epoch": 141, "inner_epoch": 1, "train_loss": 0.05600125744533337, "grad_norm": 0.0224617812782526, "test_error": 0.0202}, {"outer_epoch": 142, "inner_epoch": 1, "train_loss": 0.05613810487508696, "grad_norm": 0.020067181438207626, "test_error": 0.0206}, {"outer_epoch": 143, "inner_epoch": 1, "train_loss": 0.05601156145770801, "grad_norm": 0.02203909493982792, "test_error": 0.0212}, {"outer_epoch": 144, "inner_epoch": 1, "train_loss": 0.055969076474022585, "grad_norm": 0.019377877935767174, "test_error": 0.021}, {"outer_epoch": 145, "inner_epoch": 1, "train_loss": 0.05600495180969786, "grad_norm": 0.02178855426609516, "test_error": 0.0208}, {"outer_epoch": 146, "inner_epoch": 1, "train_loss": 0.055956097869998, "grad_norm": 0.019487081095576286, "test_error": 0.0213}, {"outer_epoch": 147, "inner_epoch": 1, "train_loss": 0.055949384471653804, "grad_norm": 0.01680828630924225, "test_error": 0.0208}, {"outer_epoch": 148, "inner_epoch": 1, "train_loss": 0.05593626945165064, "grad_norm": 0.017633851617574692, "test_error": 0.0207}, {"outer_epoch": 149, "inner_epoch": 1, "train_loss": 0.05595929049566621, "grad_norm": 0.01745791547000408, "test_error": 0.021}, {"outer_epoch": 150, "inner_epoch": 1, "train_loss": 0.056034689644681446, "grad_norm": 0.01657804474234581, "test_error": 0.021}, {"outer_epoch": 151, "inner_epoch": 1, "train_loss": 0.05588554951319626, "grad_norm": 0.01893075928092003, "test_error": 0.0205}, {"outer_epoch": 152, "inner_epoch": 1, "train_loss": 0.055956123735037784, "grad_norm": 0.025116216391324997, "test_error": 0.0212}, {"outer_epoch": 153, "inner_epoch": 1, "train_loss": 0.056141480832535305, "grad_norm": 0.020027142018079758, "test_error": 0.021}, {"outer_epoch": 154, "inner_epoch": 1, "train_loss": 0.05608107154853254, "grad_norm": 0.022336283698678017, "test_error": 0.0217}, {"outer_epoch": 155, "inner_epoch": 1, "train_loss": 0.05598859956858602, "grad_norm": 0.02084798738360405, "test_error": 0.0214}, {"outer_epoch": 156, "inner_epoch": 1, "train_loss": 0.05598582685377915, "grad_norm": 0.019515885040163994, "test_error": 0.021}, {"outer_epoch": 157, "inner_epoch": 1, "train_loss": 0.056085086558790256, "grad_norm": 0.025266794487833977, "test_error": 0.0207}, {"outer_epoch": 158, "inner_epoch": 1, "train_loss": 0.056094943785147434, "grad_norm": 0.02112237922847271, "test_error": 0.0212}, {"outer_epoch": 159, "inner_epoch": 1, "train_loss": 0.05598655244779851, "grad_norm": 0.0170791894197464, "test_error": 0.0212}, {"outer_epoch": 160, "inner_epoch": 1, "train_loss": 0.055849400188075375, "grad_norm": 0.027099639177322388, "test_error": 0.0208}, {"outer_epoch": 161, "inner_epoch": 1, "train_loss": 0.055938703965822546, "grad_norm": 0.027338752523064613, "test_error": 0.0209}, {"outer_epoch": 162, "inner_epoch": 1, "train_loss": 0.05599538387274758, "grad_norm": 0.02379777655005455, "test_error": 0.0205}, {"outer_epoch": 163, "inner_epoch": 1, "train_loss": 0.05593565818964271, "grad_norm": 0.01969175972044468, "test_error": 0.0206}, {"outer_epoch": 164, "inner_epoch": 1, "train_loss": 0.05598678100549538, "grad_norm": 0.02354789897799492, "test_error": 0.0207}, {"outer_epoch": 165, "inner_epoch": 1, "train_loss": 0.05599680359446211, "grad_norm": 0.020527563989162445, "test_error": 0.0205}, {"outer_epoch": 166, "inner_epoch": 1, "train_loss": 0.05605201753593671, "grad_norm": 0.02402026392519474, "test_error": 0.0209}, {"outer_epoch": 167, "inner_epoch": 1, "train_loss": 0.055953671486582604, "grad_norm": 0.02195696532726288, "test_error": 0.0212}, {"outer_epoch": 168, "inner_epoch": 1, "train_loss": 0.05590901296960268, "grad_norm": 0.02295364812016487, "test_error": 0.0206}, {"outer_epoch": 169, "inner_epoch": 1, "train_loss": 0.055992559242314506, "grad_norm": 0.02605804242193699, "test_error": 0.0205}, {"outer_epoch": 170, "inner_epoch": 1, "train_loss": 0.05597179268822462, "grad_norm": 0.026786554604768753, "test_error": 0.0205}, {"outer_epoch": 171, "inner_epoch": 1, "train_loss": 0.05591657186592541, "grad_norm": 0.029035527259111404, "test_error": 0.0205}, {"outer_epoch": 172, "inner_epoch": 1, "train_loss": 0.05599268497924398, "grad_norm": 0.037103231996297836, "test_error": 0.0205}, {"outer_epoch": 173, "inner_epoch": 1, "train_loss": 0.056019789666015035, "grad_norm": 0.03795551508665085, "test_error": 0.0206}, {"outer_epoch": 174, "inner_epoch": 1, "train_loss": 0.056101582242098325, "grad_norm": 0.029689054936170578, "test_error": 0.0208}, {"outer_epoch": 175, "inner_epoch": 1, "train_loss": 0.05596812207255668, "grad_norm": 0.02542084828019142, "test_error": 0.0207}, {"outer_epoch": 176, "inner_epoch": 1, "train_loss": 0.05599621620685017, "grad_norm": 0.0261505339294672, "test_error": 0.0208}, {"outer_epoch": 177, "inner_epoch": 1, "train_loss": 0.0560145153979538, "grad_norm": 0.027843298390507698, "test_error": 0.0209}, {"outer_epoch": 178, "inner_epoch": 1, "train_loss": 0.055944901110235756, "grad_norm": 0.021030835807323456, "test_error": 0.0206}, {"outer_epoch": 179, "inner_epoch": 1, "train_loss": 0.05592305543492936, "grad_norm": 0.021938499063253403, "test_error": 0.0203}, {"outer_epoch": 180, "inner_epoch": 1, "train_loss": 0.05596146967157256, "grad_norm": 0.017802095040678978, "test_error": 0.0206}, {"outer_epoch": 181, "inner_epoch": 1, "train_loss": 0.05586948809879444, "grad_norm": 0.016794411465525627, "test_error": 0.0206}, {"outer_epoch": 182, "inner_epoch": 1, "train_loss": 0.05576996409025742, "grad_norm": 0.020307403057813644, "test_error": 0.0203}, {"outer_epoch": 183, "inner_epoch": 1, "train_loss": 0.05589326815724295, "grad_norm": 0.0379827655851841, "test_error": 0.0206}, {"outer_epoch": 184, "inner_epoch": 1, "train_loss": 0.05594845258132167, "grad_norm": 0.029680171981453896, "test_error": 0.0205}, {"outer_epoch": 185, "inner_epoch": 1, "train_loss": 0.055925612958633186, "grad_norm": 0.029020128771662712, "test_error": 0.0203}, {"outer_epoch": 186, "inner_epoch": 1, "train_loss": 0.056002049021578085, "grad_norm": 0.019787682220339775, "test_error": 0.0204}, {"outer_epoch": 187, "inner_epoch": 1, "train_loss": 0.05585468564956682, "grad_norm": 0.019694169983267784, "test_error": 0.0206}, {"outer_epoch": 188, "inner_epoch": 1, "train_loss": 0.05582618844592556, "grad_norm": 0.02574455365538597, "test_error": 0.0206}, {"outer_epoch": 189, "inner_epoch": 1, "train_loss": 0.055910208958259315, "grad_norm": 0.018507612869143486, "test_error": 0.021}, {"outer_epoch": 190, "inner_epoch": 1, "train_loss": 0.0559305135619555, "grad_norm": 0.023406976833939552, "test_error": 0.0201}, {"outer_epoch": 191, "inner_epoch": 1, "train_loss": 0.05586964875481014, "grad_norm": 0.017814893275499344, "test_error": 0.0202}, {"outer_epoch": 192, "inner_epoch": 1, "train_loss": 0.05595840407686774, "grad_norm": 0.015477773733437061, "test_error": 0.0204}, {"outer_epoch": 193, "inner_epoch": 1, "train_loss": 0.055756383783125786, "grad_norm": 0.019594445824623108, "test_error": 0.0209}, {"outer_epoch": 194, "inner_epoch": 1, "train_loss": 0.05579098886459057, "grad_norm": 0.027181312441825867, "test_error": 0.0209}, {"outer_epoch": 195, "inner_epoch": 1, "train_loss": 0.05594197519199224, "grad_norm": 0.01824735663831234, "test_error": 0.0207}, {"outer_epoch": 196, "inner_epoch": 1, "train_loss": 0.05579885802439336, "grad_norm": 0.018693942576646805, "test_error": 0.0207}, {"outer_epoch": 197, "inner_epoch": 1, "train_loss": 0.05585167163936421, "grad_norm": 0.022636910900473595, "test_error": 0.0206}, {"outer_epoch": 198, "inner_epoch": 1, "train_loss": 0.05591701891430421, "grad_norm": 0.017587700858712196, "test_error": 0.0209}, {"outer_epoch": 199, "inner_epoch": 1, "train_loss": 0.05589905888288437, "grad_norm": 0.016882525756955147, "test_error": 0.0207}, {"outer_epoch": 200, "inner_epoch": 1, "train_loss": 0.05585486168978969, "grad_norm": 0.01928866282105446, "test_error": 0.0206}, {"outer_epoch": 201, "inner_epoch": 1, "train_loss": 0.05581704325523849, "grad_norm": 0.02073044888675213, "test_error": 0.0207}, {"outer_epoch": 202, "inner_epoch": 1, "train_loss": 0.0558795413421661, "grad_norm": 0.018078800290822983, "test_error": 0.0205}, {"outer_epoch": 203, "inner_epoch": 1, "train_loss": 0.055752130752817416, "grad_norm": 0.02861546166241169, "test_error": 0.0208}, {"outer_epoch": 204, "inner_epoch": 1, "train_loss": 0.05580954624099346, "grad_norm": 0.02118084765970707, "test_error": 0.0209}, {"outer_epoch": 205, "inner_epoch": 1, "train_loss": 0.05583284130808897, "grad_norm": 0.01701865904033184, "test_error": 0.0206}, {"outer_epoch": 206, "inner_epoch": 1, "train_loss": 0.055766518991750974, "grad_norm": 0.01980178989470005, "test_error": 0.0209}, {"outer_epoch": 207, "inner_epoch": 1, "train_loss": 0.05578706722945208, "grad_norm": 0.02355819195508957, "test_error": 0.0207}, {"outer_epoch": 208, "inner_epoch": 1, "train_loss": 0.05590024164297695, "grad_norm": 0.018248220905661583, "test_error": 0.0211}, {"outer_epoch": 209, "inner_epoch": 1, "train_loss": 0.05586286595339576, "grad_norm": 0.02091958373785019, "test_error": 0.0203}, {"outer_epoch": 210, "inner_epoch": 1, "train_loss": 0.0559056905733111, "grad_norm": 0.023212870582938194, "test_error": 0.021}, {"outer_epoch": 211, "inner_epoch": 1, "train_loss": 0.055790165361579665, "grad_norm": 0.025178976356983185, "test_error": 0.0207}, {"outer_epoch": 212, "inner_epoch": 1, "train_loss": 0.05599874926529204, "grad_norm": 0.02420055866241455, "test_error": 0.0204}, {"outer_epoch": 213, "inner_epoch": 1, "train_loss": 0.055776480420317964, "grad_norm": 0.025141356512904167, "test_error": 0.0207}, {"outer_epoch": 214, "inner_epoch": 1, "train_loss": 0.055722871926496734, "grad_norm": 0.0217924565076828, "test_error": 0.0208}, {"outer_epoch": 215, "inner_epoch": 1, "train_loss": 0.05583499930001563, "grad_norm": 0.02458163909614086, "test_error": 0.0205}, {"outer_epoch": 216, "inner_epoch": 1, "train_loss": 0.05589592836178296, "grad_norm": 0.026114698499441147, "test_error": 0.0207}, {"outer_epoch": 217, "inner_epoch": 1, "train_loss": 0.05582646869602225, "grad_norm": 0.03084692731499672, "test_error": 0.0213}, {"outer_epoch": 218, "inner_epoch": 1, "train_loss": 0.05587102808341539, "grad_norm": 0.019903086125850677, "test_error": 0.0206}, {"outer_epoch": 219, "inner_epoch": 1, "train_loss": 0.0558151372669187, "grad_norm": 0.021207796409726143, "test_error": 0.021}, {"outer_epoch": 220, "inner_epoch": 1, "train_loss": 0.05583909767776883, "grad_norm": 0.017691440880298615, "test_error": 0.0208}, {"outer_epoch": 221, "inner_epoch": 1, "train_loss": 0.05580186315876199, "grad_norm": 0.027777906507253647, "test_error": 0.0213}, {"outer_epoch": 222, "inner_epoch": 1, "train_loss": 0.05584409668638061, "grad_norm": 0.019012844190001488, "test_error": 0.0208}, {"outer_epoch": 223, "inner_epoch": 1, "train_loss": 0.0557333973031297, "grad_norm": 0.017348406836390495, "test_error": 0.0204}, {"outer_epoch": 224, "inner_epoch": 1, "train_loss": 0.055732460630863595, "grad_norm": 0.022488491609692574, "test_error": 0.0205}, {"outer_epoch": 225, "inner_epoch": 1, "train_loss": 0.05589707436397051, "grad_norm": 0.021240342408418655, "test_error": 0.0204}, {"outer_epoch": 226, "inner_epoch": 1, "train_loss": 0.05578311190517464, "grad_norm": 0.019333094358444214, "test_error": 0.0206}, {"outer_epoch": 227, "inner_epoch": 1, "train_loss": 0.05574733398096093, "grad_norm": 0.018877431750297546, "test_error": 0.0207}, {"outer_epoch": 228, "inner_epoch": 1, "train_loss": 0.05574707590495624, "grad_norm": 0.02019164152443409, "test_error": 0.0207}, {"outer_epoch": 229, "inner_epoch": 1, "train_loss": 0.055838749315570264, "grad_norm": 0.02079813927412033, "test_error": 0.0208}, {"outer_epoch": 230, "inner_epoch": 1, "train_loss": 0.055691947551482976, "grad_norm": 0.017010625451803207, "test_error": 0.0205}, {"outer_epoch": 231, "inner_epoch": 1, "train_loss": 0.055776673346039994, "grad_norm": 0.017483428120613098, "test_error": 0.0208}, {"outer_epoch": 232, "inner_epoch": 1, "train_loss": 0.05570801919673492, "grad_norm": 0.017719384282827377, "test_error": 0.0208}, {"outer_epoch": 233, "inner_epoch": 1, "train_loss": 0.0557696739420644, "grad_norm": 0.017989063635468483, "test_error": 0.0207}, {"outer_epoch": 234, "inner_epoch": 1, "train_loss": 0.055706827488165196, "grad_norm": 0.018142174929380417, "test_error": 0.0202}, {"outer_epoch": 235, "inner_epoch": 1, "train_loss": 0.055703697212098634, "grad_norm": 0.030563555657863617, "test_error": 0.021}, {"outer_epoch": 236, "inner_epoch": 1, "train_loss": 0.055910130645749935, "grad_norm": 0.022918032482266426, "test_error": 0.0209}, {"outer_epoch": 237, "inner_epoch": 1, "train_loss": 0.055736325051286256, "grad_norm": 0.02308676950633526, "test_error": 0.0204}, {"outer_epoch": 238, "inner_epoch": 1, "train_loss": 0.05569435698218877, "grad_norm": 0.023495879024267197, "test_error": 0.0208}, {"outer_epoch": 239, "inner_epoch": 1, "train_loss": 0.05575715931605858, "grad_norm": 0.023574495688080788, "test_error": 0.0211}, {"outer_epoch": 240, "inner_epoch": 1, "train_loss": 0.055751907987791734, "grad_norm": 0.01943737268447876, "test_error": 0.0206}, {"outer_epoch": 241, "inner_epoch": 1, "train_loss": 0.055834915767850664, "grad_norm": 0.026546817272901535, "test_error": 0.0208}, {"outer_epoch": 242, "inner_epoch": 1, "train_loss": 0.05573126347952833, "grad_norm": 0.017038648948073387, "test_error": 0.0207}, {"outer_epoch": 243, "inner_epoch": 1, "train_loss": 0.05570697349775582, "grad_norm": 0.024226779118180275, "test_error": 0.0208}, {"outer_epoch": 244, "inner_epoch": 1, "train_loss": 0.055872327074815986, "grad_norm": 0.023469803854823112, "test_error": 0.0206}, {"outer_epoch": 245, "inner_epoch": 1, "train_loss": 0.05572136920048312, "grad_norm": 0.022650916129350662, "test_error": 0.0207}, {"outer_epoch": 246, "inner_epoch": 1, "train_loss": 0.05570103219673426, "grad_norm": 0.018300795927643776, "test_error": 0.0207}, {"outer_epoch": 247, "inner_epoch": 1, "train_loss": 0.055615871629095634, "grad_norm": 0.018510377034544945, "test_error": 0.0208}, {"outer_epoch": 248, "inner_epoch": 1, "train_loss": 0.05575841728246693, "grad_norm": 0.01778656244277954, "test_error": 0.0212}, {"outer_epoch": 249, "inner_epoch": 1, "train_loss": 0.05562974031321937, "grad_norm": 0.02104969136416912, "test_error": 0.0207}, {"outer_epoch": 250, "inner_epoch": 1, "train_loss": 0.055674467670673036, "grad_norm": 0.03389595448970795, "test_error": 0.0201}]}