{"argv": ["train.py", "--seed", "79", "--optimizer", "SVRG", "--run_name", "svrg_0.5.json", "--output_path", "experiments/nonconvex_mnist/svrg-0.5.json", "--dataset", "MNIST", "--layer_sizes", "784", "100", "10", "--batch_size", "10", "--learning_rate", "0.5", "--weight_decay", "0.001", "--warmup_learning_rate", "0.03", "--num_warmup_epochs", "10", "--num_outer_epochs", "250", "--num_inner_epochs", "1", "--device", "cuda"], "args": {"seed": 79, "optimizer": "SVRG", "run_name": "svrg_0.5.json", "output_path": "experiments/nonconvex_mnist/svrg-0.5.json", "device": "cuda", "dataset": "MNIST", "dataset_root": "~/datasets/pytorch", "dataset_size": null, "download": false, "layer_sizes": [784, 100, 10], "batch_size": 10, "test_batch_size": 256, "learning_rate": 0.5, "weight_decay": 0.001, "warmup_learning_rate": 0.03, "num_warmup_epochs": 10, "num_outer_epochs": 250, "num_inner_epochs": 1, "inner_epoch_fraction": null, "choose_random_iterate": false, "num_epochs": 10}, "metrics": [{"warmup_epoch": 1, "train_loss": 0.35890698494156825, "grad_norm": 0.1693902164697647, "test_error": 0.0604}, {"warmup_epoch": 2, "train_loss": 0.18194871377463762, "grad_norm": 0.2195146232843399, "test_error": 0.0452}, {"warmup_epoch": 3, "train_loss": 0.13772531318229933, "grad_norm": 0.1083531603217125, "test_error": 0.0355}, {"warmup_epoch": 4, "train_loss": 0.11455598155801029, "grad_norm": 0.128460094332695, "test_error": 0.0309}, {"warmup_epoch": 5, "train_loss": 0.10187839505526548, "grad_norm": 0.12868857383728027, "test_error": 0.0289}, {"warmup_epoch": 6, "train_loss": 0.09330414409479515, "grad_norm": 0.11282596737146378, "test_error": 0.0299}, {"warmup_epoch": 7, "train_loss": 0.0883496714690118, "grad_norm": 0.1100197434425354, "test_error": 0.0272}, {"warmup_epoch": 8, "train_loss": 0.08488113678083756, "grad_norm": 0.07917097210884094, "test_error": 0.0262}, {"warmup_epoch": 9, "train_loss": 0.08198994982849885, "grad_norm": 0.09910028427839279, "test_error": 0.0251}, {"warmup_epoch": 10, "train_loss": 0.07989919863670365, "grad_norm": 0.09282933175563812, "test_error": 0.0258}, {"outer_epoch": 1, "inner_epoch": 1, "train_loss": 0.4571339104494691, "grad_norm": 0.2033073902130127, "test_error": 0.0804}, {"outer_epoch": 2, "inner_epoch": 1, "train_loss": 0.4154285869732751, "grad_norm": 0.3284554183483124, "test_error": 0.0945}, {"outer_epoch": 3, "inner_epoch": 1, "train_loss": 0.4946805794966373, "grad_norm": 0.2605670988559723, "test_error": 0.1082}, {"outer_epoch": 4, "inner_epoch": 1, "train_loss": 0.5323460433495056, "grad_norm": 0.4452560544013977, "test_error": 0.145}, {"outer_epoch": 5, "inner_epoch": 1, "train_loss": 0.6047165134824269, "grad_norm": 0.1983737051486969, "test_error": 0.1036}, {"outer_epoch": 6, "inner_epoch": 1, "train_loss": 0.6226805315922247, "grad_norm": 0.5645247101783752, "test_error": 0.1637}, {"outer_epoch": 7, "inner_epoch": 1, "train_loss": 0.6771896825828395, "grad_norm": 0.6651310324668884, "test_error": 0.3112}, {"outer_epoch": 8, "inner_epoch": 1, "train_loss": 0.7783360156263612, "grad_norm": 0.23806816339492798, "test_error": 0.1235}, {"outer_epoch": 9, "inner_epoch": 1, "train_loss": 0.7858033753649797, "grad_norm": 0.4665341377258301, "test_error": 0.2121}, {"outer_epoch": 10, "inner_epoch": 1, "train_loss": 0.9749845670292853, "grad_norm": 0.3284284770488739, "test_error": 0.3848}, {"outer_epoch": 11, "inner_epoch": 1, "train_loss": 1.193213699489832, "grad_norm": 0.3851485252380371, "test_error": 0.4675}, {"outer_epoch": 12, "inner_epoch": 1, "train_loss": 1.297860071455439, "grad_norm": 0.10247915238142014, "test_error": 0.6232}, {"outer_epoch": 13, "inner_epoch": 1, "train_loss": 1.6034726662139098, "grad_norm": 0.17178718745708466, "test_error": 0.605}, {"outer_epoch": 14, "inner_epoch": 1, "train_loss": 1.592115070839723, "grad_norm": 0.20315083861351013, "test_error": 0.5957}, {"outer_epoch": 15, "inner_epoch": 1, "train_loss": 1.5853579156771302, "grad_norm": 0.1882150024175644, "test_error": 0.6189}, {"outer_epoch": 16, "inner_epoch": 1, "train_loss": 1.6721316760430733, "grad_norm": 0.18451426923274994, "test_error": 0.6843}, {"outer_epoch": 17, "inner_epoch": 1, "train_loss": 1.635315637588501, "grad_norm": 0.19537508487701416, "test_error": 0.6086}, {"outer_epoch": 18, "inner_epoch": 1, "train_loss": 1.5967584063162406, "grad_norm": 0.22829411923885345, "test_error": 0.6293}, {"outer_epoch": 19, "inner_epoch": 1, "train_loss": 1.6572759265700976, "grad_norm": 0.13197194039821625, "test_error": 0.6744}, {"outer_epoch": 20, "inner_epoch": 1, "train_loss": 1.759507679646214, "grad_norm": 0.25560516119003296, "test_error": 0.6869}, {"outer_epoch": 21, "inner_epoch": 1, "train_loss": 1.800350562274456, "grad_norm": 0.5431964993476868, "test_error": 0.6748}, {"outer_epoch": 22, "inner_epoch": 1, "train_loss": 2.032164470831553, "grad_norm": 0.15345464646816254, "test_error": 0.792}, {"outer_epoch": 23, "inner_epoch": 1, "train_loss": 1.9475293113688628, "grad_norm": 0.06719943135976791, "test_error": 0.7835}, {"outer_epoch": 24, "inner_epoch": 1, "train_loss": 1.9975298429826895, "grad_norm": 0.08530744165182114, "test_error": 0.7689}, {"outer_epoch": 25, "inner_epoch": 1, "train_loss": 2.023045628726482, "grad_norm": 0.039002347737550735, "test_error": 0.7892}, {"outer_epoch": 26, "inner_epoch": 1, "train_loss": 1.9973817936182021, "grad_norm": 0.017611781135201454, "test_error": 0.7862}, {"outer_epoch": 27, "inner_epoch": 1, "train_loss": 1.9932229661544163, "grad_norm": 1.05106782913208, "test_error": 0.871}, {"outer_epoch": 28, "inner_epoch": 1, "train_loss": 2.178698296765486, "grad_norm": 0.009975029155611992, "test_error": 0.8865}, {"outer_epoch": 29, "inner_epoch": 1, "train_loss": 2.3011593462228777, "grad_norm": 0.0001658762339502573, "test_error": 0.8865}, {"outer_epoch": 30, "inner_epoch": 1, "train_loss": 2.301159291903178, "grad_norm": 0.0001657786051509902, "test_error": 0.8865}, {"outer_epoch": 31, "inner_epoch": 1, "train_loss": 2.301159354885419, "grad_norm": 0.00016580382362008095, "test_error": 0.8865}, {"outer_epoch": 32, "inner_epoch": 1, "train_loss": 2.30115930835406, "grad_norm": 0.00016580303781665862, "test_error": 0.8865}, {"outer_epoch": 33, "inner_epoch": 1, "train_loss": 2.1443231363693873, "grad_norm": 0.08781954646110535, "test_error": 0.788}, {"outer_epoch": 34, "inner_epoch": 1, "train_loss": 1.8845585176646709, "grad_norm": 0.1890181601047516, "test_error": 0.5747}, {"outer_epoch": 35, "inner_epoch": 1, "train_loss": 1.6897641172111035, "grad_norm": 0.23378509283065796, "test_error": 0.6652}, {"outer_epoch": 36, "inner_epoch": 1, "train_loss": 1.5033190630351503, "grad_norm": 0.25773289799690247, "test_error": 0.5387}, {"outer_epoch": 37, "inner_epoch": 1, "train_loss": 1.4317699143588543, "grad_norm": 0.14471563696861267, "test_error": 0.5453}, {"outer_epoch": 38, "inner_epoch": 1, "train_loss": 1.5410755952795347, "grad_norm": 0.2756767272949219, "test_error": 0.6549}, {"outer_epoch": 39, "inner_epoch": 1, "train_loss": 1.5663917878021796, "grad_norm": 0.3430667221546173, "test_error": 0.5779}, {"outer_epoch": 40, "inner_epoch": 1, "train_loss": 1.4106148237287999, "grad_norm": 0.8577219843864441, "test_error": 0.5162}, {"outer_epoch": 41, "inner_epoch": 1, "train_loss": 1.7219688620020945, "grad_norm": 0.5225368142127991, "test_error": 0.6105}, {"outer_epoch": 42, "inner_epoch": 1, "train_loss": 1.7178204403221606, "grad_norm": 0.2369210422039032, "test_error": 0.632}, {"outer_epoch": 43, "inner_epoch": 1, "train_loss": 1.6153522064387797, "grad_norm": 0.2372494339942932, "test_error": 0.6635}, {"outer_epoch": 44, "inner_epoch": 1, "train_loss": 1.660012814561526, "grad_norm": 0.14265836775302887, "test_error": 0.6946}, {"outer_epoch": 45, "inner_epoch": 1, "train_loss": 1.7748095640838146, "grad_norm": 0.23110170662403107, "test_error": 0.6908}, {"outer_epoch": 46, "inner_epoch": 1, "train_loss": 1.8579938950737318, "grad_norm": 0.30268195271492004, "test_error": 0.6851}, {"outer_epoch": 47, "inner_epoch": 1, "train_loss": 1.9853850580751895, "grad_norm": 0.05743761733174324, "test_error": 0.7848}, {"outer_epoch": 48, "inner_epoch": 1, "train_loss": 2.0074264710942904, "grad_norm": 1.1409602165222168, "test_error": 0.7848}, {"outer_epoch": 49, "inner_epoch": 1, "train_loss": 2.2968092963894207, "grad_norm": 0.04385274276137352, "test_error": 0.8865}, {"outer_epoch": 50, "inner_epoch": 1, "train_loss": 2.073102782269319, "grad_norm": 0.021167762577533722, "test_error": 0.7897}, {"outer_epoch": 51, "inner_epoch": 1, "train_loss": 1.9992620195150375, "grad_norm": 0.05835231393575668, "test_error": 0.7826}, {"outer_epoch": 52, "inner_epoch": 1, "train_loss": 2.0011915884117286, "grad_norm": 0.22886259853839874, "test_error": 0.7846}, {"outer_epoch": 53, "inner_epoch": 1, "train_loss": 2.04691193819046, "grad_norm": 0.013428705744445324, "test_error": 0.7897}, {"outer_epoch": 54, "inner_epoch": 1, "train_loss": 2.0007108770211537, "grad_norm": 0.17370466887950897, "test_error": 0.7879}, {"outer_epoch": 55, "inner_epoch": 1, "train_loss": 2.11653828394413, "grad_norm": 0.3443361818790436, "test_error": 0.8094}, {"outer_epoch": 56, "inner_epoch": 1, "train_loss": 2.0234104205171266, "grad_norm": 0.01800362579524517, "test_error": 0.789}, {"outer_epoch": 57, "inner_epoch": 1, "train_loss": 1.997362252751986, "grad_norm": 0.04550745338201523, "test_error": 0.7806}, {"outer_epoch": 58, "inner_epoch": 1, "train_loss": 2.0008447581132254, "grad_norm": 0.07170743495225906, "test_error": 0.7771}, {"outer_epoch": 59, "inner_epoch": 1, "train_loss": 2.017814359098673, "grad_norm": 0.07642221450805664, "test_error": 0.7865}, {"outer_epoch": 60, "inner_epoch": 1, "train_loss": 1.9956494804819425, "grad_norm": 0.10803952068090439, "test_error": 0.7873}, {"outer_epoch": 61, "inner_epoch": 1, "train_loss": 1.9958630625506242, "grad_norm": 0.030274000018835068, "test_error": 0.7887}, {"outer_epoch": 62, "inner_epoch": 1, "train_loss": 2.002207676768303, "grad_norm": 0.13827700912952423, "test_error": 0.7904}, {"outer_epoch": 63, "inner_epoch": 1, "train_loss": 2.0001550097068153, "grad_norm": 0.03994844853878021, "test_error": 0.7861}, {"outer_epoch": 64, "inner_epoch": 1, "train_loss": 1.9955827354391416, "grad_norm": 0.4344444274902344, "test_error": 0.7709}, {"outer_epoch": 65, "inner_epoch": 1, "train_loss": 2.2341873122056324, "grad_norm": 0.01731591485440731, "test_error": 0.8972}, {"outer_epoch": 66, "inner_epoch": 1, "train_loss": 2.3011466412941615, "grad_norm": 0.00016595075430814177, "test_error": 0.8865}, {"outer_epoch": 67, "inner_epoch": 1, "train_loss": 2.301159353375435, "grad_norm": 0.0001657756365602836, "test_error": 0.8865}, {"outer_epoch": 68, "inner_epoch": 1, "train_loss": 2.3011593828598658, "grad_norm": 0.0001658164692344144, "test_error": 0.8865}, {"outer_epoch": 69, "inner_epoch": 1, "train_loss": 2.3011593055725097, "grad_norm": 0.00016578788927290589, "test_error": 0.8865}, {"outer_epoch": 70, "inner_epoch": 1, "train_loss": 2.3011593287388483, "grad_norm": 0.00016579337534494698, "test_error": 0.8865}, {"outer_epoch": 71, "inner_epoch": 1, "train_loss": 2.3011593178113303, "grad_norm": 0.00016582102398388088, "test_error": 0.8865}, {"outer_epoch": 72, "inner_epoch": 1, "train_loss": 2.3011593227783838, "grad_norm": 0.00016578279610257596, "test_error": 0.8865}, {"outer_epoch": 73, "inner_epoch": 1, "train_loss": 2.3011593294143675, "grad_norm": 0.00016584295372013003, "test_error": 0.8865}, {"outer_epoch": 74, "inner_epoch": 1, "train_loss": 2.301159262220065, "grad_norm": 0.000165769481100142, "test_error": 0.8865}, {"outer_epoch": 75, "inner_epoch": 1, "train_loss": 2.3011593366066614, "grad_norm": 0.0001657906686887145, "test_error": 0.8865}, {"outer_epoch": 76, "inner_epoch": 1, "train_loss": 2.3011593128442764, "grad_norm": 0.00016579555813223124, "test_error": 0.8865}, {"outer_epoch": 77, "inner_epoch": 1, "train_loss": 2.301159329811732, "grad_norm": 0.00016580535157117993, "test_error": 0.8865}, {"outer_epoch": 78, "inner_epoch": 1, "train_loss": 2.3011593192418416, "grad_norm": 0.00016576475172769278, "test_error": 0.8865}, {"outer_epoch": 79, "inner_epoch": 1, "train_loss": 2.3011592861413956, "grad_norm": 0.00016581059026066214, "test_error": 0.8865}, {"outer_epoch": 80, "inner_epoch": 1, "train_loss": 2.30115927362442, "grad_norm": 0.00016577889618929476, "test_error": 0.8865}, {"outer_epoch": 81, "inner_epoch": 1, "train_loss": 2.301159299492836, "grad_norm": 0.0001658306282479316, "test_error": 0.8865}, {"outer_epoch": 82, "inner_epoch": 1, "train_loss": 2.3011592860619228, "grad_norm": 0.00016580145165789872, "test_error": 0.8865}, {"outer_epoch": 83, "inner_epoch": 1, "train_loss": 2.3011592957178753, "grad_norm": 0.00016585172852501273, "test_error": 0.8865}, {"outer_epoch": 84, "inner_epoch": 1, "train_loss": 2.3011592638492586, "grad_norm": 0.000165765784913674, "test_error": 0.8865}, {"outer_epoch": 85, "inner_epoch": 1, "train_loss": 2.3011593482494352, "grad_norm": 0.00016581930685788393, "test_error": 0.8865}, {"outer_epoch": 86, "inner_epoch": 1, "train_loss": 2.301159322222074, "grad_norm": 0.00016578032227698714, "test_error": 0.8865}, {"outer_epoch": 87, "inner_epoch": 1, "train_loss": 2.301159303188324, "grad_norm": 0.0001658078545005992, "test_error": 0.8865}, {"outer_epoch": 88, "inner_epoch": 1, "train_loss": 2.301159285147985, "grad_norm": 0.00016579813382122666, "test_error": 0.8865}, {"outer_epoch": 89, "inner_epoch": 1, "train_loss": 2.301159295121829, "grad_norm": 0.00016580201918259263, "test_error": 0.8865}, {"outer_epoch": 90, "inner_epoch": 1, "train_loss": 2.301159390012423, "grad_norm": 0.00016580460942350328, "test_error": 0.8865}, {"outer_epoch": 91, "inner_epoch": 1, "train_loss": 2.3011592917839687, "grad_norm": 0.00016579509247094393, "test_error": 0.8865}, {"outer_epoch": 92, "inner_epoch": 1, "train_loss": 2.3011593570311866, "grad_norm": 0.0001657898392295465, "test_error": 0.8865}, {"outer_epoch": 93, "inner_epoch": 1, "train_loss": 2.3011593457063038, "grad_norm": 0.0001658409892115742, "test_error": 0.8865}, {"outer_epoch": 94, "inner_epoch": 1, "train_loss": 2.301159304658572, "grad_norm": 0.00016578375652898103, "test_error": 0.8865}, {"outer_epoch": 95, "inner_epoch": 1, "train_loss": 2.301159338315328, "grad_norm": 0.00016578120994381607, "test_error": 0.8865}, {"outer_epoch": 96, "inner_epoch": 1, "train_loss": 2.3011593228578566, "grad_norm": 0.00016579526709392667, "test_error": 0.8865}, {"outer_epoch": 97, "inner_epoch": 1, "train_loss": 2.301159312367439, "grad_norm": 0.00016578464419580996, "test_error": 0.8865}, {"outer_epoch": 98, "inner_epoch": 1, "train_loss": 2.3011593620379767, "grad_norm": 0.00016581322415731847, "test_error": 0.8865}, {"outer_epoch": 99, "inner_epoch": 1, "train_loss": 2.301159274339676, "grad_norm": 0.00016582736861892045, "test_error": 0.8865}, {"outer_epoch": 100, "inner_epoch": 1, "train_loss": 2.3011593192418416, "grad_norm": 0.00016577761562075466, "test_error": 0.8865}, {"outer_epoch": 101, "inner_epoch": 1, "train_loss": 2.3011593371232353, "grad_norm": 0.00016582090756855905, "test_error": 0.8865}, {"outer_epoch": 102, "inner_epoch": 1, "train_loss": 2.3011592536767322, "grad_norm": 0.00016578023496549577, "test_error": 0.8865}, {"outer_epoch": 103, "inner_epoch": 1, "train_loss": 2.3011592858632404, "grad_norm": 0.00016584918193984777, "test_error": 0.8865}, {"outer_epoch": 104, "inner_epoch": 1, "train_loss": 2.3011593032280606, "grad_norm": 0.0001657772809267044, "test_error": 0.8865}, {"outer_epoch": 105, "inner_epoch": 1, "train_loss": 2.3011592653195065, "grad_norm": 0.00016581958334427327, "test_error": 0.8865}, {"outer_epoch": 106, "inner_epoch": 1, "train_loss": 2.301159317334493, "grad_norm": 0.00016581361705902964, "test_error": 0.8865}, {"outer_epoch": 107, "inner_epoch": 1, "train_loss": 2.30115927362442, "grad_norm": 0.00016575104382354766, "test_error": 0.8865}, {"outer_epoch": 108, "inner_epoch": 1, "train_loss": 2.3011593002875648, "grad_norm": 0.0001657603424973786, "test_error": 0.8865}, {"outer_epoch": 109, "inner_epoch": 1, "train_loss": 2.3011593699057897, "grad_norm": 0.00016580199007876217, "test_error": 0.8865}, {"outer_epoch": 110, "inner_epoch": 1, "train_loss": 2.3011593358914055, "grad_norm": 0.0001657728134887293, "test_error": 0.8865}, {"outer_epoch": 111, "inner_epoch": 1, "train_loss": 2.301159322977066, "grad_norm": 0.00016579391376581043, "test_error": 0.8865}, {"outer_epoch": 112, "inner_epoch": 1, "train_loss": 2.3011593122879663, "grad_norm": 0.0001657968678046018, "test_error": 0.8865}, {"outer_epoch": 113, "inner_epoch": 1, "train_loss": 2.301159322539965, "grad_norm": 0.00016584809054620564, "test_error": 0.8865}, {"outer_epoch": 114, "inner_epoch": 1, "train_loss": 2.30115926305453, "grad_norm": 0.00016578329086769372, "test_error": 0.8865}, {"outer_epoch": 115, "inner_epoch": 1, "train_loss": 2.301159246524175, "grad_norm": 0.00016575759218540043, "test_error": 0.8865}, {"outer_epoch": 116, "inner_epoch": 1, "train_loss": 2.3011592908302942, "grad_norm": 0.00016580987721681595, "test_error": 0.8865}, {"outer_epoch": 117, "inner_epoch": 1, "train_loss": 2.3011592562993366, "grad_norm": 0.0001657691755099222, "test_error": 0.8865}, {"outer_epoch": 118, "inner_epoch": 1, "train_loss": 2.301159294486046, "grad_norm": 0.00016583132673986256, "test_error": 0.8865}, {"outer_epoch": 119, "inner_epoch": 1, "train_loss": 2.301159239292145, "grad_norm": 0.0001657816901570186, "test_error": 0.8865}, {"outer_epoch": 120, "inner_epoch": 1, "train_loss": 2.301159295161565, "grad_norm": 0.00016575663175899535, "test_error": 0.8865}, {"outer_epoch": 121, "inner_epoch": 1, "train_loss": 2.301159278035164, "grad_norm": 0.00016579317161813378, "test_error": 0.8865}, {"outer_epoch": 122, "inner_epoch": 1, "train_loss": 2.301159325480461, "grad_norm": 0.00016581737145315856, "test_error": 0.8865}, {"outer_epoch": 123, "inner_epoch": 1, "train_loss": 2.3011592976252238, "grad_norm": 0.00016577124188188463, "test_error": 0.8865}, {"outer_epoch": 124, "inner_epoch": 1, "train_loss": 2.301159307440122, "grad_norm": 0.00016581264208070934, "test_error": 0.8865}, {"outer_epoch": 125, "inner_epoch": 1, "train_loss": 2.3011592977841695, "grad_norm": 0.00016575900372117758, "test_error": 0.8865}, {"outer_epoch": 126, "inner_epoch": 1, "train_loss": 2.301159329454104, "grad_norm": 0.00016575181507505476, "test_error": 0.8865}, {"outer_epoch": 127, "inner_epoch": 1, "train_loss": 2.3011593070030214, "grad_norm": 0.0001657651155255735, "test_error": 0.8865}, {"outer_epoch": 128, "inner_epoch": 1, "train_loss": 2.3011592678229014, "grad_norm": 0.00016583835531491786, "test_error": 0.8865}, {"outer_epoch": 129, "inner_epoch": 1, "train_loss": 2.3011593292554218, "grad_norm": 0.0001657852262724191, "test_error": 0.8865}, {"outer_epoch": 130, "inner_epoch": 1, "train_loss": 2.3011593185265857, "grad_norm": 0.00016580337251070887, "test_error": 0.8865}, {"outer_epoch": 131, "inner_epoch": 1, "train_loss": 2.301159308115641, "grad_norm": 0.00016581096861045808, "test_error": 0.8865}, {"outer_epoch": 132, "inner_epoch": 1, "train_loss": 2.3011593884627026, "grad_norm": 0.00016580047667957842, "test_error": 0.8865}, {"outer_epoch": 133, "inner_epoch": 1, "train_loss": 2.3011592439810435, "grad_norm": 0.0001657892280491069, "test_error": 0.8865}, {"outer_epoch": 134, "inner_epoch": 1, "train_loss": 2.301159333984057, "grad_norm": 0.0001658422697801143, "test_error": 0.8865}, {"outer_epoch": 135, "inner_epoch": 1, "train_loss": 2.30115929210186, "grad_norm": 0.0001657752727624029, "test_error": 0.8865}, {"outer_epoch": 136, "inner_epoch": 1, "train_loss": 2.301159314751625, "grad_norm": 0.00016584640252403915, "test_error": 0.8865}, {"outer_epoch": 137, "inner_epoch": 1, "train_loss": 2.3011592670679093, "grad_norm": 0.0001657707180129364, "test_error": 0.8865}, {"outer_epoch": 138, "inner_epoch": 1, "train_loss": 2.3011593243281045, "grad_norm": 0.0001658005203353241, "test_error": 0.8865}, {"outer_epoch": 139, "inner_epoch": 1, "train_loss": 2.301159289479256, "grad_norm": 0.00016579755174461752, "test_error": 0.8865}, {"outer_epoch": 140, "inner_epoch": 1, "train_loss": 2.3011593219836555, "grad_norm": 0.0001658011315157637, "test_error": 0.8865}, {"outer_epoch": 141, "inner_epoch": 1, "train_loss": 2.301159338394801, "grad_norm": 0.00016577816859353334, "test_error": 0.8865}, {"outer_epoch": 142, "inner_epoch": 1, "train_loss": 2.30115931725502, "grad_norm": 0.00016580746159888804, "test_error": 0.8865}, {"outer_epoch": 143, "inner_epoch": 1, "train_loss": 2.3011593129237493, "grad_norm": 0.00016580941155552864, "test_error": 0.8865}, {"outer_epoch": 144, "inner_epoch": 1, "train_loss": 2.301159294525782, "grad_norm": 0.00016577530186623335, "test_error": 0.8865}, {"outer_epoch": 145, "inner_epoch": 1, "train_loss": 2.3011592977444333, "grad_norm": 0.00016579806106165051, "test_error": 0.8865}, {"outer_epoch": 146, "inner_epoch": 1, "train_loss": 2.301159291704496, "grad_norm": 0.00016581382078584284, "test_error": 0.8865}, {"outer_epoch": 147, "inner_epoch": 1, "train_loss": 2.301159271597862, "grad_norm": 0.00016577751375734806, "test_error": 0.8865}, {"outer_epoch": 148, "inner_epoch": 1, "train_loss": 2.30115934240818, "grad_norm": 0.00016581130330450833, "test_error": 0.8865}, {"outer_epoch": 149, "inner_epoch": 1, "train_loss": 2.3011592504183453, "grad_norm": 0.00016575941117480397, "test_error": 0.8865}, {"outer_epoch": 150, "inner_epoch": 1, "train_loss": 2.30115933016936, "grad_norm": 0.00016574158507864922, "test_error": 0.8865}, {"outer_epoch": 151, "inner_epoch": 1, "train_loss": 2.301159292260806, "grad_norm": 0.00016582208627369255, "test_error": 0.8865}, {"outer_epoch": 152, "inner_epoch": 1, "train_loss": 2.3011593227386475, "grad_norm": 0.0001657738466747105, "test_error": 0.8865}, {"outer_epoch": 153, "inner_epoch": 1, "train_loss": 2.301159307996432, "grad_norm": 0.00016584014520049095, "test_error": 0.8865}, {"outer_epoch": 154, "inner_epoch": 1, "train_loss": 2.3011592969894408, "grad_norm": 0.00016575533663854003, "test_error": 0.8865}, {"outer_epoch": 155, "inner_epoch": 1, "train_loss": 2.3011592841148376, "grad_norm": 0.0001658204710111022, "test_error": 0.8865}, {"outer_epoch": 156, "inner_epoch": 1, "train_loss": 2.3011593386332194, "grad_norm": 0.00016578019130975008, "test_error": 0.8865}, {"outer_epoch": 157, "inner_epoch": 1, "train_loss": 2.3011592342853544, "grad_norm": 0.00016580689407419413, "test_error": 0.8865}, {"outer_epoch": 158, "inner_epoch": 1, "train_loss": 2.301159259557724, "grad_norm": 0.00016575264453422278, "test_error": 0.8865}, {"outer_epoch": 159, "inner_epoch": 1, "train_loss": 2.3011592963536582, "grad_norm": 0.00016580971714574844, "test_error": 0.8865}, {"outer_epoch": 160, "inner_epoch": 1, "train_loss": 2.3011593097050986, "grad_norm": 0.00016580219380557537, "test_error": 0.8865}, {"outer_epoch": 161, "inner_epoch": 1, "train_loss": 2.3011592834393184, "grad_norm": 0.0001658090332057327, "test_error": 0.8865}, {"outer_epoch": 162, "inner_epoch": 1, "train_loss": 2.301159327705701, "grad_norm": 0.00016578534268774092, "test_error": 0.8865}, {"outer_epoch": 163, "inner_epoch": 1, "train_loss": 2.301159281849861, "grad_norm": 0.00016579762450419366, "test_error": 0.8865}, {"outer_epoch": 164, "inner_epoch": 1, "train_loss": 2.3011593372821806, "grad_norm": 0.00016576150665059686, "test_error": 0.8865}, {"outer_epoch": 165, "inner_epoch": 1, "train_loss": 2.3011593283017477, "grad_norm": 0.00016579356451984495, "test_error": 0.8865}, {"outer_epoch": 166, "inner_epoch": 1, "train_loss": 2.3011592653195065, "grad_norm": 0.0001657989778323099, "test_error": 0.8865}, {"outer_epoch": 167, "inner_epoch": 1, "train_loss": 2.3011593325535458, "grad_norm": 0.00016578484792262316, "test_error": 0.8865}, {"outer_epoch": 168, "inner_epoch": 1, "train_loss": 2.3011592578490574, "grad_norm": 0.00016582901298534125, "test_error": 0.8865}, {"outer_epoch": 169, "inner_epoch": 1, "train_loss": 2.3011593354145687, "grad_norm": 0.0001657691755099222, "test_error": 0.8865}, {"outer_epoch": 170, "inner_epoch": 1, "train_loss": 2.301159253756205, "grad_norm": 0.00016578915528953075, "test_error": 0.8865}, {"outer_epoch": 171, "inner_epoch": 1, "train_loss": 2.3011592957178753, "grad_norm": 0.00016582774696871638, "test_error": 0.8865}, {"outer_epoch": 172, "inner_epoch": 1, "train_loss": 2.3011593416134515, "grad_norm": 0.00016576095367781818, "test_error": 0.8865}, {"outer_epoch": 173, "inner_epoch": 1, "train_loss": 2.301159316579501, "grad_norm": 0.00016583382966928184, "test_error": 0.8865}, {"outer_epoch": 174, "inner_epoch": 1, "train_loss": 2.301159342567126, "grad_norm": 0.00016583275282755494, "test_error": 0.8865}, {"outer_epoch": 175, "inner_epoch": 1, "train_loss": 2.301159274419149, "grad_norm": 0.00016580986266490072, "test_error": 0.8865}, {"outer_epoch": 176, "inner_epoch": 1, "train_loss": 2.301159341732661, "grad_norm": 0.0001657757966313511, "test_error": 0.8865}, {"outer_epoch": 177, "inner_epoch": 1, "train_loss": 2.301159274260203, "grad_norm": 0.00016577274072915316, "test_error": 0.8865}, {"outer_epoch": 178, "inner_epoch": 1, "train_loss": 2.301159366965294, "grad_norm": 0.00016580766532570124, "test_error": 0.8865}, {"outer_epoch": 179, "inner_epoch": 1, "train_loss": 2.301159369031588, "grad_norm": 0.00016580177180003375, "test_error": 0.8865}, {"outer_epoch": 180, "inner_epoch": 1, "train_loss": 2.3011593046188357, "grad_norm": 0.00016576133202761412, "test_error": 0.8865}, {"outer_epoch": 181, "inner_epoch": 1, "train_loss": 2.3011593057314554, "grad_norm": 0.0001658253895584494, "test_error": 0.8865}, {"outer_epoch": 182, "inner_epoch": 1, "train_loss": 2.3011593241294226, "grad_norm": 0.0001658066757954657, "test_error": 0.8865}, {"outer_epoch": 183, "inner_epoch": 1, "train_loss": 2.3011593042612075, "grad_norm": 0.00016577976930420846, "test_error": 0.8865}, {"outer_epoch": 184, "inner_epoch": 1, "train_loss": 2.3011593034267426, "grad_norm": 0.00016577103815507144, "test_error": 0.8865}, {"outer_epoch": 185, "inner_epoch": 1, "train_loss": 2.3011593395471572, "grad_norm": 0.00016577003407292068, "test_error": 0.8865}, {"outer_epoch": 186, "inner_epoch": 1, "train_loss": 2.3011592756112416, "grad_norm": 0.00016582214448135346, "test_error": 0.8865}, {"outer_epoch": 187, "inner_epoch": 1, "train_loss": 2.301159271677335, "grad_norm": 0.00016580037481617182, "test_error": 0.8865}, {"outer_epoch": 188, "inner_epoch": 1, "train_loss": 2.3011593089898428, "grad_norm": 0.00016577285714447498, "test_error": 0.8865}, {"outer_epoch": 189, "inner_epoch": 1, "train_loss": 2.301159240325292, "grad_norm": 0.00016580848023295403, "test_error": 0.8865}, {"outer_epoch": 190, "inner_epoch": 1, "train_loss": 2.3011592628558475, "grad_norm": 0.00016576756024733186, "test_error": 0.8865}, {"outer_epoch": 191, "inner_epoch": 1, "train_loss": 2.3011592811743418, "grad_norm": 0.00016580290684942156, "test_error": 0.8865}, {"outer_epoch": 192, "inner_epoch": 1, "train_loss": 2.3011593419710796, "grad_norm": 0.00016582758689764887, "test_error": 0.8865}, {"outer_epoch": 193, "inner_epoch": 1, "train_loss": 2.3011592731873196, "grad_norm": 0.00016579293878749013, "test_error": 0.8865}, {"outer_epoch": 194, "inner_epoch": 1, "train_loss": 2.3011593971649806, "grad_norm": 0.0001657718967180699, "test_error": 0.8865}, {"outer_epoch": 195, "inner_epoch": 1, "train_loss": 2.301159385005633, "grad_norm": 0.00016580510418862104, "test_error": 0.8865}, {"outer_epoch": 196, "inner_epoch": 1, "train_loss": 2.30115940006574, "grad_norm": 0.00016575066547375172, "test_error": 0.8865}, {"outer_epoch": 197, "inner_epoch": 1, "train_loss": 2.3011593256394067, "grad_norm": 0.00016583225806243718, "test_error": 0.8865}, {"outer_epoch": 198, "inner_epoch": 1, "train_loss": 2.30115927028656, "grad_norm": 0.0001657974935369566, "test_error": 0.8865}, {"outer_epoch": 199, "inner_epoch": 1, "train_loss": 2.3011593159039814, "grad_norm": 0.0001657861575949937, "test_error": 0.8865}, {"outer_epoch": 200, "inner_epoch": 1, "train_loss": 2.3011593051751453, "grad_norm": 0.00016586338460911065, "test_error": 0.8865}, {"outer_epoch": 201, "inner_epoch": 1, "train_loss": 2.301159372329712, "grad_norm": 0.00016578593931626529, "test_error": 0.8865}, {"outer_epoch": 202, "inner_epoch": 1, "train_loss": 2.301159273147583, "grad_norm": 0.00016581063391640782, "test_error": 0.8865}, {"outer_epoch": 203, "inner_epoch": 1, "train_loss": 2.301159350434939, "grad_norm": 0.00016579106159042567, "test_error": 0.8865}, {"outer_epoch": 204, "inner_epoch": 1, "train_loss": 2.3011592999299366, "grad_norm": 0.00016580481315031648, "test_error": 0.8865}, {"outer_epoch": 205, "inner_epoch": 1, "train_loss": 2.3011593382755917, "grad_norm": 0.00016580612282268703, "test_error": 0.8865}, {"outer_epoch": 206, "inner_epoch": 1, "train_loss": 2.3011592561801275, "grad_norm": 0.00016574360779486597, "test_error": 0.8865}, {"outer_epoch": 207, "inner_epoch": 1, "train_loss": 2.301159307718277, "grad_norm": 0.00016581735690124333, "test_error": 0.8865}, {"outer_epoch": 208, "inner_epoch": 1, "train_loss": 2.3011592848698297, "grad_norm": 0.00016576169582549483, "test_error": 0.8865}, {"outer_epoch": 209, "inner_epoch": 1, "train_loss": 2.301159241159757, "grad_norm": 0.00016582345415372401, "test_error": 0.8865}, {"outer_epoch": 210, "inner_epoch": 1, "train_loss": 2.3011593108177184, "grad_norm": 0.00016577119822613895, "test_error": 0.8865}, {"outer_epoch": 211, "inner_epoch": 1, "train_loss": 2.301159332672755, "grad_norm": 0.0001657994434935972, "test_error": 0.8865}, {"outer_epoch": 212, "inner_epoch": 1, "train_loss": 2.3011593106190364, "grad_norm": 0.00016577669885009527, "test_error": 0.8865}, {"outer_epoch": 213, "inner_epoch": 1, "train_loss": 2.3011593251625695, "grad_norm": 0.0001657823595451191, "test_error": 0.8865}, {"outer_epoch": 214, "inner_epoch": 1, "train_loss": 2.3011593263149264, "grad_norm": 0.00016577185306232423, "test_error": 0.8865}, {"outer_epoch": 215, "inner_epoch": 1, "train_loss": 2.301159322539965, "grad_norm": 0.0001657948741922155, "test_error": 0.8865}, {"outer_epoch": 216, "inner_epoch": 1, "train_loss": 2.3011593307256697, "grad_norm": 0.00016582304670009762, "test_error": 0.8865}, {"outer_epoch": 217, "inner_epoch": 1, "train_loss": 2.3011593476136527, "grad_norm": 0.00016579614020884037, "test_error": 0.8865}, {"outer_epoch": 218, "inner_epoch": 1, "train_loss": 2.3011593263149264, "grad_norm": 0.00016580650117248297, "test_error": 0.8865}, {"outer_epoch": 219, "inner_epoch": 1, "train_loss": 2.3011593025128048, "grad_norm": 0.00016577930364292115, "test_error": 0.8865}, {"outer_epoch": 220, "inner_epoch": 1, "train_loss": 2.301159327427546, "grad_norm": 0.00016580653027631342, "test_error": 0.8865}, {"outer_epoch": 221, "inner_epoch": 1, "train_loss": 2.3011593060096103, "grad_norm": 0.00016577991482336074, "test_error": 0.8865}, {"outer_epoch": 222, "inner_epoch": 1, "train_loss": 2.301159328063329, "grad_norm": 0.000165791338076815, "test_error": 0.8865}, {"outer_epoch": 223, "inner_epoch": 1, "train_loss": 2.301159275452296, "grad_norm": 0.00016581732779741287, "test_error": 0.8865}, {"outer_epoch": 224, "inner_epoch": 1, "train_loss": 2.30115933406353, "grad_norm": 0.0001657897955738008, "test_error": 0.8865}, {"outer_epoch": 225, "inner_epoch": 1, "train_loss": 2.3011593134403228, "grad_norm": 0.00016582071839366108, "test_error": 0.8865}, {"outer_epoch": 226, "inner_epoch": 1, "train_loss": 2.3011592851082483, "grad_norm": 0.0001657897955738008, "test_error": 0.8865}, {"outer_epoch": 227, "inner_epoch": 1, "train_loss": 2.3011593262751897, "grad_norm": 0.00016581552335992455, "test_error": 0.8865}, {"outer_epoch": 228, "inner_epoch": 1, "train_loss": 2.3011593341032666, "grad_norm": 0.00016577431233599782, "test_error": 0.8865}, {"outer_epoch": 229, "inner_epoch": 1, "train_loss": 2.301159362435341, "grad_norm": 0.00016583182150498033, "test_error": 0.8865}, {"outer_epoch": 230, "inner_epoch": 1, "train_loss": 2.301159324566523, "grad_norm": 0.00016578269423916936, "test_error": 0.8865}, {"outer_epoch": 231, "inner_epoch": 1, "train_loss": 2.3011593164205553, "grad_norm": 0.0001658009277889505, "test_error": 0.8865}, {"outer_epoch": 232, "inner_epoch": 1, "train_loss": 2.301159418741862, "grad_norm": 0.00016581079398747534, "test_error": 0.8865}, {"outer_epoch": 233, "inner_epoch": 1, "train_loss": 2.3011592649618784, "grad_norm": 0.00016579653311055154, "test_error": 0.8865}, {"outer_epoch": 234, "inner_epoch": 1, "train_loss": 2.3011593360503513, "grad_norm": 0.00016576997586525977, "test_error": 0.8865}, {"outer_epoch": 235, "inner_epoch": 1, "train_loss": 2.301159225622813, "grad_norm": 0.00016577412316109985, "test_error": 0.8865}, {"outer_epoch": 236, "inner_epoch": 1, "train_loss": 2.3011592747767766, "grad_norm": 0.00016582933312747627, "test_error": 0.8865}, {"outer_epoch": 237, "inner_epoch": 1, "train_loss": 2.3011593292156856, "grad_norm": 0.00016575920744799078, "test_error": 0.8865}, {"outer_epoch": 238, "inner_epoch": 1, "train_loss": 2.30115929655234, "grad_norm": 0.00016578398935962468, "test_error": 0.8865}, {"outer_epoch": 239, "inner_epoch": 1, "train_loss": 2.301159353295962, "grad_norm": 0.00016584337572567165, "test_error": 0.8865}, {"outer_epoch": 240, "inner_epoch": 1, "train_loss": 2.301159253080686, "grad_norm": 0.0001657611137488857, "test_error": 0.8865}, {"outer_epoch": 241, "inner_epoch": 1, "train_loss": 2.3011593575080234, "grad_norm": 0.00016581302043050528, "test_error": 0.8865}, {"outer_epoch": 242, "inner_epoch": 1, "train_loss": 2.3011593080361683, "grad_norm": 0.00016577464703004807, "test_error": 0.8865}, {"outer_epoch": 243, "inner_epoch": 1, "train_loss": 2.301159383972486, "grad_norm": 0.00016583414981141686, "test_error": 0.8865}, {"outer_epoch": 244, "inner_epoch": 1, "train_loss": 2.3011593441963196, "grad_norm": 0.00016575017070863396, "test_error": 0.8865}, {"outer_epoch": 245, "inner_epoch": 1, "train_loss": 2.3011593205531438, "grad_norm": 0.00016579793009441346, "test_error": 0.8865}, {"outer_epoch": 246, "inner_epoch": 1, "train_loss": 2.301159313281377, "grad_norm": 0.0001658288820181042, "test_error": 0.8865}, {"outer_epoch": 247, "inner_epoch": 1, "train_loss": 2.3011592756112416, "grad_norm": 0.0001657761458773166, "test_error": 0.8865}, {"outer_epoch": 248, "inner_epoch": 1, "train_loss": 2.3011593258778253, "grad_norm": 0.0001657958928262815, "test_error": 0.8865}, {"outer_epoch": 249, "inner_epoch": 1, "train_loss": 2.3011593520641327, "grad_norm": 0.00016584251716267318, "test_error": 0.8865}, {"outer_epoch": 250, "inner_epoch": 1, "train_loss": 2.3011593041817346, "grad_norm": 0.00016576152120251209, "test_error": 0.8865}]}