{"argv": ["train.py", "--seed", "79", "--optimizer", "SVRG", "--run_name", "svrg_0.1.json", "--output_path", "experiments/nonconvex_mnist/svrg-0.1.json", "--dataset", "MNIST", "--layer_sizes", "784", "100", "10", "--batch_size", "10", "--learning_rate", "0.1", "--weight_decay", "0.001", "--warmup_learning_rate", "0.03", "--num_warmup_epochs", "10", "--num_outer_epochs", "250", "--num_inner_epochs", "1", "--device", "cuda"], "args": {"seed": 79, "optimizer": "SVRG", "run_name": "svrg_0.1.json", "output_path": "experiments/nonconvex_mnist/svrg-0.1.json", "device": "cuda", "dataset": "MNIST", "dataset_root": "~/datasets/pytorch", "dataset_size": null, "download": false, "layer_sizes": [784, 100, 10], "batch_size": 10, "test_batch_size": 256, "learning_rate": 0.1, "weight_decay": 0.001, "warmup_learning_rate": 0.03, "num_warmup_epochs": 10, "num_outer_epochs": 250, "num_inner_epochs": 1, "inner_epoch_fraction": null, "choose_random_iterate": false, "num_epochs": 10}, "metrics": [{"warmup_epoch": 1, "train_loss": 0.35890698494156825, "grad_norm": 0.1693902164697647, "test_error": 0.0604}, {"warmup_epoch": 2, "train_loss": 0.18194871377463762, "grad_norm": 0.2195146232843399, "test_error": 0.0452}, {"warmup_epoch": 3, "train_loss": 0.13772531318229933, "grad_norm": 0.1083531603217125, "test_error": 0.0355}, {"warmup_epoch": 4, "train_loss": 0.11455598155801029, "grad_norm": 0.128460094332695, "test_error": 0.0309}, {"warmup_epoch": 5, "train_loss": 0.10187839505526548, "grad_norm": 0.12868857383728027, "test_error": 0.0289}, {"warmup_epoch": 6, "train_loss": 0.09330414409479515, "grad_norm": 0.11282596737146378, "test_error": 0.0299}, {"warmup_epoch": 7, "train_loss": 0.0883496714690118, "grad_norm": 0.1100197434425354, "test_error": 0.0272}, {"warmup_epoch": 8, "train_loss": 0.08488113678083756, "grad_norm": 0.07917097210884094, "test_error": 0.0262}, {"warmup_epoch": 9, "train_loss": 0.08198994982849885, "grad_norm": 0.09910028427839279, "test_error": 0.0251}, {"warmup_epoch": 10, "train_loss": 0.07989919863670365, "grad_norm": 0.09282933175563812, "test_error": 0.0258}, {"outer_epoch": 1, "inner_epoch": 1, "train_loss": 0.07031014795488832, "grad_norm": 0.06806723028421402, "test_error": 0.0243}, {"outer_epoch": 2, "inner_epoch": 1, "train_loss": 0.06765576394247667, "grad_norm": 0.05412330478429794, "test_error": 0.0211}, {"outer_epoch": 3, "inner_epoch": 1, "train_loss": 0.06563259580878851, "grad_norm": 0.06910369545221329, "test_error": 0.0231}, {"outer_epoch": 4, "inner_epoch": 1, "train_loss": 0.06553400930001711, "grad_norm": 0.09790578484535217, "test_error": 0.0233}, {"outer_epoch": 5, "inner_epoch": 1, "train_loss": 0.06595393796763771, "grad_norm": 0.15448248386383057, "test_error": 0.0236}, {"outer_epoch": 6, "inner_epoch": 1, "train_loss": 0.06996124901422687, "grad_norm": 0.11294145882129669, "test_error": 0.0242}, {"outer_epoch": 7, "inner_epoch": 1, "train_loss": 0.06971362964898192, "grad_norm": 0.16730089485645294, "test_error": 0.0264}, {"outer_epoch": 8, "inner_epoch": 1, "train_loss": 0.07140239541201542, "grad_norm": 0.13015636801719666, "test_error": 0.0248}, {"outer_epoch": 9, "inner_epoch": 1, "train_loss": 0.06987143665917878, "grad_norm": 0.16516351699829102, "test_error": 0.0261}, {"outer_epoch": 10, "inner_epoch": 1, "train_loss": 0.07111794866607912, "grad_norm": 0.10366709530353546, "test_error": 0.0238}, {"outer_epoch": 11, "inner_epoch": 1, "train_loss": 0.06620575036649826, "grad_norm": 0.13106457889080048, "test_error": 0.0239}, {"outer_epoch": 12, "inner_epoch": 1, "train_loss": 0.06836789316160138, "grad_norm": 0.11008322983980179, "test_error": 0.0248}, {"outer_epoch": 13, "inner_epoch": 1, "train_loss": 0.06815223913513667, "grad_norm": 0.11960677802562714, "test_error": 0.0233}, {"outer_epoch": 14, "inner_epoch": 1, "train_loss": 0.06782656626019161, "grad_norm": 0.1925935596227646, "test_error": 0.026}, {"outer_epoch": 15, "inner_epoch": 1, "train_loss": 0.07177059475002655, "grad_norm": 0.09965361654758453, "test_error": 0.024}, {"outer_epoch": 16, "inner_epoch": 1, "train_loss": 0.06709722567142065, "grad_norm": 0.07558035105466843, "test_error": 0.0224}, {"outer_epoch": 17, "inner_epoch": 1, "train_loss": 0.06348691381481088, "grad_norm": 0.07756444811820984, "test_error": 0.0218}, {"outer_epoch": 18, "inner_epoch": 1, "train_loss": 0.06437137809665486, "grad_norm": 0.08633999526500702, "test_error": 0.022}, {"outer_epoch": 19, "inner_epoch": 1, "train_loss": 0.06348101446777582, "grad_norm": 0.06924913823604584, "test_error": 0.0214}, {"outer_epoch": 20, "inner_epoch": 1, "train_loss": 0.0626784341482174, "grad_norm": 0.06663555651903152, "test_error": 0.0216}, {"outer_epoch": 21, "inner_epoch": 1, "train_loss": 0.0628536761001839, "grad_norm": 0.0846964493393898, "test_error": 0.022}, {"outer_epoch": 22, "inner_epoch": 1, "train_loss": 0.0630119952420937, "grad_norm": 0.10360649973154068, "test_error": 0.0228}, {"outer_epoch": 23, "inner_epoch": 1, "train_loss": 0.06435005405512251, "grad_norm": 0.11629995703697205, "test_error": 0.023}, {"outer_epoch": 24, "inner_epoch": 1, "train_loss": 0.06475593707563045, "grad_norm": 0.07703026384115219, "test_error": 0.0222}, {"outer_epoch": 25, "inner_epoch": 1, "train_loss": 0.06365810569860818, "grad_norm": 0.05670798942446709, "test_error": 0.0217}, {"outer_epoch": 26, "inner_epoch": 1, "train_loss": 0.06194180207878041, "grad_norm": 0.09374479204416275, "test_error": 0.0221}, {"outer_epoch": 27, "inner_epoch": 1, "train_loss": 0.0639734265988227, "grad_norm": 0.1759181171655655, "test_error": 0.026}, {"outer_epoch": 28, "inner_epoch": 1, "train_loss": 0.06843167604828099, "grad_norm": 0.1027025431394577, "test_error": 0.0247}, {"outer_epoch": 29, "inner_epoch": 1, "train_loss": 0.06399301070758763, "grad_norm": 0.12046003341674805, "test_error": 0.0245}, {"outer_epoch": 30, "inner_epoch": 1, "train_loss": 0.06528957135866706, "grad_norm": 0.07904886454343796, "test_error": 0.0233}, {"outer_epoch": 31, "inner_epoch": 1, "train_loss": 0.06450162266784658, "grad_norm": 0.0690283551812172, "test_error": 0.0212}, {"outer_epoch": 32, "inner_epoch": 1, "train_loss": 0.06277223886735737, "grad_norm": 0.07356533408164978, "test_error": 0.0232}, {"outer_epoch": 33, "inner_epoch": 1, "train_loss": 0.06237567510900165, "grad_norm": 0.06386369466781616, "test_error": 0.022}, {"outer_epoch": 34, "inner_epoch": 1, "train_loss": 0.062135371839128005, "grad_norm": 0.13134557008743286, "test_error": 0.0235}, {"outer_epoch": 35, "inner_epoch": 1, "train_loss": 0.06382825668148386, "grad_norm": 0.0836893692612648, "test_error": 0.0227}, {"outer_epoch": 36, "inner_epoch": 1, "train_loss": 0.0620716767872024, "grad_norm": 0.10346909612417221, "test_error": 0.0227}, {"outer_epoch": 37, "inner_epoch": 1, "train_loss": 0.06462907985297109, "grad_norm": 0.11450361460447311, "test_error": 0.0253}, {"outer_epoch": 38, "inner_epoch": 1, "train_loss": 0.06547578495572089, "grad_norm": 0.08885987102985382, "test_error": 0.0218}, {"outer_epoch": 39, "inner_epoch": 1, "train_loss": 0.06364414442282093, "grad_norm": 0.07970372587442398, "test_error": 0.0225}, {"outer_epoch": 40, "inner_epoch": 1, "train_loss": 0.06265224015283942, "grad_norm": 0.1462201327085495, "test_error": 0.0256}, {"outer_epoch": 41, "inner_epoch": 1, "train_loss": 0.06624548952663706, "grad_norm": 0.10751189291477203, "test_error": 0.0247}, {"outer_epoch": 42, "inner_epoch": 1, "train_loss": 0.06714130394913567, "grad_norm": 0.08587317168712616, "test_error": 0.0242}, {"outer_epoch": 43, "inner_epoch": 1, "train_loss": 0.06275467024634902, "grad_norm": 0.07426553964614868, "test_error": 0.0223}, {"outer_epoch": 44, "inner_epoch": 1, "train_loss": 0.06159049587182623, "grad_norm": 0.07347740978002548, "test_error": 0.0208}, {"outer_epoch": 45, "inner_epoch": 1, "train_loss": 0.062481044467383375, "grad_norm": 0.10948795825242996, "test_error": 0.0231}, {"outer_epoch": 46, "inner_epoch": 1, "train_loss": 0.06475580412489944, "grad_norm": 0.1205609142780304, "test_error": 0.0219}, {"outer_epoch": 47, "inner_epoch": 1, "train_loss": 0.06477689662458336, "grad_norm": 0.07371696084737778, "test_error": 0.0214}, {"outer_epoch": 48, "inner_epoch": 1, "train_loss": 0.061299710830828795, "grad_norm": 0.09034522622823715, "test_error": 0.0238}, {"outer_epoch": 49, "inner_epoch": 1, "train_loss": 0.06243746967006397, "grad_norm": 0.12844862043857574, "test_error": 0.0226}, {"outer_epoch": 50, "inner_epoch": 1, "train_loss": 0.0656216726283213, "grad_norm": 0.0867442935705185, "test_error": 0.0232}, {"outer_epoch": 51, "inner_epoch": 1, "train_loss": 0.062098788619720534, "grad_norm": 0.08995610475540161, "test_error": 0.0231}, {"outer_epoch": 52, "inner_epoch": 1, "train_loss": 0.06262029161546767, "grad_norm": 0.11176978051662445, "test_error": 0.0226}, {"outer_epoch": 53, "inner_epoch": 1, "train_loss": 0.06283022762196681, "grad_norm": 0.12102066725492477, "test_error": 0.0237}, {"outer_epoch": 54, "inner_epoch": 1, "train_loss": 0.06343496907570322, "grad_norm": 0.16218136250972748, "test_error": 0.0241}, {"outer_epoch": 55, "inner_epoch": 1, "train_loss": 0.06503282623848645, "grad_norm": 0.1804800182580948, "test_error": 0.0264}, {"outer_epoch": 56, "inner_epoch": 1, "train_loss": 0.07000260734356319, "grad_norm": 0.0906897485256195, "test_error": 0.0223}, {"outer_epoch": 57, "inner_epoch": 1, "train_loss": 0.06284781899754308, "grad_norm": 0.09468599408864975, "test_error": 0.0218}, {"outer_epoch": 58, "inner_epoch": 1, "train_loss": 0.061956579962793815, "grad_norm": 0.08080319315195084, "test_error": 0.0228}, {"outer_epoch": 59, "inner_epoch": 1, "train_loss": 0.06166721869192164, "grad_norm": 0.06346752494573593, "test_error": 0.0217}, {"outer_epoch": 60, "inner_epoch": 1, "train_loss": 0.060739252388768365, "grad_norm": 0.05817217379808426, "test_error": 0.0209}, {"outer_epoch": 61, "inner_epoch": 1, "train_loss": 0.06020803499392544, "grad_norm": 0.10534542053937912, "test_error": 0.0231}, {"outer_epoch": 62, "inner_epoch": 1, "train_loss": 0.062471439696479746, "grad_norm": 0.11650533974170685, "test_error": 0.0254}, {"outer_epoch": 63, "inner_epoch": 1, "train_loss": 0.06407624821793675, "grad_norm": 0.06924721598625183, "test_error": 0.022}, {"outer_epoch": 64, "inner_epoch": 1, "train_loss": 0.06233640987419252, "grad_norm": 0.08724907785654068, "test_error": 0.0228}, {"outer_epoch": 65, "inner_epoch": 1, "train_loss": 0.06192680218144475, "grad_norm": 0.05682672560214996, "test_error": 0.0224}, {"outer_epoch": 66, "inner_epoch": 1, "train_loss": 0.06030968891394635, "grad_norm": 0.07725319266319275, "test_error": 0.0207}, {"outer_epoch": 67, "inner_epoch": 1, "train_loss": 0.06080065696546808, "grad_norm": 0.10392258316278458, "test_error": 0.0231}, {"outer_epoch": 68, "inner_epoch": 1, "train_loss": 0.062381118658309184, "grad_norm": 0.06568415462970734, "test_error": 0.021}, {"outer_epoch": 69, "inner_epoch": 1, "train_loss": 0.05975883839679106, "grad_norm": 0.07280800491571426, "test_error": 0.0227}, {"outer_epoch": 70, "inner_epoch": 1, "train_loss": 0.06123816030484158, "grad_norm": 0.0703413337469101, "test_error": 0.0205}, {"outer_epoch": 71, "inner_epoch": 1, "train_loss": 0.06093057453793396, "grad_norm": 0.05722067132592201, "test_error": 0.0225}, {"outer_epoch": 72, "inner_epoch": 1, "train_loss": 0.06016775908949785, "grad_norm": 0.06669090688228607, "test_error": 0.0227}, {"outer_epoch": 73, "inner_epoch": 1, "train_loss": 0.060511306866343754, "grad_norm": 0.061488669365644455, "test_error": 0.0216}, {"outer_epoch": 74, "inner_epoch": 1, "train_loss": 0.059803514354260796, "grad_norm": 0.08018116652965546, "test_error": 0.0221}, {"outer_epoch": 75, "inner_epoch": 1, "train_loss": 0.060633240440375324, "grad_norm": 0.07379309087991714, "test_error": 0.0204}, {"outer_epoch": 76, "inner_epoch": 1, "train_loss": 0.06033241538402702, "grad_norm": 0.10204888880252838, "test_error": 0.0221}, {"outer_epoch": 77, "inner_epoch": 1, "train_loss": 0.06226589539619939, "grad_norm": 0.09585488587617874, "test_error": 0.0219}, {"outer_epoch": 78, "inner_epoch": 1, "train_loss": 0.0615377272949748, "grad_norm": 0.12162517011165619, "test_error": 0.0239}, {"outer_epoch": 79, "inner_epoch": 1, "train_loss": 0.06300174648920075, "grad_norm": 0.09130197018384933, "test_error": 0.0224}, {"outer_epoch": 80, "inner_epoch": 1, "train_loss": 0.062283303464821076, "grad_norm": 0.07113828510046005, "test_error": 0.0215}, {"outer_epoch": 81, "inner_epoch": 1, "train_loss": 0.062123052573530006, "grad_norm": 0.06454245746135712, "test_error": 0.0215}, {"outer_epoch": 82, "inner_epoch": 1, "train_loss": 0.06096473665146429, "grad_norm": 0.06134876236319542, "test_error": 0.0211}, {"outer_epoch": 83, "inner_epoch": 1, "train_loss": 0.06002915141570459, "grad_norm": 0.09245789051055908, "test_error": 0.0215}, {"outer_epoch": 84, "inner_epoch": 1, "train_loss": 0.061988592830011235, "grad_norm": 0.09202427417039871, "test_error": 0.0219}, {"outer_epoch": 85, "inner_epoch": 1, "train_loss": 0.06118183215338892, "grad_norm": 0.04671308770775795, "test_error": 0.021}, {"outer_epoch": 86, "inner_epoch": 1, "train_loss": 0.05900378996913787, "grad_norm": 0.05510042607784271, "test_error": 0.0202}, {"outer_epoch": 87, "inner_epoch": 1, "train_loss": 0.058692663243923256, "grad_norm": 0.08150743693113327, "test_error": 0.0212}, {"outer_epoch": 88, "inner_epoch": 1, "train_loss": 0.06125330375092259, "grad_norm": 0.11157046258449554, "test_error": 0.0216}, {"outer_epoch": 89, "inner_epoch": 1, "train_loss": 0.06205874599762804, "grad_norm": 0.09903579950332642, "test_error": 0.0213}, {"outer_epoch": 90, "inner_epoch": 1, "train_loss": 0.062326530635803165, "grad_norm": 0.13293452560901642, "test_error": 0.0243}, {"outer_epoch": 91, "inner_epoch": 1, "train_loss": 0.06318530774951796, "grad_norm": 0.09945312142372131, "test_error": 0.0213}, {"outer_epoch": 92, "inner_epoch": 1, "train_loss": 0.06189143805917896, "grad_norm": 0.09390165656805038, "test_error": 0.0213}, {"outer_epoch": 93, "inner_epoch": 1, "train_loss": 0.061992020950633255, "grad_norm": 0.13077351450920105, "test_error": 0.0219}, {"outer_epoch": 94, "inner_epoch": 1, "train_loss": 0.061999727174600894, "grad_norm": 0.0803070142865181, "test_error": 0.0224}, {"outer_epoch": 95, "inner_epoch": 1, "train_loss": 0.06209347959590377, "grad_norm": 0.1676616221666336, "test_error": 0.0258}, {"outer_epoch": 96, "inner_epoch": 1, "train_loss": 0.06600779637153027, "grad_norm": 0.06521308422088623, "test_error": 0.0226}, {"outer_epoch": 97, "inner_epoch": 1, "train_loss": 0.06106655652083767, "grad_norm": 0.10516311228275299, "test_error": 0.0216}, {"outer_epoch": 98, "inner_epoch": 1, "train_loss": 0.061505522405864516, "grad_norm": 0.05796199291944504, "test_error": 0.0224}, {"outer_epoch": 99, "inner_epoch": 1, "train_loss": 0.06012297209870303, "grad_norm": 0.12469668686389923, "test_error": 0.0245}, {"outer_epoch": 100, "inner_epoch": 1, "train_loss": 0.0660354129836584, "grad_norm": 0.05481820926070213, "test_error": 0.0213}, {"outer_epoch": 101, "inner_epoch": 1, "train_loss": 0.06129944449009296, "grad_norm": 0.05509941652417183, "test_error": 0.022}, {"outer_epoch": 102, "inner_epoch": 1, "train_loss": 0.060066521405125965, "grad_norm": 0.047450050711631775, "test_error": 0.0212}, {"outer_epoch": 103, "inner_epoch": 1, "train_loss": 0.059181328028983744, "grad_norm": 0.041493285447359085, "test_error": 0.0215}, {"outer_epoch": 104, "inner_epoch": 1, "train_loss": 0.059076427079116305, "grad_norm": 0.0601998046040535, "test_error": 0.0206}, {"outer_epoch": 105, "inner_epoch": 1, "train_loss": 0.05847227233529945, "grad_norm": 0.06505373120307922, "test_error": 0.021}, {"outer_epoch": 106, "inner_epoch": 1, "train_loss": 0.05956164498994864, "grad_norm": 0.058997273445129395, "test_error": 0.0214}, {"outer_epoch": 107, "inner_epoch": 1, "train_loss": 0.059758592490165026, "grad_norm": 0.04138408228754997, "test_error": 0.0197}, {"outer_epoch": 108, "inner_epoch": 1, "train_loss": 0.05881482773041353, "grad_norm": 0.04906966909766197, "test_error": 0.0206}, {"outer_epoch": 109, "inner_epoch": 1, "train_loss": 0.05888677013132838, "grad_norm": 0.054229192435741425, "test_error": 0.0217}, {"outer_epoch": 110, "inner_epoch": 1, "train_loss": 0.05878427848313974, "grad_norm": 0.07233264297246933, "test_error": 0.0226}, {"outer_epoch": 111, "inner_epoch": 1, "train_loss": 0.059805635613709454, "grad_norm": 0.11016654968261719, "test_error": 0.0218}, {"outer_epoch": 112, "inner_epoch": 1, "train_loss": 0.06253350366762607, "grad_norm": 0.07562010735273361, "test_error": 0.0232}, {"outer_epoch": 113, "inner_epoch": 1, "train_loss": 0.062010853016749024, "grad_norm": 0.08108647912740707, "test_error": 0.0216}, {"outer_epoch": 114, "inner_epoch": 1, "train_loss": 0.061324956013238986, "grad_norm": 0.12934640049934387, "test_error": 0.0226}, {"outer_epoch": 115, "inner_epoch": 1, "train_loss": 0.06351836144082093, "grad_norm": 0.10322506725788116, "test_error": 0.0219}, {"outer_epoch": 116, "inner_epoch": 1, "train_loss": 0.06244871158684449, "grad_norm": 0.15322713553905487, "test_error": 0.0247}, {"outer_epoch": 117, "inner_epoch": 1, "train_loss": 0.06615637362625178, "grad_norm": 0.09786441177129745, "test_error": 0.0233}, {"outer_epoch": 118, "inner_epoch": 1, "train_loss": 0.06356220109060329, "grad_norm": 0.08786599338054657, "test_error": 0.0227}, {"outer_epoch": 119, "inner_epoch": 1, "train_loss": 0.0632385018915714, "grad_norm": 0.0719195008277893, "test_error": 0.0226}, {"outer_epoch": 120, "inner_epoch": 1, "train_loss": 0.06189939992201592, "grad_norm": 0.05044414848089218, "test_error": 0.0209}, {"outer_epoch": 121, "inner_epoch": 1, "train_loss": 0.05997175994724967, "grad_norm": 0.07074587047100067, "test_error": 0.0213}, {"outer_epoch": 122, "inner_epoch": 1, "train_loss": 0.05987668371965022, "grad_norm": 0.08249552547931671, "test_error": 0.0211}, {"outer_epoch": 123, "inner_epoch": 1, "train_loss": 0.06144018318991099, "grad_norm": 0.08245062828063965, "test_error": 0.021}, {"outer_epoch": 124, "inner_epoch": 1, "train_loss": 0.06143314848223235, "grad_norm": 0.07805322855710983, "test_error": 0.0216}, {"outer_epoch": 125, "inner_epoch": 1, "train_loss": 0.06187939943000674, "grad_norm": 0.05654183030128479, "test_error": 0.0205}, {"outer_epoch": 126, "inner_epoch": 1, "train_loss": 0.05968228166315627, "grad_norm": 0.05207618325948715, "test_error": 0.0208}, {"outer_epoch": 127, "inner_epoch": 1, "train_loss": 0.05963975738107304, "grad_norm": 0.07119567692279816, "test_error": 0.0221}, {"outer_epoch": 128, "inner_epoch": 1, "train_loss": 0.06075431086602233, "grad_norm": 0.05888611823320389, "test_error": 0.0209}, {"outer_epoch": 129, "inner_epoch": 1, "train_loss": 0.059718565502252505, "grad_norm": 0.064559705555439, "test_error": 0.0226}, {"outer_epoch": 130, "inner_epoch": 1, "train_loss": 0.0603175331458721, "grad_norm": 0.05275021865963936, "test_error": 0.0226}, {"outer_epoch": 131, "inner_epoch": 1, "train_loss": 0.05942580757261021, "grad_norm": 0.08563683182001114, "test_error": 0.0212}, {"outer_epoch": 132, "inner_epoch": 1, "train_loss": 0.06021241617707225, "grad_norm": 0.09798473119735718, "test_error": 0.0212}, {"outer_epoch": 133, "inner_epoch": 1, "train_loss": 0.061038574986101594, "grad_norm": 0.05966464430093765, "test_error": 0.0218}, {"outer_epoch": 134, "inner_epoch": 1, "train_loss": 0.05989068968931679, "grad_norm": 0.0890544131398201, "test_error": 0.021}, {"outer_epoch": 135, "inner_epoch": 1, "train_loss": 0.0611687110128308, "grad_norm": 0.08283796906471252, "test_error": 0.022}, {"outer_epoch": 136, "inner_epoch": 1, "train_loss": 0.06015194638154935, "grad_norm": 0.07937965542078018, "test_error": 0.0227}, {"outer_epoch": 137, "inner_epoch": 1, "train_loss": 0.06191048626121483, "grad_norm": 0.05426650866866112, "test_error": 0.0224}, {"outer_epoch": 138, "inner_epoch": 1, "train_loss": 0.060952438309662585, "grad_norm": 0.06413118541240692, "test_error": 0.02}, {"outer_epoch": 139, "inner_epoch": 1, "train_loss": 0.06021792410740939, "grad_norm": 0.10768724232912064, "test_error": 0.0212}, {"outer_epoch": 140, "inner_epoch": 1, "train_loss": 0.06125487495784182, "grad_norm": 0.14296771585941315, "test_error": 0.0225}, {"outer_epoch": 141, "inner_epoch": 1, "train_loss": 0.06329778172285296, "grad_norm": 0.12316693365573883, "test_error": 0.023}, {"outer_epoch": 142, "inner_epoch": 1, "train_loss": 0.06504430084370931, "grad_norm": 0.09853377193212509, "test_error": 0.0225}, {"outer_epoch": 143, "inner_epoch": 1, "train_loss": 0.06312068080950606, "grad_norm": 0.08378301560878754, "test_error": 0.0241}, {"outer_epoch": 144, "inner_epoch": 1, "train_loss": 0.06207676825205757, "grad_norm": 0.11986356228590012, "test_error": 0.022}, {"outer_epoch": 145, "inner_epoch": 1, "train_loss": 0.0625801656958065, "grad_norm": 0.05634123831987381, "test_error": 0.0212}, {"outer_epoch": 146, "inner_epoch": 1, "train_loss": 0.061187629624114684, "grad_norm": 0.06701377779245377, "test_error": 0.0207}, {"outer_epoch": 147, "inner_epoch": 1, "train_loss": 0.060456850229083405, "grad_norm": 0.05276649445295334, "test_error": 0.0227}, {"outer_epoch": 148, "inner_epoch": 1, "train_loss": 0.0588410390218681, "grad_norm": 0.04280100017786026, "test_error": 0.0209}, {"outer_epoch": 149, "inner_epoch": 1, "train_loss": 0.05965805272802633, "grad_norm": 0.07304073870182037, "test_error": 0.0201}, {"outer_epoch": 150, "inner_epoch": 1, "train_loss": 0.05980393590145589, "grad_norm": 0.042793214321136475, "test_error": 0.0216}, {"outer_epoch": 151, "inner_epoch": 1, "train_loss": 0.05881198958930327, "grad_norm": 0.05242997780442238, "test_error": 0.0204}, {"outer_epoch": 152, "inner_epoch": 1, "train_loss": 0.05941659107328936, "grad_norm": 0.06535297632217407, "test_error": 0.0218}, {"outer_epoch": 153, "inner_epoch": 1, "train_loss": 0.06087829182174755, "grad_norm": 0.07035854458808899, "test_error": 0.0212}, {"outer_epoch": 154, "inner_epoch": 1, "train_loss": 0.059630766769948725, "grad_norm": 0.1438024491071701, "test_error": 0.025}, {"outer_epoch": 155, "inner_epoch": 1, "train_loss": 0.06387349021956712, "grad_norm": 0.08081969618797302, "test_error": 0.0234}, {"outer_epoch": 156, "inner_epoch": 1, "train_loss": 0.061329649564092203, "grad_norm": 0.06569190323352814, "test_error": 0.0215}, {"outer_epoch": 157, "inner_epoch": 1, "train_loss": 0.06027681343488318, "grad_norm": 0.12608909606933594, "test_error": 0.0222}, {"outer_epoch": 158, "inner_epoch": 1, "train_loss": 0.06171835479590421, "grad_norm": 0.0771476998925209, "test_error": 0.0213}, {"outer_epoch": 159, "inner_epoch": 1, "train_loss": 0.060256386568187735, "grad_norm": 0.07872024923563004, "test_error": 0.0212}, {"outer_epoch": 160, "inner_epoch": 1, "train_loss": 0.0598021126530463, "grad_norm": 0.05354951322078705, "test_error": 0.0211}, {"outer_epoch": 161, "inner_epoch": 1, "train_loss": 0.05912664093418668, "grad_norm": 0.08601223677396774, "test_error": 0.0217}, {"outer_epoch": 162, "inner_epoch": 1, "train_loss": 0.06000824803595121, "grad_norm": 0.06127244234085083, "test_error": 0.021}, {"outer_epoch": 163, "inner_epoch": 1, "train_loss": 0.06004247641202528, "grad_norm": 0.08690623193979263, "test_error": 0.0217}, {"outer_epoch": 164, "inner_epoch": 1, "train_loss": 0.060420917695427005, "grad_norm": 0.08400114625692368, "test_error": 0.0227}, {"outer_epoch": 165, "inner_epoch": 1, "train_loss": 0.06089878248293341, "grad_norm": 0.11246893554925919, "test_error": 0.0239}, {"outer_epoch": 166, "inner_epoch": 1, "train_loss": 0.06314481431327294, "grad_norm": 0.06704483181238174, "test_error": 0.0224}, {"outer_epoch": 167, "inner_epoch": 1, "train_loss": 0.060564125837311925, "grad_norm": 0.07527226954698563, "test_error": 0.0212}, {"outer_epoch": 168, "inner_epoch": 1, "train_loss": 0.06089588662570653, "grad_norm": 0.07498617470264435, "test_error": 0.0217}, {"outer_epoch": 169, "inner_epoch": 1, "train_loss": 0.06062938556776498, "grad_norm": 0.07278092205524445, "test_error": 0.0224}, {"outer_epoch": 170, "inner_epoch": 1, "train_loss": 0.06075131592340768, "grad_norm": 0.22510339319705963, "test_error": 0.0247}, {"outer_epoch": 171, "inner_epoch": 1, "train_loss": 0.07016908652319884, "grad_norm": 0.15391945838928223, "test_error": 0.025}, {"outer_epoch": 172, "inner_epoch": 1, "train_loss": 0.06686858740804018, "grad_norm": 0.19035862386226654, "test_error": 0.0269}, {"outer_epoch": 173, "inner_epoch": 1, "train_loss": 0.06822194679607249, "grad_norm": 0.2653956115245819, "test_error": 0.03}, {"outer_epoch": 174, "inner_epoch": 1, "train_loss": 0.07445164645908517, "grad_norm": 0.219472274184227, "test_error": 0.0298}, {"outer_epoch": 175, "inner_epoch": 1, "train_loss": 0.0724579576572869, "grad_norm": 0.14654318988323212, "test_error": 0.0257}, {"outer_epoch": 176, "inner_epoch": 1, "train_loss": 0.06706825528402502, "grad_norm": 0.07945016771554947, "test_error": 0.022}, {"outer_epoch": 177, "inner_epoch": 1, "train_loss": 0.06390867780639868, "grad_norm": 0.07072868943214417, "test_error": 0.0211}, {"outer_epoch": 178, "inner_epoch": 1, "train_loss": 0.0613311139018042, "grad_norm": 0.042960092425346375, "test_error": 0.0205}, {"outer_epoch": 179, "inner_epoch": 1, "train_loss": 0.059576571207474144, "grad_norm": 0.05475832521915436, "test_error": 0.0227}, {"outer_epoch": 180, "inner_epoch": 1, "train_loss": 0.059055017140693965, "grad_norm": 0.0502115935087204, "test_error": 0.0214}, {"outer_epoch": 181, "inner_epoch": 1, "train_loss": 0.05879420664861876, "grad_norm": 0.04739917814731598, "test_error": 0.0212}, {"outer_epoch": 182, "inner_epoch": 1, "train_loss": 0.058699321036459876, "grad_norm": 0.07938376069068909, "test_error": 0.021}, {"outer_epoch": 183, "inner_epoch": 1, "train_loss": 0.06011207492892087, "grad_norm": 0.11608293652534485, "test_error": 0.0211}, {"outer_epoch": 184, "inner_epoch": 1, "train_loss": 0.062436243600250844, "grad_norm": 0.07405172288417816, "test_error": 0.0219}, {"outer_epoch": 185, "inner_epoch": 1, "train_loss": 0.06047181854393178, "grad_norm": 0.09907635301351547, "test_error": 0.0227}, {"outer_epoch": 186, "inner_epoch": 1, "train_loss": 0.061653682148375084, "grad_norm": 0.06395222991704941, "test_error": 0.021}, {"outer_epoch": 187, "inner_epoch": 1, "train_loss": 0.06054552358777922, "grad_norm": 0.13369417190551758, "test_error": 0.0226}, {"outer_epoch": 188, "inner_epoch": 1, "train_loss": 0.0644681255435765, "grad_norm": 0.11227689683437347, "test_error": 0.023}, {"outer_epoch": 189, "inner_epoch": 1, "train_loss": 0.06280255771165442, "grad_norm": 0.09120333194732666, "test_error": 0.0221}, {"outer_epoch": 190, "inner_epoch": 1, "train_loss": 0.06260839640341388, "grad_norm": 0.07237106561660767, "test_error": 0.0217}, {"outer_epoch": 191, "inner_epoch": 1, "train_loss": 0.06073602803425941, "grad_norm": 0.0523039773106575, "test_error": 0.0212}, {"outer_epoch": 192, "inner_epoch": 1, "train_loss": 0.059776252031539724, "grad_norm": 0.10506430268287659, "test_error": 0.0233}, {"outer_epoch": 193, "inner_epoch": 1, "train_loss": 0.06201907037444956, "grad_norm": 0.1154184341430664, "test_error": 0.0237}, {"outer_epoch": 194, "inner_epoch": 1, "train_loss": 0.06349282962454406, "grad_norm": 0.11393421143293381, "test_error": 0.0231}, {"outer_epoch": 195, "inner_epoch": 1, "train_loss": 0.06289587657671655, "grad_norm": 0.08192772418260574, "test_error": 0.0224}, {"outer_epoch": 196, "inner_epoch": 1, "train_loss": 0.06106393173360266, "grad_norm": 0.0640086978673935, "test_error": 0.022}, {"outer_epoch": 197, "inner_epoch": 1, "train_loss": 0.060374996000910564, "grad_norm": 0.07949245721101761, "test_error": 0.0225}, {"outer_epoch": 198, "inner_epoch": 1, "train_loss": 0.06065099455085389, "grad_norm": 0.04922574758529663, "test_error": 0.0215}, {"outer_epoch": 199, "inner_epoch": 1, "train_loss": 0.059112081400642634, "grad_norm": 0.08797210454940796, "test_error": 0.022}, {"outer_epoch": 200, "inner_epoch": 1, "train_loss": 0.060964480334883164, "grad_norm": 0.11146525293588638, "test_error": 0.0215}, {"outer_epoch": 201, "inner_epoch": 1, "train_loss": 0.06206137020981017, "grad_norm": 0.06106649711728096, "test_error": 0.0228}, {"outer_epoch": 202, "inner_epoch": 1, "train_loss": 0.06047538708274563, "grad_norm": 0.058238353580236435, "test_error": 0.0212}, {"outer_epoch": 203, "inner_epoch": 1, "train_loss": 0.05969809123398348, "grad_norm": 0.053803861141204834, "test_error": 0.0198}, {"outer_epoch": 204, "inner_epoch": 1, "train_loss": 0.060608772129868156, "grad_norm": 0.06653594225645065, "test_error": 0.0214}, {"outer_epoch": 205, "inner_epoch": 1, "train_loss": 0.05943730498945418, "grad_norm": 0.03774401172995567, "test_error": 0.0199}, {"outer_epoch": 206, "inner_epoch": 1, "train_loss": 0.05866514736767082, "grad_norm": 0.06765016913414001, "test_error": 0.0212}, {"outer_epoch": 207, "inner_epoch": 1, "train_loss": 0.0586838168099833, "grad_norm": 0.07538381218910217, "test_error": 0.0221}, {"outer_epoch": 208, "inner_epoch": 1, "train_loss": 0.05992965436561887, "grad_norm": 0.06254713982343674, "test_error": 0.0212}, {"outer_epoch": 209, "inner_epoch": 1, "train_loss": 0.05979954487853684, "grad_norm": 0.0890708863735199, "test_error": 0.0208}, {"outer_epoch": 210, "inner_epoch": 1, "train_loss": 0.06017556461562829, "grad_norm": 0.05843360349535942, "test_error": 0.0211}, {"outer_epoch": 211, "inner_epoch": 1, "train_loss": 0.059446281968169694, "grad_norm": 0.1911202371120453, "test_error": 0.0256}, {"outer_epoch": 212, "inner_epoch": 1, "train_loss": 0.06682333103270503, "grad_norm": 0.2294185608625412, "test_error": 0.0281}, {"outer_epoch": 213, "inner_epoch": 1, "train_loss": 0.07021921848863713, "grad_norm": 0.1585744172334671, "test_error": 0.0252}, {"outer_epoch": 214, "inner_epoch": 1, "train_loss": 0.06645689039731709, "grad_norm": 0.0769362598657608, "test_error": 0.0229}, {"outer_epoch": 215, "inner_epoch": 1, "train_loss": 0.0629811700610444, "grad_norm": 0.09808025509119034, "test_error": 0.0244}, {"outer_epoch": 216, "inner_epoch": 1, "train_loss": 0.0633802187583254, "grad_norm": 0.09025690704584122, "test_error": 0.0228}, {"outer_epoch": 217, "inner_epoch": 1, "train_loss": 0.06150267821042022, "grad_norm": 0.15025824308395386, "test_error": 0.026}, {"outer_epoch": 218, "inner_epoch": 1, "train_loss": 0.06542018912282462, "grad_norm": 0.06361943483352661, "test_error": 0.0214}, {"outer_epoch": 219, "inner_epoch": 1, "train_loss": 0.06128233213041676, "grad_norm": 0.09572677314281464, "test_error": 0.0204}, {"outer_epoch": 220, "inner_epoch": 1, "train_loss": 0.06156764245087591, "grad_norm": 0.06927404552698135, "test_error": 0.022}, {"outer_epoch": 221, "inner_epoch": 1, "train_loss": 0.06113298597894997, "grad_norm": 0.061005644500255585, "test_error": 0.0227}, {"outer_epoch": 222, "inner_epoch": 1, "train_loss": 0.06092715221020626, "grad_norm": 0.054903410375118256, "test_error": 0.0212}, {"outer_epoch": 223, "inner_epoch": 1, "train_loss": 0.06032513798510384, "grad_norm": 0.0467287078499794, "test_error": 0.0206}, {"outer_epoch": 224, "inner_epoch": 1, "train_loss": 0.05954118846271497, "grad_norm": 0.07329895347356796, "test_error": 0.0214}, {"outer_epoch": 225, "inner_epoch": 1, "train_loss": 0.059363072598159004, "grad_norm": 0.07969120889902115, "test_error": 0.0219}, {"outer_epoch": 226, "inner_epoch": 1, "train_loss": 0.060247777063535374, "grad_norm": 0.10559149086475372, "test_error": 0.0225}, {"outer_epoch": 227, "inner_epoch": 1, "train_loss": 0.06283031709269077, "grad_norm": 0.1255120187997818, "test_error": 0.0225}, {"outer_epoch": 228, "inner_epoch": 1, "train_loss": 0.06399078639693713, "grad_norm": 0.06932459026575089, "test_error": 0.0248}, {"outer_epoch": 229, "inner_epoch": 1, "train_loss": 0.061928521627696076, "grad_norm": 0.07323713600635529, "test_error": 0.0226}, {"outer_epoch": 230, "inner_epoch": 1, "train_loss": 0.060043824663366344, "grad_norm": 0.075581394135952, "test_error": 0.0222}, {"outer_epoch": 231, "inner_epoch": 1, "train_loss": 0.06008689809101634, "grad_norm": 0.08014734089374542, "test_error": 0.0218}, {"outer_epoch": 232, "inner_epoch": 1, "train_loss": 0.06191557259948847, "grad_norm": 0.08149459958076477, "test_error": 0.0198}, {"outer_epoch": 233, "inner_epoch": 1, "train_loss": 0.06112261345150182, "grad_norm": 0.08476930111646652, "test_error": 0.0213}, {"outer_epoch": 234, "inner_epoch": 1, "train_loss": 0.060099219857734476, "grad_norm": 0.12242123484611511, "test_error": 0.0229}, {"outer_epoch": 235, "inner_epoch": 1, "train_loss": 0.06281014633066176, "grad_norm": 0.11975441873073578, "test_error": 0.0232}, {"outer_epoch": 236, "inner_epoch": 1, "train_loss": 0.06422122744605682, "grad_norm": 0.12911562621593475, "test_error": 0.0222}, {"outer_epoch": 237, "inner_epoch": 1, "train_loss": 0.06360729762162858, "grad_norm": 0.09863964468240738, "test_error": 0.0221}, {"outer_epoch": 238, "inner_epoch": 1, "train_loss": 0.061918609574475945, "grad_norm": 0.09061583876609802, "test_error": 0.0223}, {"outer_epoch": 239, "inner_epoch": 1, "train_loss": 0.06133098701368241, "grad_norm": 0.04951086267828941, "test_error": 0.0221}, {"outer_epoch": 240, "inner_epoch": 1, "train_loss": 0.05971143753756769, "grad_norm": 0.046682488173246384, "test_error": 0.0221}, {"outer_epoch": 241, "inner_epoch": 1, "train_loss": 0.05989483619298941, "grad_norm": 0.05961064621806145, "test_error": 0.0214}, {"outer_epoch": 242, "inner_epoch": 1, "train_loss": 0.05999895064199033, "grad_norm": 0.06037940829992294, "test_error": 0.0203}, {"outer_epoch": 243, "inner_epoch": 1, "train_loss": 0.05860238632146502, "grad_norm": 0.07301020622253418, "test_error": 0.0202}, {"outer_epoch": 244, "inner_epoch": 1, "train_loss": 0.05994460863484225, "grad_norm": 0.09305848181247711, "test_error": 0.0215}, {"outer_epoch": 245, "inner_epoch": 1, "train_loss": 0.06103224715425555, "grad_norm": 0.06335332244634628, "test_error": 0.0211}, {"outer_epoch": 246, "inner_epoch": 1, "train_loss": 0.059901330777133506, "grad_norm": 0.058592040091753006, "test_error": 0.0221}, {"outer_epoch": 247, "inner_epoch": 1, "train_loss": 0.05927309777432432, "grad_norm": 0.06993037462234497, "test_error": 0.0221}, {"outer_epoch": 248, "inner_epoch": 1, "train_loss": 0.06032908329695541, "grad_norm": 0.0569162517786026, "test_error": 0.0208}, {"outer_epoch": 249, "inner_epoch": 1, "train_loss": 0.05938096076543055, "grad_norm": 0.048379115760326385, "test_error": 0.0203}, {"outer_epoch": 250, "inner_epoch": 1, "train_loss": 0.05884597769951991, "grad_norm": 0.05483507364988327, "test_error": 0.0205}]}