{"argv": ["train.py", "--seed", "79", "--optimizer", "SVRG", "--run_name", "svrg_0.025.json", "--output_path", "experiments/nonconvex_mnist/svrg-0.025.json", "--dataset", "MNIST", "--layer_sizes", "784", "100", "10", "--batch_size", "10", "--learning_rate", "0.025", "--weight_decay", "0.001", "--warmup_learning_rate", "0.03", "--num_warmup_epochs", "10", "--num_outer_epochs", "250", "--num_inner_epochs", "1", "--device", "cuda"], "args": {"seed": 79, "optimizer": "SVRG", "run_name": "svrg_0.025.json", "output_path": "experiments/nonconvex_mnist/svrg-0.025.json", "device": "cuda", "dataset": "MNIST", "dataset_root": "~/datasets/pytorch", "dataset_size": null, "download": false, "layer_sizes": [784, 100, 10], "batch_size": 10, "test_batch_size": 256, "learning_rate": 0.025, "weight_decay": 0.001, "warmup_learning_rate": 0.03, "num_warmup_epochs": 10, "num_outer_epochs": 250, "num_inner_epochs": 1, "inner_epoch_fraction": null, "choose_random_iterate": false, "num_epochs": 10}, "metrics": [{"warmup_epoch": 1, "train_loss": 0.35890698494156825, "grad_norm": 0.1693902164697647, "test_error": 0.0604}, {"warmup_epoch": 2, "train_loss": 0.18194871377463762, "grad_norm": 0.2195146232843399, "test_error": 0.0452}, {"warmup_epoch": 3, "train_loss": 0.13772531318229933, "grad_norm": 0.1083531603217125, "test_error": 0.0355}, {"warmup_epoch": 4, "train_loss": 0.11455598155801029, "grad_norm": 0.128460094332695, "test_error": 0.0309}, {"warmup_epoch": 5, "train_loss": 0.10187839505526548, "grad_norm": 0.12868857383728027, "test_error": 0.0289}, {"warmup_epoch": 6, "train_loss": 0.09330414409479515, "grad_norm": 0.11282596737146378, "test_error": 0.0299}, {"warmup_epoch": 7, "train_loss": 0.0883496714690118, "grad_norm": 0.1100197434425354, "test_error": 0.0272}, {"warmup_epoch": 8, "train_loss": 0.08488113678083756, "grad_norm": 0.07917097210884094, "test_error": 0.0262}, {"warmup_epoch": 9, "train_loss": 0.08198994982849885, "grad_norm": 0.09910028427839279, "test_error": 0.0251}, {"warmup_epoch": 10, "train_loss": 0.07989919863670365, "grad_norm": 0.09282933175563812, "test_error": 0.0258}, {"outer_epoch": 1, "inner_epoch": 1, "train_loss": 0.06581100794754456, "grad_norm": 0.029957018792629242, "test_error": 0.0226}, {"outer_epoch": 2, "inner_epoch": 1, "train_loss": 0.06450671578664333, "grad_norm": 0.015463259071111679, "test_error": 0.0223}, {"outer_epoch": 3, "inner_epoch": 1, "train_loss": 0.0638975728417281, "grad_norm": 0.014874184504151344, "test_error": 0.022}, {"outer_epoch": 4, "inner_epoch": 1, "train_loss": 0.06326507725099025, "grad_norm": 0.014583945274353027, "test_error": 0.0219}, {"outer_epoch": 5, "inner_epoch": 1, "train_loss": 0.06279961908765835, "grad_norm": 0.015566464513540268, "test_error": 0.0219}, {"outer_epoch": 6, "inner_epoch": 1, "train_loss": 0.06230496678875837, "grad_norm": 0.01557114813476801, "test_error": 0.0217}, {"outer_epoch": 7, "inner_epoch": 1, "train_loss": 0.06190429614819974, "grad_norm": 0.014752449467778206, "test_error": 0.022}, {"outer_epoch": 8, "inner_epoch": 1, "train_loss": 0.06156906386037978, "grad_norm": 0.01617666892707348, "test_error": 0.0219}, {"outer_epoch": 9, "inner_epoch": 1, "train_loss": 0.06117372649294945, "grad_norm": 0.014270836487412453, "test_error": 0.0219}, {"outer_epoch": 10, "inner_epoch": 1, "train_loss": 0.06093282988962407, "grad_norm": 0.015069869346916676, "test_error": 0.0217}, {"outer_epoch": 11, "inner_epoch": 1, "train_loss": 0.06066550518847847, "grad_norm": 0.01474528294056654, "test_error": 0.0217}, {"outer_epoch": 12, "inner_epoch": 1, "train_loss": 0.06045945207720312, "grad_norm": 0.015432032756507397, "test_error": 0.0213}, {"outer_epoch": 13, "inner_epoch": 1, "train_loss": 0.06022700297399812, "grad_norm": 0.016383325681090355, "test_error": 0.0215}, {"outer_epoch": 14, "inner_epoch": 1, "train_loss": 0.06010466602272936, "grad_norm": 0.015528390184044838, "test_error": 0.0213}, {"outer_epoch": 15, "inner_epoch": 1, "train_loss": 0.05993895342509495, "grad_norm": 0.015663502737879753, "test_error": 0.0212}, {"outer_epoch": 16, "inner_epoch": 1, "train_loss": 0.059814295968060226, "grad_norm": 0.016052257269620895, "test_error": 0.0214}, {"outer_epoch": 17, "inner_epoch": 1, "train_loss": 0.05961368412485657, "grad_norm": 0.015254287049174309, "test_error": 0.0213}, {"outer_epoch": 18, "inner_epoch": 1, "train_loss": 0.059441354266474566, "grad_norm": 0.015818098559975624, "test_error": 0.0217}, {"outer_epoch": 19, "inner_epoch": 1, "train_loss": 0.059323672258916, "grad_norm": 0.015394109301269054, "test_error": 0.0212}, {"outer_epoch": 20, "inner_epoch": 1, "train_loss": 0.05923207283062705, "grad_norm": 0.015248596668243408, "test_error": 0.0207}, {"outer_epoch": 21, "inner_epoch": 1, "train_loss": 0.05914130334551252, "grad_norm": 0.017306916415691376, "test_error": 0.0209}, {"outer_epoch": 22, "inner_epoch": 1, "train_loss": 0.059078559833190714, "grad_norm": 0.015298362821340561, "test_error": 0.0205}, {"outer_epoch": 23, "inner_epoch": 1, "train_loss": 0.058884734191272096, "grad_norm": 0.014566426165401936, "test_error": 0.0208}, {"outer_epoch": 24, "inner_epoch": 1, "train_loss": 0.05884103262272159, "grad_norm": 0.01594710722565651, "test_error": 0.0208}, {"outer_epoch": 25, "inner_epoch": 1, "train_loss": 0.0587977499307987, "grad_norm": 0.015899958088994026, "test_error": 0.0201}, {"outer_epoch": 26, "inner_epoch": 1, "train_loss": 0.05870301769908595, "grad_norm": 0.015068566426634789, "test_error": 0.0203}, {"outer_epoch": 27, "inner_epoch": 1, "train_loss": 0.05863223503367044, "grad_norm": 0.014793356880545616, "test_error": 0.0206}, {"outer_epoch": 28, "inner_epoch": 1, "train_loss": 0.05856280116335256, "grad_norm": 0.01560378260910511, "test_error": 0.0205}, {"outer_epoch": 29, "inner_epoch": 1, "train_loss": 0.05851721190742683, "grad_norm": 0.016033228486776352, "test_error": 0.0207}, {"outer_epoch": 30, "inner_epoch": 1, "train_loss": 0.058454255948076024, "grad_norm": 0.01801224797964096, "test_error": 0.0207}, {"outer_epoch": 31, "inner_epoch": 1, "train_loss": 0.05842229630091848, "grad_norm": 0.01522811222821474, "test_error": 0.0204}, {"outer_epoch": 32, "inner_epoch": 1, "train_loss": 0.058273632797955846, "grad_norm": 0.01478903740644455, "test_error": 0.0205}, {"outer_epoch": 33, "inner_epoch": 1, "train_loss": 0.05826308964357789, "grad_norm": 0.015356549993157387, "test_error": 0.0206}, {"outer_epoch": 34, "inner_epoch": 1, "train_loss": 0.05819086221909189, "grad_norm": 0.016006270423531532, "test_error": 0.021}, {"outer_epoch": 35, "inner_epoch": 1, "train_loss": 0.05811686930677388, "grad_norm": 0.01499607041478157, "test_error": 0.0209}, {"outer_epoch": 36, "inner_epoch": 1, "train_loss": 0.058066321652867674, "grad_norm": 0.014600622467696667, "test_error": 0.0211}, {"outer_epoch": 37, "inner_epoch": 1, "train_loss": 0.058060188315071475, "grad_norm": 0.015783557668328285, "test_error": 0.0209}, {"outer_epoch": 38, "inner_epoch": 1, "train_loss": 0.05804032275396943, "grad_norm": 0.015914347022771835, "test_error": 0.0206}, {"outer_epoch": 39, "inner_epoch": 1, "train_loss": 0.0579575688718857, "grad_norm": 0.014455720782279968, "test_error": 0.0207}, {"outer_epoch": 40, "inner_epoch": 1, "train_loss": 0.057895619629203185, "grad_norm": 0.015711115673184395, "test_error": 0.0206}, {"outer_epoch": 41, "inner_epoch": 1, "train_loss": 0.05783713987989662, "grad_norm": 0.01538810320198536, "test_error": 0.0206}, {"outer_epoch": 42, "inner_epoch": 1, "train_loss": 0.05786480902490439, "grad_norm": 0.014848961494863033, "test_error": 0.0206}, {"outer_epoch": 43, "inner_epoch": 1, "train_loss": 0.05779882289234471, "grad_norm": 0.014746778644621372, "test_error": 0.0207}, {"outer_epoch": 44, "inner_epoch": 1, "train_loss": 0.057749889805874165, "grad_norm": 0.01547294296324253, "test_error": 0.0205}, {"outer_epoch": 45, "inner_epoch": 1, "train_loss": 0.05776734552295723, "grad_norm": 0.017460791394114494, "test_error": 0.0208}, {"outer_epoch": 46, "inner_epoch": 1, "train_loss": 0.057757552304052905, "grad_norm": 0.016007808968424797, "test_error": 0.0207}, {"outer_epoch": 47, "inner_epoch": 1, "train_loss": 0.05769580068959234, "grad_norm": 0.014841909520328045, "test_error": 0.0207}, {"outer_epoch": 48, "inner_epoch": 1, "train_loss": 0.057668807961725785, "grad_norm": 0.015209903940558434, "test_error": 0.0212}, {"outer_epoch": 49, "inner_epoch": 1, "train_loss": 0.05759370836578698, "grad_norm": 0.014330117963254452, "test_error": 0.0207}, {"outer_epoch": 50, "inner_epoch": 1, "train_loss": 0.05757760594141049, "grad_norm": 0.015319746918976307, "test_error": 0.0212}, {"outer_epoch": 51, "inner_epoch": 1, "train_loss": 0.057578650409472173, "grad_norm": 0.014889956451952457, "test_error": 0.0211}, {"outer_epoch": 52, "inner_epoch": 1, "train_loss": 0.057512258370038274, "grad_norm": 0.016295049339532852, "test_error": 0.0212}, {"outer_epoch": 53, "inner_epoch": 1, "train_loss": 0.05747931163730876, "grad_norm": 0.017001746222376823, "test_error": 0.0207}, {"outer_epoch": 54, "inner_epoch": 1, "train_loss": 0.057461468712775965, "grad_norm": 0.01543893851339817, "test_error": 0.0202}, {"outer_epoch": 55, "inner_epoch": 1, "train_loss": 0.05740706852811854, "grad_norm": 0.015070374123752117, "test_error": 0.0206}, {"outer_epoch": 56, "inner_epoch": 1, "train_loss": 0.05742974799101163, "grad_norm": 0.015525711700320244, "test_error": 0.0209}, {"outer_epoch": 57, "inner_epoch": 1, "train_loss": 0.0573911886450951, "grad_norm": 0.015639478340744972, "test_error": 0.0206}, {"outer_epoch": 58, "inner_epoch": 1, "train_loss": 0.057390039680331635, "grad_norm": 0.01675288937985897, "test_error": 0.0209}, {"outer_epoch": 59, "inner_epoch": 1, "train_loss": 0.05731358044264683, "grad_norm": 0.015454014763236046, "test_error": 0.0205}, {"outer_epoch": 60, "inner_epoch": 1, "train_loss": 0.057385252109437714, "grad_norm": 0.014901111833751202, "test_error": 0.0208}, {"outer_epoch": 61, "inner_epoch": 1, "train_loss": 0.05733576779725263, "grad_norm": 0.01633201353251934, "test_error": 0.0209}, {"outer_epoch": 62, "inner_epoch": 1, "train_loss": 0.05730895749646394, "grad_norm": 0.014589031226933002, "test_error": 0.0209}, {"outer_epoch": 63, "inner_epoch": 1, "train_loss": 0.05731333163861806, "grad_norm": 0.015647226944565773, "test_error": 0.0204}, {"outer_epoch": 64, "inner_epoch": 1, "train_loss": 0.057259273540655464, "grad_norm": 0.015938948839902878, "test_error": 0.0205}, {"outer_epoch": 65, "inner_epoch": 1, "train_loss": 0.05726487572502811, "grad_norm": 0.015332025475800037, "test_error": 0.0203}, {"outer_epoch": 66, "inner_epoch": 1, "train_loss": 0.05723551226673104, "grad_norm": 0.015169130638241768, "test_error": 0.0208}, {"outer_epoch": 67, "inner_epoch": 1, "train_loss": 0.057219053324350774, "grad_norm": 0.017720187082886696, "test_error": 0.0209}, {"outer_epoch": 68, "inner_epoch": 1, "train_loss": 0.05720494596231341, "grad_norm": 0.015154466032981873, "test_error": 0.0204}, {"outer_epoch": 69, "inner_epoch": 1, "train_loss": 0.057182282140653115, "grad_norm": 0.015839848667383194, "test_error": 0.0202}, {"outer_epoch": 70, "inner_epoch": 1, "train_loss": 0.05712242479579679, "grad_norm": 0.017043165862560272, "test_error": 0.0206}, {"outer_epoch": 71, "inner_epoch": 1, "train_loss": 0.057116137122521955, "grad_norm": 0.015642760321497917, "test_error": 0.0207}, {"outer_epoch": 72, "inner_epoch": 1, "train_loss": 0.05710726063679128, "grad_norm": 0.015316125005483627, "test_error": 0.0205}, {"outer_epoch": 73, "inner_epoch": 1, "train_loss": 0.0570910896685867, "grad_norm": 0.014379161410033703, "test_error": 0.0204}, {"outer_epoch": 74, "inner_epoch": 1, "train_loss": 0.057060862464888486, "grad_norm": 0.015511964447796345, "test_error": 0.0204}, {"outer_epoch": 75, "inner_epoch": 1, "train_loss": 0.0570429597805099, "grad_norm": 0.014747126027941704, "test_error": 0.0204}, {"outer_epoch": 76, "inner_epoch": 1, "train_loss": 0.05705468836063907, "grad_norm": 0.015819689258933067, "test_error": 0.0204}, {"outer_epoch": 77, "inner_epoch": 1, "train_loss": 0.05706084421210107, "grad_norm": 0.015407353639602661, "test_error": 0.0208}, {"outer_epoch": 78, "inner_epoch": 1, "train_loss": 0.057043572648583604, "grad_norm": 0.015205147676169872, "test_error": 0.0205}, {"outer_epoch": 79, "inner_epoch": 1, "train_loss": 0.05703752161125885, "grad_norm": 0.01541352178901434, "test_error": 0.0205}, {"outer_epoch": 80, "inner_epoch": 1, "train_loss": 0.057033312297969437, "grad_norm": 0.01707269810140133, "test_error": 0.0203}, {"outer_epoch": 81, "inner_epoch": 1, "train_loss": 0.05700652713072486, "grad_norm": 0.01561362948268652, "test_error": 0.0203}, {"outer_epoch": 82, "inner_epoch": 1, "train_loss": 0.056969743020939254, "grad_norm": 0.015286684036254883, "test_error": 0.0208}, {"outer_epoch": 83, "inner_epoch": 1, "train_loss": 0.05691741861286573, "grad_norm": 0.01509582158178091, "test_error": 0.0202}, {"outer_epoch": 84, "inner_epoch": 1, "train_loss": 0.05695030080955864, "grad_norm": 0.015107502229511738, "test_error": 0.0207}, {"outer_epoch": 85, "inner_epoch": 1, "train_loss": 0.05697195504442789, "grad_norm": 0.014946634881198406, "test_error": 0.0204}, {"outer_epoch": 86, "inner_epoch": 1, "train_loss": 0.05692151289227574, "grad_norm": 0.015247665345668793, "test_error": 0.0204}, {"outer_epoch": 87, "inner_epoch": 1, "train_loss": 0.05692470866003229, "grad_norm": 0.016285816207528114, "test_error": 0.0207}, {"outer_epoch": 88, "inner_epoch": 1, "train_loss": 0.05688398839228709, "grad_norm": 0.01773574948310852, "test_error": 0.0207}, {"outer_epoch": 89, "inner_epoch": 1, "train_loss": 0.05690816581992355, "grad_norm": 0.015604633837938309, "test_error": 0.0206}, {"outer_epoch": 90, "inner_epoch": 1, "train_loss": 0.0568196736308552, "grad_norm": 0.015560837462544441, "test_error": 0.0201}, {"outer_epoch": 91, "inner_epoch": 1, "train_loss": 0.0568216669667745, "grad_norm": 0.015320014208555222, "test_error": 0.0203}, {"outer_epoch": 92, "inner_epoch": 1, "train_loss": 0.05684335976660562, "grad_norm": 0.016277151182293892, "test_error": 0.0205}, {"outer_epoch": 93, "inner_epoch": 1, "train_loss": 0.05683706179135091, "grad_norm": 0.014962742105126381, "test_error": 0.0208}, {"outer_epoch": 94, "inner_epoch": 1, "train_loss": 0.05682135072428112, "grad_norm": 0.025706471875309944, "test_error": 0.0203}, {"outer_epoch": 95, "inner_epoch": 1, "train_loss": 0.05688251604749045, "grad_norm": 0.015117906033992767, "test_error": 0.0207}, {"outer_epoch": 96, "inner_epoch": 1, "train_loss": 0.05678189298839425, "grad_norm": 0.015424629673361778, "test_error": 0.0209}, {"outer_epoch": 97, "inner_epoch": 1, "train_loss": 0.05677880612640487, "grad_norm": 0.01574445515871048, "test_error": 0.0206}, {"outer_epoch": 98, "inner_epoch": 1, "train_loss": 0.056726554799766744, "grad_norm": 0.015121414326131344, "test_error": 0.0207}, {"outer_epoch": 99, "inner_epoch": 1, "train_loss": 0.056739831227886804, "grad_norm": 0.016542939469218254, "test_error": 0.0203}, {"outer_epoch": 100, "inner_epoch": 1, "train_loss": 0.0567544844635219, "grad_norm": 0.015576685778796673, "test_error": 0.0206}, {"outer_epoch": 101, "inner_epoch": 1, "train_loss": 0.056717522497056055, "grad_norm": 0.01604648493230343, "test_error": 0.0207}, {"outer_epoch": 102, "inner_epoch": 1, "train_loss": 0.05672193762487344, "grad_norm": 0.01509091630578041, "test_error": 0.021}, {"outer_epoch": 103, "inner_epoch": 1, "train_loss": 0.05672574619347385, "grad_norm": 0.015358878299593925, "test_error": 0.0209}, {"outer_epoch": 104, "inner_epoch": 1, "train_loss": 0.056670265479246154, "grad_norm": 0.014706330373883247, "test_error": 0.0209}, {"outer_epoch": 105, "inner_epoch": 1, "train_loss": 0.05674881441953281, "grad_norm": 0.014716881327331066, "test_error": 0.0203}, {"outer_epoch": 106, "inner_epoch": 1, "train_loss": 0.05668007745194094, "grad_norm": 0.01476072333753109, "test_error": 0.0209}, {"outer_epoch": 107, "inner_epoch": 1, "train_loss": 0.05668873368904072, "grad_norm": 0.014558359049260616, "test_error": 0.0207}, {"outer_epoch": 108, "inner_epoch": 1, "train_loss": 0.056692984509747475, "grad_norm": 0.014902321621775627, "test_error": 0.0209}, {"outer_epoch": 109, "inner_epoch": 1, "train_loss": 0.05669238477112958, "grad_norm": 0.01482009794563055, "test_error": 0.0208}, {"outer_epoch": 110, "inner_epoch": 1, "train_loss": 0.056647607432542525, "grad_norm": 0.015623768791556358, "test_error": 0.0207}, {"outer_epoch": 111, "inner_epoch": 1, "train_loss": 0.05663215114901929, "grad_norm": 0.014460356906056404, "test_error": 0.0206}, {"outer_epoch": 112, "inner_epoch": 1, "train_loss": 0.0566717672131878, "grad_norm": 0.01503884419798851, "test_error": 0.021}, {"outer_epoch": 113, "inner_epoch": 1, "train_loss": 0.05664322075866706, "grad_norm": 0.014967638067901134, "test_error": 0.0206}, {"outer_epoch": 114, "inner_epoch": 1, "train_loss": 0.05667550743984369, "grad_norm": 0.014441588893532753, "test_error": 0.0207}, {"outer_epoch": 115, "inner_epoch": 1, "train_loss": 0.056662739738821986, "grad_norm": 0.014988059177994728, "test_error": 0.021}, {"outer_epoch": 116, "inner_epoch": 1, "train_loss": 0.05661440334360426, "grad_norm": 0.01720375567674637, "test_error": 0.0207}, {"outer_epoch": 117, "inner_epoch": 1, "train_loss": 0.05659336101997178, "grad_norm": 0.014751938171684742, "test_error": 0.0207}, {"outer_epoch": 118, "inner_epoch": 1, "train_loss": 0.056591423440103726, "grad_norm": 0.014610295183956623, "test_error": 0.0207}, {"outer_epoch": 119, "inner_epoch": 1, "train_loss": 0.056612248164135966, "grad_norm": 0.015943147242069244, "test_error": 0.0207}, {"outer_epoch": 120, "inner_epoch": 1, "train_loss": 0.05666641489455166, "grad_norm": 0.014943800866603851, "test_error": 0.0207}, {"outer_epoch": 121, "inner_epoch": 1, "train_loss": 0.05661123239332422, "grad_norm": 0.01600068062543869, "test_error": 0.0208}, {"outer_epoch": 122, "inner_epoch": 1, "train_loss": 0.05663220663407507, "grad_norm": 0.014553352259099483, "test_error": 0.0208}, {"outer_epoch": 123, "inner_epoch": 1, "train_loss": 0.05660857824616444, "grad_norm": 0.02509632147848606, "test_error": 0.0208}, {"outer_epoch": 124, "inner_epoch": 1, "train_loss": 0.05664515529149988, "grad_norm": 0.018095873296260834, "test_error": 0.0207}, {"outer_epoch": 125, "inner_epoch": 1, "train_loss": 0.056570890108084616, "grad_norm": 0.014591696672141552, "test_error": 0.021}, {"outer_epoch": 126, "inner_epoch": 1, "train_loss": 0.05656559084299564, "grad_norm": 0.01525268517434597, "test_error": 0.0206}, {"outer_epoch": 127, "inner_epoch": 1, "train_loss": 0.05658342696093799, "grad_norm": 0.015885308384895325, "test_error": 0.0208}, {"outer_epoch": 128, "inner_epoch": 1, "train_loss": 0.056567813915588586, "grad_norm": 0.01487558800727129, "test_error": 0.0212}, {"outer_epoch": 129, "inner_epoch": 1, "train_loss": 0.05651703769839757, "grad_norm": 0.0147423529997468, "test_error": 0.0213}, {"outer_epoch": 130, "inner_epoch": 1, "train_loss": 0.05654982226438005, "grad_norm": 0.01893201656639576, "test_error": 0.0206}, {"outer_epoch": 131, "inner_epoch": 1, "train_loss": 0.05652946064568823, "grad_norm": 0.014926095493137836, "test_error": 0.0208}, {"outer_epoch": 132, "inner_epoch": 1, "train_loss": 0.056514412974085035, "grad_norm": 0.01717383600771427, "test_error": 0.021}, {"outer_epoch": 133, "inner_epoch": 1, "train_loss": 0.05653669446852291, "grad_norm": 0.01586770825088024, "test_error": 0.0212}, {"outer_epoch": 134, "inner_epoch": 1, "train_loss": 0.05651817852068537, "grad_norm": 0.015336732380092144, "test_error": 0.0207}, {"outer_epoch": 135, "inner_epoch": 1, "train_loss": 0.05652997713871688, "grad_norm": 0.014381987042725086, "test_error": 0.0207}, {"outer_epoch": 136, "inner_epoch": 1, "train_loss": 0.05649684108723886, "grad_norm": 0.0160725936293602, "test_error": 0.0204}, {"outer_epoch": 137, "inner_epoch": 1, "train_loss": 0.05652879535429141, "grad_norm": 0.015195805579423904, "test_error": 0.0208}, {"outer_epoch": 138, "inner_epoch": 1, "train_loss": 0.056525144796605066, "grad_norm": 0.015587175264954567, "test_error": 0.0207}, {"outer_epoch": 139, "inner_epoch": 1, "train_loss": 0.05649645051490127, "grad_norm": 0.014602046459913254, "test_error": 0.0207}, {"outer_epoch": 140, "inner_epoch": 1, "train_loss": 0.05646902375342324, "grad_norm": 0.014642615802586079, "test_error": 0.0208}, {"outer_epoch": 141, "inner_epoch": 1, "train_loss": 0.056520305754937, "grad_norm": 0.01695023849606514, "test_error": 0.0207}, {"outer_epoch": 142, "inner_epoch": 1, "train_loss": 0.05647505557092761, "grad_norm": 0.015540204010903835, "test_error": 0.0207}, {"outer_epoch": 143, "inner_epoch": 1, "train_loss": 0.05644522084338435, "grad_norm": 0.016258228570222855, "test_error": 0.0207}, {"outer_epoch": 144, "inner_epoch": 1, "train_loss": 0.05654101275650707, "grad_norm": 0.016611438244581223, "test_error": 0.0208}, {"outer_epoch": 145, "inner_epoch": 1, "train_loss": 0.05647953325605098, "grad_norm": 0.015539329499006271, "test_error": 0.0209}, {"outer_epoch": 146, "inner_epoch": 1, "train_loss": 0.056481387746015875, "grad_norm": 0.014942179434001446, "test_error": 0.0208}, {"outer_epoch": 147, "inner_epoch": 1, "train_loss": 0.05645790121069876, "grad_norm": 0.014478263445198536, "test_error": 0.0208}, {"outer_epoch": 148, "inner_epoch": 1, "train_loss": 0.05650247293334299, "grad_norm": 0.014642548747360706, "test_error": 0.0209}, {"outer_epoch": 149, "inner_epoch": 1, "train_loss": 0.05648572212017219, "grad_norm": 0.014656838029623032, "test_error": 0.0207}, {"outer_epoch": 150, "inner_epoch": 1, "train_loss": 0.05646893633630437, "grad_norm": 0.014555200934410095, "test_error": 0.0205}, {"outer_epoch": 151, "inner_epoch": 1, "train_loss": 0.056441352017689496, "grad_norm": 0.017853358760476112, "test_error": 0.0205}, {"outer_epoch": 152, "inner_epoch": 1, "train_loss": 0.05647082268782348, "grad_norm": 0.01732652261853218, "test_error": 0.0207}, {"outer_epoch": 153, "inner_epoch": 1, "train_loss": 0.05648426791606471, "grad_norm": 0.017047833651304245, "test_error": 0.0208}, {"outer_epoch": 154, "inner_epoch": 1, "train_loss": 0.056464828018458015, "grad_norm": 0.015502279624342918, "test_error": 0.0208}, {"outer_epoch": 155, "inner_epoch": 1, "train_loss": 0.05642326439841418, "grad_norm": 0.016018949449062347, "test_error": 0.0209}, {"outer_epoch": 156, "inner_epoch": 1, "train_loss": 0.05644081223843386, "grad_norm": 0.01637537032365799, "test_error": 0.0204}, {"outer_epoch": 157, "inner_epoch": 1, "train_loss": 0.05639168166743669, "grad_norm": 0.015177269466221333, "test_error": 0.0208}, {"outer_epoch": 158, "inner_epoch": 1, "train_loss": 0.0564302339523177, "grad_norm": 0.02186320722103119, "test_error": 0.0209}, {"outer_epoch": 159, "inner_epoch": 1, "train_loss": 0.05642072101822123, "grad_norm": 0.015306102111935616, "test_error": 0.0207}, {"outer_epoch": 160, "inner_epoch": 1, "train_loss": 0.056449579812275864, "grad_norm": 0.015956150367856026, "test_error": 0.0206}, {"outer_epoch": 161, "inner_epoch": 1, "train_loss": 0.05639977538220895, "grad_norm": 0.016799351200461388, "test_error": 0.0207}, {"outer_epoch": 162, "inner_epoch": 1, "train_loss": 0.05642714972685402, "grad_norm": 0.015262151136994362, "test_error": 0.0208}, {"outer_epoch": 163, "inner_epoch": 1, "train_loss": 0.0564236715552203, "grad_norm": 0.01510615460574627, "test_error": 0.0206}, {"outer_epoch": 164, "inner_epoch": 1, "train_loss": 0.05638768254887933, "grad_norm": 0.015326104126870632, "test_error": 0.0208}, {"outer_epoch": 165, "inner_epoch": 1, "train_loss": 0.056370462797097086, "grad_norm": 0.015928996726870537, "test_error": 0.0208}, {"outer_epoch": 166, "inner_epoch": 1, "train_loss": 0.05639015246087608, "grad_norm": 0.015261530876159668, "test_error": 0.0206}, {"outer_epoch": 167, "inner_epoch": 1, "train_loss": 0.056392856094210096, "grad_norm": 0.015108563005924225, "test_error": 0.0207}, {"outer_epoch": 168, "inner_epoch": 1, "train_loss": 0.056367452343770615, "grad_norm": 0.01614443026483059, "test_error": 0.0206}, {"outer_epoch": 169, "inner_epoch": 1, "train_loss": 0.05638588464576363, "grad_norm": 0.016238367184996605, "test_error": 0.0208}, {"outer_epoch": 170, "inner_epoch": 1, "train_loss": 0.05636401760465621, "grad_norm": 0.015593026764690876, "test_error": 0.0207}, {"outer_epoch": 171, "inner_epoch": 1, "train_loss": 0.056338889846675254, "grad_norm": 0.015657037496566772, "test_error": 0.0208}, {"outer_epoch": 172, "inner_epoch": 1, "train_loss": 0.05638066458517763, "grad_norm": 0.015404092147946358, "test_error": 0.0206}, {"outer_epoch": 173, "inner_epoch": 1, "train_loss": 0.056365368648373985, "grad_norm": 0.015201815403997898, "test_error": 0.0208}, {"outer_epoch": 174, "inner_epoch": 1, "train_loss": 0.056348735260815984, "grad_norm": 0.015182159841060638, "test_error": 0.0207}, {"outer_epoch": 175, "inner_epoch": 1, "train_loss": 0.05636294432979776, "grad_norm": 0.014690829440951347, "test_error": 0.0208}, {"outer_epoch": 176, "inner_epoch": 1, "train_loss": 0.05633030242655271, "grad_norm": 0.016457820311188698, "test_error": 0.0204}, {"outer_epoch": 177, "inner_epoch": 1, "train_loss": 0.05635289551624252, "grad_norm": 0.01485113799571991, "test_error": 0.0205}, {"outer_epoch": 178, "inner_epoch": 1, "train_loss": 0.05638655328931054, "grad_norm": 0.014931228011846542, "test_error": 0.0204}, {"outer_epoch": 179, "inner_epoch": 1, "train_loss": 0.05635127356727996, "grad_norm": 0.016274206340312958, "test_error": 0.0207}, {"outer_epoch": 180, "inner_epoch": 1, "train_loss": 0.056383059424736225, "grad_norm": 0.015188248828053474, "test_error": 0.0207}, {"outer_epoch": 181, "inner_epoch": 1, "train_loss": 0.056334553869790395, "grad_norm": 0.015272367745637894, "test_error": 0.0204}, {"outer_epoch": 182, "inner_epoch": 1, "train_loss": 0.05632935285009444, "grad_norm": 0.015215971507132053, "test_error": 0.0205}, {"outer_epoch": 183, "inner_epoch": 1, "train_loss": 0.056338901410451704, "grad_norm": 0.015439542941749096, "test_error": 0.0205}, {"outer_epoch": 184, "inner_epoch": 1, "train_loss": 0.05631837933198161, "grad_norm": 0.015321609564125538, "test_error": 0.0204}, {"outer_epoch": 185, "inner_epoch": 1, "train_loss": 0.05629779189433126, "grad_norm": 0.016040708869695663, "test_error": 0.0203}, {"outer_epoch": 186, "inner_epoch": 1, "train_loss": 0.05629778687626822, "grad_norm": 0.015369538217782974, "test_error": 0.0202}, {"outer_epoch": 187, "inner_epoch": 1, "train_loss": 0.056336868860642424, "grad_norm": 0.015103328041732311, "test_error": 0.0203}, {"outer_epoch": 188, "inner_epoch": 1, "train_loss": 0.05633517880221674, "grad_norm": 0.014531884342432022, "test_error": 0.0206}, {"outer_epoch": 189, "inner_epoch": 1, "train_loss": 0.05630913977573315, "grad_norm": 0.015595592558383942, "test_error": 0.0207}, {"outer_epoch": 190, "inner_epoch": 1, "train_loss": 0.05630280560846829, "grad_norm": 0.015353365801274776, "test_error": 0.0206}, {"outer_epoch": 191, "inner_epoch": 1, "train_loss": 0.05631214408376642, "grad_norm": 0.015558844432234764, "test_error": 0.0207}, {"outer_epoch": 192, "inner_epoch": 1, "train_loss": 0.05632847430399852, "grad_norm": 0.015244552865624428, "test_error": 0.0205}, {"outer_epoch": 193, "inner_epoch": 1, "train_loss": 0.0562588085111153, "grad_norm": 0.015482190996408463, "test_error": 0.0207}, {"outer_epoch": 194, "inner_epoch": 1, "train_loss": 0.05625824252702296, "grad_norm": 0.014658251777291298, "test_error": 0.0206}, {"outer_epoch": 195, "inner_epoch": 1, "train_loss": 0.0562996464750419, "grad_norm": 0.015097545459866524, "test_error": 0.0206}, {"outer_epoch": 196, "inner_epoch": 1, "train_loss": 0.05627712714047326, "grad_norm": 0.016152217984199524, "test_error": 0.0208}, {"outer_epoch": 197, "inner_epoch": 1, "train_loss": 0.056306990487869676, "grad_norm": 0.014442694373428822, "test_error": 0.0206}, {"outer_epoch": 198, "inner_epoch": 1, "train_loss": 0.05631822768135074, "grad_norm": 0.01572696678340435, "test_error": 0.0202}, {"outer_epoch": 199, "inner_epoch": 1, "train_loss": 0.056319078323547725, "grad_norm": 0.01519965473562479, "test_error": 0.0208}, {"outer_epoch": 200, "inner_epoch": 1, "train_loss": 0.05627117784233027, "grad_norm": 0.01491821650415659, "test_error": 0.0205}, {"outer_epoch": 201, "inner_epoch": 1, "train_loss": 0.056298097412645194, "grad_norm": 0.01490615215152502, "test_error": 0.0208}, {"outer_epoch": 202, "inner_epoch": 1, "train_loss": 0.056296757741074545, "grad_norm": 0.015610942617058754, "test_error": 0.0208}, {"outer_epoch": 203, "inner_epoch": 1, "train_loss": 0.056230152173006594, "grad_norm": 0.01642054133117199, "test_error": 0.0208}, {"outer_epoch": 204, "inner_epoch": 1, "train_loss": 0.05623617666265151, "grad_norm": 0.01562698744237423, "test_error": 0.0206}, {"outer_epoch": 205, "inner_epoch": 1, "train_loss": 0.056257630545257904, "grad_norm": 0.01498477254062891, "test_error": 0.0208}, {"outer_epoch": 206, "inner_epoch": 1, "train_loss": 0.0562900350264002, "grad_norm": 0.016595980152487755, "test_error": 0.0208}, {"outer_epoch": 207, "inner_epoch": 1, "train_loss": 0.056271711432394414, "grad_norm": 0.016818279400467873, "test_error": 0.0204}, {"outer_epoch": 208, "inner_epoch": 1, "train_loss": 0.05626582927448908, "grad_norm": 0.01600688509643078, "test_error": 0.0206}, {"outer_epoch": 209, "inner_epoch": 1, "train_loss": 0.05628082948515657, "grad_norm": 0.015212849713861942, "test_error": 0.0205}, {"outer_epoch": 210, "inner_epoch": 1, "train_loss": 0.056243945108513195, "grad_norm": 0.014803014695644379, "test_error": 0.0206}, {"outer_epoch": 211, "inner_epoch": 1, "train_loss": 0.056235017626468715, "grad_norm": 0.019055591896176338, "test_error": 0.0206}, {"outer_epoch": 212, "inner_epoch": 1, "train_loss": 0.056298586598752684, "grad_norm": 0.015702947974205017, "test_error": 0.0209}, {"outer_epoch": 213, "inner_epoch": 1, "train_loss": 0.056217510705755556, "grad_norm": 0.020361563190817833, "test_error": 0.0207}, {"outer_epoch": 214, "inner_epoch": 1, "train_loss": 0.05621362835093169, "grad_norm": 0.01581449992954731, "test_error": 0.0203}, {"outer_epoch": 215, "inner_epoch": 1, "train_loss": 0.0562351548555113, "grad_norm": 0.016531923785805702, "test_error": 0.0204}, {"outer_epoch": 216, "inner_epoch": 1, "train_loss": 0.056209159905052125, "grad_norm": 0.01521250419318676, "test_error": 0.0206}, {"outer_epoch": 217, "inner_epoch": 1, "train_loss": 0.05625465694397765, "grad_norm": 0.015833215788006783, "test_error": 0.0207}, {"outer_epoch": 218, "inner_epoch": 1, "train_loss": 0.05620552126821712, "grad_norm": 0.014869802631437778, "test_error": 0.0206}, {"outer_epoch": 219, "inner_epoch": 1, "train_loss": 0.05620919751183828, "grad_norm": 0.015003952197730541, "test_error": 0.0207}, {"outer_epoch": 220, "inner_epoch": 1, "train_loss": 0.056234960830498795, "grad_norm": 0.014812826178967953, "test_error": 0.0205}, {"outer_epoch": 221, "inner_epoch": 1, "train_loss": 0.05620942689678244, "grad_norm": 0.015260608866810799, "test_error": 0.0206}, {"outer_epoch": 222, "inner_epoch": 1, "train_loss": 0.056186990052287, "grad_norm": 0.016007162630558014, "test_error": 0.0208}, {"outer_epoch": 223, "inner_epoch": 1, "train_loss": 0.05618661392884678, "grad_norm": 0.015134334564208984, "test_error": 0.0205}, {"outer_epoch": 224, "inner_epoch": 1, "train_loss": 0.05623727767239325, "grad_norm": 0.01508733257651329, "test_error": 0.0206}, {"outer_epoch": 225, "inner_epoch": 1, "train_loss": 0.056175627374303684, "grad_norm": 0.014765268191695213, "test_error": 0.0207}, {"outer_epoch": 226, "inner_epoch": 1, "train_loss": 0.05620615834929049, "grad_norm": 0.01763753965497017, "test_error": 0.0206}, {"outer_epoch": 227, "inner_epoch": 1, "train_loss": 0.05622100182750728, "grad_norm": 0.016372963786125183, "test_error": 0.0204}, {"outer_epoch": 228, "inner_epoch": 1, "train_loss": 0.05616813411043647, "grad_norm": 0.015035628341138363, "test_error": 0.0206}, {"outer_epoch": 229, "inner_epoch": 1, "train_loss": 0.056156234891192675, "grad_norm": 0.014740812592208385, "test_error": 0.0208}, {"outer_epoch": 230, "inner_epoch": 1, "train_loss": 0.05614712457739127, "grad_norm": 0.01485743373632431, "test_error": 0.0206}, {"outer_epoch": 231, "inner_epoch": 1, "train_loss": 0.05614355950979128, "grad_norm": 0.014622128568589687, "test_error": 0.0207}, {"outer_epoch": 232, "inner_epoch": 1, "train_loss": 0.05614317550946726, "grad_norm": 0.015568811446428299, "test_error": 0.0205}, {"outer_epoch": 233, "inner_epoch": 1, "train_loss": 0.05619383528040877, "grad_norm": 0.016861191019415855, "test_error": 0.0207}, {"outer_epoch": 234, "inner_epoch": 1, "train_loss": 0.05618140489278206, "grad_norm": 0.01472119428217411, "test_error": 0.0208}, {"outer_epoch": 235, "inner_epoch": 1, "train_loss": 0.0561527090325059, "grad_norm": 0.014846413396298885, "test_error": 0.0205}, {"outer_epoch": 236, "inner_epoch": 1, "train_loss": 0.05613617630514394, "grad_norm": 0.016148487105965614, "test_error": 0.0208}, {"outer_epoch": 237, "inner_epoch": 1, "train_loss": 0.05611993724094161, "grad_norm": 0.018159477040171623, "test_error": 0.0206}, {"outer_epoch": 238, "inner_epoch": 1, "train_loss": 0.05613894319631314, "grad_norm": 0.01601085439324379, "test_error": 0.0206}, {"outer_epoch": 239, "inner_epoch": 1, "train_loss": 0.05617354333008795, "grad_norm": 0.015504458919167519, "test_error": 0.0204}, {"outer_epoch": 240, "inner_epoch": 1, "train_loss": 0.05616289113894648, "grad_norm": 0.01553366333246231, "test_error": 0.0208}, {"outer_epoch": 241, "inner_epoch": 1, "train_loss": 0.05612242784336559, "grad_norm": 0.016058022156357765, "test_error": 0.0205}, {"outer_epoch": 242, "inner_epoch": 1, "train_loss": 0.05612203429683965, "grad_norm": 0.015030884183943272, "test_error": 0.0205}, {"outer_epoch": 243, "inner_epoch": 1, "train_loss": 0.05608246481135332, "grad_norm": 0.014861896634101868, "test_error": 0.0209}, {"outer_epoch": 244, "inner_epoch": 1, "train_loss": 0.056117525321586675, "grad_norm": 0.014550779014825821, "test_error": 0.0211}, {"outer_epoch": 245, "inner_epoch": 1, "train_loss": 0.05611547712754691, "grad_norm": 0.015851588919758797, "test_error": 0.021}, {"outer_epoch": 246, "inner_epoch": 1, "train_loss": 0.05611286747690368, "grad_norm": 0.016336515545845032, "test_error": 0.0207}, {"outer_epoch": 247, "inner_epoch": 1, "train_loss": 0.056134486840999066, "grad_norm": 0.01574563793838024, "test_error": 0.0205}, {"outer_epoch": 248, "inner_epoch": 1, "train_loss": 0.05613533140274619, "grad_norm": 0.015165523625910282, "test_error": 0.0207}, {"outer_epoch": 249, "inner_epoch": 1, "train_loss": 0.05608384284464409, "grad_norm": 0.016819946467876434, "test_error": 0.0206}, {"outer_epoch": 250, "inner_epoch": 1, "train_loss": 0.0561202588439337, "grad_norm": 0.017185458913445473, "test_error": 0.0205}]}