{"argv": ["train.py", "--seed", "79", "--optimizer", "SVRG", "--run_name", "svrg_0.01.json", "--output_path", "experiments/nonconvex_mnist/svrg-0.01.json", "--dataset", "MNIST", "--layer_sizes", "784", "100", "10", "--batch_size", "10", "--learning_rate", "0.01", "--weight_decay", "0.001", "--warmup_learning_rate", "0.03", "--num_warmup_epochs", "10", "--num_outer_epochs", "250", "--num_inner_epochs", "1", "--device", "cuda"], "args": {"seed": 79, "optimizer": "SVRG", "run_name": "svrg_0.01.json", "output_path": "experiments/nonconvex_mnist/svrg-0.01.json", "device": "cuda", "dataset": "MNIST", "dataset_root": "~/datasets/pytorch", "dataset_size": null, "download": false, "layer_sizes": [784, 100, 10], "batch_size": 10, "test_batch_size": 256, "learning_rate": 0.01, "weight_decay": 0.001, "warmup_learning_rate": 0.03, "num_warmup_epochs": 10, "num_outer_epochs": 250, "num_inner_epochs": 1, "inner_epoch_fraction": null, "choose_random_iterate": false, "num_epochs": 10}, "metrics": [{"warmup_epoch": 1, "train_loss": 0.35890698494156825, "grad_norm": 0.1693902164697647, "test_error": 0.0604}, {"warmup_epoch": 2, "train_loss": 0.18194871377463762, "grad_norm": 0.2195146232843399, "test_error": 0.0452}, {"warmup_epoch": 3, "train_loss": 0.13772531318229933, "grad_norm": 0.1083531603217125, "test_error": 0.0355}, {"warmup_epoch": 4, "train_loss": 0.11455598155801029, "grad_norm": 0.128460094332695, "test_error": 0.0309}, {"warmup_epoch": 5, "train_loss": 0.10187839505526548, "grad_norm": 0.12868857383728027, "test_error": 0.0289}, {"warmup_epoch": 6, "train_loss": 0.09330414409479515, "grad_norm": 0.11282596737146378, "test_error": 0.0299}, {"warmup_epoch": 7, "train_loss": 0.0883496714690118, "grad_norm": 0.1100197434425354, "test_error": 0.0272}, {"warmup_epoch": 8, "train_loss": 0.08488113678083756, "grad_norm": 0.07917097210884094, "test_error": 0.0262}, {"warmup_epoch": 9, "train_loss": 0.08198994982849885, "grad_norm": 0.09910028427839279, "test_error": 0.0251}, {"warmup_epoch": 10, "train_loss": 0.07989919863670365, "grad_norm": 0.09282933175563812, "test_error": 0.0258}, {"outer_epoch": 1, "inner_epoch": 1, "train_loss": 0.0658583895637809, "grad_norm": 0.020774710923433304, "test_error": 0.0223}, {"outer_epoch": 2, "inner_epoch": 1, "train_loss": 0.06494557899789652, "grad_norm": 0.01384875550866127, "test_error": 0.022}, {"outer_epoch": 3, "inner_epoch": 1, "train_loss": 0.064699687732306, "grad_norm": 0.013423415832221508, "test_error": 0.0224}, {"outer_epoch": 4, "inner_epoch": 1, "train_loss": 0.06443576000991744, "grad_norm": 0.013403044082224369, "test_error": 0.0223}, {"outer_epoch": 5, "inner_epoch": 1, "train_loss": 0.06419938208754562, "grad_norm": 0.013544309884309769, "test_error": 0.0222}, {"outer_epoch": 6, "inner_epoch": 1, "train_loss": 0.06395028855863105, "grad_norm": 0.013475421816110611, "test_error": 0.0219}, {"outer_epoch": 7, "inner_epoch": 1, "train_loss": 0.06371748915572728, "grad_norm": 0.013609533198177814, "test_error": 0.0221}, {"outer_epoch": 8, "inner_epoch": 1, "train_loss": 0.06349480207642773, "grad_norm": 0.013733172789216042, "test_error": 0.022}, {"outer_epoch": 9, "inner_epoch": 1, "train_loss": 0.06326372585187588, "grad_norm": 0.013775726780295372, "test_error": 0.0221}, {"outer_epoch": 10, "inner_epoch": 1, "train_loss": 0.06306262453787106, "grad_norm": 0.013609068468213081, "test_error": 0.0218}, {"outer_epoch": 11, "inner_epoch": 1, "train_loss": 0.06285072084436737, "grad_norm": 0.013563927263021469, "test_error": 0.022}, {"outer_epoch": 12, "inner_epoch": 1, "train_loss": 0.06265334166815349, "grad_norm": 0.013623306527733803, "test_error": 0.022}, {"outer_epoch": 13, "inner_epoch": 1, "train_loss": 0.06246603090971863, "grad_norm": 0.013498006388545036, "test_error": 0.0219}, {"outer_epoch": 14, "inner_epoch": 1, "train_loss": 0.06229201188501126, "grad_norm": 0.013675524853169918, "test_error": 0.0219}, {"outer_epoch": 15, "inner_epoch": 1, "train_loss": 0.06212188223811487, "grad_norm": 0.013854946941137314, "test_error": 0.0219}, {"outer_epoch": 16, "inner_epoch": 1, "train_loss": 0.061967509899482444, "grad_norm": 0.013743075542151928, "test_error": 0.0218}, {"outer_epoch": 17, "inner_epoch": 1, "train_loss": 0.06181528471284158, "grad_norm": 0.01353171281516552, "test_error": 0.0217}, {"outer_epoch": 18, "inner_epoch": 1, "train_loss": 0.061669109153813524, "grad_norm": 0.013931086286902428, "test_error": 0.0219}, {"outer_epoch": 19, "inner_epoch": 1, "train_loss": 0.06154802013209943, "grad_norm": 0.013868427835404873, "test_error": 0.0217}, {"outer_epoch": 20, "inner_epoch": 1, "train_loss": 0.061398330200773975, "grad_norm": 0.013983678072690964, "test_error": 0.0218}, {"outer_epoch": 21, "inner_epoch": 1, "train_loss": 0.06128487444107304, "grad_norm": 0.013963066041469574, "test_error": 0.0219}, {"outer_epoch": 22, "inner_epoch": 1, "train_loss": 0.06117697090901978, "grad_norm": 0.013697869144380093, "test_error": 0.0218}, {"outer_epoch": 23, "inner_epoch": 1, "train_loss": 0.061073731643225375, "grad_norm": 0.013788334093987942, "test_error": 0.0219}, {"outer_epoch": 24, "inner_epoch": 1, "train_loss": 0.06096753814861101, "grad_norm": 0.01389377098530531, "test_error": 0.0217}, {"outer_epoch": 25, "inner_epoch": 1, "train_loss": 0.06085410316773535, "grad_norm": 0.013929979875683784, "test_error": 0.0217}, {"outer_epoch": 26, "inner_epoch": 1, "train_loss": 0.06076138047404432, "grad_norm": 0.013646707870066166, "test_error": 0.0216}, {"outer_epoch": 27, "inner_epoch": 1, "train_loss": 0.06066088340836965, "grad_norm": 0.01397072896361351, "test_error": 0.0216}, {"outer_epoch": 28, "inner_epoch": 1, "train_loss": 0.06057692401844542, "grad_norm": 0.013609477318823338, "test_error": 0.0218}, {"outer_epoch": 29, "inner_epoch": 1, "train_loss": 0.06050210674852133, "grad_norm": 0.013773864135146141, "test_error": 0.0216}, {"outer_epoch": 30, "inner_epoch": 1, "train_loss": 0.06040431416401407, "grad_norm": 0.014134248718619347, "test_error": 0.0218}, {"outer_epoch": 31, "inner_epoch": 1, "train_loss": 0.060324599530567256, "grad_norm": 0.01391581166535616, "test_error": 0.0215}, {"outer_epoch": 32, "inner_epoch": 1, "train_loss": 0.060242108105759445, "grad_norm": 0.013673584908246994, "test_error": 0.0213}, {"outer_epoch": 33, "inner_epoch": 1, "train_loss": 0.06016074880103891, "grad_norm": 0.01423052791506052, "test_error": 0.0216}, {"outer_epoch": 34, "inner_epoch": 1, "train_loss": 0.06010585695102539, "grad_norm": 0.013912134803831577, "test_error": 0.0215}, {"outer_epoch": 35, "inner_epoch": 1, "train_loss": 0.060023559941522156, "grad_norm": 0.013698190450668335, "test_error": 0.0215}, {"outer_epoch": 36, "inner_epoch": 1, "train_loss": 0.0599711587986288, "grad_norm": 0.013779226690530777, "test_error": 0.0213}, {"outer_epoch": 37, "inner_epoch": 1, "train_loss": 0.05989092544580732, "grad_norm": 0.01381918415427208, "test_error": 0.0213}, {"outer_epoch": 38, "inner_epoch": 1, "train_loss": 0.05982830650015967, "grad_norm": 0.013987691141664982, "test_error": 0.0214}, {"outer_epoch": 39, "inner_epoch": 1, "train_loss": 0.05979550275385069, "grad_norm": 0.013958900235593319, "test_error": 0.0216}, {"outer_epoch": 40, "inner_epoch": 1, "train_loss": 0.05971557751922713, "grad_norm": 0.01404224056750536, "test_error": 0.0217}, {"outer_epoch": 41, "inner_epoch": 1, "train_loss": 0.05966918863391038, "grad_norm": 0.014480923302471638, "test_error": 0.021}, {"outer_epoch": 42, "inner_epoch": 1, "train_loss": 0.0596303008935259, "grad_norm": 0.013733054511249065, "test_error": 0.0213}, {"outer_epoch": 43, "inner_epoch": 1, "train_loss": 0.0595660432347989, "grad_norm": 0.013777712360024452, "test_error": 0.0212}, {"outer_epoch": 44, "inner_epoch": 1, "train_loss": 0.05950023695547134, "grad_norm": 0.013977739959955215, "test_error": 0.021}, {"outer_epoch": 45, "inner_epoch": 1, "train_loss": 0.05947548450083317, "grad_norm": 0.013991683721542358, "test_error": 0.0209}, {"outer_epoch": 46, "inner_epoch": 1, "train_loss": 0.05941762548679253, "grad_norm": 0.014437909238040447, "test_error": 0.0212}, {"outer_epoch": 47, "inner_epoch": 1, "train_loss": 0.05938142409480254, "grad_norm": 0.014083483256399632, "test_error": 0.0212}, {"outer_epoch": 48, "inner_epoch": 1, "train_loss": 0.05932193491033589, "grad_norm": 0.013787678442895412, "test_error": 0.0208}, {"outer_epoch": 49, "inner_epoch": 1, "train_loss": 0.05930315458175028, "grad_norm": 0.013763897120952606, "test_error": 0.0209}, {"outer_epoch": 50, "inner_epoch": 1, "train_loss": 0.05925069899911371, "grad_norm": 0.014165538363158703, "test_error": 0.0206}, {"outer_epoch": 51, "inner_epoch": 1, "train_loss": 0.05919616441911785, "grad_norm": 0.01374896615743637, "test_error": 0.0208}, {"outer_epoch": 52, "inner_epoch": 1, "train_loss": 0.05916565724396302, "grad_norm": 0.014094993472099304, "test_error": 0.0208}, {"outer_epoch": 53, "inner_epoch": 1, "train_loss": 0.05913276209065225, "grad_norm": 0.013861649669706821, "test_error": 0.0205}, {"outer_epoch": 54, "inner_epoch": 1, "train_loss": 0.05909686849747474, "grad_norm": 0.013957184739410877, "test_error": 0.0206}, {"outer_epoch": 55, "inner_epoch": 1, "train_loss": 0.05906133671793699, "grad_norm": 0.013684303499758244, "test_error": 0.0207}, {"outer_epoch": 56, "inner_epoch": 1, "train_loss": 0.05902944732015021, "grad_norm": 0.013821780681610107, "test_error": 0.0208}, {"outer_epoch": 57, "inner_epoch": 1, "train_loss": 0.05899212072289083, "grad_norm": 0.013820424675941467, "test_error": 0.0207}, {"outer_epoch": 58, "inner_epoch": 1, "train_loss": 0.058955617337836885, "grad_norm": 0.014631961472332478, "test_error": 0.0207}, {"outer_epoch": 59, "inner_epoch": 1, "train_loss": 0.05891321523993975, "grad_norm": 0.013757504522800446, "test_error": 0.0206}, {"outer_epoch": 60, "inner_epoch": 1, "train_loss": 0.05889704284223262, "grad_norm": 0.013704699464142323, "test_error": 0.0205}, {"outer_epoch": 61, "inner_epoch": 1, "train_loss": 0.05885253858795234, "grad_norm": 0.014052708633244038, "test_error": 0.0205}, {"outer_epoch": 62, "inner_epoch": 1, "train_loss": 0.058818535207770764, "grad_norm": 0.013742154464125633, "test_error": 0.0205}, {"outer_epoch": 63, "inner_epoch": 1, "train_loss": 0.05879223187679115, "grad_norm": 0.014199954457581043, "test_error": 0.0207}, {"outer_epoch": 64, "inner_epoch": 1, "train_loss": 0.058761428031507724, "grad_norm": 0.013876255601644516, "test_error": 0.0204}, {"outer_epoch": 65, "inner_epoch": 1, "train_loss": 0.05874369475509351, "grad_norm": 0.013949654996395111, "test_error": 0.0208}, {"outer_epoch": 66, "inner_epoch": 1, "train_loss": 0.0587170661506049, "grad_norm": 0.01368207298219204, "test_error": 0.0204}, {"outer_epoch": 67, "inner_epoch": 1, "train_loss": 0.058679117227865694, "grad_norm": 0.013590357266366482, "test_error": 0.0205}, {"outer_epoch": 68, "inner_epoch": 1, "train_loss": 0.05866203363796618, "grad_norm": 0.013781647197902203, "test_error": 0.0205}, {"outer_epoch": 69, "inner_epoch": 1, "train_loss": 0.058645680902001916, "grad_norm": 0.013950435444712639, "test_error": 0.0204}, {"outer_epoch": 70, "inner_epoch": 1, "train_loss": 0.058600291682465465, "grad_norm": 0.013860912062227726, "test_error": 0.0204}, {"outer_epoch": 71, "inner_epoch": 1, "train_loss": 0.05857589542473821, "grad_norm": 0.013699674047529697, "test_error": 0.0204}, {"outer_epoch": 72, "inner_epoch": 1, "train_loss": 0.05853825296116217, "grad_norm": 0.013673373498022556, "test_error": 0.0203}, {"outer_epoch": 73, "inner_epoch": 1, "train_loss": 0.05851328374497825, "grad_norm": 0.013747822493314743, "test_error": 0.0204}, {"outer_epoch": 74, "inner_epoch": 1, "train_loss": 0.05848631971114082, "grad_norm": 0.013939931988716125, "test_error": 0.0203}, {"outer_epoch": 75, "inner_epoch": 1, "train_loss": 0.05846603640153383, "grad_norm": 0.013957172632217407, "test_error": 0.0203}, {"outer_epoch": 76, "inner_epoch": 1, "train_loss": 0.05843157438642811, "grad_norm": 0.013738546520471573, "test_error": 0.0205}, {"outer_epoch": 77, "inner_epoch": 1, "train_loss": 0.058426215850495886, "grad_norm": 0.014103342778980732, "test_error": 0.0205}, {"outer_epoch": 78, "inner_epoch": 1, "train_loss": 0.05842710588567813, "grad_norm": 0.013876758515834808, "test_error": 0.0207}, {"outer_epoch": 79, "inner_epoch": 1, "train_loss": 0.05836000054533361, "grad_norm": 0.014086330309510231, "test_error": 0.0205}, {"outer_epoch": 80, "inner_epoch": 1, "train_loss": 0.05834059599664761, "grad_norm": 0.01375750545412302, "test_error": 0.0205}, {"outer_epoch": 81, "inner_epoch": 1, "train_loss": 0.05833851859076337, "grad_norm": 0.014361134730279446, "test_error": 0.0207}, {"outer_epoch": 82, "inner_epoch": 1, "train_loss": 0.05831133878517236, "grad_norm": 0.013728373683989048, "test_error": 0.0205}, {"outer_epoch": 83, "inner_epoch": 1, "train_loss": 0.05827745432988741, "grad_norm": 0.013704921118915081, "test_error": 0.0205}, {"outer_epoch": 84, "inner_epoch": 1, "train_loss": 0.05826424100548805, "grad_norm": 0.013881607912480831, "test_error": 0.0207}, {"outer_epoch": 85, "inner_epoch": 1, "train_loss": 0.05823540259853083, "grad_norm": 0.013766949996352196, "test_error": 0.0207}, {"outer_epoch": 86, "inner_epoch": 1, "train_loss": 0.05821580284084969, "grad_norm": 0.014142349362373352, "test_error": 0.0207}, {"outer_epoch": 87, "inner_epoch": 1, "train_loss": 0.05820075929336599, "grad_norm": 0.014054065570235252, "test_error": 0.0206}, {"outer_epoch": 88, "inner_epoch": 1, "train_loss": 0.05817047403904144, "grad_norm": 0.01421226467937231, "test_error": 0.0206}, {"outer_epoch": 89, "inner_epoch": 1, "train_loss": 0.05815456603820591, "grad_norm": 0.014045867137610912, "test_error": 0.0207}, {"outer_epoch": 90, "inner_epoch": 1, "train_loss": 0.058136703871714414, "grad_norm": 0.01447658147662878, "test_error": 0.0208}, {"outer_epoch": 91, "inner_epoch": 1, "train_loss": 0.0581112386562163, "grad_norm": 0.013925963081419468, "test_error": 0.0207}, {"outer_epoch": 92, "inner_epoch": 1, "train_loss": 0.05810667537884243, "grad_norm": 0.013789155520498753, "test_error": 0.0206}, {"outer_epoch": 93, "inner_epoch": 1, "train_loss": 0.0580882904388709, "grad_norm": 0.013643399812281132, "test_error": 0.0206}, {"outer_epoch": 94, "inner_epoch": 1, "train_loss": 0.05806589874778486, "grad_norm": 0.01461285725235939, "test_error": 0.0206}, {"outer_epoch": 95, "inner_epoch": 1, "train_loss": 0.05804091397325586, "grad_norm": 0.014102594926953316, "test_error": 0.0207}, {"outer_epoch": 96, "inner_epoch": 1, "train_loss": 0.05803087778808549, "grad_norm": 0.014080177992582321, "test_error": 0.0206}, {"outer_epoch": 97, "inner_epoch": 1, "train_loss": 0.0580231204436083, "grad_norm": 0.013961235992610455, "test_error": 0.0206}, {"outer_epoch": 98, "inner_epoch": 1, "train_loss": 0.057997469144446465, "grad_norm": 0.014073658734560013, "test_error": 0.0204}, {"outer_epoch": 99, "inner_epoch": 1, "train_loss": 0.05796996084753967, "grad_norm": 0.014058917760848999, "test_error": 0.0206}, {"outer_epoch": 100, "inner_epoch": 1, "train_loss": 0.05797124046333677, "grad_norm": 0.013790549710392952, "test_error": 0.0207}, {"outer_epoch": 101, "inner_epoch": 1, "train_loss": 0.057939063302862144, "grad_norm": 0.014504434540867805, "test_error": 0.0207}, {"outer_epoch": 102, "inner_epoch": 1, "train_loss": 0.057938545984138425, "grad_norm": 0.013755018822848797, "test_error": 0.0206}, {"outer_epoch": 103, "inner_epoch": 1, "train_loss": 0.05791110257837378, "grad_norm": 0.013723495416343212, "test_error": 0.0206}, {"outer_epoch": 104, "inner_epoch": 1, "train_loss": 0.05791784314931526, "grad_norm": 0.01367573719471693, "test_error": 0.0207}, {"outer_epoch": 105, "inner_epoch": 1, "train_loss": 0.057880181982181964, "grad_norm": 0.014052909798920155, "test_error": 0.0208}, {"outer_epoch": 106, "inner_epoch": 1, "train_loss": 0.05785715050551032, "grad_norm": 0.013723180629312992, "test_error": 0.0207}, {"outer_epoch": 107, "inner_epoch": 1, "train_loss": 0.057840229183571255, "grad_norm": 0.013952839188277721, "test_error": 0.0207}, {"outer_epoch": 108, "inner_epoch": 1, "train_loss": 0.05782101697418451, "grad_norm": 0.014080442488193512, "test_error": 0.0207}, {"outer_epoch": 109, "inner_epoch": 1, "train_loss": 0.05780721294954613, "grad_norm": 0.013954651542007923, "test_error": 0.0207}, {"outer_epoch": 110, "inner_epoch": 1, "train_loss": 0.057799853471457024, "grad_norm": 0.014184833504259586, "test_error": 0.0208}, {"outer_epoch": 111, "inner_epoch": 1, "train_loss": 0.05777205360189934, "grad_norm": 0.013612121343612671, "test_error": 0.0208}, {"outer_epoch": 112, "inner_epoch": 1, "train_loss": 0.057766567610495256, "grad_norm": 0.01377089973539114, "test_error": 0.0207}, {"outer_epoch": 113, "inner_epoch": 1, "train_loss": 0.057755557989798645, "grad_norm": 0.014067750424146652, "test_error": 0.0208}, {"outer_epoch": 114, "inner_epoch": 1, "train_loss": 0.05774259453231934, "grad_norm": 0.013775832951068878, "test_error": 0.0207}, {"outer_epoch": 115, "inner_epoch": 1, "train_loss": 0.0577136592209572, "grad_norm": 0.014336499385535717, "test_error": 0.0209}, {"outer_epoch": 116, "inner_epoch": 1, "train_loss": 0.057699794470099736, "grad_norm": 0.014006860554218292, "test_error": 0.0206}, {"outer_epoch": 117, "inner_epoch": 1, "train_loss": 0.05768940164079928, "grad_norm": 0.013880139216780663, "test_error": 0.0207}, {"outer_epoch": 118, "inner_epoch": 1, "train_loss": 0.057689380463038106, "grad_norm": 0.013736464083194733, "test_error": 0.0207}, {"outer_epoch": 119, "inner_epoch": 1, "train_loss": 0.05765815962951941, "grad_norm": 0.013806954026222229, "test_error": 0.0207}, {"outer_epoch": 120, "inner_epoch": 1, "train_loss": 0.05765842322685057, "grad_norm": 0.01386700663715601, "test_error": 0.0209}, {"outer_epoch": 121, "inner_epoch": 1, "train_loss": 0.057642050726533244, "grad_norm": 0.013987879268825054, "test_error": 0.0206}, {"outer_epoch": 122, "inner_epoch": 1, "train_loss": 0.05762990477807277, "grad_norm": 0.01394604705274105, "test_error": 0.0205}, {"outer_epoch": 123, "inner_epoch": 1, "train_loss": 0.057599099371621075, "grad_norm": 0.015082175843417645, "test_error": 0.0204}, {"outer_epoch": 124, "inner_epoch": 1, "train_loss": 0.05760309676727047, "grad_norm": 0.01421736367046833, "test_error": 0.0206}, {"outer_epoch": 125, "inner_epoch": 1, "train_loss": 0.057596009494969624, "grad_norm": 0.01370906550437212, "test_error": 0.0206}, {"outer_epoch": 126, "inner_epoch": 1, "train_loss": 0.057586736038618254, "grad_norm": 0.013925550505518913, "test_error": 0.0205}, {"outer_epoch": 127, "inner_epoch": 1, "train_loss": 0.057560256765340455, "grad_norm": 0.013892501592636108, "test_error": 0.0204}, {"outer_epoch": 128, "inner_epoch": 1, "train_loss": 0.05755123574983251, "grad_norm": 0.01395321823656559, "test_error": 0.0205}, {"outer_epoch": 129, "inner_epoch": 1, "train_loss": 0.05752565560621831, "grad_norm": 0.01378733292222023, "test_error": 0.0206}, {"outer_epoch": 130, "inner_epoch": 1, "train_loss": 0.05751709067031819, "grad_norm": 0.014338528737425804, "test_error": 0.0206}, {"outer_epoch": 131, "inner_epoch": 1, "train_loss": 0.0575197392955694, "grad_norm": 0.013751303777098656, "test_error": 0.0206}, {"outer_epoch": 132, "inner_epoch": 1, "train_loss": 0.05750067625976711, "grad_norm": 0.01385982520878315, "test_error": 0.0206}, {"outer_epoch": 133, "inner_epoch": 1, "train_loss": 0.057505240032294146, "grad_norm": 0.014030925929546356, "test_error": 0.0204}, {"outer_epoch": 134, "inner_epoch": 1, "train_loss": 0.05749445637627893, "grad_norm": 0.01410857867449522, "test_error": 0.0205}, {"outer_epoch": 135, "inner_epoch": 1, "train_loss": 0.05748323567828629, "grad_norm": 0.014035400003194809, "test_error": 0.0204}, {"outer_epoch": 136, "inner_epoch": 1, "train_loss": 0.057472755323610424, "grad_norm": 0.013849365524947643, "test_error": 0.0204}, {"outer_epoch": 137, "inner_epoch": 1, "train_loss": 0.05748690996252117, "grad_norm": 0.013936144299805164, "test_error": 0.0206}, {"outer_epoch": 138, "inner_epoch": 1, "train_loss": 0.057468008702174604, "grad_norm": 0.01381720881909132, "test_error": 0.0206}, {"outer_epoch": 139, "inner_epoch": 1, "train_loss": 0.05746444311672046, "grad_norm": 0.013518624939024448, "test_error": 0.0206}, {"outer_epoch": 140, "inner_epoch": 1, "train_loss": 0.05745317856377612, "grad_norm": 0.013721901923418045, "test_error": 0.0204}, {"outer_epoch": 141, "inner_epoch": 1, "train_loss": 0.057434266422855824, "grad_norm": 0.013798311352729797, "test_error": 0.0202}, {"outer_epoch": 142, "inner_epoch": 1, "train_loss": 0.05743925156304613, "grad_norm": 0.014167912304401398, "test_error": 0.0205}, {"outer_epoch": 143, "inner_epoch": 1, "train_loss": 0.057422031669295395, "grad_norm": 0.014017696492373943, "test_error": 0.0204}, {"outer_epoch": 144, "inner_epoch": 1, "train_loss": 0.05742177305855633, "grad_norm": 0.013952938839793205, "test_error": 0.0204}, {"outer_epoch": 145, "inner_epoch": 1, "train_loss": 0.05739799335364175, "grad_norm": 0.014241415075957775, "test_error": 0.0206}, {"outer_epoch": 146, "inner_epoch": 1, "train_loss": 0.057390218366965805, "grad_norm": 0.013927940279245377, "test_error": 0.0205}, {"outer_epoch": 147, "inner_epoch": 1, "train_loss": 0.05738620320280703, "grad_norm": 0.013897099532186985, "test_error": 0.0206}, {"outer_epoch": 148, "inner_epoch": 1, "train_loss": 0.05739927126321709, "grad_norm": 0.01398199051618576, "test_error": 0.0206}, {"outer_epoch": 149, "inner_epoch": 1, "train_loss": 0.05736781613947824, "grad_norm": 0.014130664989352226, "test_error": 0.0204}, {"outer_epoch": 150, "inner_epoch": 1, "train_loss": 0.05737869647779735, "grad_norm": 0.0139274001121521, "test_error": 0.0205}, {"outer_epoch": 151, "inner_epoch": 1, "train_loss": 0.05736851349127634, "grad_norm": 0.013938462361693382, "test_error": 0.0204}, {"outer_epoch": 152, "inner_epoch": 1, "train_loss": 0.057346739326021634, "grad_norm": 0.014077235944569111, "test_error": 0.0204}, {"outer_epoch": 153, "inner_epoch": 1, "train_loss": 0.057363112352109356, "grad_norm": 0.01356777735054493, "test_error": 0.0204}, {"outer_epoch": 154, "inner_epoch": 1, "train_loss": 0.057343995624551704, "grad_norm": 0.013815013691782951, "test_error": 0.0204}, {"outer_epoch": 155, "inner_epoch": 1, "train_loss": 0.05733657232208255, "grad_norm": 0.014109832234680653, "test_error": 0.0203}, {"outer_epoch": 156, "inner_epoch": 1, "train_loss": 0.057340938812102345, "grad_norm": 0.013978869654238224, "test_error": 0.0204}, {"outer_epoch": 157, "inner_epoch": 1, "train_loss": 0.05732420677340512, "grad_norm": 0.01388399489223957, "test_error": 0.0203}, {"outer_epoch": 158, "inner_epoch": 1, "train_loss": 0.05731535724930776, "grad_norm": 0.013809348456561565, "test_error": 0.0204}, {"outer_epoch": 159, "inner_epoch": 1, "train_loss": 0.05731247651012381, "grad_norm": 0.013787050731480122, "test_error": 0.0206}, {"outer_epoch": 160, "inner_epoch": 1, "train_loss": 0.05728844750043936, "grad_norm": 0.014094925485551357, "test_error": 0.0206}, {"outer_epoch": 161, "inner_epoch": 1, "train_loss": 0.057295657696280006, "grad_norm": 0.01413685642182827, "test_error": 0.0206}, {"outer_epoch": 162, "inner_epoch": 1, "train_loss": 0.05727626544471908, "grad_norm": 0.013910027220845222, "test_error": 0.0203}, {"outer_epoch": 163, "inner_epoch": 1, "train_loss": 0.057280610493132066, "grad_norm": 0.013784398324787617, "test_error": 0.0203}, {"outer_epoch": 164, "inner_epoch": 1, "train_loss": 0.057290031114651356, "grad_norm": 0.013741837814450264, "test_error": 0.0204}, {"outer_epoch": 165, "inner_epoch": 1, "train_loss": 0.05727247998137803, "grad_norm": 0.013862467370927334, "test_error": 0.0203}, {"outer_epoch": 166, "inner_epoch": 1, "train_loss": 0.057252815822294606, "grad_norm": 0.01404564082622528, "test_error": 0.0203}, {"outer_epoch": 167, "inner_epoch": 1, "train_loss": 0.05726245886296965, "grad_norm": 0.014150330796837807, "test_error": 0.0204}, {"outer_epoch": 168, "inner_epoch": 1, "train_loss": 0.05725026495225029, "grad_norm": 0.014356532134115696, "test_error": 0.0205}, {"outer_epoch": 169, "inner_epoch": 1, "train_loss": 0.05725992659778179, "grad_norm": 0.013960935175418854, "test_error": 0.0204}, {"outer_epoch": 170, "inner_epoch": 1, "train_loss": 0.05724394884643455, "grad_norm": 0.01367744617164135, "test_error": 0.0203}, {"outer_epoch": 171, "inner_epoch": 1, "train_loss": 0.05722618270933162, "grad_norm": 0.013977847062051296, "test_error": 0.0202}, {"outer_epoch": 172, "inner_epoch": 1, "train_loss": 0.057229794844267115, "grad_norm": 0.013876942917704582, "test_error": 0.0203}, {"outer_epoch": 173, "inner_epoch": 1, "train_loss": 0.05722088471687554, "grad_norm": 0.013877183198928833, "test_error": 0.0203}, {"outer_epoch": 174, "inner_epoch": 1, "train_loss": 0.057218800324461576, "grad_norm": 0.014275196008384228, "test_error": 0.0204}, {"outer_epoch": 175, "inner_epoch": 1, "train_loss": 0.05721587678235179, "grad_norm": 0.014331785961985588, "test_error": 0.0204}, {"outer_epoch": 176, "inner_epoch": 1, "train_loss": 0.05720464721291015, "grad_norm": 0.013794217258691788, "test_error": 0.0203}, {"outer_epoch": 177, "inner_epoch": 1, "train_loss": 0.05719974106757824, "grad_norm": 0.013742639683187008, "test_error": 0.0203}, {"outer_epoch": 178, "inner_epoch": 1, "train_loss": 0.05718572820360229, "grad_norm": 0.01418817788362503, "test_error": 0.0202}, {"outer_epoch": 179, "inner_epoch": 1, "train_loss": 0.05718614309028878, "grad_norm": 0.013844374567270279, "test_error": 0.0205}, {"outer_epoch": 180, "inner_epoch": 1, "train_loss": 0.0571801237979865, "grad_norm": 0.013892397284507751, "test_error": 0.0204}, {"outer_epoch": 181, "inner_epoch": 1, "train_loss": 0.05718524624374307, "grad_norm": 0.013960160315036774, "test_error": 0.0205}, {"outer_epoch": 182, "inner_epoch": 1, "train_loss": 0.0571769799607379, "grad_norm": 0.013850121758878231, "test_error": 0.0201}, {"outer_epoch": 183, "inner_epoch": 1, "train_loss": 0.05715734475094359, "grad_norm": 0.013658643700182438, "test_error": 0.0202}, {"outer_epoch": 184, "inner_epoch": 1, "train_loss": 0.0571613366115489, "grad_norm": 0.013723139651119709, "test_error": 0.0203}, {"outer_epoch": 185, "inner_epoch": 1, "train_loss": 0.057166392435804785, "grad_norm": 0.014236435294151306, "test_error": 0.0205}, {"outer_epoch": 186, "inner_epoch": 1, "train_loss": 0.057157580762791135, "grad_norm": 0.013969441875815392, "test_error": 0.0208}, {"outer_epoch": 187, "inner_epoch": 1, "train_loss": 0.05715619542366282, "grad_norm": 0.014375067315995693, "test_error": 0.0204}, {"outer_epoch": 188, "inner_epoch": 1, "train_loss": 0.05714778303906011, "grad_norm": 0.013963340781629086, "test_error": 0.0206}, {"outer_epoch": 189, "inner_epoch": 1, "train_loss": 0.05712570868364613, "grad_norm": 0.014443852007389069, "test_error": 0.0204}, {"outer_epoch": 190, "inner_epoch": 1, "train_loss": 0.05712904832593631, "grad_norm": 0.013965140096843243, "test_error": 0.0207}, {"outer_epoch": 191, "inner_epoch": 1, "train_loss": 0.057129472708737014, "grad_norm": 0.013824285939335823, "test_error": 0.0209}, {"outer_epoch": 192, "inner_epoch": 1, "train_loss": 0.05711034357972676, "grad_norm": 0.014160490594804287, "test_error": 0.0207}, {"outer_epoch": 193, "inner_epoch": 1, "train_loss": 0.05710354545483521, "grad_norm": 0.013835497200489044, "test_error": 0.0206}, {"outer_epoch": 194, "inner_epoch": 1, "train_loss": 0.057103639629902316, "grad_norm": 0.014145147986710072, "test_error": 0.0203}, {"outer_epoch": 195, "inner_epoch": 1, "train_loss": 0.05710616697142056, "grad_norm": 0.013872435316443443, "test_error": 0.0203}, {"outer_epoch": 196, "inner_epoch": 1, "train_loss": 0.05709836024463099, "grad_norm": 0.013795733451843262, "test_error": 0.0203}, {"outer_epoch": 197, "inner_epoch": 1, "train_loss": 0.05707385712695153, "grad_norm": 0.0138093838468194, "test_error": 0.0204}, {"outer_epoch": 198, "inner_epoch": 1, "train_loss": 0.05708495431527263, "grad_norm": 0.013902973383665085, "test_error": 0.0204}, {"outer_epoch": 199, "inner_epoch": 1, "train_loss": 0.05706728029390797, "grad_norm": 0.013974076136946678, "test_error": 0.0205}, {"outer_epoch": 200, "inner_epoch": 1, "train_loss": 0.057068861255722976, "grad_norm": 0.014006925746798515, "test_error": 0.0204}, {"outer_epoch": 201, "inner_epoch": 1, "train_loss": 0.05706413339621698, "grad_norm": 0.013930020853877068, "test_error": 0.0206}, {"outer_epoch": 202, "inner_epoch": 1, "train_loss": 0.0570645241040232, "grad_norm": 0.01379370130598545, "test_error": 0.0206}, {"outer_epoch": 203, "inner_epoch": 1, "train_loss": 0.05705992587909956, "grad_norm": 0.01404481939971447, "test_error": 0.0208}, {"outer_epoch": 204, "inner_epoch": 1, "train_loss": 0.05703835498231153, "grad_norm": 0.01404076348990202, "test_error": 0.0209}, {"outer_epoch": 205, "inner_epoch": 1, "train_loss": 0.0570399090576296, "grad_norm": 0.013915776275098324, "test_error": 0.0205}, {"outer_epoch": 206, "inner_epoch": 1, "train_loss": 0.05703237733097437, "grad_norm": 0.01385798491537571, "test_error": 0.0205}, {"outer_epoch": 207, "inner_epoch": 1, "train_loss": 0.057024993649780906, "grad_norm": 0.013986133970320225, "test_error": 0.0207}, {"outer_epoch": 208, "inner_epoch": 1, "train_loss": 0.057031533676044396, "grad_norm": 0.013961310498416424, "test_error": 0.0205}, {"outer_epoch": 209, "inner_epoch": 1, "train_loss": 0.0570226817856698, "grad_norm": 0.013835934922099113, "test_error": 0.0209}, {"outer_epoch": 210, "inner_epoch": 1, "train_loss": 0.057013351344852706, "grad_norm": 0.013695440255105495, "test_error": 0.0207}, {"outer_epoch": 211, "inner_epoch": 1, "train_loss": 0.05700545263212795, "grad_norm": 0.01451327744871378, "test_error": 0.0209}, {"outer_epoch": 212, "inner_epoch": 1, "train_loss": 0.056996474847352756, "grad_norm": 0.014204000122845173, "test_error": 0.0206}, {"outer_epoch": 213, "inner_epoch": 1, "train_loss": 0.056993224509060386, "grad_norm": 0.013734120875597, "test_error": 0.0205}, {"outer_epoch": 214, "inner_epoch": 1, "train_loss": 0.05698199585656403, "grad_norm": 0.013982225209474564, "test_error": 0.0206}, {"outer_epoch": 215, "inner_epoch": 1, "train_loss": 0.05699468359485036, "grad_norm": 0.013893457129597664, "test_error": 0.0208}, {"outer_epoch": 216, "inner_epoch": 1, "train_loss": 0.05699148701338951, "grad_norm": 0.014041480608284473, "test_error": 0.0207}, {"outer_epoch": 217, "inner_epoch": 1, "train_loss": 0.056985462045685074, "grad_norm": 0.01386464387178421, "test_error": 0.0208}, {"outer_epoch": 218, "inner_epoch": 1, "train_loss": 0.056987510443441955, "grad_norm": 0.013866662047803402, "test_error": 0.021}, {"outer_epoch": 219, "inner_epoch": 1, "train_loss": 0.05696630609347873, "grad_norm": 0.014539312571287155, "test_error": 0.0205}, {"outer_epoch": 220, "inner_epoch": 1, "train_loss": 0.056977078071096914, "grad_norm": 0.014151555486023426, "test_error": 0.0205}, {"outer_epoch": 221, "inner_epoch": 1, "train_loss": 0.05698110880308862, "grad_norm": 0.013989285565912724, "test_error": 0.0208}, {"outer_epoch": 222, "inner_epoch": 1, "train_loss": 0.05696260854002321, "grad_norm": 0.014011478051543236, "test_error": 0.021}, {"outer_epoch": 223, "inner_epoch": 1, "train_loss": 0.056965593644999896, "grad_norm": 0.013815348036587238, "test_error": 0.0209}, {"outer_epoch": 224, "inner_epoch": 1, "train_loss": 0.056958155863607925, "grad_norm": 0.013940042816102505, "test_error": 0.0206}, {"outer_epoch": 225, "inner_epoch": 1, "train_loss": 0.05694177629212693, "grad_norm": 0.01392910722643137, "test_error": 0.0209}, {"outer_epoch": 226, "inner_epoch": 1, "train_loss": 0.05692263555517032, "grad_norm": 0.013883311301469803, "test_error": 0.021}, {"outer_epoch": 227, "inner_epoch": 1, "train_loss": 0.056944551949525093, "grad_norm": 0.01391491387039423, "test_error": 0.021}, {"outer_epoch": 228, "inner_epoch": 1, "train_loss": 0.05692566140772154, "grad_norm": 0.01382626686245203, "test_error": 0.0208}, {"outer_epoch": 229, "inner_epoch": 1, "train_loss": 0.056919611988822, "grad_norm": 0.013886293396353722, "test_error": 0.0207}, {"outer_epoch": 230, "inner_epoch": 1, "train_loss": 0.05691095903783571, "grad_norm": 0.013859201222658157, "test_error": 0.0207}, {"outer_epoch": 231, "inner_epoch": 1, "train_loss": 0.056921102960710415, "grad_norm": 0.013831283897161484, "test_error": 0.0207}, {"outer_epoch": 232, "inner_epoch": 1, "train_loss": 0.05690400548509206, "grad_norm": 0.014683864079415798, "test_error": 0.0206}, {"outer_epoch": 233, "inner_epoch": 1, "train_loss": 0.05691346284401758, "grad_norm": 0.013948108069598675, "test_error": 0.0208}, {"outer_epoch": 234, "inner_epoch": 1, "train_loss": 0.056914813248460025, "grad_norm": 0.013611595146358013, "test_error": 0.0208}, {"outer_epoch": 235, "inner_epoch": 1, "train_loss": 0.056907904866908214, "grad_norm": 0.01416933722794056, "test_error": 0.0207}, {"outer_epoch": 236, "inner_epoch": 1, "train_loss": 0.05689568312667931, "grad_norm": 0.013774324208498001, "test_error": 0.0208}, {"outer_epoch": 237, "inner_epoch": 1, "train_loss": 0.05688942151049074, "grad_norm": 0.014235054142773151, "test_error": 0.0208}, {"outer_epoch": 238, "inner_epoch": 1, "train_loss": 0.05688793523033382, "grad_norm": 0.014421951025724411, "test_error": 0.0209}, {"outer_epoch": 239, "inner_epoch": 1, "train_loss": 0.05689011983175685, "grad_norm": 0.01420035120099783, "test_error": 0.0207}, {"outer_epoch": 240, "inner_epoch": 1, "train_loss": 0.05688175234431401, "grad_norm": 0.014092379249632359, "test_error": 0.0207}, {"outer_epoch": 241, "inner_epoch": 1, "train_loss": 0.05687537523874198, "grad_norm": 0.013696144334971905, "test_error": 0.0206}, {"outer_epoch": 242, "inner_epoch": 1, "train_loss": 0.05686955448515558, "grad_norm": 0.013886910863220692, "test_error": 0.0207}, {"outer_epoch": 243, "inner_epoch": 1, "train_loss": 0.05686369568872033, "grad_norm": 0.013874025084078312, "test_error": 0.0209}, {"outer_epoch": 244, "inner_epoch": 1, "train_loss": 0.056852916860797756, "grad_norm": 0.013666165061295033, "test_error": 0.0208}, {"outer_epoch": 245, "inner_epoch": 1, "train_loss": 0.056842610479313105, "grad_norm": 0.013931062072515488, "test_error": 0.0208}, {"outer_epoch": 246, "inner_epoch": 1, "train_loss": 0.05684686869933891, "grad_norm": 0.014154036529362202, "test_error": 0.0209}, {"outer_epoch": 247, "inner_epoch": 1, "train_loss": 0.0568636729628391, "grad_norm": 0.014129006303846836, "test_error": 0.0207}, {"outer_epoch": 248, "inner_epoch": 1, "train_loss": 0.05684331957877536, "grad_norm": 0.014038076624274254, "test_error": 0.0205}, {"outer_epoch": 249, "inner_epoch": 1, "train_loss": 0.05685362087601485, "grad_norm": 0.013994213193655014, "test_error": 0.0207}, {"outer_epoch": 250, "inner_epoch": 1, "train_loss": 0.0568555300362835, "grad_norm": 0.01437276229262352, "test_error": 0.0207}]}