{"argv": ["train.py", "--seed", "79", "--optimizer", "SVRG", "--run_name", "svrg_0.005.json", "--output_path", "experiments/nonconvex_mnist/svrg-0.005.json", "--dataset", "MNIST", "--layer_sizes", "784", "100", "10", "--batch_size", "10", "--learning_rate", "0.005", "--weight_decay", "0.001", "--warmup_learning_rate", "0.03", "--num_warmup_epochs", "10", "--num_outer_epochs", "250", "--num_inner_epochs", "1", "--device", "cuda"], "args": {"seed": 79, "optimizer": "SVRG", "run_name": "svrg_0.005.json", "output_path": "experiments/nonconvex_mnist/svrg-0.005.json", "device": "cuda", "dataset": "MNIST", "dataset_root": "~/datasets/pytorch", "dataset_size": null, "download": false, "layer_sizes": [784, 100, 10], "batch_size": 10, "test_batch_size": 256, "learning_rate": 0.005, "weight_decay": 0.001, "warmup_learning_rate": 0.03, "num_warmup_epochs": 10, "num_outer_epochs": 250, "num_inner_epochs": 1, "inner_epoch_fraction": null, "choose_random_iterate": false, "num_epochs": 10}, "metrics": [{"warmup_epoch": 1, "train_loss": 0.35890698494156825, "grad_norm": 0.1693902164697647, "test_error": 0.0604}, {"warmup_epoch": 2, "train_loss": 0.18194871377463762, "grad_norm": 0.2195146232843399, "test_error": 0.0452}, {"warmup_epoch": 3, "train_loss": 0.13772531318229933, "grad_norm": 0.1083531603217125, "test_error": 0.0355}, {"warmup_epoch": 4, "train_loss": 0.11455598155801029, "grad_norm": 0.128460094332695, "test_error": 0.0309}, {"warmup_epoch": 5, "train_loss": 0.10187839505526548, "grad_norm": 0.12868857383728027, "test_error": 0.0289}, {"warmup_epoch": 6, "train_loss": 0.09330414409479515, "grad_norm": 0.11282596737146378, "test_error": 0.0299}, {"warmup_epoch": 7, "train_loss": 0.0883496714690118, "grad_norm": 0.1100197434425354, "test_error": 0.0272}, {"warmup_epoch": 8, "train_loss": 0.08488113678083756, "grad_norm": 0.07917097210884094, "test_error": 0.0262}, {"warmup_epoch": 9, "train_loss": 0.08198994982849885, "grad_norm": 0.09910028427839279, "test_error": 0.0251}, {"warmup_epoch": 10, "train_loss": 0.07989919863670365, "grad_norm": 0.09282933175563812, "test_error": 0.0258}, {"outer_epoch": 1, "inner_epoch": 1, "train_loss": 0.06618112734002837, "grad_norm": 0.01699831336736679, "test_error": 0.0226}, {"outer_epoch": 2, "inner_epoch": 1, "train_loss": 0.06514884408252934, "grad_norm": 0.013233775272965431, "test_error": 0.0222}, {"outer_epoch": 3, "inner_epoch": 1, "train_loss": 0.06495827071906145, "grad_norm": 0.013173430226743221, "test_error": 0.0223}, {"outer_epoch": 4, "inner_epoch": 1, "train_loss": 0.06483258349068152, "grad_norm": 0.01317272987216711, "test_error": 0.0223}, {"outer_epoch": 5, "inner_epoch": 1, "train_loss": 0.06471259027688453, "grad_norm": 0.013222586363554, "test_error": 0.0222}, {"outer_epoch": 6, "inner_epoch": 1, "train_loss": 0.06459084439454212, "grad_norm": 0.013224448077380657, "test_error": 0.0222}, {"outer_epoch": 7, "inner_epoch": 1, "train_loss": 0.06448006133704136, "grad_norm": 0.013288084417581558, "test_error": 0.0223}, {"outer_epoch": 8, "inner_epoch": 1, "train_loss": 0.06435888666017368, "grad_norm": 0.013315250165760517, "test_error": 0.0222}, {"outer_epoch": 9, "inner_epoch": 1, "train_loss": 0.06424468402368559, "grad_norm": 0.013410226441919804, "test_error": 0.022}, {"outer_epoch": 10, "inner_epoch": 1, "train_loss": 0.06411669094196987, "grad_norm": 0.013295787386596203, "test_error": 0.0219}, {"outer_epoch": 11, "inner_epoch": 1, "train_loss": 0.06399521072175897, "grad_norm": 0.01334401872009039, "test_error": 0.0221}, {"outer_epoch": 12, "inner_epoch": 1, "train_loss": 0.06388148951068676, "grad_norm": 0.013396024703979492, "test_error": 0.022}, {"outer_epoch": 13, "inner_epoch": 1, "train_loss": 0.06376063326433844, "grad_norm": 0.013524452224373817, "test_error": 0.022}, {"outer_epoch": 14, "inner_epoch": 1, "train_loss": 0.06364540886454051, "grad_norm": 0.013415767811238766, "test_error": 0.022}, {"outer_epoch": 15, "inner_epoch": 1, "train_loss": 0.06352398900780827, "grad_norm": 0.013431091792881489, "test_error": 0.022}, {"outer_epoch": 16, "inner_epoch": 1, "train_loss": 0.06341344911789444, "grad_norm": 0.013422882184386253, "test_error": 0.022}, {"outer_epoch": 17, "inner_epoch": 1, "train_loss": 0.06329976616842517, "grad_norm": 0.013404453173279762, "test_error": 0.022}, {"outer_epoch": 18, "inner_epoch": 1, "train_loss": 0.0631992957626547, "grad_norm": 0.013347676955163479, "test_error": 0.022}, {"outer_epoch": 19, "inner_epoch": 1, "train_loss": 0.06309255522633127, "grad_norm": 0.013379613868892193, "test_error": 0.022}, {"outer_epoch": 20, "inner_epoch": 1, "train_loss": 0.06298416131641715, "grad_norm": 0.013393483124673367, "test_error": 0.0221}, {"outer_epoch": 21, "inner_epoch": 1, "train_loss": 0.06288288381682165, "grad_norm": 0.013365553691983223, "test_error": 0.022}, {"outer_epoch": 22, "inner_epoch": 1, "train_loss": 0.06278844982003405, "grad_norm": 0.01339336484670639, "test_error": 0.022}, {"outer_epoch": 23, "inner_epoch": 1, "train_loss": 0.06269386984491333, "grad_norm": 0.01342032477259636, "test_error": 0.022}, {"outer_epoch": 24, "inner_epoch": 1, "train_loss": 0.06261054166194906, "grad_norm": 0.013593428768217564, "test_error": 0.0219}, {"outer_epoch": 25, "inner_epoch": 1, "train_loss": 0.06251453625418556, "grad_norm": 0.013504031114280224, "test_error": 0.0218}, {"outer_epoch": 26, "inner_epoch": 1, "train_loss": 0.06242868830933003, "grad_norm": 0.013524331152439117, "test_error": 0.0219}, {"outer_epoch": 27, "inner_epoch": 1, "train_loss": 0.06232897252232457, "grad_norm": 0.013553707860410213, "test_error": 0.0219}, {"outer_epoch": 28, "inner_epoch": 1, "train_loss": 0.06225488764757756, "grad_norm": 0.013466919772326946, "test_error": 0.0219}, {"outer_epoch": 29, "inner_epoch": 1, "train_loss": 0.062172582664662815, "grad_norm": 0.013500811532139778, "test_error": 0.0217}, {"outer_epoch": 30, "inner_epoch": 1, "train_loss": 0.062085922925015136, "grad_norm": 0.013426384888589382, "test_error": 0.0218}, {"outer_epoch": 31, "inner_epoch": 1, "train_loss": 0.062011912317674917, "grad_norm": 0.013593783602118492, "test_error": 0.0218}, {"outer_epoch": 32, "inner_epoch": 1, "train_loss": 0.061939833056298084, "grad_norm": 0.013439778238534927, "test_error": 0.0218}, {"outer_epoch": 33, "inner_epoch": 1, "train_loss": 0.06185150191777696, "grad_norm": 0.013547267764806747, "test_error": 0.0217}, {"outer_epoch": 34, "inner_epoch": 1, "train_loss": 0.061797397504211406, "grad_norm": 0.013429710641503334, "test_error": 0.0217}, {"outer_epoch": 35, "inner_epoch": 1, "train_loss": 0.061720874866024435, "grad_norm": 0.013458101078867912, "test_error": 0.022}, {"outer_epoch": 36, "inner_epoch": 1, "train_loss": 0.061655108969076534, "grad_norm": 0.013474813662469387, "test_error": 0.0219}, {"outer_epoch": 37, "inner_epoch": 1, "train_loss": 0.06158410779122884, "grad_norm": 0.013450151309370995, "test_error": 0.0219}, {"outer_epoch": 38, "inner_epoch": 1, "train_loss": 0.06151131828146754, "grad_norm": 0.013508428819477558, "test_error": 0.0218}, {"outer_epoch": 39, "inner_epoch": 1, "train_loss": 0.0614532180710036, "grad_norm": 0.013468427583575249, "test_error": 0.0219}, {"outer_epoch": 40, "inner_epoch": 1, "train_loss": 0.06139483165510076, "grad_norm": 0.01351652480661869, "test_error": 0.0219}, {"outer_epoch": 41, "inner_epoch": 1, "train_loss": 0.06132740675079792, "grad_norm": 0.013727059587836266, "test_error": 0.0219}, {"outer_epoch": 42, "inner_epoch": 1, "train_loss": 0.061274057116204254, "grad_norm": 0.013473263010382652, "test_error": 0.0219}, {"outer_epoch": 43, "inner_epoch": 1, "train_loss": 0.061218992573189704, "grad_norm": 0.013427771627902985, "test_error": 0.0218}, {"outer_epoch": 44, "inner_epoch": 1, "train_loss": 0.061157097527117, "grad_norm": 0.013599606230854988, "test_error": 0.0218}, {"outer_epoch": 45, "inner_epoch": 1, "train_loss": 0.061093273767949235, "grad_norm": 0.013562195934355259, "test_error": 0.0218}, {"outer_epoch": 46, "inner_epoch": 1, "train_loss": 0.06104359898733674, "grad_norm": 0.013542280532419682, "test_error": 0.0218}, {"outer_epoch": 47, "inner_epoch": 1, "train_loss": 0.06098952542086287, "grad_norm": 0.01354487705975771, "test_error": 0.0219}, {"outer_epoch": 48, "inner_epoch": 1, "train_loss": 0.06094380613435836, "grad_norm": 0.013558994047343731, "test_error": 0.0218}, {"outer_epoch": 49, "inner_epoch": 1, "train_loss": 0.060895676408040646, "grad_norm": 0.013522295281291008, "test_error": 0.0218}, {"outer_epoch": 50, "inner_epoch": 1, "train_loss": 0.06084094959567301, "grad_norm": 0.013663215562701225, "test_error": 0.0218}, {"outer_epoch": 51, "inner_epoch": 1, "train_loss": 0.06078714928149323, "grad_norm": 0.013468618504703045, "test_error": 0.0217}, {"outer_epoch": 52, "inner_epoch": 1, "train_loss": 0.06074136226096501, "grad_norm": 0.013458866626024246, "test_error": 0.0218}, {"outer_epoch": 53, "inner_epoch": 1, "train_loss": 0.060692413646068116, "grad_norm": 0.013561568222939968, "test_error": 0.0218}, {"outer_epoch": 54, "inner_epoch": 1, "train_loss": 0.06065322294965154, "grad_norm": 0.013640460558235645, "test_error": 0.0217}, {"outer_epoch": 55, "inner_epoch": 1, "train_loss": 0.06060936185185953, "grad_norm": 0.013550570234656334, "test_error": 0.0216}, {"outer_epoch": 56, "inner_epoch": 1, "train_loss": 0.06056074796085401, "grad_norm": 0.013506813906133175, "test_error": 0.0218}, {"outer_epoch": 57, "inner_epoch": 1, "train_loss": 0.0605163540863626, "grad_norm": 0.013491563498973846, "test_error": 0.0217}, {"outer_epoch": 58, "inner_epoch": 1, "train_loss": 0.06046828751040933, "grad_norm": 0.013635330833494663, "test_error": 0.0215}, {"outer_epoch": 59, "inner_epoch": 1, "train_loss": 0.06042305827926611, "grad_norm": 0.013519617728888988, "test_error": 0.0216}, {"outer_epoch": 60, "inner_epoch": 1, "train_loss": 0.060394057755513736, "grad_norm": 0.013404758647084236, "test_error": 0.0216}, {"outer_epoch": 61, "inner_epoch": 1, "train_loss": 0.06034316857514205, "grad_norm": 0.013628684915602207, "test_error": 0.0215}, {"outer_epoch": 62, "inner_epoch": 1, "train_loss": 0.060308914358591814, "grad_norm": 0.013568744994699955, "test_error": 0.0215}, {"outer_epoch": 63, "inner_epoch": 1, "train_loss": 0.060276467078035544, "grad_norm": 0.013622869737446308, "test_error": 0.0215}, {"outer_epoch": 64, "inner_epoch": 1, "train_loss": 0.060228100423216045, "grad_norm": 0.013468220829963684, "test_error": 0.0216}, {"outer_epoch": 65, "inner_epoch": 1, "train_loss": 0.06019293467046615, "grad_norm": 0.013787180185317993, "test_error": 0.0213}, {"outer_epoch": 66, "inner_epoch": 1, "train_loss": 0.06017318022350082, "grad_norm": 0.013454890809953213, "test_error": 0.0215}, {"outer_epoch": 67, "inner_epoch": 1, "train_loss": 0.06012106426602501, "grad_norm": 0.013508203439414501, "test_error": 0.0214}, {"outer_epoch": 68, "inner_epoch": 1, "train_loss": 0.06008628038140402, "grad_norm": 0.01348298043012619, "test_error": 0.0215}, {"outer_epoch": 69, "inner_epoch": 1, "train_loss": 0.06004633424601828, "grad_norm": 0.013481009751558304, "test_error": 0.0216}, {"outer_epoch": 70, "inner_epoch": 1, "train_loss": 0.06001531522961644, "grad_norm": 0.013582062907516956, "test_error": 0.0214}, {"outer_epoch": 71, "inner_epoch": 1, "train_loss": 0.059986972417954046, "grad_norm": 0.013381977565586567, "test_error": 0.0214}, {"outer_epoch": 72, "inner_epoch": 1, "train_loss": 0.05995263710195044, "grad_norm": 0.013412012718617916, "test_error": 0.0214}, {"outer_epoch": 73, "inner_epoch": 1, "train_loss": 0.05991286478191614, "grad_norm": 0.013519092462956905, "test_error": 0.0216}, {"outer_epoch": 74, "inner_epoch": 1, "train_loss": 0.059885312477087914, "grad_norm": 0.013485386036336422, "test_error": 0.0214}, {"outer_epoch": 75, "inner_epoch": 1, "train_loss": 0.05985462893693087, "grad_norm": 0.0136036928743124, "test_error": 0.0214}, {"outer_epoch": 76, "inner_epoch": 1, "train_loss": 0.05983123967422095, "grad_norm": 0.013692707754671574, "test_error": 0.0212}, {"outer_epoch": 77, "inner_epoch": 1, "train_loss": 0.05980071795091499, "grad_norm": 0.01364982035011053, "test_error": 0.0213}, {"outer_epoch": 78, "inner_epoch": 1, "train_loss": 0.059768195770700305, "grad_norm": 0.013644120655953884, "test_error": 0.0215}, {"outer_epoch": 79, "inner_epoch": 1, "train_loss": 0.05974850186563951, "grad_norm": 0.013408907689154148, "test_error": 0.0213}, {"outer_epoch": 80, "inner_epoch": 1, "train_loss": 0.05972171269353324, "grad_norm": 0.013494345359504223, "test_error": 0.0213}, {"outer_epoch": 81, "inner_epoch": 1, "train_loss": 0.05968526233171967, "grad_norm": 0.013561451807618141, "test_error": 0.0213}, {"outer_epoch": 82, "inner_epoch": 1, "train_loss": 0.05966152020910522, "grad_norm": 0.013615193776786327, "test_error": 0.0214}, {"outer_epoch": 83, "inner_epoch": 1, "train_loss": 0.05963182067098872, "grad_norm": 0.01346328854560852, "test_error": 0.0217}, {"outer_epoch": 84, "inner_epoch": 1, "train_loss": 0.05960010844099452, "grad_norm": 0.013573613949120045, "test_error": 0.0212}, {"outer_epoch": 85, "inner_epoch": 1, "train_loss": 0.05959316385362763, "grad_norm": 0.013565286062657833, "test_error": 0.0213}, {"outer_epoch": 86, "inner_epoch": 1, "train_loss": 0.05955690561646285, "grad_norm": 0.013596724718809128, "test_error": 0.0215}, {"outer_epoch": 87, "inner_epoch": 1, "train_loss": 0.059534584999782966, "grad_norm": 0.013468844816088676, "test_error": 0.0214}, {"outer_epoch": 88, "inner_epoch": 1, "train_loss": 0.05951623335428303, "grad_norm": 0.013561672531068325, "test_error": 0.0212}, {"outer_epoch": 89, "inner_epoch": 1, "train_loss": 0.05948881219267302, "grad_norm": 0.01354118250310421, "test_error": 0.0214}, {"outer_epoch": 90, "inner_epoch": 1, "train_loss": 0.05946521665714681, "grad_norm": 0.013726959004998207, "test_error": 0.0213}, {"outer_epoch": 91, "inner_epoch": 1, "train_loss": 0.059450259070882264, "grad_norm": 0.0134929483756423, "test_error": 0.0213}, {"outer_epoch": 92, "inner_epoch": 1, "train_loss": 0.059424853786224655, "grad_norm": 0.013529792428016663, "test_error": 0.0212}, {"outer_epoch": 93, "inner_epoch": 1, "train_loss": 0.05939337199402507, "grad_norm": 0.013494649901986122, "test_error": 0.0215}, {"outer_epoch": 94, "inner_epoch": 1, "train_loss": 0.05937096417169475, "grad_norm": 0.013779446482658386, "test_error": 0.0212}, {"outer_epoch": 95, "inner_epoch": 1, "train_loss": 0.059349946344465325, "grad_norm": 0.013554595410823822, "test_error": 0.0212}, {"outer_epoch": 96, "inner_epoch": 1, "train_loss": 0.05932819132182825, "grad_norm": 0.013496516272425652, "test_error": 0.0211}, {"outer_epoch": 97, "inner_epoch": 1, "train_loss": 0.05931197289311482, "grad_norm": 0.013681549578905106, "test_error": 0.0213}, {"outer_epoch": 98, "inner_epoch": 1, "train_loss": 0.05929058329896846, "grad_norm": 0.013550401665270329, "test_error": 0.0212}, {"outer_epoch": 99, "inner_epoch": 1, "train_loss": 0.05926908064012726, "grad_norm": 0.013669842854142189, "test_error": 0.0211}, {"outer_epoch": 100, "inner_epoch": 1, "train_loss": 0.05925211469687444, "grad_norm": 0.013520081527531147, "test_error": 0.021}, {"outer_epoch": 101, "inner_epoch": 1, "train_loss": 0.0592263435338585, "grad_norm": 0.013610373251140118, "test_error": 0.0208}, {"outer_epoch": 102, "inner_epoch": 1, "train_loss": 0.05921273037808714, "grad_norm": 0.013442877680063248, "test_error": 0.0211}, {"outer_epoch": 103, "inner_epoch": 1, "train_loss": 0.05918950365734054, "grad_norm": 0.013617152348160744, "test_error": 0.0212}, {"outer_epoch": 104, "inner_epoch": 1, "train_loss": 0.059167144267257145, "grad_norm": 0.013534294441342354, "test_error": 0.021}, {"outer_epoch": 105, "inner_epoch": 1, "train_loss": 0.059156181261021026, "grad_norm": 0.013571574352681637, "test_error": 0.0209}, {"outer_epoch": 106, "inner_epoch": 1, "train_loss": 0.05913789022919567, "grad_norm": 0.013498169369995594, "test_error": 0.0209}, {"outer_epoch": 107, "inner_epoch": 1, "train_loss": 0.059116351807800435, "grad_norm": 0.013466248288750648, "test_error": 0.0211}, {"outer_epoch": 108, "inner_epoch": 1, "train_loss": 0.05909225518380602, "grad_norm": 0.013452894985675812, "test_error": 0.0209}, {"outer_epoch": 109, "inner_epoch": 1, "train_loss": 0.0590781394962105, "grad_norm": 0.013563902117311954, "test_error": 0.0209}, {"outer_epoch": 110, "inner_epoch": 1, "train_loss": 0.05906466488276298, "grad_norm": 0.013612702488899231, "test_error": 0.021}, {"outer_epoch": 111, "inner_epoch": 1, "train_loss": 0.059046666530290774, "grad_norm": 0.013425243087112904, "test_error": 0.021}, {"outer_epoch": 112, "inner_epoch": 1, "train_loss": 0.05903344106961352, "grad_norm": 0.013581370934844017, "test_error": 0.0208}, {"outer_epoch": 113, "inner_epoch": 1, "train_loss": 0.05901756307009297, "grad_norm": 0.013551550917327404, "test_error": 0.0208}, {"outer_epoch": 114, "inner_epoch": 1, "train_loss": 0.05900236844350972, "grad_norm": 0.01344775129109621, "test_error": 0.0209}, {"outer_epoch": 115, "inner_epoch": 1, "train_loss": 0.058998532929826375, "grad_norm": 0.01358694676309824, "test_error": 0.0209}, {"outer_epoch": 116, "inner_epoch": 1, "train_loss": 0.05897360730743579, "grad_norm": 0.013536294922232628, "test_error": 0.021}, {"outer_epoch": 117, "inner_epoch": 1, "train_loss": 0.058953530358111794, "grad_norm": 0.013578889891505241, "test_error": 0.0208}, {"outer_epoch": 118, "inner_epoch": 1, "train_loss": 0.05894059072136103, "grad_norm": 0.013548605144023895, "test_error": 0.0207}, {"outer_epoch": 119, "inner_epoch": 1, "train_loss": 0.058919390273319244, "grad_norm": 0.013556110672652721, "test_error": 0.0208}, {"outer_epoch": 120, "inner_epoch": 1, "train_loss": 0.05891649784277737, "grad_norm": 0.013541721738874912, "test_error": 0.0206}, {"outer_epoch": 121, "inner_epoch": 1, "train_loss": 0.0589110061902126, "grad_norm": 0.013657741248607635, "test_error": 0.0206}, {"outer_epoch": 122, "inner_epoch": 1, "train_loss": 0.05888983129781748, "grad_norm": 0.013491196557879448, "test_error": 0.0206}, {"outer_epoch": 123, "inner_epoch": 1, "train_loss": 0.0588712125197635, "grad_norm": 0.013485569506883621, "test_error": 0.0207}, {"outer_epoch": 124, "inner_epoch": 1, "train_loss": 0.05885928956316396, "grad_norm": 0.013509536162018776, "test_error": 0.0206}, {"outer_epoch": 125, "inner_epoch": 1, "train_loss": 0.05885065080951123, "grad_norm": 0.013555030338466167, "test_error": 0.0208}, {"outer_epoch": 126, "inner_epoch": 1, "train_loss": 0.05882682316201196, "grad_norm": 0.013468154706060886, "test_error": 0.0206}, {"outer_epoch": 127, "inner_epoch": 1, "train_loss": 0.058815509118527794, "grad_norm": 0.013503112830221653, "test_error": 0.0208}, {"outer_epoch": 128, "inner_epoch": 1, "train_loss": 0.05879643715002263, "grad_norm": 0.013567428104579449, "test_error": 0.0208}, {"outer_epoch": 129, "inner_epoch": 1, "train_loss": 0.058787157707799145, "grad_norm": 0.01351126842200756, "test_error": 0.0207}, {"outer_epoch": 130, "inner_epoch": 1, "train_loss": 0.05877924508048454, "grad_norm": 0.013700885698199272, "test_error": 0.0207}, {"outer_epoch": 131, "inner_epoch": 1, "train_loss": 0.058764063605495416, "grad_norm": 0.013582371175289154, "test_error": 0.0206}, {"outer_epoch": 132, "inner_epoch": 1, "train_loss": 0.05873851814963079, "grad_norm": 0.013647088780999184, "test_error": 0.0206}, {"outer_epoch": 133, "inner_epoch": 1, "train_loss": 0.05873516791280902, "grad_norm": 0.01358177699148655, "test_error": 0.0207}, {"outer_epoch": 134, "inner_epoch": 1, "train_loss": 0.05872630942801091, "grad_norm": 0.013624927029013634, "test_error": 0.0207}, {"outer_epoch": 135, "inner_epoch": 1, "train_loss": 0.05871034653453777, "grad_norm": 0.013667134568095207, "test_error": 0.0205}, {"outer_epoch": 136, "inner_epoch": 1, "train_loss": 0.05869589572776264, "grad_norm": 0.013479048386216164, "test_error": 0.0207}, {"outer_epoch": 137, "inner_epoch": 1, "train_loss": 0.05867357530915372, "grad_norm": 0.013631901703774929, "test_error": 0.0207}, {"outer_epoch": 138, "inner_epoch": 1, "train_loss": 0.05866443420879659, "grad_norm": 0.013800411485135555, "test_error": 0.0206}, {"outer_epoch": 139, "inner_epoch": 1, "train_loss": 0.058647670078130126, "grad_norm": 0.013638881035149097, "test_error": 0.0206}, {"outer_epoch": 140, "inner_epoch": 1, "train_loss": 0.058642864602520904, "grad_norm": 0.013580191880464554, "test_error": 0.0207}, {"outer_epoch": 141, "inner_epoch": 1, "train_loss": 0.05863131273907493, "grad_norm": 0.013521552085876465, "test_error": 0.0207}, {"outer_epoch": 142, "inner_epoch": 1, "train_loss": 0.05861912629539923, "grad_norm": 0.013572925701737404, "test_error": 0.0206}, {"outer_epoch": 143, "inner_epoch": 1, "train_loss": 0.058605619014803476, "grad_norm": 0.013490027748048306, "test_error": 0.0204}, {"outer_epoch": 144, "inner_epoch": 1, "train_loss": 0.05859036007226678, "grad_norm": 0.013715335167944431, "test_error": 0.0205}, {"outer_epoch": 145, "inner_epoch": 1, "train_loss": 0.05857893549638296, "grad_norm": 0.013760754838585854, "test_error": 0.0203}, {"outer_epoch": 146, "inner_epoch": 1, "train_loss": 0.05856506945512956, "grad_norm": 0.01350073516368866, "test_error": 0.0204}, {"outer_epoch": 147, "inner_epoch": 1, "train_loss": 0.058549211971733406, "grad_norm": 0.013457506895065308, "test_error": 0.0204}, {"outer_epoch": 148, "inner_epoch": 1, "train_loss": 0.05854731307731709, "grad_norm": 0.013486017473042011, "test_error": 0.0205}, {"outer_epoch": 149, "inner_epoch": 1, "train_loss": 0.058535107293884114, "grad_norm": 0.013668609783053398, "test_error": 0.0203}, {"outer_epoch": 150, "inner_epoch": 1, "train_loss": 0.05852334920266488, "grad_norm": 0.013502724468708038, "test_error": 0.0204}, {"outer_epoch": 151, "inner_epoch": 1, "train_loss": 0.05851267196806536, "grad_norm": 0.013666623272001743, "test_error": 0.0204}, {"outer_epoch": 152, "inner_epoch": 1, "train_loss": 0.0584995134594113, "grad_norm": 0.01361811812967062, "test_error": 0.0205}, {"outer_epoch": 153, "inner_epoch": 1, "train_loss": 0.058480149214214176, "grad_norm": 0.013432083651423454, "test_error": 0.0204}, {"outer_epoch": 154, "inner_epoch": 1, "train_loss": 0.058469157381468295, "grad_norm": 0.01349021214991808, "test_error": 0.0204}, {"outer_epoch": 155, "inner_epoch": 1, "train_loss": 0.05846996559338489, "grad_norm": 0.013661534525454044, "test_error": 0.0204}, {"outer_epoch": 156, "inner_epoch": 1, "train_loss": 0.058450088540363744, "grad_norm": 0.013683376833796501, "test_error": 0.0205}, {"outer_epoch": 157, "inner_epoch": 1, "train_loss": 0.058439944052195644, "grad_norm": 0.01360368262976408, "test_error": 0.0205}, {"outer_epoch": 158, "inner_epoch": 1, "train_loss": 0.05842426810921946, "grad_norm": 0.013635526411235332, "test_error": 0.0203}, {"outer_epoch": 159, "inner_epoch": 1, "train_loss": 0.05841169907804578, "grad_norm": 0.013525962829589844, "test_error": 0.0204}, {"outer_epoch": 160, "inner_epoch": 1, "train_loss": 0.05839999870649384, "grad_norm": 0.013561776839196682, "test_error": 0.0204}, {"outer_epoch": 161, "inner_epoch": 1, "train_loss": 0.058393006065666365, "grad_norm": 0.013829413801431656, "test_error": 0.0205}, {"outer_epoch": 162, "inner_epoch": 1, "train_loss": 0.05837967347567125, "grad_norm": 0.01345127634704113, "test_error": 0.0204}, {"outer_epoch": 163, "inner_epoch": 1, "train_loss": 0.05836788692897729, "grad_norm": 0.013624601066112518, "test_error": 0.0204}, {"outer_epoch": 164, "inner_epoch": 1, "train_loss": 0.058361389867650965, "grad_norm": 0.0134419035166502, "test_error": 0.0204}, {"outer_epoch": 165, "inner_epoch": 1, "train_loss": 0.058350508867103294, "grad_norm": 0.013606978580355644, "test_error": 0.0204}, {"outer_epoch": 166, "inner_epoch": 1, "train_loss": 0.058345460048275226, "grad_norm": 0.013653856702148914, "test_error": 0.0204}, {"outer_epoch": 167, "inner_epoch": 1, "train_loss": 0.05833540356151449, "grad_norm": 0.013526002876460552, "test_error": 0.0204}, {"outer_epoch": 168, "inner_epoch": 1, "train_loss": 0.058318682588015994, "grad_norm": 0.013595836237072945, "test_error": 0.0205}, {"outer_epoch": 169, "inner_epoch": 1, "train_loss": 0.05831201205875065, "grad_norm": 0.013641930185258389, "test_error": 0.0203}, {"outer_epoch": 170, "inner_epoch": 1, "train_loss": 0.05830001241649734, "grad_norm": 0.01366811990737915, "test_error": 0.0202}, {"outer_epoch": 171, "inner_epoch": 1, "train_loss": 0.058291295191234285, "grad_norm": 0.013699749484658241, "test_error": 0.0204}, {"outer_epoch": 172, "inner_epoch": 1, "train_loss": 0.05827626208559377, "grad_norm": 0.013584684580564499, "test_error": 0.0203}, {"outer_epoch": 173, "inner_epoch": 1, "train_loss": 0.05826276214690491, "grad_norm": 0.013526209630072117, "test_error": 0.0203}, {"outer_epoch": 174, "inner_epoch": 1, "train_loss": 0.05825005855692628, "grad_norm": 0.013527710922062397, "test_error": 0.0204}, {"outer_epoch": 175, "inner_epoch": 1, "train_loss": 0.05824687288994513, "grad_norm": 0.01361758727580309, "test_error": 0.0203}, {"outer_epoch": 176, "inner_epoch": 1, "train_loss": 0.05823366879563158, "grad_norm": 0.013552484102547169, "test_error": 0.0205}, {"outer_epoch": 177, "inner_epoch": 1, "train_loss": 0.05821610467634552, "grad_norm": 0.013690442778170109, "test_error": 0.0204}, {"outer_epoch": 178, "inner_epoch": 1, "train_loss": 0.058213678909407464, "grad_norm": 0.01366367843002081, "test_error": 0.0203}, {"outer_epoch": 179, "inner_epoch": 1, "train_loss": 0.058199443391213815, "grad_norm": 0.013508094474673271, "test_error": 0.0205}, {"outer_epoch": 180, "inner_epoch": 1, "train_loss": 0.05819562761963849, "grad_norm": 0.013478139415383339, "test_error": 0.0205}, {"outer_epoch": 181, "inner_epoch": 1, "train_loss": 0.05818978351370121, "grad_norm": 0.013597656041383743, "test_error": 0.0206}, {"outer_epoch": 182, "inner_epoch": 1, "train_loss": 0.05816933495716269, "grad_norm": 0.01344298291951418, "test_error": 0.0205}, {"outer_epoch": 183, "inner_epoch": 1, "train_loss": 0.05817055019454953, "grad_norm": 0.01350230909883976, "test_error": 0.0207}, {"outer_epoch": 184, "inner_epoch": 1, "train_loss": 0.058161080099506456, "grad_norm": 0.013787513598799706, "test_error": 0.0207}, {"outer_epoch": 185, "inner_epoch": 1, "train_loss": 0.05814802038919879, "grad_norm": 0.0138432327657938, "test_error": 0.0206}, {"outer_epoch": 186, "inner_epoch": 1, "train_loss": 0.05814279622662192, "grad_norm": 0.013640983030200005, "test_error": 0.0205}, {"outer_epoch": 187, "inner_epoch": 1, "train_loss": 0.05812743324865975, "grad_norm": 0.013758866116404533, "test_error": 0.0207}, {"outer_epoch": 188, "inner_epoch": 1, "train_loss": 0.05812489254477744, "grad_norm": 0.013624114915728569, "test_error": 0.0204}, {"outer_epoch": 189, "inner_epoch": 1, "train_loss": 0.058115689337428195, "grad_norm": 0.013639082200825214, "test_error": 0.0206}, {"outer_epoch": 190, "inner_epoch": 1, "train_loss": 0.05810600941831944, "grad_norm": 0.013513019308447838, "test_error": 0.0206}, {"outer_epoch": 191, "inner_epoch": 1, "train_loss": 0.05809590016926328, "grad_norm": 0.013686377555131912, "test_error": 0.0208}, {"outer_epoch": 192, "inner_epoch": 1, "train_loss": 0.05808208744629519, "grad_norm": 0.013545687310397625, "test_error": 0.0206}, {"outer_epoch": 193, "inner_epoch": 1, "train_loss": 0.05807246346713509, "grad_norm": 0.01356861274689436, "test_error": 0.0206}, {"outer_epoch": 194, "inner_epoch": 1, "train_loss": 0.058066093604255, "grad_norm": 0.013535547070205212, "test_error": 0.0206}, {"outer_epoch": 195, "inner_epoch": 1, "train_loss": 0.058060444930684754, "grad_norm": 0.013560861349105835, "test_error": 0.0205}, {"outer_epoch": 196, "inner_epoch": 1, "train_loss": 0.058062123863336944, "grad_norm": 0.013643719255924225, "test_error": 0.0206}, {"outer_epoch": 197, "inner_epoch": 1, "train_loss": 0.058044647037769515, "grad_norm": 0.01341955829411745, "test_error": 0.0206}, {"outer_epoch": 198, "inner_epoch": 1, "train_loss": 0.058032199223991485, "grad_norm": 0.013541175983846188, "test_error": 0.0209}, {"outer_epoch": 199, "inner_epoch": 1, "train_loss": 0.05802527037272618, "grad_norm": 0.013693444430828094, "test_error": 0.0208}, {"outer_epoch": 200, "inner_epoch": 1, "train_loss": 0.058020447440445426, "grad_norm": 0.013588922098279, "test_error": 0.0206}, {"outer_epoch": 201, "inner_epoch": 1, "train_loss": 0.05801409385807346, "grad_norm": 0.013561425730586052, "test_error": 0.0207}, {"outer_epoch": 202, "inner_epoch": 1, "train_loss": 0.05800660817994503, "grad_norm": 0.013581907376646996, "test_error": 0.0209}, {"outer_epoch": 203, "inner_epoch": 1, "train_loss": 0.05800238494654574, "grad_norm": 0.013764012604951859, "test_error": 0.0209}, {"outer_epoch": 204, "inner_epoch": 1, "train_loss": 0.05798606684959183, "grad_norm": 0.01347312144935131, "test_error": 0.0206}, {"outer_epoch": 205, "inner_epoch": 1, "train_loss": 0.05798296905307022, "grad_norm": 0.013516140170395374, "test_error": 0.0206}, {"outer_epoch": 206, "inner_epoch": 1, "train_loss": 0.05796806412281391, "grad_norm": 0.013704835437238216, "test_error": 0.0207}, {"outer_epoch": 207, "inner_epoch": 1, "train_loss": 0.05797205066657625, "grad_norm": 0.013487338088452816, "test_error": 0.0208}, {"outer_epoch": 208, "inner_epoch": 1, "train_loss": 0.057963669818030514, "grad_norm": 0.0135666998103261, "test_error": 0.0208}, {"outer_epoch": 209, "inner_epoch": 1, "train_loss": 0.05795699869210754, "grad_norm": 0.013506101444363594, "test_error": 0.0207}, {"outer_epoch": 210, "inner_epoch": 1, "train_loss": 0.05793924207073481, "grad_norm": 0.013466342352330685, "test_error": 0.0208}, {"outer_epoch": 211, "inner_epoch": 1, "train_loss": 0.057931653899024244, "grad_norm": 0.01370976772159338, "test_error": 0.0209}, {"outer_epoch": 212, "inner_epoch": 1, "train_loss": 0.05793308033373129, "grad_norm": 0.013538169674575329, "test_error": 0.0207}, {"outer_epoch": 213, "inner_epoch": 1, "train_loss": 0.05792616210854612, "grad_norm": 0.013778608292341232, "test_error": 0.0207}, {"outer_epoch": 214, "inner_epoch": 1, "train_loss": 0.057914703938702586, "grad_norm": 0.013533386401832104, "test_error": 0.0208}, {"outer_epoch": 215, "inner_epoch": 1, "train_loss": 0.057905026521999386, "grad_norm": 0.01361910067498684, "test_error": 0.0208}, {"outer_epoch": 216, "inner_epoch": 1, "train_loss": 0.05789859300661677, "grad_norm": 0.013595083728432655, "test_error": 0.0208}, {"outer_epoch": 217, "inner_epoch": 1, "train_loss": 0.05789654455985874, "grad_norm": 0.013666629791259766, "test_error": 0.0205}, {"outer_epoch": 218, "inner_epoch": 1, "train_loss": 0.05789049134037729, "grad_norm": 0.013529221527278423, "test_error": 0.0206}, {"outer_epoch": 219, "inner_epoch": 1, "train_loss": 0.05788234209529279, "grad_norm": 0.013698097318410873, "test_error": 0.0208}, {"outer_epoch": 220, "inner_epoch": 1, "train_loss": 0.05787823290760086, "grad_norm": 0.013734636828303337, "test_error": 0.0207}, {"outer_epoch": 221, "inner_epoch": 1, "train_loss": 0.0578657321309826, "grad_norm": 0.013665149919688702, "test_error": 0.0206}, {"outer_epoch": 222, "inner_epoch": 1, "train_loss": 0.0578651782827025, "grad_norm": 0.013712793588638306, "test_error": 0.0208}, {"outer_epoch": 223, "inner_epoch": 1, "train_loss": 0.057855193903281664, "grad_norm": 0.013549602590501308, "test_error": 0.0206}, {"outer_epoch": 224, "inner_epoch": 1, "train_loss": 0.05784220632778791, "grad_norm": 0.01363722700625658, "test_error": 0.0209}, {"outer_epoch": 225, "inner_epoch": 1, "train_loss": 0.05782217327264758, "grad_norm": 0.013503510504961014, "test_error": 0.0207}, {"outer_epoch": 226, "inner_epoch": 1, "train_loss": 0.0578304131119124, "grad_norm": 0.013555369339883327, "test_error": 0.0207}, {"outer_epoch": 227, "inner_epoch": 1, "train_loss": 0.05781632399636631, "grad_norm": 0.013640269637107849, "test_error": 0.0207}, {"outer_epoch": 228, "inner_epoch": 1, "train_loss": 0.05782167913291293, "grad_norm": 0.01351861096918583, "test_error": 0.0207}, {"outer_epoch": 229, "inner_epoch": 1, "train_loss": 0.057817373106100904, "grad_norm": 0.013596993871033192, "test_error": 0.0206}, {"outer_epoch": 230, "inner_epoch": 1, "train_loss": 0.05780949695429687, "grad_norm": 0.01367823127657175, "test_error": 0.0207}, {"outer_epoch": 231, "inner_epoch": 1, "train_loss": 0.05779601985681802, "grad_norm": 0.01359854731708765, "test_error": 0.0207}, {"outer_epoch": 232, "inner_epoch": 1, "train_loss": 0.05779171281923967, "grad_norm": 0.013566617853939533, "test_error": 0.0207}, {"outer_epoch": 233, "inner_epoch": 1, "train_loss": 0.057793258434782425, "grad_norm": 0.013472489081323147, "test_error": 0.0206}, {"outer_epoch": 234, "inner_epoch": 1, "train_loss": 0.05778327094728593, "grad_norm": 0.013520902954041958, "test_error": 0.0205}, {"outer_epoch": 235, "inner_epoch": 1, "train_loss": 0.057777424442620635, "grad_norm": 0.013678307645022869, "test_error": 0.0205}, {"outer_epoch": 236, "inner_epoch": 1, "train_loss": 0.05776956787511396, "grad_norm": 0.013537151739001274, "test_error": 0.0206}, {"outer_epoch": 237, "inner_epoch": 1, "train_loss": 0.057753596593470624, "grad_norm": 0.013588189147412777, "test_error": 0.0206}, {"outer_epoch": 238, "inner_epoch": 1, "train_loss": 0.05775465901357044, "grad_norm": 0.013646787032485008, "test_error": 0.0206}, {"outer_epoch": 239, "inner_epoch": 1, "train_loss": 0.05774731657698673, "grad_norm": 0.013743299059569836, "test_error": 0.0206}, {"outer_epoch": 240, "inner_epoch": 1, "train_loss": 0.05773515796581827, "grad_norm": 0.013611208647489548, "test_error": 0.0207}, {"outer_epoch": 241, "inner_epoch": 1, "train_loss": 0.05773481387452921, "grad_norm": 0.013668574392795563, "test_error": 0.0205}, {"outer_epoch": 242, "inner_epoch": 1, "train_loss": 0.0577253716668832, "grad_norm": 0.013558369129896164, "test_error": 0.0206}, {"outer_epoch": 243, "inner_epoch": 1, "train_loss": 0.05773237774401787, "grad_norm": 0.013566508889198303, "test_error": 0.0205}, {"outer_epoch": 244, "inner_epoch": 1, "train_loss": 0.057718656587433845, "grad_norm": 0.01351361908018589, "test_error": 0.0205}, {"outer_epoch": 245, "inner_epoch": 1, "train_loss": 0.057716084226286817, "grad_norm": 0.013600554317235947, "test_error": 0.0204}, {"outer_epoch": 246, "inner_epoch": 1, "train_loss": 0.05771493243261163, "grad_norm": 0.013550723902881145, "test_error": 0.0204}, {"outer_epoch": 247, "inner_epoch": 1, "train_loss": 0.05770087600749684, "grad_norm": 0.013526774011552334, "test_error": 0.0203}, {"outer_epoch": 248, "inner_epoch": 1, "train_loss": 0.05769221833255142, "grad_norm": 0.013601924292743206, "test_error": 0.0205}, {"outer_epoch": 249, "inner_epoch": 1, "train_loss": 0.05769605308811879, "grad_norm": 0.01353748794645071, "test_error": 0.0204}, {"outer_epoch": 250, "inner_epoch": 1, "train_loss": 0.057689952714989584, "grad_norm": 0.01352660171687603, "test_error": 0.0203}]}