{"argv": ["train.py", "--seed", "79", "--optimizer", "SVRG", "--run_name", "svrg_0.25.json", "--output_path", "experiments/nonconvex_mnist/svrg-0.25.json", "--dataset", "MNIST", "--layer_sizes", "784", "100", "10", "--batch_size", "10", "--learning_rate", "0.25", "--weight_decay", "0.001", "--warmup_learning_rate", "0.03", "--num_warmup_epochs", "10", "--num_outer_epochs", "250", "--num_inner_epochs", "1", "--device", "cuda"], "args": {"seed": 79, "optimizer": "SVRG", "run_name": "svrg_0.25.json", "output_path": "experiments/nonconvex_mnist/svrg-0.25.json", "device": "cuda", "dataset": "MNIST", "dataset_root": "~/datasets/pytorch", "dataset_size": null, "download": false, "layer_sizes": [784, 100, 10], "batch_size": 10, "test_batch_size": 256, "learning_rate": 0.25, "weight_decay": 0.001, "warmup_learning_rate": 0.03, "num_warmup_epochs": 10, "num_outer_epochs": 250, "num_inner_epochs": 1, "inner_epoch_fraction": null, "choose_random_iterate": false, "num_epochs": 10}, "metrics": [{"warmup_epoch": 1, "train_loss": 0.35890698494156825, "grad_norm": 0.1693902164697647, "test_error": 0.0604}, {"warmup_epoch": 2, "train_loss": 0.18194871377463762, "grad_norm": 0.2195146232843399, "test_error": 0.0452}, {"warmup_epoch": 3, "train_loss": 0.13772531318229933, "grad_norm": 0.1083531603217125, "test_error": 0.0355}, {"warmup_epoch": 4, "train_loss": 0.11455598155801029, "grad_norm": 0.128460094332695, "test_error": 0.0309}, {"warmup_epoch": 5, "train_loss": 0.10187839505526548, "grad_norm": 0.12868857383728027, "test_error": 0.0289}, {"warmup_epoch": 6, "train_loss": 0.09330414409479515, "grad_norm": 0.11282596737146378, "test_error": 0.0299}, {"warmup_epoch": 7, "train_loss": 0.0883496714690118, "grad_norm": 0.1100197434425354, "test_error": 0.0272}, {"warmup_epoch": 8, "train_loss": 0.08488113678083756, "grad_norm": 0.07917097210884094, "test_error": 0.0262}, {"warmup_epoch": 9, "train_loss": 0.08198994982849885, "grad_norm": 0.09910028427839279, "test_error": 0.0251}, {"warmup_epoch": 10, "train_loss": 0.07989919863670365, "grad_norm": 0.09282933175563812, "test_error": 0.0258}, {"outer_epoch": 1, "inner_epoch": 1, "train_loss": 0.1459893156187827, "grad_norm": 0.1720234900712967, "test_error": 0.0414}, {"outer_epoch": 2, "inner_epoch": 1, "train_loss": 0.1610491464601073, "grad_norm": 0.4563803970813751, "test_error": 0.0603}, {"outer_epoch": 3, "inner_epoch": 1, "train_loss": 0.19622079137544884, "grad_norm": 0.2572037875652313, "test_error": 0.0549}, {"outer_epoch": 4, "inner_epoch": 1, "train_loss": 0.19216657561126824, "grad_norm": 0.22982653975486755, "test_error": 0.0525}, {"outer_epoch": 5, "inner_epoch": 1, "train_loss": 0.1780181662288281, "grad_norm": 0.16775043308734894, "test_error": 0.0442}, {"outer_epoch": 6, "inner_epoch": 1, "train_loss": 0.18756426099432671, "grad_norm": 0.24990230798721313, "test_error": 0.0585}, {"outer_epoch": 7, "inner_epoch": 1, "train_loss": 0.19797933496070133, "grad_norm": 0.4490283727645874, "test_error": 0.0808}, {"outer_epoch": 8, "inner_epoch": 1, "train_loss": 0.24345836263522505, "grad_norm": 0.5066210031509399, "test_error": 0.0902}, {"outer_epoch": 9, "inner_epoch": 1, "train_loss": 0.2615634241539592, "grad_norm": 0.2875605821609497, "test_error": 0.0689}, {"outer_epoch": 10, "inner_epoch": 1, "train_loss": 0.22102086858885014, "grad_norm": 0.41665276885032654, "test_error": 0.079}, {"outer_epoch": 11, "inner_epoch": 1, "train_loss": 0.25878301070416154, "grad_norm": 0.17858248949050903, "test_error": 0.0649}, {"outer_epoch": 12, "inner_epoch": 1, "train_loss": 0.2278531257689174, "grad_norm": 0.21784009039402008, "test_error": 0.0635}, {"outer_epoch": 13, "inner_epoch": 1, "train_loss": 0.24271225649642292, "grad_norm": 0.35259369015693665, "test_error": 0.0758}, {"outer_epoch": 14, "inner_epoch": 1, "train_loss": 0.25615256018469035, "grad_norm": 0.21600773930549622, "test_error": 0.0738}, {"outer_epoch": 15, "inner_epoch": 1, "train_loss": 0.2546268898687946, "grad_norm": 0.21839678287506104, "test_error": 0.0695}, {"outer_epoch": 16, "inner_epoch": 1, "train_loss": 0.25139588409752467, "grad_norm": 0.3669120967388153, "test_error": 0.082}, {"outer_epoch": 17, "inner_epoch": 1, "train_loss": 0.28283335833920864, "grad_norm": 0.4803433120250702, "test_error": 0.0912}, {"outer_epoch": 18, "inner_epoch": 1, "train_loss": 0.2645667488728359, "grad_norm": 0.26435577869415283, "test_error": 0.0709}, {"outer_epoch": 19, "inner_epoch": 1, "train_loss": 0.25350979430346826, "grad_norm": 0.518658459186554, "test_error": 0.0857}, {"outer_epoch": 20, "inner_epoch": 1, "train_loss": 0.2642673566859448, "grad_norm": 0.43655967712402344, "test_error": 0.0886}, {"outer_epoch": 21, "inner_epoch": 1, "train_loss": 0.27866989531269065, "grad_norm": 0.2000862956047058, "test_error": 0.0775}, {"outer_epoch": 22, "inner_epoch": 1, "train_loss": 0.26341655388303237, "grad_norm": 0.5250986218452454, "test_error": 0.086}, {"outer_epoch": 23, "inner_epoch": 1, "train_loss": 0.29863993232990227, "grad_norm": 0.15975022315979004, "test_error": 0.0779}, {"outer_epoch": 24, "inner_epoch": 1, "train_loss": 0.26146905744834414, "grad_norm": 0.7504087686538696, "test_error": 0.119}, {"outer_epoch": 25, "inner_epoch": 1, "train_loss": 0.39087190758035284, "grad_norm": 0.3110802471637726, "test_error": 0.1127}, {"outer_epoch": 26, "inner_epoch": 1, "train_loss": 0.33031900414042564, "grad_norm": 0.25695714354515076, "test_error": 0.0835}, {"outer_epoch": 27, "inner_epoch": 1, "train_loss": 0.2951777649616124, "grad_norm": 0.18593189120292664, "test_error": 0.0816}, {"outer_epoch": 28, "inner_epoch": 1, "train_loss": 0.2720626949920552, "grad_norm": 0.3884979486465454, "test_error": 0.0869}, {"outer_epoch": 29, "inner_epoch": 1, "train_loss": 0.30985341450509923, "grad_norm": 0.34763050079345703, "test_error": 0.0799}, {"outer_epoch": 30, "inner_epoch": 1, "train_loss": 0.303057226963283, "grad_norm": 0.2277601808309555, "test_error": 0.0939}, {"outer_epoch": 31, "inner_epoch": 1, "train_loss": 0.2924686137420358, "grad_norm": 0.40421172976493835, "test_error": 0.0943}, {"outer_epoch": 32, "inner_epoch": 1, "train_loss": 0.3522158578999806, "grad_norm": 0.20301957428455353, "test_error": 0.0823}, {"outer_epoch": 33, "inner_epoch": 1, "train_loss": 0.2968683924466216, "grad_norm": 0.3874305486679077, "test_error": 0.0863}, {"outer_epoch": 34, "inner_epoch": 1, "train_loss": 0.32027928949300744, "grad_norm": 0.19662503898143768, "test_error": 0.0786}, {"outer_epoch": 35, "inner_epoch": 1, "train_loss": 0.3105893825369421, "grad_norm": 0.6857974529266357, "test_error": 0.1135}, {"outer_epoch": 36, "inner_epoch": 1, "train_loss": 0.3869462046434249, "grad_norm": 0.4563475549221039, "test_error": 0.1173}, {"outer_epoch": 37, "inner_epoch": 1, "train_loss": 0.4190056085009419, "grad_norm": 0.38362693786621094, "test_error": 0.1067}, {"outer_epoch": 38, "inner_epoch": 1, "train_loss": 0.34452071323781275, "grad_norm": 0.2425014078617096, "test_error": 0.0962}, {"outer_epoch": 39, "inner_epoch": 1, "train_loss": 0.300857479153007, "grad_norm": 0.4895545542240143, "test_error": 0.0934}, {"outer_epoch": 40, "inner_epoch": 1, "train_loss": 0.33172638540726623, "grad_norm": 0.1803896576166153, "test_error": 0.0807}, {"outer_epoch": 41, "inner_epoch": 1, "train_loss": 0.29616188473439736, "grad_norm": 0.4959304928779602, "test_error": 0.1043}, {"outer_epoch": 42, "inner_epoch": 1, "train_loss": 0.37097800775116774, "grad_norm": 0.37857913970947266, "test_error": 0.1003}, {"outer_epoch": 43, "inner_epoch": 1, "train_loss": 0.3705376246905653, "grad_norm": 0.3769172728061676, "test_error": 0.1008}, {"outer_epoch": 44, "inner_epoch": 1, "train_loss": 0.3706847930922522, "grad_norm": 0.46897605061531067, "test_error": 0.1247}, {"outer_epoch": 45, "inner_epoch": 1, "train_loss": 0.38431861183838917, "grad_norm": 0.2880115807056427, "test_error": 0.1013}, {"outer_epoch": 46, "inner_epoch": 1, "train_loss": 0.35677269191046557, "grad_norm": 0.35067182779312134, "test_error": 0.0989}, {"outer_epoch": 47, "inner_epoch": 1, "train_loss": 0.3541439445125482, "grad_norm": 0.35267287492752075, "test_error": 0.0995}, {"outer_epoch": 48, "inner_epoch": 1, "train_loss": 0.3315253048496864, "grad_norm": 0.2840404510498047, "test_error": 0.0931}, {"outer_epoch": 49, "inner_epoch": 1, "train_loss": 0.3121754347320724, "grad_norm": 0.2422230839729309, "test_error": 0.0795}, {"outer_epoch": 50, "inner_epoch": 1, "train_loss": 0.2943851279879843, "grad_norm": 0.20679166913032532, "test_error": 0.0759}, {"outer_epoch": 51, "inner_epoch": 1, "train_loss": 0.28693100114896275, "grad_norm": 0.3208181858062744, "test_error": 0.0837}, {"outer_epoch": 52, "inner_epoch": 1, "train_loss": 0.30595993952065087, "grad_norm": 0.19898180663585663, "test_error": 0.0768}, {"outer_epoch": 53, "inner_epoch": 1, "train_loss": 0.28198483149070913, "grad_norm": 0.2388693392276764, "test_error": 0.0768}, {"outer_epoch": 54, "inner_epoch": 1, "train_loss": 0.28038199834797223, "grad_norm": 0.20051711797714233, "test_error": 0.0745}, {"outer_epoch": 55, "inner_epoch": 1, "train_loss": 0.2918212442635559, "grad_norm": 0.45121705532073975, "test_error": 0.1029}, {"outer_epoch": 56, "inner_epoch": 1, "train_loss": 0.32006628596945663, "grad_norm": 0.3851061463356018, "test_error": 0.1032}, {"outer_epoch": 57, "inner_epoch": 1, "train_loss": 0.3182156832641146, "grad_norm": 0.732272207736969, "test_error": 0.153}, {"outer_epoch": 58, "inner_epoch": 1, "train_loss": 0.3821647347432639, "grad_norm": 0.4217436611652374, "test_error": 0.1005}, {"outer_epoch": 59, "inner_epoch": 1, "train_loss": 0.3597159446550456, "grad_norm": 0.30194729566574097, "test_error": 0.091}, {"outer_epoch": 60, "inner_epoch": 1, "train_loss": 0.34326214479301903, "grad_norm": 0.13236261904239655, "test_error": 0.0797}, {"outer_epoch": 61, "inner_epoch": 1, "train_loss": 0.31241372431193787, "grad_norm": 0.17742593586444855, "test_error": 0.087}, {"outer_epoch": 62, "inner_epoch": 1, "train_loss": 0.327953999849502, "grad_norm": 0.2308352291584015, "test_error": 0.0864}, {"outer_epoch": 63, "inner_epoch": 1, "train_loss": 0.3277292918385938, "grad_norm": 0.2697087228298187, "test_error": 0.0903}, {"outer_epoch": 64, "inner_epoch": 1, "train_loss": 0.33458286145655436, "grad_norm": 0.2947896420955658, "test_error": 0.0873}, {"outer_epoch": 65, "inner_epoch": 1, "train_loss": 0.34359477847263525, "grad_norm": 0.4561547636985779, "test_error": 0.0973}, {"outer_epoch": 66, "inner_epoch": 1, "train_loss": 0.3809366662925264, "grad_norm": 0.3400656282901764, "test_error": 0.1038}, {"outer_epoch": 67, "inner_epoch": 1, "train_loss": 0.36580980162112975, "grad_norm": 0.3903559148311615, "test_error": 0.101}, {"outer_epoch": 68, "inner_epoch": 1, "train_loss": 0.36964000316507495, "grad_norm": 0.2400733083486557, "test_error": 0.0936}, {"outer_epoch": 69, "inner_epoch": 1, "train_loss": 0.33776464078676266, "grad_norm": 0.3814127445220947, "test_error": 0.099}, {"outer_epoch": 70, "inner_epoch": 1, "train_loss": 0.3592821516719026, "grad_norm": 0.338657021522522, "test_error": 0.0939}, {"outer_epoch": 71, "inner_epoch": 1, "train_loss": 0.367232171616517, "grad_norm": 0.3927210569381714, "test_error": 0.1042}, {"outer_epoch": 72, "inner_epoch": 1, "train_loss": 0.3593932508697617, "grad_norm": 0.3570561408996582, "test_error": 0.0902}, {"outer_epoch": 73, "inner_epoch": 1, "train_loss": 0.34639779826432154, "grad_norm": 0.49515339732170105, "test_error": 0.1064}, {"outer_epoch": 74, "inner_epoch": 1, "train_loss": 0.3991489818745758, "grad_norm": 0.34759271144866943, "test_error": 0.1092}, {"outer_epoch": 75, "inner_epoch": 1, "train_loss": 0.39722774621723994, "grad_norm": 0.292624831199646, "test_error": 0.0988}, {"outer_epoch": 76, "inner_epoch": 1, "train_loss": 0.35823196358260856, "grad_norm": 0.21462729573249817, "test_error": 0.0877}, {"outer_epoch": 77, "inner_epoch": 1, "train_loss": 0.3339122397607037, "grad_norm": 0.3423026502132416, "test_error": 0.0876}, {"outer_epoch": 78, "inner_epoch": 1, "train_loss": 0.350265832237162, "grad_norm": 0.3183988630771637, "test_error": 0.0942}, {"outer_epoch": 79, "inner_epoch": 1, "train_loss": 0.36335154923424123, "grad_norm": 0.28898119926452637, "test_error": 0.0891}, {"outer_epoch": 80, "inner_epoch": 1, "train_loss": 0.34669343253062107, "grad_norm": 0.27535367012023926, "test_error": 0.0841}, {"outer_epoch": 81, "inner_epoch": 1, "train_loss": 0.34342220348639724, "grad_norm": 0.26920080184936523, "test_error": 0.0883}, {"outer_epoch": 82, "inner_epoch": 1, "train_loss": 0.35180242982072135, "grad_norm": 0.2689773738384247, "test_error": 0.0894}, {"outer_epoch": 83, "inner_epoch": 1, "train_loss": 0.32750581536845613, "grad_norm": 0.2147199958562851, "test_error": 0.0888}, {"outer_epoch": 84, "inner_epoch": 1, "train_loss": 0.3363276816175009, "grad_norm": 0.4098357558250427, "test_error": 0.1105}, {"outer_epoch": 85, "inner_epoch": 1, "train_loss": 0.3770013879041653, "grad_norm": 0.3235715925693512, "test_error": 0.1021}, {"outer_epoch": 86, "inner_epoch": 1, "train_loss": 0.3610144328124976, "grad_norm": 0.17355568706989288, "test_error": 0.0883}, {"outer_epoch": 87, "inner_epoch": 1, "train_loss": 0.33339325530986147, "grad_norm": 0.3600761890411377, "test_error": 0.0958}, {"outer_epoch": 88, "inner_epoch": 1, "train_loss": 0.34713255031003304, "grad_norm": 0.4474763572216034, "test_error": 0.1168}, {"outer_epoch": 89, "inner_epoch": 1, "train_loss": 0.4183748395886893, "grad_norm": 0.23032177984714508, "test_error": 0.0931}, {"outer_epoch": 90, "inner_epoch": 1, "train_loss": 0.36206203026603906, "grad_norm": 0.37945660948753357, "test_error": 0.1053}, {"outer_epoch": 91, "inner_epoch": 1, "train_loss": 0.36089564945622504, "grad_norm": 0.6600926518440247, "test_error": 0.1392}, {"outer_epoch": 92, "inner_epoch": 1, "train_loss": 0.41339290658105166, "grad_norm": 0.7280159592628479, "test_error": 0.1889}, {"outer_epoch": 93, "inner_epoch": 1, "train_loss": 0.516904268978086, "grad_norm": 0.4270819425582886, "test_error": 0.1341}, {"outer_epoch": 94, "inner_epoch": 1, "train_loss": 0.44295246292868007, "grad_norm": 0.3453962504863739, "test_error": 0.125}, {"outer_epoch": 95, "inner_epoch": 1, "train_loss": 0.4045948463823491, "grad_norm": 0.40865540504455566, "test_error": 0.117}, {"outer_epoch": 96, "inner_epoch": 1, "train_loss": 0.4070352711516898, "grad_norm": 0.1811342090368271, "test_error": 0.0996}, {"outer_epoch": 97, "inner_epoch": 1, "train_loss": 0.35935966528680485, "grad_norm": 0.3442661166191101, "test_error": 0.102}, {"outer_epoch": 98, "inner_epoch": 1, "train_loss": 0.3718130313186751, "grad_norm": 0.40863481163978577, "test_error": 0.1035}, {"outer_epoch": 99, "inner_epoch": 1, "train_loss": 0.3814935680734149, "grad_norm": 0.4958917200565338, "test_error": 0.1159}, {"outer_epoch": 100, "inner_epoch": 1, "train_loss": 0.4289451014336858, "grad_norm": 0.8981739282608032, "test_error": 0.1863}, {"outer_epoch": 101, "inner_epoch": 1, "train_loss": 0.520544205918753, "grad_norm": 0.4550856947898865, "test_error": 0.1391}, {"outer_epoch": 102, "inner_epoch": 1, "train_loss": 0.4574788745768989, "grad_norm": 0.25617143511772156, "test_error": 0.1078}, {"outer_epoch": 103, "inner_epoch": 1, "train_loss": 0.40522454802148666, "grad_norm": 0.37929123640060425, "test_error": 0.1182}, {"outer_epoch": 104, "inner_epoch": 1, "train_loss": 0.4319343871700888, "grad_norm": 0.4987046718597412, "test_error": 0.1243}, {"outer_epoch": 105, "inner_epoch": 1, "train_loss": 0.47450478675278523, "grad_norm": 0.4649873375892639, "test_error": 0.1414}, {"outer_epoch": 106, "inner_epoch": 1, "train_loss": 0.5368708855773633, "grad_norm": 0.6040730476379395, "test_error": 0.161}, {"outer_epoch": 107, "inner_epoch": 1, "train_loss": 0.5062805322930993, "grad_norm": 0.3063232898712158, "test_error": 0.1276}, {"outer_epoch": 108, "inner_epoch": 1, "train_loss": 0.44963889799763757, "grad_norm": 0.4666267931461334, "test_error": 0.1372}, {"outer_epoch": 109, "inner_epoch": 1, "train_loss": 0.45863099220977166, "grad_norm": 0.26790475845336914, "test_error": 0.1121}, {"outer_epoch": 110, "inner_epoch": 1, "train_loss": 0.3928184868437238, "grad_norm": 0.4985566735267639, "test_error": 0.1153}, {"outer_epoch": 111, "inner_epoch": 1, "train_loss": 0.43858626690359476, "grad_norm": 1.265377402305603, "test_error": 0.1782}, {"outer_epoch": 112, "inner_epoch": 1, "train_loss": 0.7202754523036226, "grad_norm": 0.4767463505268097, "test_error": 0.1785}, {"outer_epoch": 113, "inner_epoch": 1, "train_loss": 0.66019841995098, "grad_norm": 0.5058356523513794, "test_error": 0.1644}, {"outer_epoch": 114, "inner_epoch": 1, "train_loss": 0.5491662611352901, "grad_norm": 0.19591350853443146, "test_error": 0.1258}, {"outer_epoch": 115, "inner_epoch": 1, "train_loss": 0.4303861638036712, "grad_norm": 0.2301223874092102, "test_error": 0.1109}, {"outer_epoch": 116, "inner_epoch": 1, "train_loss": 0.4232072525412077, "grad_norm": 0.33624929189682007, "test_error": 0.119}, {"outer_epoch": 117, "inner_epoch": 1, "train_loss": 0.4244437150407272, "grad_norm": 0.5673331618309021, "test_error": 0.1571}, {"outer_epoch": 118, "inner_epoch": 1, "train_loss": 0.48336723288179684, "grad_norm": 0.7972373366355896, "test_error": 0.1682}, {"outer_epoch": 119, "inner_epoch": 1, "train_loss": 0.5309294653047497, "grad_norm": 0.21271124482154846, "test_error": 0.1202}, {"outer_epoch": 120, "inner_epoch": 1, "train_loss": 0.4357037857438748, "grad_norm": 0.35444408655166626, "test_error": 0.123}, {"outer_epoch": 121, "inner_epoch": 1, "train_loss": 0.4415395853457352, "grad_norm": 0.8865858912467957, "test_error": 0.1776}, {"outer_epoch": 122, "inner_epoch": 1, "train_loss": 0.5909004971192529, "grad_norm": 0.34801366925239563, "test_error": 0.1482}, {"outer_epoch": 123, "inner_epoch": 1, "train_loss": 0.541478665880238, "grad_norm": 0.46037566661834717, "test_error": 0.1476}, {"outer_epoch": 124, "inner_epoch": 1, "train_loss": 0.5198370272036021, "grad_norm": 0.5988680124282837, "test_error": 0.1618}, {"outer_epoch": 125, "inner_epoch": 1, "train_loss": 0.5605079107275233, "grad_norm": 1.1071984767913818, "test_error": 0.2188}, {"outer_epoch": 126, "inner_epoch": 1, "train_loss": 0.7992067626845092, "grad_norm": 1.3718359470367432, "test_error": 0.2942}, {"outer_epoch": 127, "inner_epoch": 1, "train_loss": 1.2332683580263208, "grad_norm": 1.8612103462219238, "test_error": 0.4635}, {"outer_epoch": 128, "inner_epoch": 1, "train_loss": 1.693695480833451, "grad_norm": 1.0075793266296387, "test_error": 0.711}, {"outer_epoch": 129, "inner_epoch": 1, "train_loss": 1.886631265203158, "grad_norm": 0.8654710650444031, "test_error": 0.7939}, {"outer_epoch": 130, "inner_epoch": 1, "train_loss": 1.8413899322847525, "grad_norm": 1.0044530630111694, "test_error": 0.7709}, {"outer_epoch": 131, "inner_epoch": 1, "train_loss": 1.9234695717990398, "grad_norm": 1.8657572269439697, "test_error": 0.8047}, {"outer_epoch": 132, "inner_epoch": 1, "train_loss": 2.1589453230897586, "grad_norm": 0.11869477480649948, "test_error": 0.8042}, {"outer_epoch": 133, "inner_epoch": 1, "train_loss": 2.025477984249592, "grad_norm": 0.04129616543650627, "test_error": 0.7884}, {"outer_epoch": 134, "inner_epoch": 1, "train_loss": 1.9258987387021382, "grad_norm": 0.39666566252708435, "test_error": 0.7489}, {"outer_epoch": 135, "inner_epoch": 1, "train_loss": 1.84306686197718, "grad_norm": 1.3574153184890747, "test_error": 0.7453}, {"outer_epoch": 136, "inner_epoch": 1, "train_loss": 2.175565119067828, "grad_norm": 0.01418905146420002, "test_error": 0.8972}, {"outer_epoch": 137, "inner_epoch": 1, "train_loss": 2.301150400042534, "grad_norm": 0.00016556384798604995, "test_error": 0.8865}, {"outer_epoch": 138, "inner_epoch": 1, "train_loss": 2.301159452875455, "grad_norm": 0.00016576690541114658, "test_error": 0.8865}, {"outer_epoch": 139, "inner_epoch": 1, "train_loss": 2.3011594720284143, "grad_norm": 0.0001657994871493429, "test_error": 0.8865}, {"outer_epoch": 140, "inner_epoch": 1, "train_loss": 2.301159350713094, "grad_norm": 0.00016578657960053533, "test_error": 0.8865}, {"outer_epoch": 141, "inner_epoch": 1, "train_loss": 2.3011594568888345, "grad_norm": 0.00016580660303588957, "test_error": 0.8865}, {"outer_epoch": 142, "inner_epoch": 1, "train_loss": 2.3011594345172246, "grad_norm": 0.00016578914073761553, "test_error": 0.8865}, {"outer_epoch": 143, "inner_epoch": 1, "train_loss": 2.301159458756447, "grad_norm": 0.00016580265946686268, "test_error": 0.8865}, {"outer_epoch": 144, "inner_epoch": 1, "train_loss": 2.301159403562546, "grad_norm": 0.0001658040564507246, "test_error": 0.8865}, {"outer_epoch": 145, "inner_epoch": 1, "train_loss": 2.301159408450127, "grad_norm": 0.00016577208589296788, "test_error": 0.8865}, {"outer_epoch": 146, "inner_epoch": 1, "train_loss": 2.3011594146092733, "grad_norm": 0.00016581546515226364, "test_error": 0.8865}, {"outer_epoch": 147, "inner_epoch": 1, "train_loss": 2.3011593836545945, "grad_norm": 0.00016577090718783438, "test_error": 0.8865}, {"outer_epoch": 148, "inner_epoch": 1, "train_loss": 2.3011594281593957, "grad_norm": 0.00016580418741796166, "test_error": 0.8865}, {"outer_epoch": 149, "inner_epoch": 1, "train_loss": 2.3011593870719276, "grad_norm": 0.00016577308997511864, "test_error": 0.8865}, {"outer_epoch": 150, "inner_epoch": 1, "train_loss": 2.3011594366232555, "grad_norm": 0.0001657617394812405, "test_error": 0.8865}, {"outer_epoch": 151, "inner_epoch": 1, "train_loss": 2.3011594045559565, "grad_norm": 0.00016582655371166766, "test_error": 0.8865}, {"outer_epoch": 152, "inner_epoch": 1, "train_loss": 2.301159344514211, "grad_norm": 0.00016574929759372026, "test_error": 0.8865}, {"outer_epoch": 153, "inner_epoch": 1, "train_loss": 2.3011593557596206, "grad_norm": 0.00016582781972829252, "test_error": 0.8865}, {"outer_epoch": 154, "inner_epoch": 1, "train_loss": 2.3011592890818915, "grad_norm": 0.00016579737712163478, "test_error": 0.8865}, {"outer_epoch": 155, "inner_epoch": 1, "train_loss": 2.3011593492031097, "grad_norm": 0.0001657632674323395, "test_error": 0.8865}, {"outer_epoch": 156, "inner_epoch": 1, "train_loss": 2.3011593091487885, "grad_norm": 0.00016578941722400486, "test_error": 0.8865}, {"outer_epoch": 157, "inner_epoch": 1, "train_loss": 2.301159319678942, "grad_norm": 0.00016579391376581043, "test_error": 0.8865}, {"outer_epoch": 158, "inner_epoch": 1, "train_loss": 2.301159324526787, "grad_norm": 0.00016575801419094205, "test_error": 0.8865}, {"outer_epoch": 159, "inner_epoch": 1, "train_loss": 2.301159345507622, "grad_norm": 0.0001657784596318379, "test_error": 0.8865}, {"outer_epoch": 160, "inner_epoch": 1, "train_loss": 2.301159293691317, "grad_norm": 0.0001657709653954953, "test_error": 0.8865}, {"outer_epoch": 161, "inner_epoch": 1, "train_loss": 2.3011592921415964, "grad_norm": 0.00016576114285271615, "test_error": 0.8865}, {"outer_epoch": 162, "inner_epoch": 1, "train_loss": 2.3011593523025513, "grad_norm": 0.00016579580551479012, "test_error": 0.8865}, {"outer_epoch": 163, "inner_epoch": 1, "train_loss": 2.3011592897176745, "grad_norm": 0.00016578019130975008, "test_error": 0.8865}, {"outer_epoch": 164, "inner_epoch": 1, "train_loss": 2.3011593125661216, "grad_norm": 0.00016577674250584096, "test_error": 0.8865}, {"outer_epoch": 165, "inner_epoch": 1, "train_loss": 2.301159369071325, "grad_norm": 0.00016579838120378554, "test_error": 0.8865}, {"outer_epoch": 166, "inner_epoch": 1, "train_loss": 2.3011592669884364, "grad_norm": 0.0001657714310567826, "test_error": 0.8865}, {"outer_epoch": 167, "inner_epoch": 1, "train_loss": 2.301159357070923, "grad_norm": 0.0001657773245824501, "test_error": 0.8865}, {"outer_epoch": 168, "inner_epoch": 1, "train_loss": 2.301159314195315, "grad_norm": 0.00016583057004027069, "test_error": 0.8865}, {"outer_epoch": 169, "inner_epoch": 1, "train_loss": 2.3011593077977497, "grad_norm": 0.000165762088727206, "test_error": 0.8865}, {"outer_epoch": 170, "inner_epoch": 1, "train_loss": 2.301159349719683, "grad_norm": 0.00016578729264438152, "test_error": 0.8865}, {"outer_epoch": 171, "inner_epoch": 1, "train_loss": 2.301159311970075, "grad_norm": 0.000165842633577995, "test_error": 0.8865}, {"outer_epoch": 172, "inner_epoch": 1, "train_loss": 2.3011593592961628, "grad_norm": 0.00016577426868025213, "test_error": 0.8865}, {"outer_epoch": 173, "inner_epoch": 1, "train_loss": 2.3011593425273897, "grad_norm": 0.00016584117838647217, "test_error": 0.8865}, {"outer_epoch": 174, "inner_epoch": 1, "train_loss": 2.301159331719081, "grad_norm": 0.000165824982104823, "test_error": 0.8865}, {"outer_epoch": 175, "inner_epoch": 1, "train_loss": 2.301159284512202, "grad_norm": 0.0001658035907894373, "test_error": 0.8865}, {"outer_epoch": 176, "inner_epoch": 1, "train_loss": 2.301159373720487, "grad_norm": 0.00016577719361521304, "test_error": 0.8865}, {"outer_epoch": 177, "inner_epoch": 1, "train_loss": 2.3011592581272127, "grad_norm": 0.00016577054338995367, "test_error": 0.8865}, {"outer_epoch": 178, "inner_epoch": 1, "train_loss": 2.301159343957901, "grad_norm": 0.0001657856337260455, "test_error": 0.8865}, {"outer_epoch": 179, "inner_epoch": 1, "train_loss": 2.301159354885419, "grad_norm": 0.0001658192340983078, "test_error": 0.8865}, {"outer_epoch": 180, "inner_epoch": 1, "train_loss": 2.301159324645996, "grad_norm": 0.00016575513291172683, "test_error": 0.8865}, {"outer_epoch": 181, "inner_epoch": 1, "train_loss": 2.301159278591474, "grad_norm": 0.0001658059045439586, "test_error": 0.8865}, {"outer_epoch": 182, "inner_epoch": 1, "train_loss": 2.301159358223279, "grad_norm": 0.00016578448412474245, "test_error": 0.8865}, {"outer_epoch": 183, "inner_epoch": 1, "train_loss": 2.3011592820882796, "grad_norm": 0.00016580075316596776, "test_error": 0.8865}, {"outer_epoch": 184, "inner_epoch": 1, "train_loss": 2.3011592993338903, "grad_norm": 0.00016578253416810185, "test_error": 0.8865}, {"outer_epoch": 185, "inner_epoch": 1, "train_loss": 2.3011593986352286, "grad_norm": 0.0001657613174756989, "test_error": 0.8865}, {"outer_epoch": 186, "inner_epoch": 1, "train_loss": 2.301159305771192, "grad_norm": 0.00016581393720116466, "test_error": 0.8865}, {"outer_epoch": 187, "inner_epoch": 1, "train_loss": 2.3011593186855315, "grad_norm": 0.00016576272901147604, "test_error": 0.8865}, {"outer_epoch": 188, "inner_epoch": 1, "train_loss": 2.3011593215465544, "grad_norm": 0.000165754187037237, "test_error": 0.8865}, {"outer_epoch": 189, "inner_epoch": 1, "train_loss": 2.301159291704496, "grad_norm": 0.0001658088294789195, "test_error": 0.8865}, {"outer_epoch": 190, "inner_epoch": 1, "train_loss": 2.301159300605456, "grad_norm": 0.00016575833433307707, "test_error": 0.8865}, {"outer_epoch": 191, "inner_epoch": 1, "train_loss": 2.3011592735449473, "grad_norm": 0.00016577335190959275, "test_error": 0.8865}, {"outer_epoch": 192, "inner_epoch": 1, "train_loss": 2.3011593250036237, "grad_norm": 0.00016582425450906157, "test_error": 0.8865}, {"outer_epoch": 193, "inner_epoch": 1, "train_loss": 2.3011593265533445, "grad_norm": 0.00016579075600020587, "test_error": 0.8865}, {"outer_epoch": 194, "inner_epoch": 1, "train_loss": 2.301159310499827, "grad_norm": 0.0001658022665651515, "test_error": 0.8865}, {"outer_epoch": 195, "inner_epoch": 1, "train_loss": 2.3011593656539917, "grad_norm": 0.00016580530791543424, "test_error": 0.8865}, {"outer_epoch": 196, "inner_epoch": 1, "train_loss": 2.3011593579451244, "grad_norm": 0.0001657856337260455, "test_error": 0.8865}, {"outer_epoch": 197, "inner_epoch": 1, "train_loss": 2.3011592712799707, "grad_norm": 0.00016580827650614083, "test_error": 0.8865}, {"outer_epoch": 198, "inner_epoch": 1, "train_loss": 2.3011593228181204, "grad_norm": 0.00016578478971496224, "test_error": 0.8865}, {"outer_epoch": 199, "inner_epoch": 1, "train_loss": 2.3011592993338903, "grad_norm": 0.00016580741794314235, "test_error": 0.8865}, {"outer_epoch": 200, "inner_epoch": 1, "train_loss": 2.3011593172152836, "grad_norm": 0.00016580177180003375, "test_error": 0.8865}, {"outer_epoch": 201, "inner_epoch": 1, "train_loss": 2.3011592870553335, "grad_norm": 0.00016582984244450927, "test_error": 0.8865}, {"outer_epoch": 202, "inner_epoch": 1, "train_loss": 2.3011593029499053, "grad_norm": 0.0001657931279623881, "test_error": 0.8865}, {"outer_epoch": 203, "inner_epoch": 1, "train_loss": 2.3011593247652056, "grad_norm": 0.00016580788360442966, "test_error": 0.8865}, {"outer_epoch": 204, "inner_epoch": 1, "train_loss": 2.301159272114436, "grad_norm": 0.00016578416398260742, "test_error": 0.8865}, {"outer_epoch": 205, "inner_epoch": 1, "train_loss": 2.301159381389618, "grad_norm": 0.00016585318371653557, "test_error": 0.8865}, {"outer_epoch": 206, "inner_epoch": 1, "train_loss": 2.3011592490673065, "grad_norm": 0.00016575246991124004, "test_error": 0.8865}, {"outer_epoch": 207, "inner_epoch": 1, "train_loss": 2.301159328699112, "grad_norm": 0.00016580635565333068, "test_error": 0.8865}, {"outer_epoch": 208, "inner_epoch": 1, "train_loss": 2.3011592446962994, "grad_norm": 0.00016577895439695567, "test_error": 0.8865}, {"outer_epoch": 209, "inner_epoch": 1, "train_loss": 2.3011592644055683, "grad_norm": 0.00016578870418015867, "test_error": 0.8865}, {"outer_epoch": 210, "inner_epoch": 1, "train_loss": 2.3011592667102816, "grad_norm": 0.0001657974935369566, "test_error": 0.8865}, {"outer_epoch": 211, "inner_epoch": 1, "train_loss": 2.3011593491633735, "grad_norm": 0.00016577514179516584, "test_error": 0.8865}, {"outer_epoch": 212, "inner_epoch": 1, "train_loss": 2.3011592203378677, "grad_norm": 0.0001657813263591379, "test_error": 0.8865}, {"outer_epoch": 213, "inner_epoch": 1, "train_loss": 2.3011592856645584, "grad_norm": 0.0001658083638176322, "test_error": 0.8865}, {"outer_epoch": 214, "inner_epoch": 1, "train_loss": 2.3011592966715493, "grad_norm": 0.00016578135546296835, "test_error": 0.8865}, {"outer_epoch": 215, "inner_epoch": 1, "train_loss": 2.30115929543972, "grad_norm": 0.00016580680676270276, "test_error": 0.8865}, {"outer_epoch": 216, "inner_epoch": 1, "train_loss": 2.3011592540343604, "grad_norm": 0.00016579592193011194, "test_error": 0.8865}, {"outer_epoch": 217, "inner_epoch": 1, "train_loss": 2.3011592886050543, "grad_norm": 0.0001658004621276632, "test_error": 0.8865}, {"outer_epoch": 218, "inner_epoch": 1, "train_loss": 2.301159282406171, "grad_norm": 0.00016578326176386327, "test_error": 0.8865}, {"outer_epoch": 219, "inner_epoch": 1, "train_loss": 2.301159287373225, "grad_norm": 0.00016578442591708153, "test_error": 0.8865}, {"outer_epoch": 220, "inner_epoch": 1, "train_loss": 2.301159254193306, "grad_norm": 0.00016585188859608024, "test_error": 0.8865}, {"outer_epoch": 221, "inner_epoch": 1, "train_loss": 2.301159258762995, "grad_norm": 0.00016576889902353287, "test_error": 0.8865}, {"outer_epoch": 222, "inner_epoch": 1, "train_loss": 2.3011592471202214, "grad_norm": 0.00016580770898144692, "test_error": 0.8865}, {"outer_epoch": 223, "inner_epoch": 1, "train_loss": 2.3011592678229014, "grad_norm": 0.00016578490613028407, "test_error": 0.8865}, {"outer_epoch": 224, "inner_epoch": 1, "train_loss": 2.301159291267395, "grad_norm": 0.00016581214731559157, "test_error": 0.8865}, {"outer_epoch": 225, "inner_epoch": 1, "train_loss": 2.301159278313319, "grad_norm": 0.00016578448412474245, "test_error": 0.8865}, {"outer_epoch": 226, "inner_epoch": 1, "train_loss": 2.3011593126455945, "grad_norm": 0.00016581296222284436, "test_error": 0.8865}, {"outer_epoch": 227, "inner_epoch": 1, "train_loss": 2.3011592022975287, "grad_norm": 0.00016579643124714494, "test_error": 0.8865}, {"outer_epoch": 228, "inner_epoch": 1, "train_loss": 2.301159305214882, "grad_norm": 0.00016581008094362915, "test_error": 0.8865}, {"outer_epoch": 229, "inner_epoch": 1, "train_loss": 2.3011592973073323, "grad_norm": 0.0001658017426962033, "test_error": 0.8865}, {"outer_epoch": 230, "inner_epoch": 1, "train_loss": 2.3011592501799267, "grad_norm": 0.00016580586088821292, "test_error": 0.8865}, {"outer_epoch": 231, "inner_epoch": 1, "train_loss": 2.30115928765138, "grad_norm": 0.0001657995890127495, "test_error": 0.8865}, {"outer_epoch": 232, "inner_epoch": 1, "train_loss": 2.3011593385934828, "grad_norm": 0.00016582178068347275, "test_error": 0.8865}, {"outer_epoch": 233, "inner_epoch": 1, "train_loss": 2.301159217039744, "grad_norm": 0.0001657988177612424, "test_error": 0.8865}, {"outer_epoch": 234, "inner_epoch": 1, "train_loss": 2.3011593354145687, "grad_norm": 0.00016577623318880796, "test_error": 0.8865}, {"outer_epoch": 235, "inner_epoch": 1, "train_loss": 2.3011592412392297, "grad_norm": 0.00016579570365138352, "test_error": 0.8865}, {"outer_epoch": 236, "inner_epoch": 1, "train_loss": 2.3011593449115755, "grad_norm": 0.0001657727116253227, "test_error": 0.8865}, {"outer_epoch": 237, "inner_epoch": 1, "train_loss": 2.3011592985391616, "grad_norm": 0.00016581331146880984, "test_error": 0.8865}, {"outer_epoch": 238, "inner_epoch": 1, "train_loss": 2.301159287492434, "grad_norm": 0.00016577854694332927, "test_error": 0.8865}, {"outer_epoch": 239, "inner_epoch": 1, "train_loss": 2.301159340818723, "grad_norm": 0.00016584328841418028, "test_error": 0.8865}, {"outer_epoch": 240, "inner_epoch": 1, "train_loss": 2.301159267306328, "grad_norm": 0.00016575488552916795, "test_error": 0.8865}, {"outer_epoch": 241, "inner_epoch": 1, "train_loss": 2.301159326871236, "grad_norm": 0.00016581029922235757, "test_error": 0.8865}, {"outer_epoch": 242, "inner_epoch": 1, "train_loss": 2.3011592626969017, "grad_norm": 0.00016576217603869736, "test_error": 0.8865}, {"outer_epoch": 243, "inner_epoch": 1, "train_loss": 2.301159320116043, "grad_norm": 0.0001657973334658891, "test_error": 0.8865}, {"outer_epoch": 244, "inner_epoch": 1, "train_loss": 2.301159305413564, "grad_norm": 0.00016577031055931002, "test_error": 0.8865}, {"outer_epoch": 245, "inner_epoch": 1, "train_loss": 2.3011593742370606, "grad_norm": 0.00016577483620494604, "test_error": 0.8865}, {"outer_epoch": 246, "inner_epoch": 1, "train_loss": 2.3011592718362808, "grad_norm": 0.00016578807844780385, "test_error": 0.8865}, {"outer_epoch": 247, "inner_epoch": 1, "train_loss": 2.301159324367841, "grad_norm": 0.0001657941611483693, "test_error": 0.8865}, {"outer_epoch": 248, "inner_epoch": 1, "train_loss": 2.3011593337456384, "grad_norm": 0.0001657888642512262, "test_error": 0.8865}, {"outer_epoch": 249, "inner_epoch": 1, "train_loss": 2.301159378369649, "grad_norm": 0.00016580786905251443, "test_error": 0.8865}, {"outer_epoch": 250, "inner_epoch": 1, "train_loss": 2.301159317612648, "grad_norm": 0.00016576693451497704, "test_error": 0.8865}]}