{"argv": ["train.py", "--seed", "12", "--optimizer", "SGD", "--run_name", "sgd_0.03.json", "--output_path", "experiments/nonconvex_mnist/warmup-0.03.json", "--dataset", "MNIST", "--layer_sizes", "784", "100", "10", "--batch_size", "10", "--learning_rate", "0.03", "--weight_decay", "0.001", "--num_epochs", "10"], "args": {"seed": 12, "optimizer": "SGD", "run_name": "sgd_0.03.json", "output_path": "experiments/nonconvex_mnist/warmup-0.03.json", "device": "cpu", "dataset": "MNIST", "dataset_root": "~/datasets/pytorch", "dataset_size": null, "download": false, "layer_sizes": [784, 100, 10], "batch_size": 10, "test_batch_size": 256, "learning_rate": 0.03, "weight_decay": 0.001, "warmup_learning_rate": 0.01, "num_warmup_epochs": 10, "num_outer_epochs": 100, "num_inner_epochs": 5, "inner_epoch_fraction": null, "choose_random_iterate": false, "num_epochs": 10}, "metrics": [{"epoch": 1, "train_loss": 0.3608829463968674, "grad_norm": 0.19905409216880798, "test_error": 0.0592}, {"epoch": 2, "train_loss": 0.18586272857524455, "grad_norm": 0.17058201134204865, "test_error": 0.0442}, {"epoch": 3, "train_loss": 0.14253856872138568, "grad_norm": 0.11449948698282242, "test_error": 0.0372}, {"epoch": 4, "train_loss": 0.12042467612606318, "grad_norm": 0.24210712313652039, "test_error": 0.0367}, {"epoch": 5, "train_loss": 0.10806960032255544, "grad_norm": 0.18935824930667877, "test_error": 0.0336}, {"epoch": 6, "train_loss": 0.09993486724677496, "grad_norm": 0.10586395114660263, "test_error": 0.0285}, {"epoch": 7, "train_loss": 0.09378871621891934, "grad_norm": 0.12866412103176117, "test_error": 0.027}, {"epoch": 8, "train_loss": 0.08920863506194049, "grad_norm": 0.1068291962146759, "test_error": 0.0276}, {"epoch": 9, "train_loss": 0.08602844856972418, "grad_norm": 0.10090315341949463, "test_error": 0.0273}, {"epoch": 10, "train_loss": 0.08310627294473427, "grad_norm": 0.16448423266410828, "test_error": 0.0281}]}