{"argv": ["train.py", "--seed", "12", "--optimizer", "SGD", "--run_name", "sgd_0.01.json", "--output_path", "experiments/nonconvex_mnist/warmup-0.01.json", "--dataset", "MNIST", "--layer_sizes", "784", "100", "10", "--batch_size", "10", "--learning_rate", "0.01", "--weight_decay", "0.001", "--num_epochs", "10"], "args": {"seed": 12, "optimizer": "SGD", "run_name": "sgd_0.01.json", "output_path": "experiments/nonconvex_mnist/warmup-0.01.json", "device": "cpu", "dataset": "MNIST", "dataset_root": "~/datasets/pytorch", "dataset_size": null, "download": false, "layer_sizes": [784, 100, 10], "batch_size": 10, "test_batch_size": 256, "learning_rate": 0.01, "weight_decay": 0.001, "warmup_learning_rate": 0.01, "num_warmup_epochs": 10, "num_outer_epochs": 100, "num_inner_epochs": 5, "inner_epoch_fraction": null, "choose_random_iterate": false, "num_epochs": 10}, "metrics": [{"epoch": 1, "train_loss": 0.5246285292180255, "grad_norm": 0.2074117511510849, "test_error": 0.0846}, {"epoch": 2, "train_loss": 0.28242553822052047, "grad_norm": 0.2579719126224518, "test_error": 0.0705}, {"epoch": 3, "train_loss": 0.23215375598496757, "grad_norm": 0.1848902702331543, "test_error": 0.0598}, {"epoch": 4, "train_loss": 0.19967617934709414, "grad_norm": 0.19416514039039612, "test_error": 0.0529}, {"epoch": 5, "train_loss": 0.1767743839477965, "grad_norm": 0.19615064561367035, "test_error": 0.0493}, {"epoch": 6, "train_loss": 0.1598075820688391, "grad_norm": 0.07198403775691986, "test_error": 0.0436}, {"epoch": 7, "train_loss": 0.1462420728127084, "grad_norm": 0.10622081160545349, "test_error": 0.0411}, {"epoch": 8, "train_loss": 0.13542630821148244, "grad_norm": 0.08953122794628143, "test_error": 0.0376}, {"epoch": 9, "train_loss": 0.12725350380673384, "grad_norm": 0.08001002669334412, "test_error": 0.0363}, {"epoch": 10, "train_loss": 0.12006395401262368, "grad_norm": 0.11110565811395645, "test_error": 0.0362}]}