{"argv": ["train.py", "--seed", "12", "--optimizer", "SGD", "--run_name", "sgd_0.5.json", "--output_path", "experiments/nonconvex_mnist/warmup-0.5.json", "--dataset", "MNIST", "--layer_sizes", "784", "100", "10", "--batch_size", "10", "--learning_rate", "0.5", "--weight_decay", "0.001", "--num_epochs", "10"], "args": {"seed": 12, "optimizer": "SGD", "run_name": "sgd_0.5.json", "output_path": "experiments/nonconvex_mnist/warmup-0.5.json", "device": "cpu", "dataset": "MNIST", "dataset_root": "~/datasets/pytorch", "dataset_size": null, "download": false, "layer_sizes": [784, 100, 10], "batch_size": 10, "test_batch_size": 256, "learning_rate": 0.5, "weight_decay": 0.001, "warmup_learning_rate": 0.01, "num_warmup_epochs": 10, "num_outer_epochs": 100, "num_inner_epochs": 5, "inner_epoch_fraction": null, "choose_random_iterate": false, "num_epochs": 10}, "metrics": [{"epoch": 1, "train_loss": 0.4353532224304242, "grad_norm": 0.20174619555473328, "test_error": 0.082}, {"epoch": 2, "train_loss": 0.345589747914004, "grad_norm": 0.2787792682647705, "test_error": 0.0826}, {"epoch": 3, "train_loss": 0.33387084458064054, "grad_norm": 0.3070385158061981, "test_error": 0.088}, {"epoch": 4, "train_loss": 0.326652306532406, "grad_norm": 0.38356873393058777, "test_error": 0.1074}, {"epoch": 5, "train_loss": 0.33145292742160865, "grad_norm": 0.8191992044448853, "test_error": 0.1466}, {"epoch": 6, "train_loss": 0.3342589256750313, "grad_norm": 0.10311976820230484, "test_error": 0.0689}, {"epoch": 7, "train_loss": 0.32801601619867143, "grad_norm": 0.7907657027244568, "test_error": 0.1812}, {"epoch": 8, "train_loss": 0.3280162315939669, "grad_norm": 0.23203496634960175, "test_error": 0.0753}, {"epoch": 9, "train_loss": 0.3218332884370272, "grad_norm": 0.35742253065109253, "test_error": 0.094}, {"epoch": 10, "train_loss": 0.342771679873976, "grad_norm": 0.6378713250160217, "test_error": 0.1259}]}