{"argv": ["train.py", "--seed", "12", "--optimizer", "SGD", "--run_name", "sgd_0.001.json", "--output_path", "experiments/nonconvex_mnist/warmup-0.001.json", "--dataset", "MNIST", "--layer_sizes", "784", "100", "10", "--batch_size", "10", "--learning_rate", "0.001", "--weight_decay", "0.001", "--num_epochs", "10"], "args": {"seed": 12, "optimizer": "SGD", "run_name": "sgd_0.001.json", "output_path": "experiments/nonconvex_mnist/warmup-0.001.json", "device": "cpu", "dataset": "MNIST", "dataset_root": "~/datasets/pytorch", "dataset_size": null, "download": false, "layer_sizes": [784, 100, 10], "batch_size": 10, "test_batch_size": 256, "learning_rate": 0.001, "weight_decay": 0.001, "warmup_learning_rate": 0.01, "num_warmup_epochs": 10, "num_outer_epochs": 100, "num_inner_epochs": 5, "inner_epoch_fraction": null, "choose_random_iterate": false, "num_epochs": 10}, "metrics": [{"epoch": 1, "train_loss": 1.5534917449106773, "grad_norm": 0.3577500283718109, "test_error": 0.1686}, {"epoch": 2, "train_loss": 0.6576425700436036, "grad_norm": 0.18389521539211273, "test_error": 0.1254}, {"epoch": 3, "train_loss": 0.48041643487103286, "grad_norm": 0.1261642426252365, "test_error": 0.1063}, {"epoch": 4, "train_loss": 0.4145992811204245, "grad_norm": 0.1057257205247879, "test_error": 0.1007}, {"epoch": 5, "train_loss": 0.3796376831649492, "grad_norm": 0.14828191697597504, "test_error": 0.0975}, {"epoch": 6, "train_loss": 0.35758709194666394, "grad_norm": 0.11727865040302277, "test_error": 0.0929}, {"epoch": 7, "train_loss": 0.3416426401914408, "grad_norm": 0.06481457501649857, "test_error": 0.0887}, {"epoch": 8, "train_loss": 0.32932283005972085, "grad_norm": 0.07785782217979431, "test_error": 0.087}, {"epoch": 9, "train_loss": 0.318941178642679, "grad_norm": 0.07034729421138763, "test_error": 0.0835}, {"epoch": 10, "train_loss": 0.3100688380560217, "grad_norm": 0.09052423387765884, "test_error": 0.0808}]}