{"argv": ["train.py", "--seed", "12", "--optimizer", "SGD", "--run_name", "sgd_0.25.json", "--output_path", "experiments/nonconvex_mnist/warmup-0.25.json", "--dataset", "MNIST", "--layer_sizes", "784", "100", "10", "--batch_size", "10", "--learning_rate", "0.25", "--weight_decay", "0.001", "--num_epochs", "10"], "args": {"seed": 12, "optimizer": "SGD", "run_name": "sgd_0.25.json", "output_path": "experiments/nonconvex_mnist/warmup-0.25.json", "device": "cpu", "dataset": "MNIST", "dataset_root": "~/datasets/pytorch", "dataset_size": null, "download": false, "layer_sizes": [784, 100, 10], "batch_size": 10, "test_batch_size": 256, "learning_rate": 0.25, "weight_decay": 0.001, "warmup_learning_rate": 0.01, "num_warmup_epochs": 10, "num_outer_epochs": 100, "num_inner_epochs": 5, "inner_epoch_fraction": null, "choose_random_iterate": false, "num_epochs": 10}, "metrics": [{"epoch": 1, "train_loss": 0.2553011774245533, "grad_norm": 0.2735249996185303, "test_error": 0.0541}, {"epoch": 2, "train_loss": 0.17047500322304163, "grad_norm": 0.17080287635326385, "test_error": 0.0451}, {"epoch": 3, "train_loss": 0.15618551948200912, "grad_norm": 0.3757105767726898, "test_error": 0.0576}, {"epoch": 4, "train_loss": 0.15486384798471894, "grad_norm": 0.25333330035209656, "test_error": 0.05}, {"epoch": 5, "train_loss": 0.15393803062749795, "grad_norm": 0.21399059891700745, "test_error": 0.0464}, {"epoch": 6, "train_loss": 0.15369614741575788, "grad_norm": 0.1511288434267044, "test_error": 0.0407}, {"epoch": 7, "train_loss": 0.15136110850052015, "grad_norm": 0.10728267580270767, "test_error": 0.0382}, {"epoch": 8, "train_loss": 0.15053212631306573, "grad_norm": 0.3297274112701416, "test_error": 0.0522}, {"epoch": 9, "train_loss": 0.15014750765039936, "grad_norm": 0.14889588952064514, "test_error": 0.0363}, {"epoch": 10, "train_loss": 0.1482862004733761, "grad_norm": 0.2851494252681732, "test_error": 0.0471}]}