{"argv": ["train.py", "--seed", "12", "--optimizer", "SGD", "--run_name", "sgd_0.1.json", "--output_path", "experiments/nonconvex_mnist/warmup-0.1.json", "--dataset", "MNIST", "--layer_sizes", "784", "100", "10", "--batch_size", "10", "--learning_rate", "0.1", "--weight_decay", "0.001", "--num_epochs", "10"], "args": {"seed": 12, "optimizer": "SGD", "run_name": "sgd_0.1.json", "output_path": "experiments/nonconvex_mnist/warmup-0.1.json", "device": "cpu", "dataset": "MNIST", "dataset_root": "~/datasets/pytorch", "dataset_size": null, "download": false, "layer_sizes": [784, 100, 10], "batch_size": 10, "test_batch_size": 256, "learning_rate": 0.1, "weight_decay": 0.001, "warmup_learning_rate": 0.01, "num_warmup_epochs": 10, "num_outer_epochs": 100, "num_inner_epochs": 5, "inner_epoch_fraction": null, "choose_random_iterate": false, "num_epochs": 10}, "metrics": [{"epoch": 1, "train_loss": 0.25307605213858186, "grad_norm": 0.1810688078403473, "test_error": 0.0429}, {"epoch": 2, "train_loss": 0.1360373500509498, "grad_norm": 0.17028918862342834, "test_error": 0.0362}, {"epoch": 3, "train_loss": 0.11379361742963859, "grad_norm": 0.10850822925567627, "test_error": 0.0327}, {"epoch": 4, "train_loss": 0.1049675592117419, "grad_norm": 0.38118407130241394, "test_error": 0.0436}, {"epoch": 5, "train_loss": 0.10163688141707099, "grad_norm": 0.2432606965303421, "test_error": 0.0381}, {"epoch": 6, "train_loss": 0.09882194854695506, "grad_norm": 0.149240180850029, "test_error": 0.0297}, {"epoch": 7, "train_loss": 0.0981136042974055, "grad_norm": 0.18053452670574188, "test_error": 0.0304}, {"epoch": 8, "train_loss": 0.09571938221599946, "grad_norm": 0.16657227277755737, "test_error": 0.0308}, {"epoch": 9, "train_loss": 0.09614030429039849, "grad_norm": 0.11040998250246048, "test_error": 0.0278}, {"epoch": 10, "train_loss": 0.09343391889355068, "grad_norm": 0.29566988348960876, "test_error": 0.0359}]}