{"argv": ["train.py", "--seed", "83", "--optimizer", "SGD", "--run_name", "sgd-0.01.json", "--output_path", "experiments/nonconvex_cifar10/sgd-0.01.json", "--dataset", "CIFAR10", "--layer_sizes", "3072", "100", "10", "--batch_size", "10", "--learning_rate", "0.01", "--weight_decay", "0.001", "--num_epochs", "300"], "args": {"seed": 83, "optimizer": "SGD", "run_name": "sgd-0.01.json", "output_path": "experiments/nonconvex_cifar10/sgd-0.01.json", "device": "cpu", "dataset": "CIFAR10", "dataset_root": "~/datasets/pytorch", "dataset_size": null, "download": false, "layer_sizes": [3072, 100, 10], "batch_size": 10, "test_batch_size": 256, "learning_rate": 0.01, "weight_decay": 0.001, "warmup_learning_rate": 0.01, "num_warmup_epochs": 10, "num_outer_epochs": 100, "num_inner_epochs": 5, "inner_epoch_fraction": null, "choose_random_iterate": false, "num_epochs": 300}, "metrics": [{"epoch": 1, "train_loss": 1.874276113808155, "grad_norm": 1.8380969762802124, "test_error": 0.6135}, {"epoch": 2, "train_loss": 1.6916882772445678, "grad_norm": 1.7648383378982544, "test_error": 0.6014}, {"epoch": 3, "train_loss": 1.6235856309056282, "grad_norm": 1.2831891775131226, "test_error": 0.5725}, {"epoch": 4, "train_loss": 1.5748609284877777, "grad_norm": 0.9622306823730469, "test_error": 0.5456}, {"epoch": 5, "train_loss": 1.5446504470467568, "grad_norm": 1.8905103206634521, "test_error": 0.5586}, {"epoch": 6, "train_loss": 1.5202363763809204, "grad_norm": 2.152892589569092, "test_error": 0.5364}, {"epoch": 7, "train_loss": 1.4974363176941872, "grad_norm": 2.9309701919555664, "test_error": 0.5458}, {"epoch": 8, "train_loss": 1.4806588739216329, "grad_norm": 1.924404263496399, "test_error": 0.5455}, {"epoch": 9, "train_loss": 1.4645227406740189, "grad_norm": 1.4159857034683228, "test_error": 0.5287}, {"epoch": 10, "train_loss": 1.4490683557271957, "grad_norm": 1.3776917457580566, "test_error": 0.5277}, {"epoch": 11, "train_loss": 1.437335687291622, "grad_norm": 1.2563005685806274, "test_error": 0.513}, {"epoch": 12, "train_loss": 1.4251829120278359, "grad_norm": 1.275647759437561, "test_error": 0.5299}, {"epoch": 13, "train_loss": 1.4135028679668904, "grad_norm": 1.1573597192764282, "test_error": 0.5112}, {"epoch": 14, "train_loss": 1.4016413840413093, "grad_norm": 1.2964468002319336, "test_error": 0.5279}, {"epoch": 15, "train_loss": 1.395220072478056, "grad_norm": 2.28125262260437, "test_error": 0.5395}, {"epoch": 16, "train_loss": 1.385375128132105, "grad_norm": 1.6673862934112549, "test_error": 0.5107}, {"epoch": 17, "train_loss": 1.376903751939535, "grad_norm": 1.7403196096420288, "test_error": 0.5177}, {"epoch": 18, "train_loss": 1.3688218096554279, "grad_norm": 0.967264711856842, "test_error": 0.5061}, {"epoch": 19, "train_loss": 1.3620302050113677, "grad_norm": 1.1381490230560303, "test_error": 0.5032}, {"epoch": 20, "train_loss": 1.356233570188284, "grad_norm": 3.7073307037353516, "test_error": 0.5395}, {"epoch": 21, "train_loss": 1.3481742735683917, "grad_norm": 2.527508020401001, "test_error": 0.5426}, {"epoch": 22, "train_loss": 1.3420027084350585, "grad_norm": 1.943550705909729, "test_error": 0.5279}, {"epoch": 23, "train_loss": 1.3369159267783164, "grad_norm": 1.531996250152588, "test_error": 0.5154}, {"epoch": 24, "train_loss": 1.3324656055390836, "grad_norm": 2.4707207679748535, "test_error": 0.5274}, {"epoch": 25, "train_loss": 1.3259100054264068, "grad_norm": 2.3383312225341797, "test_error": 0.5261}, {"epoch": 26, "train_loss": 1.3204094616055488, "grad_norm": 2.1659200191497803, "test_error": 0.5289}, {"epoch": 27, "train_loss": 1.315340964078903, "grad_norm": 2.1417202949523926, "test_error": 0.5119}, {"epoch": 28, "train_loss": 1.3117125670552254, "grad_norm": 2.29888653755188, "test_error": 0.5152}, {"epoch": 29, "train_loss": 1.3098128647506238, "grad_norm": 2.5386643409729004, "test_error": 0.5202}, {"epoch": 30, "train_loss": 1.3024520969629287, "grad_norm": 2.649352788925171, "test_error": 0.5288}, {"epoch": 31, "train_loss": 1.2991483107566832, "grad_norm": 2.4756789207458496, "test_error": 0.5183}, {"epoch": 32, "train_loss": 1.2954470867812633, "grad_norm": 1.6502066850662231, "test_error": 0.4987}, {"epoch": 33, "train_loss": 1.2892455958247184, "grad_norm": 1.0882301330566406, "test_error": 0.4922}, {"epoch": 34, "train_loss": 1.2903712301254273, "grad_norm": 1.707492470741272, "test_error": 0.5048}, {"epoch": 35, "train_loss": 1.2842564562618732, "grad_norm": 1.3078852891921997, "test_error": 0.4945}, {"epoch": 36, "train_loss": 1.279404387897253, "grad_norm": 1.6177544593811035, "test_error": 0.5055}, {"epoch": 37, "train_loss": 1.2769941551744939, "grad_norm": 1.1660572290420532, "test_error": 0.4952}, {"epoch": 38, "train_loss": 1.2721103790581227, "grad_norm": 1.9315325021743774, "test_error": 0.5136}, {"epoch": 39, "train_loss": 1.2725374117612838, "grad_norm": 2.5980050563812256, "test_error": 0.5147}, {"epoch": 40, "train_loss": 1.2655799830257892, "grad_norm": 1.999732494354248, "test_error": 0.511}, {"epoch": 41, "train_loss": 1.2670125510036945, "grad_norm": 2.3401525020599365, "test_error": 0.5082}, {"epoch": 42, "train_loss": 1.2624863796889783, "grad_norm": 1.4621082544326782, "test_error": 0.4921}, {"epoch": 43, "train_loss": 1.2606665569722653, "grad_norm": 2.4496943950653076, "test_error": 0.5103}, {"epoch": 44, "train_loss": 1.2581173920452595, "grad_norm": 1.7828675508499146, "test_error": 0.5028}, {"epoch": 45, "train_loss": 1.256112371826172, "grad_norm": 1.7410533428192139, "test_error": 0.4946}, {"epoch": 46, "train_loss": 1.253754874548316, "grad_norm": 2.593247652053833, "test_error": 0.5149}, {"epoch": 47, "train_loss": 1.251295533555746, "grad_norm": 2.064941167831421, "test_error": 0.4979}, {"epoch": 48, "train_loss": 1.2512266051232814, "grad_norm": 1.886637568473816, "test_error": 0.5032}, {"epoch": 49, "train_loss": 1.2463548707187175, "grad_norm": 2.3445823192596436, "test_error": 0.5143}, {"epoch": 50, "train_loss": 1.2474392520606519, "grad_norm": 3.2826459407806396, "test_error": 0.5062}, {"epoch": 51, "train_loss": 1.2430703835368155, "grad_norm": 1.696569561958313, "test_error": 0.506}, {"epoch": 52, "train_loss": 1.240031187915802, "grad_norm": 1.0495014190673828, "test_error": 0.4869}, {"epoch": 53, "train_loss": 1.238444593167305, "grad_norm": 2.4975805282592773, "test_error": 0.5114}, {"epoch": 54, "train_loss": 1.238858811545372, "grad_norm": 1.8237468004226685, "test_error": 0.5007}, {"epoch": 55, "train_loss": 1.2351486758947372, "grad_norm": 1.7542564868927002, "test_error": 0.5039}, {"epoch": 56, "train_loss": 1.232561072665453, "grad_norm": 1.5688172578811646, "test_error": 0.5015}, {"epoch": 57, "train_loss": 1.2340963108181953, "grad_norm": 1.9655333757400513, "test_error": 0.5074}, {"epoch": 58, "train_loss": 1.2303165343344211, "grad_norm": 2.250098943710327, "test_error": 0.5124}, {"epoch": 59, "train_loss": 1.2288980414390565, "grad_norm": 1.3257089853286743, "test_error": 0.489}, {"epoch": 60, "train_loss": 1.2295848689258098, "grad_norm": 2.09266996383667, "test_error": 0.5072}, {"epoch": 61, "train_loss": 1.2275050741553306, "grad_norm": 2.4667441844940186, "test_error": 0.493}, {"epoch": 62, "train_loss": 1.2241399183750152, "grad_norm": 1.857934594154358, "test_error": 0.4923}, {"epoch": 63, "train_loss": 1.2238408550441264, "grad_norm": 2.609919309616089, "test_error": 0.5044}, {"epoch": 64, "train_loss": 1.223558620607853, "grad_norm": 1.74044930934906, "test_error": 0.4934}, {"epoch": 65, "train_loss": 1.2204346724689006, "grad_norm": 2.2503957748413086, "test_error": 0.51}, {"epoch": 66, "train_loss": 1.2185342443168163, "grad_norm": 1.3621002435684204, "test_error": 0.4889}, {"epoch": 67, "train_loss": 1.2168353795588016, "grad_norm": 2.8879456520080566, "test_error": 0.5092}, {"epoch": 68, "train_loss": 1.2159901495486498, "grad_norm": 1.3607919216156006, "test_error": 0.4843}, {"epoch": 69, "train_loss": 1.2160706701993942, "grad_norm": 2.2416281700134277, "test_error": 0.5071}, {"epoch": 70, "train_loss": 1.2101548514783382, "grad_norm": 2.2832694053649902, "test_error": 0.5051}, {"epoch": 71, "train_loss": 1.2129390230238437, "grad_norm": 1.7813783884048462, "test_error": 0.4949}, {"epoch": 72, "train_loss": 1.2148283036470413, "grad_norm": 1.8477303981781006, "test_error": 0.4936}, {"epoch": 73, "train_loss": 1.209673301103711, "grad_norm": 2.4418020248413086, "test_error": 0.5071}, {"epoch": 74, "train_loss": 1.2086399718284606, "grad_norm": 2.13523268699646, "test_error": 0.5048}, {"epoch": 75, "train_loss": 1.2082336922943593, "grad_norm": 1.6841861009597778, "test_error": 0.4987}, {"epoch": 76, "train_loss": 1.207658505344391, "grad_norm": 1.7141029834747314, "test_error": 0.4991}, {"epoch": 77, "train_loss": 1.2066381571531295, "grad_norm": 1.4845638275146484, "test_error": 0.4924}, {"epoch": 78, "train_loss": 1.2073567064642907, "grad_norm": 2.997046947479248, "test_error": 0.4994}, {"epoch": 79, "train_loss": 1.2067024133980275, "grad_norm": 2.8451740741729736, "test_error": 0.5077}, {"epoch": 80, "train_loss": 1.202277189296484, "grad_norm": 1.347377061843872, "test_error": 0.4873}, {"epoch": 81, "train_loss": 1.2007676506519318, "grad_norm": 2.092482089996338, "test_error": 0.4934}, {"epoch": 82, "train_loss": 1.2007623966634273, "grad_norm": 1.6621345281600952, "test_error": 0.4958}, {"epoch": 83, "train_loss": 1.1998872287690638, "grad_norm": 1.624040126800537, "test_error": 0.4877}, {"epoch": 84, "train_loss": 1.1987860436826945, "grad_norm": 2.917818307876587, "test_error": 0.5017}, {"epoch": 85, "train_loss": 1.1972986835360526, "grad_norm": 1.2532968521118164, "test_error": 0.4772}, {"epoch": 86, "train_loss": 1.195466373348236, "grad_norm": 1.0908653736114502, "test_error": 0.4866}, {"epoch": 87, "train_loss": 1.1967216633737088, "grad_norm": 2.077770233154297, "test_error": 0.4917}, {"epoch": 88, "train_loss": 1.1971818193256856, "grad_norm": 3.211555004119873, "test_error": 0.5015}, {"epoch": 89, "train_loss": 1.1928819390833378, "grad_norm": 1.7934683561325073, "test_error": 0.4956}, {"epoch": 90, "train_loss": 1.1943855357706548, "grad_norm": 1.6598668098449707, "test_error": 0.4872}, {"epoch": 91, "train_loss": 1.1909264070987702, "grad_norm": 2.297306537628174, "test_error": 0.5017}, {"epoch": 92, "train_loss": 1.192683154720068, "grad_norm": 2.3720037937164307, "test_error": 0.5101}, {"epoch": 93, "train_loss": 1.193125618726015, "grad_norm": 1.370444893836975, "test_error": 0.4884}, {"epoch": 94, "train_loss": 1.191747196573019, "grad_norm": 1.8490327596664429, "test_error": 0.508}, {"epoch": 95, "train_loss": 1.1904292873740197, "grad_norm": 1.8530058860778809, "test_error": 0.4919}, {"epoch": 96, "train_loss": 1.189924238473177, "grad_norm": 1.4334487915039062, "test_error": 0.4885}, {"epoch": 97, "train_loss": 1.187067405450344, "grad_norm": 1.4070148468017578, "test_error": 0.4853}, {"epoch": 98, "train_loss": 1.1867575141310691, "grad_norm": 1.8912965059280396, "test_error": 0.4959}, {"epoch": 99, "train_loss": 1.184828105700016, "grad_norm": 1.5456880331039429, "test_error": 0.4898}, {"epoch": 100, "train_loss": 1.1860245141625405, "grad_norm": 3.7751195430755615, "test_error": 0.5344}, {"epoch": 101, "train_loss": 1.1851227445602417, "grad_norm": 2.2584991455078125, "test_error": 0.5127}, {"epoch": 102, "train_loss": 1.1836817326545714, "grad_norm": 2.67026948928833, "test_error": 0.4966}, {"epoch": 103, "train_loss": 1.1863191398262978, "grad_norm": 2.549344778060913, "test_error": 0.4942}, {"epoch": 104, "train_loss": 1.1848067296147347, "grad_norm": 2.625505208969116, "test_error": 0.5042}, {"epoch": 105, "train_loss": 1.182889732336998, "grad_norm": 0.998802125453949, "test_error": 0.4758}, {"epoch": 106, "train_loss": 1.1820442727148532, "grad_norm": 1.5960557460784912, "test_error": 0.4844}, {"epoch": 107, "train_loss": 1.1826549626290799, "grad_norm": 0.9993725419044495, "test_error": 0.4731}, {"epoch": 108, "train_loss": 1.1796390391767024, "grad_norm": 2.1890709400177, "test_error": 0.4985}, {"epoch": 109, "train_loss": 1.1826785436868668, "grad_norm": 2.0470991134643555, "test_error": 0.4963}, {"epoch": 110, "train_loss": 1.182416110122204, "grad_norm": 1.5445947647094727, "test_error": 0.492}, {"epoch": 111, "train_loss": 1.1805587954044343, "grad_norm": 1.5919795036315918, "test_error": 0.4931}, {"epoch": 112, "train_loss": 1.1783442582964898, "grad_norm": 1.6927851438522339, "test_error": 0.4939}, {"epoch": 113, "train_loss": 1.1795290834367276, "grad_norm": 1.913469910621643, "test_error": 0.4997}, {"epoch": 114, "train_loss": 1.177201655626297, "grad_norm": 1.989909052848816, "test_error": 0.5087}, {"epoch": 115, "train_loss": 1.176580434858799, "grad_norm": 1.8609269857406616, "test_error": 0.5026}, {"epoch": 116, "train_loss": 1.1782847256541251, "grad_norm": 1.7396845817565918, "test_error": 0.4944}, {"epoch": 117, "train_loss": 1.1764919459223748, "grad_norm": 1.9102140665054321, "test_error": 0.4961}, {"epoch": 118, "train_loss": 1.1755077760398387, "grad_norm": 2.0439653396606445, "test_error": 0.497}, {"epoch": 119, "train_loss": 1.1741507803738118, "grad_norm": 2.020692825317383, "test_error": 0.4885}, {"epoch": 120, "train_loss": 1.172872378140688, "grad_norm": 1.3913549184799194, "test_error": 0.4848}, {"epoch": 121, "train_loss": 1.176365603584051, "grad_norm": 1.742297649383545, "test_error": 0.4862}, {"epoch": 122, "train_loss": 1.1751822503387928, "grad_norm": 1.3131836652755737, "test_error": 0.4742}, {"epoch": 123, "train_loss": 1.172209959936142, "grad_norm": 2.4728281497955322, "test_error": 0.505}, {"epoch": 124, "train_loss": 1.1728982694745065, "grad_norm": 3.1890432834625244, "test_error": 0.5046}, {"epoch": 125, "train_loss": 1.1712707435667515, "grad_norm": 2.108482599258423, "test_error": 0.4954}, {"epoch": 126, "train_loss": 1.174636580953002, "grad_norm": 1.6053988933563232, "test_error": 0.4865}, {"epoch": 127, "train_loss": 1.175191824001074, "grad_norm": 2.1132028102874756, "test_error": 0.4979}, {"epoch": 128, "train_loss": 1.1691011727273464, "grad_norm": 1.732075572013855, "test_error": 0.4959}, {"epoch": 129, "train_loss": 1.1731132213652133, "grad_norm": 1.3606913089752197, "test_error": 0.4871}, {"epoch": 130, "train_loss": 1.1700463114857673, "grad_norm": 1.3126680850982666, "test_error": 0.4847}, {"epoch": 131, "train_loss": 1.1680136190772057, "grad_norm": 2.1046154499053955, "test_error": 0.4956}, {"epoch": 132, "train_loss": 1.1680472084879876, "grad_norm": 2.2838921546936035, "test_error": 0.5138}, {"epoch": 133, "train_loss": 1.1690204620838165, "grad_norm": 2.439486026763916, "test_error": 0.4992}, {"epoch": 134, "train_loss": 1.1697331959068775, "grad_norm": 1.7164512872695923, "test_error": 0.4971}, {"epoch": 135, "train_loss": 1.1695249411046504, "grad_norm": 2.919368028640747, "test_error": 0.5034}, {"epoch": 136, "train_loss": 1.1693451381295918, "grad_norm": 0.9671997427940369, "test_error": 0.479}, {"epoch": 137, "train_loss": 1.1691533232331275, "grad_norm": 1.2243952751159668, "test_error": 0.4769}, {"epoch": 138, "train_loss": 1.1683771220982075, "grad_norm": 1.8937485218048096, "test_error": 0.4897}, {"epoch": 139, "train_loss": 1.168208924371004, "grad_norm": 1.1965128183364868, "test_error": 0.4903}, {"epoch": 140, "train_loss": 1.1680152415543794, "grad_norm": 1.3269609212875366, "test_error": 0.4786}, {"epoch": 141, "train_loss": 1.1660142261266708, "grad_norm": 2.662876605987549, "test_error": 0.5161}, {"epoch": 142, "train_loss": 1.1692945824861527, "grad_norm": 1.9756613969802856, "test_error": 0.4925}, {"epoch": 143, "train_loss": 1.1657202370226383, "grad_norm": 1.7421867847442627, "test_error": 0.4958}, {"epoch": 144, "train_loss": 1.1649601193606853, "grad_norm": 2.843494415283203, "test_error": 0.5029}, {"epoch": 145, "train_loss": 1.165687339359522, "grad_norm": 1.9185867309570312, "test_error": 0.4969}, {"epoch": 146, "train_loss": 1.166657482278347, "grad_norm": 2.142338752746582, "test_error": 0.4916}, {"epoch": 147, "train_loss": 1.164913643437624, "grad_norm": 1.9559557437896729, "test_error": 0.5092}, {"epoch": 148, "train_loss": 1.165702290791273, "grad_norm": 1.4638582468032837, "test_error": 0.4868}, {"epoch": 149, "train_loss": 1.1668339513719082, "grad_norm": 2.2151482105255127, "test_error": 0.4915}, {"epoch": 150, "train_loss": 1.16718946210742, "grad_norm": 1.867971658706665, "test_error": 0.4977}, {"epoch": 151, "train_loss": 1.1638008684575558, "grad_norm": 2.5648365020751953, "test_error": 0.4899}, {"epoch": 152, "train_loss": 1.1619593617588282, "grad_norm": 2.0203330516815186, "test_error": 0.4977}, {"epoch": 153, "train_loss": 1.162247594410181, "grad_norm": 2.251772165298462, "test_error": 0.4866}, {"epoch": 154, "train_loss": 1.1617038846850396, "grad_norm": 1.9563831090927124, "test_error": 0.497}, {"epoch": 155, "train_loss": 1.1607379611313342, "grad_norm": 1.7366327047348022, "test_error": 0.4877}, {"epoch": 156, "train_loss": 1.1634479332357646, "grad_norm": 1.5086565017700195, "test_error": 0.4852}, {"epoch": 157, "train_loss": 1.163201729142666, "grad_norm": 1.325602650642395, "test_error": 0.4856}, {"epoch": 158, "train_loss": 1.1614893592119218, "grad_norm": 2.6495473384857178, "test_error": 0.5196}, {"epoch": 159, "train_loss": 1.163287254884839, "grad_norm": 1.6021350622177124, "test_error": 0.4937}, {"epoch": 160, "train_loss": 1.1648439570009708, "grad_norm": 1.40285062789917, "test_error": 0.4806}, {"epoch": 161, "train_loss": 1.1619828427612782, "grad_norm": 1.4767202138900757, "test_error": 0.4844}, {"epoch": 162, "train_loss": 1.1610948252856732, "grad_norm": 1.3268133401870728, "test_error": 0.488}, {"epoch": 163, "train_loss": 1.1606001809477806, "grad_norm": 2.1427063941955566, "test_error": 0.4859}, {"epoch": 164, "train_loss": 1.1617357178658247, "grad_norm": 2.092132329940796, "test_error": 0.4959}, {"epoch": 165, "train_loss": 1.1593121451973916, "grad_norm": 1.4927778244018555, "test_error": 0.4856}, {"epoch": 166, "train_loss": 1.1602490147054196, "grad_norm": 1.6744056940078735, "test_error": 0.4857}, {"epoch": 167, "train_loss": 1.1627592285364867, "grad_norm": 2.5669524669647217, "test_error": 0.4959}, {"epoch": 168, "train_loss": 1.1607231885761022, "grad_norm": 3.725877046585083, "test_error": 0.5239}, {"epoch": 169, "train_loss": 1.1592721234083176, "grad_norm": 1.2492691278457642, "test_error": 0.475}, {"epoch": 170, "train_loss": 1.1594276820719243, "grad_norm": 2.5457608699798584, "test_error": 0.5004}, {"epoch": 171, "train_loss": 1.1583033481180667, "grad_norm": 2.8802759647369385, "test_error": 0.4926}, {"epoch": 172, "train_loss": 1.158700849199295, "grad_norm": 3.2149643898010254, "test_error": 0.508}, {"epoch": 173, "train_loss": 1.1593707650601863, "grad_norm": 2.244868755340576, "test_error": 0.4929}, {"epoch": 174, "train_loss": 1.1583613413393496, "grad_norm": 2.535191535949707, "test_error": 0.4983}, {"epoch": 175, "train_loss": 1.1590821945995093, "grad_norm": 3.703549861907959, "test_error": 0.516}, {"epoch": 176, "train_loss": 1.1574159156382084, "grad_norm": 2.4464073181152344, "test_error": 0.4948}, {"epoch": 177, "train_loss": 1.1585209960460663, "grad_norm": 4.499853134155273, "test_error": 0.544}, {"epoch": 178, "train_loss": 1.1592690687179565, "grad_norm": 1.9356316328048706, "test_error": 0.4882}, {"epoch": 179, "train_loss": 1.1586418312072755, "grad_norm": 2.5048673152923584, "test_error": 0.5103}, {"epoch": 180, "train_loss": 1.1555024852335454, "grad_norm": 1.499320149421692, "test_error": 0.4768}, {"epoch": 181, "train_loss": 1.1581529122233392, "grad_norm": 1.7286255359649658, "test_error": 0.4861}, {"epoch": 182, "train_loss": 1.1539952334344388, "grad_norm": 2.6446034908294678, "test_error": 0.4987}, {"epoch": 183, "train_loss": 1.1575786261498928, "grad_norm": 3.469435214996338, "test_error": 0.4984}, {"epoch": 184, "train_loss": 1.1562029460549355, "grad_norm": 5.207151412963867, "test_error": 0.5173}, {"epoch": 185, "train_loss": 1.1555647440671921, "grad_norm": 1.7289029359817505, "test_error": 0.4905}, {"epoch": 186, "train_loss": 1.1569770111083983, "grad_norm": 1.590865969657898, "test_error": 0.4922}, {"epoch": 187, "train_loss": 1.1557464633107186, "grad_norm": 1.3647421598434448, "test_error": 0.4865}, {"epoch": 188, "train_loss": 1.1568674259126186, "grad_norm": 2.1223292350769043, "test_error": 0.5027}, {"epoch": 189, "train_loss": 1.1569088151454925, "grad_norm": 1.5592694282531738, "test_error": 0.4815}, {"epoch": 190, "train_loss": 1.1549543626457452, "grad_norm": 2.0306150913238525, "test_error": 0.4854}, {"epoch": 191, "train_loss": 1.1557561383008956, "grad_norm": 2.2720727920532227, "test_error": 0.4948}, {"epoch": 192, "train_loss": 1.1558553860545158, "grad_norm": 2.5005292892456055, "test_error": 0.5072}, {"epoch": 193, "train_loss": 1.1556528590500355, "grad_norm": 2.126772880554199, "test_error": 0.4886}, {"epoch": 194, "train_loss": 1.154704082262516, "grad_norm": 1.7590365409851074, "test_error": 0.4925}, {"epoch": 195, "train_loss": 1.155429443871975, "grad_norm": 3.0192055702209473, "test_error": 0.4978}, {"epoch": 196, "train_loss": 1.1541704731047153, "grad_norm": 3.8348240852355957, "test_error": 0.5217}, {"epoch": 197, "train_loss": 1.1580610619038343, "grad_norm": 1.854975700378418, "test_error": 0.4918}, {"epoch": 198, "train_loss": 1.1548353688538076, "grad_norm": 2.895979881286621, "test_error": 0.4988}, {"epoch": 199, "train_loss": 1.151235136476159, "grad_norm": 1.2834370136260986, "test_error": 0.4878}, {"epoch": 200, "train_loss": 1.15364512809515, "grad_norm": 2.098426580429077, "test_error": 0.4908}, {"epoch": 201, "train_loss": 1.1545548824250698, "grad_norm": 1.5999934673309326, "test_error": 0.4882}, {"epoch": 202, "train_loss": 1.154043811237812, "grad_norm": 1.4411965608596802, "test_error": 0.4752}, {"epoch": 203, "train_loss": 1.1535155481636523, "grad_norm": 4.151523590087891, "test_error": 0.5217}, {"epoch": 204, "train_loss": 1.1510862451016903, "grad_norm": 1.4850858449935913, "test_error": 0.4763}, {"epoch": 205, "train_loss": 1.1486708797335625, "grad_norm": 2.136988878250122, "test_error": 0.4938}, {"epoch": 206, "train_loss": 1.150548141258955, "grad_norm": 2.1707804203033447, "test_error": 0.4998}, {"epoch": 207, "train_loss": 1.1517439754068852, "grad_norm": 1.6818584203720093, "test_error": 0.4835}, {"epoch": 208, "train_loss": 1.1521679367780686, "grad_norm": 1.1955351829528809, "test_error": 0.4786}, {"epoch": 209, "train_loss": 1.153257342982292, "grad_norm": 1.8183423280715942, "test_error": 0.4776}, {"epoch": 210, "train_loss": 1.1508676064968109, "grad_norm": 1.6662695407867432, "test_error": 0.4862}, {"epoch": 211, "train_loss": 1.1543268614709377, "grad_norm": 2.5650649070739746, "test_error": 0.4837}, {"epoch": 212, "train_loss": 1.152107499408722, "grad_norm": 1.4997210502624512, "test_error": 0.481}, {"epoch": 213, "train_loss": 1.1519884936630727, "grad_norm": 2.946134567260742, "test_error": 0.5082}, {"epoch": 214, "train_loss": 1.1511529847800732, "grad_norm": 3.0634355545043945, "test_error": 0.5034}, {"epoch": 215, "train_loss": 1.1510454471826552, "grad_norm": 1.2871434688568115, "test_error": 0.4775}, {"epoch": 216, "train_loss": 1.151459549665451, "grad_norm": 2.835005760192871, "test_error": 0.506}, {"epoch": 217, "train_loss": 1.1478001170009375, "grad_norm": 2.251126766204834, "test_error": 0.4935}, {"epoch": 218, "train_loss": 1.1517344404697418, "grad_norm": 2.6737143993377686, "test_error": 0.4925}, {"epoch": 219, "train_loss": 1.1524608396798373, "grad_norm": 4.370433807373047, "test_error": 0.5164}, {"epoch": 220, "train_loss": 1.1510039603471756, "grad_norm": 1.7583853006362915, "test_error": 0.4954}, {"epoch": 221, "train_loss": 1.1507686283797025, "grad_norm": 2.2047836780548096, "test_error": 0.4931}, {"epoch": 222, "train_loss": 1.151065467274189, "grad_norm": 2.2011232376098633, "test_error": 0.5026}, {"epoch": 223, "train_loss": 1.1489556064873934, "grad_norm": 2.63703989982605, "test_error": 0.505}, {"epoch": 224, "train_loss": 1.1507746499419211, "grad_norm": 1.6568694114685059, "test_error": 0.4791}, {"epoch": 225, "train_loss": 1.1520729301780461, "grad_norm": 3.488720417022705, "test_error": 0.5221}, {"epoch": 226, "train_loss": 1.1495776384353638, "grad_norm": 1.900221347808838, "test_error": 0.4867}, {"epoch": 227, "train_loss": 1.1490974011063575, "grad_norm": 1.212364912033081, "test_error": 0.4765}, {"epoch": 228, "train_loss": 1.1483502255231142, "grad_norm": 2.5357089042663574, "test_error": 0.5102}, {"epoch": 229, "train_loss": 1.151637493544817, "grad_norm": 2.3713197708129883, "test_error": 0.501}, {"epoch": 230, "train_loss": 1.1494736794173717, "grad_norm": 2.2841193675994873, "test_error": 0.5009}, {"epoch": 231, "train_loss": 1.1490552015930415, "grad_norm": 1.5988225936889648, "test_error": 0.478}, {"epoch": 232, "train_loss": 1.1487098375678062, "grad_norm": 1.2563589811325073, "test_error": 0.4772}, {"epoch": 233, "train_loss": 1.148807939440012, "grad_norm": 1.7163254022598267, "test_error": 0.486}, {"epoch": 234, "train_loss": 1.146300281494856, "grad_norm": 1.8297051191329956, "test_error": 0.4831}, {"epoch": 235, "train_loss": 1.147476755106449, "grad_norm": 2.04402232170105, "test_error": 0.4941}, {"epoch": 236, "train_loss": 1.1469882191240788, "grad_norm": 2.2332663536071777, "test_error": 0.509}, {"epoch": 237, "train_loss": 1.148419162595272, "grad_norm": 2.0930378437042236, "test_error": 0.5112}, {"epoch": 238, "train_loss": 1.1509141976594925, "grad_norm": 2.860269784927368, "test_error": 0.49}, {"epoch": 239, "train_loss": 1.149526362401247, "grad_norm": 1.9270786046981812, "test_error": 0.493}, {"epoch": 240, "train_loss": 1.1459282226979732, "grad_norm": 1.9462320804595947, "test_error": 0.4896}, {"epoch": 241, "train_loss": 1.149197028684616, "grad_norm": 2.2936837673187256, "test_error": 0.4928}, {"epoch": 242, "train_loss": 1.1468707552433013, "grad_norm": 3.3447794914245605, "test_error": 0.504}, {"epoch": 243, "train_loss": 1.147633903735876, "grad_norm": 1.8137012720108032, "test_error": 0.4905}, {"epoch": 244, "train_loss": 1.1502227929413318, "grad_norm": 1.3700743913650513, "test_error": 0.4861}, {"epoch": 245, "train_loss": 1.1469953637361527, "grad_norm": 2.2805047035217285, "test_error": 0.4965}, {"epoch": 246, "train_loss": 1.1471507818341256, "grad_norm": 2.957092523574829, "test_error": 0.5001}, {"epoch": 247, "train_loss": 1.1484509473830462, "grad_norm": 1.3863445520401, "test_error": 0.4889}, {"epoch": 248, "train_loss": 1.147065304505825, "grad_norm": 2.245130777359009, "test_error": 0.511}, {"epoch": 249, "train_loss": 1.1449003612935542, "grad_norm": 1.8449764251708984, "test_error": 0.4948}, {"epoch": 250, "train_loss": 1.1455696676552296, "grad_norm": 1.909899115562439, "test_error": 0.493}, {"epoch": 251, "train_loss": 1.1457204434871673, "grad_norm": 1.9553555250167847, "test_error": 0.4912}, {"epoch": 252, "train_loss": 1.1460258714914322, "grad_norm": 1.9257311820983887, "test_error": 0.4982}, {"epoch": 253, "train_loss": 1.145799952739477, "grad_norm": 2.708361864089966, "test_error": 0.5128}, {"epoch": 254, "train_loss": 1.1447778928935528, "grad_norm": 3.8711512088775635, "test_error": 0.5143}, {"epoch": 255, "train_loss": 1.1461706492304802, "grad_norm": 2.516855478286743, "test_error": 0.5081}, {"epoch": 256, "train_loss": 1.1487904856741429, "grad_norm": 1.9331737756729126, "test_error": 0.477}, {"epoch": 257, "train_loss": 1.1445843385636807, "grad_norm": 1.4995075464248657, "test_error": 0.4809}, {"epoch": 258, "train_loss": 1.1449667116463185, "grad_norm": 2.3627960681915283, "test_error": 0.4894}, {"epoch": 259, "train_loss": 1.145937117433548, "grad_norm": 2.1408443450927734, "test_error": 0.4893}, {"epoch": 260, "train_loss": 1.1476017221421004, "grad_norm": 1.9234005212783813, "test_error": 0.4849}, {"epoch": 261, "train_loss": 1.1447637334525584, "grad_norm": 2.150615692138672, "test_error": 0.4977}, {"epoch": 262, "train_loss": 1.1463738425076009, "grad_norm": 2.4542222023010254, "test_error": 0.499}, {"epoch": 263, "train_loss": 1.1439738204091787, "grad_norm": 2.49651837348938, "test_error": 0.5058}, {"epoch": 264, "train_loss": 1.1423411846220493, "grad_norm": 2.5755717754364014, "test_error": 0.5057}, {"epoch": 265, "train_loss": 1.1448810211449862, "grad_norm": 1.5836782455444336, "test_error": 0.4838}, {"epoch": 266, "train_loss": 1.143318786841631, "grad_norm": 2.5805957317352295, "test_error": 0.5075}, {"epoch": 267, "train_loss": 1.1440348194658756, "grad_norm": 1.843583106994629, "test_error": 0.4973}, {"epoch": 268, "train_loss": 1.142224341624975, "grad_norm": 1.3706592321395874, "test_error": 0.4768}, {"epoch": 269, "train_loss": 1.145676909840107, "grad_norm": 2.192647695541382, "test_error": 0.4942}, {"epoch": 270, "train_loss": 1.1444529882609844, "grad_norm": 2.8185765743255615, "test_error": 0.5005}, {"epoch": 271, "train_loss": 1.1456225023388862, "grad_norm": 3.6001975536346436, "test_error": 0.5215}, {"epoch": 272, "train_loss": 1.1422273251920938, "grad_norm": 2.446408748626709, "test_error": 0.493}, {"epoch": 273, "train_loss": 1.1441219173550605, "grad_norm": 3.733949899673462, "test_error": 0.5081}, {"epoch": 274, "train_loss": 1.1452817823976278, "grad_norm": 2.5527682304382324, "test_error": 0.4936}, {"epoch": 275, "train_loss": 1.144539836627245, "grad_norm": 2.667978048324585, "test_error": 0.4967}, {"epoch": 276, "train_loss": 1.1439407899737357, "grad_norm": 1.7660198211669922, "test_error": 0.4887}, {"epoch": 277, "train_loss": 1.1444985964864491, "grad_norm": 1.567855954170227, "test_error": 0.4774}, {"epoch": 278, "train_loss": 1.1464740001022815, "grad_norm": 2.590320110321045, "test_error": 0.4996}, {"epoch": 279, "train_loss": 1.1412763879805803, "grad_norm": 1.546533465385437, "test_error": 0.4803}, {"epoch": 280, "train_loss": 1.1434752554625274, "grad_norm": 1.686553955078125, "test_error": 0.4843}, {"epoch": 281, "train_loss": 1.1428183468163013, "grad_norm": 1.9199081659317017, "test_error": 0.4755}, {"epoch": 282, "train_loss": 1.1407409158408641, "grad_norm": 3.3011322021484375, "test_error": 0.5084}, {"epoch": 283, "train_loss": 1.1444775484263896, "grad_norm": 3.979722738265991, "test_error": 0.5179}, {"epoch": 284, "train_loss": 1.1402458912491797, "grad_norm": 2.3916311264038086, "test_error": 0.5018}, {"epoch": 285, "train_loss": 1.1424315437346697, "grad_norm": 1.4875015020370483, "test_error": 0.479}, {"epoch": 286, "train_loss": 1.1438899500131607, "grad_norm": 1.8213194608688354, "test_error": 0.4837}, {"epoch": 287, "train_loss": 1.1431971704781057, "grad_norm": 1.8994991779327393, "test_error": 0.4858}, {"epoch": 288, "train_loss": 1.1419893522381783, "grad_norm": 2.491023540496826, "test_error": 0.5001}, {"epoch": 289, "train_loss": 1.1407119814813138, "grad_norm": 1.5052748918533325, "test_error": 0.49}, {"epoch": 290, "train_loss": 1.142417075675726, "grad_norm": 1.4319170713424683, "test_error": 0.4869}, {"epoch": 291, "train_loss": 1.1424774584531785, "grad_norm": 1.957323670387268, "test_error": 0.4834}, {"epoch": 292, "train_loss": 1.1421402915239334, "grad_norm": 2.9349863529205322, "test_error": 0.5223}, {"epoch": 293, "train_loss": 1.1392165962040424, "grad_norm": 1.8963826894760132, "test_error": 0.4865}, {"epoch": 294, "train_loss": 1.1425988575398922, "grad_norm": 1.8066909313201904, "test_error": 0.4846}, {"epoch": 295, "train_loss": 1.1447579854428769, "grad_norm": 1.5279886722564697, "test_error": 0.4819}, {"epoch": 296, "train_loss": 1.1419449232637882, "grad_norm": 2.5638136863708496, "test_error": 0.5052}, {"epoch": 297, "train_loss": 1.14271061770916, "grad_norm": 2.635159969329834, "test_error": 0.4968}, {"epoch": 298, "train_loss": 1.1407260517001152, "grad_norm": 2.459132194519043, "test_error": 0.5013}, {"epoch": 299, "train_loss": 1.1409878830641509, "grad_norm": 2.020033359527588, "test_error": 0.4979}, {"epoch": 300, "train_loss": 1.1414655557632447, "grad_norm": 1.8687422275543213, "test_error": 0.4844}]}