{"argv": ["train.py", "--seed", "83", "--optimizer", "SVRG", "--run_name", "svrg_0.01.json", "--output_path", "experiments/nonconvex_cifar10/svrg-0.01.json", "--dataset", "CIFAR10", "--layer_sizes", "3072", "100", "10", "--batch_size", "10", "--learning_rate", "0.01", "--weight_decay", "0.001", "--warmup_learning_rate", "0.01", "--num_warmup_epochs", "10", "--num_outer_epochs", "250", "--num_inner_epochs", "1", "--device", "cuda"], "args": {"seed": 83, "optimizer": "SVRG", "run_name": "svrg_0.01.json", "output_path": "experiments/nonconvex_cifar10/svrg-0.01.json", "device": "cuda", "dataset": "CIFAR10", "dataset_root": "~/datasets/pytorch", "dataset_size": null, "download": false, "layer_sizes": [3072, 100, 10], "batch_size": 10, "test_batch_size": 256, "learning_rate": 0.01, "weight_decay": 0.001, "warmup_learning_rate": 0.01, "num_warmup_epochs": 10, "num_outer_epochs": 250, "num_inner_epochs": 1, "inner_epoch_fraction": null, "choose_random_iterate": false, "num_epochs": 10}, "metrics": [{"warmup_epoch": 1, "train_loss": 1.8772816695809365, "grad_norm": 1.330396056175232, "test_error": 0.6135}, {"warmup_epoch": 2, "train_loss": 1.702120511996746, "grad_norm": 1.505911946296692, "test_error": 0.5904}, {"warmup_epoch": 3, "train_loss": 1.6260027727365494, "grad_norm": 1.4280996322631836, "test_error": 0.5689}, {"warmup_epoch": 4, "train_loss": 1.5749987521529198, "grad_norm": 1.1521843671798706, "test_error": 0.5514}, {"warmup_epoch": 5, "train_loss": 1.5393459569334984, "grad_norm": 1.3207876682281494, "test_error": 0.5421}, {"warmup_epoch": 6, "train_loss": 1.513324132347107, "grad_norm": 1.1785192489624023, "test_error": 0.5364}, {"warmup_epoch": 7, "train_loss": 1.4920352176070213, "grad_norm": 1.9602423906326294, "test_error": 0.5568}, {"warmup_epoch": 8, "train_loss": 1.4741584265708922, "grad_norm": 1.6976767778396606, "test_error": 0.5361}, {"warmup_epoch": 9, "train_loss": 1.454667365592718, "grad_norm": 1.5695347785949707, "test_error": 0.5255}, {"warmup_epoch": 10, "train_loss": 1.4399748266875745, "grad_norm": 1.3209766149520874, "test_error": 0.5327}, {"outer_epoch": 1, "inner_epoch": 1, "train_loss": 1.3416282320320607, "grad_norm": 2.4484477043151855, "test_error": 0.5212}, {"outer_epoch": 2, "inner_epoch": 1, "train_loss": 1.323861398369074, "grad_norm": 1.1238527297973633, "test_error": 0.5036}, {"outer_epoch": 3, "inner_epoch": 1, "train_loss": 1.3174260977208614, "grad_norm": 0.9506537318229675, "test_error": 0.4968}, {"outer_epoch": 4, "inner_epoch": 1, "train_loss": 1.300207073199749, "grad_norm": 1.141161561012268, "test_error": 0.4961}, {"outer_epoch": 5, "inner_epoch": 1, "train_loss": 1.2973020625948906, "grad_norm": 1.4874929189682007, "test_error": 0.514}, {"outer_epoch": 6, "inner_epoch": 1, "train_loss": 1.3393446066975594, "grad_norm": 1.9861263036727905, "test_error": 0.5111}, {"outer_epoch": 7, "inner_epoch": 1, "train_loss": 1.3484245736956597, "grad_norm": 2.1197004318237305, "test_error": 0.5215}, {"outer_epoch": 8, "inner_epoch": 1, "train_loss": 1.3346850625872613, "grad_norm": 1.0748833417892456, "test_error": 0.4986}, {"outer_epoch": 9, "inner_epoch": 1, "train_loss": 1.3244623603582382, "grad_norm": 1.3155924081802368, "test_error": 0.5177}, {"outer_epoch": 10, "inner_epoch": 1, "train_loss": 1.3372648324012757, "grad_norm": 1.7149349451065063, "test_error": 0.5076}, {"outer_epoch": 11, "inner_epoch": 1, "train_loss": 1.339157756280899, "grad_norm": 1.105520248413086, "test_error": 0.5062}, {"outer_epoch": 12, "inner_epoch": 1, "train_loss": 1.3437943386077882, "grad_norm": 1.4178507328033447, "test_error": 0.5079}, {"outer_epoch": 13, "inner_epoch": 1, "train_loss": 1.3151692564070225, "grad_norm": 2.406463861465454, "test_error": 0.5129}, {"outer_epoch": 14, "inner_epoch": 1, "train_loss": 1.323778521567583, "grad_norm": 1.5288399457931519, "test_error": 0.5174}, {"outer_epoch": 15, "inner_epoch": 1, "train_loss": 1.3568655510902405, "grad_norm": 1.5925956964492798, "test_error": 0.5256}, {"outer_epoch": 16, "inner_epoch": 1, "train_loss": 1.3285959941148757, "grad_norm": 1.9090116024017334, "test_error": 0.5227}, {"outer_epoch": 17, "inner_epoch": 1, "train_loss": 1.3265826656460762, "grad_norm": 1.213205099105835, "test_error": 0.5081}, {"outer_epoch": 18, "inner_epoch": 1, "train_loss": 1.3006486328303815, "grad_norm": 2.0991876125335693, "test_error": 0.5289}, {"outer_epoch": 19, "inner_epoch": 1, "train_loss": 1.3246421883940698, "grad_norm": 2.627840518951416, "test_error": 0.5288}, {"outer_epoch": 20, "inner_epoch": 1, "train_loss": 1.3350103345751763, "grad_norm": 3.584944009780884, "test_error": 0.5433}, {"outer_epoch": 21, "inner_epoch": 1, "train_loss": 1.3245684107482434, "grad_norm": 2.5580174922943115, "test_error": 0.5246}, {"outer_epoch": 22, "inner_epoch": 1, "train_loss": 1.3002951459109784, "grad_norm": 1.7105289697647095, "test_error": 0.5113}, {"outer_epoch": 23, "inner_epoch": 1, "train_loss": 1.2991408131420612, "grad_norm": 1.0106257200241089, "test_error": 0.5107}, {"outer_epoch": 24, "inner_epoch": 1, "train_loss": 1.2713205503702163, "grad_norm": 2.0986201763153076, "test_error": 0.5116}, {"outer_epoch": 25, "inner_epoch": 1, "train_loss": 1.2808158634960651, "grad_norm": 2.1564457416534424, "test_error": 0.5177}, {"outer_epoch": 26, "inner_epoch": 1, "train_loss": 1.2850690877079964, "grad_norm": 2.5351595878601074, "test_error": 0.5185}, {"outer_epoch": 27, "inner_epoch": 1, "train_loss": 1.2728294424355031, "grad_norm": 1.3477611541748047, "test_error": 0.5028}, {"outer_epoch": 28, "inner_epoch": 1, "train_loss": 1.2624677358925342, "grad_norm": 2.7918612957000732, "test_error": 0.5265}, {"outer_epoch": 29, "inner_epoch": 1, "train_loss": 1.3019350345909595, "grad_norm": 2.1314337253570557, "test_error": 0.5158}, {"outer_epoch": 30, "inner_epoch": 1, "train_loss": 1.2884953089535236, "grad_norm": 2.6325249671936035, "test_error": 0.5124}, {"outer_epoch": 31, "inner_epoch": 1, "train_loss": 1.2873912720501424, "grad_norm": 2.29632306098938, "test_error": 0.5132}, {"outer_epoch": 32, "inner_epoch": 1, "train_loss": 1.2833572631895542, "grad_norm": 1.1281359195709229, "test_error": 0.5131}, {"outer_epoch": 33, "inner_epoch": 1, "train_loss": 1.2865101077139378, "grad_norm": 2.3068251609802246, "test_error": 0.5091}, {"outer_epoch": 34, "inner_epoch": 1, "train_loss": 1.2944126662433146, "grad_norm": 1.026484489440918, "test_error": 0.5114}, {"outer_epoch": 35, "inner_epoch": 1, "train_loss": 1.2822652407884598, "grad_norm": 1.6316440105438232, "test_error": 0.5055}, {"outer_epoch": 36, "inner_epoch": 1, "train_loss": 1.2550940947473048, "grad_norm": 1.8185725212097168, "test_error": 0.4977}, {"outer_epoch": 37, "inner_epoch": 1, "train_loss": 1.2707839654147626, "grad_norm": 1.7657486200332642, "test_error": 0.5114}, {"outer_epoch": 38, "inner_epoch": 1, "train_loss": 1.2642968313694, "grad_norm": 1.544948935508728, "test_error": 0.5003}, {"outer_epoch": 39, "inner_epoch": 1, "train_loss": 1.2706294001698495, "grad_norm": 1.347804069519043, "test_error": 0.5028}, {"outer_epoch": 40, "inner_epoch": 1, "train_loss": 1.2765247570753098, "grad_norm": 1.6927430629730225, "test_error": 0.5084}, {"outer_epoch": 41, "inner_epoch": 1, "train_loss": 1.2857081474125385, "grad_norm": 1.832481026649475, "test_error": 0.5058}, {"outer_epoch": 42, "inner_epoch": 1, "train_loss": 1.2595372188091278, "grad_norm": 1.4008973836898804, "test_error": 0.5018}, {"outer_epoch": 43, "inner_epoch": 1, "train_loss": 1.298951724565029, "grad_norm": 4.335783958435059, "test_error": 0.5415}, {"outer_epoch": 44, "inner_epoch": 1, "train_loss": 1.3174841265499593, "grad_norm": 1.9433045387268066, "test_error": 0.5232}, {"outer_epoch": 45, "inner_epoch": 1, "train_loss": 1.3023969796955586, "grad_norm": 2.5534861087799072, "test_error": 0.5278}, {"outer_epoch": 46, "inner_epoch": 1, "train_loss": 1.3169453263044357, "grad_norm": 3.2932069301605225, "test_error": 0.5361}, {"outer_epoch": 47, "inner_epoch": 1, "train_loss": 1.3493604708075524, "grad_norm": 3.129818916320801, "test_error": 0.548}, {"outer_epoch": 48, "inner_epoch": 1, "train_loss": 1.321211900806427, "grad_norm": 3.6087005138397217, "test_error": 0.5457}, {"outer_epoch": 49, "inner_epoch": 1, "train_loss": 1.336325566625595, "grad_norm": 3.079751491546631, "test_error": 0.5252}, {"outer_epoch": 50, "inner_epoch": 1, "train_loss": 1.313071038609743, "grad_norm": 2.6461658477783203, "test_error": 0.5309}, {"outer_epoch": 51, "inner_epoch": 1, "train_loss": 1.3059883126556873, "grad_norm": 2.4397614002227783, "test_error": 0.524}, {"outer_epoch": 52, "inner_epoch": 1, "train_loss": 1.3108735619544982, "grad_norm": 2.8054890632629395, "test_error": 0.5288}, {"outer_epoch": 53, "inner_epoch": 1, "train_loss": 1.3150205418646335, "grad_norm": 2.2324907779693604, "test_error": 0.5221}, {"outer_epoch": 54, "inner_epoch": 1, "train_loss": 1.2880757408440113, "grad_norm": 1.6891852617263794, "test_error": 0.529}, {"outer_epoch": 55, "inner_epoch": 1, "train_loss": 1.3115361121296882, "grad_norm": 3.9571011066436768, "test_error": 0.5334}, {"outer_epoch": 56, "inner_epoch": 1, "train_loss": 1.311206683844328, "grad_norm": 1.5905299186706543, "test_error": 0.5125}, {"outer_epoch": 57, "inner_epoch": 1, "train_loss": 1.3063389206767082, "grad_norm": 2.172645092010498, "test_error": 0.5328}, {"outer_epoch": 58, "inner_epoch": 1, "train_loss": 1.3166682805240155, "grad_norm": 1.822885513305664, "test_error": 0.5208}, {"outer_epoch": 59, "inner_epoch": 1, "train_loss": 1.2854420209527015, "grad_norm": 1.9537345170974731, "test_error": 0.5274}, {"outer_epoch": 60, "inner_epoch": 1, "train_loss": 1.3076800126135348, "grad_norm": 3.0360300540924072, "test_error": 0.5353}, {"outer_epoch": 61, "inner_epoch": 1, "train_loss": 1.3180020446121692, "grad_norm": 2.167253255844116, "test_error": 0.5353}, {"outer_epoch": 62, "inner_epoch": 1, "train_loss": 1.3144039262354374, "grad_norm": 1.972288966178894, "test_error": 0.5159}, {"outer_epoch": 63, "inner_epoch": 1, "train_loss": 1.2745946837306024, "grad_norm": 1.2193251848220825, "test_error": 0.5048}, {"outer_epoch": 64, "inner_epoch": 1, "train_loss": 1.257785326242447, "grad_norm": 1.5844976902008057, "test_error": 0.5058}, {"outer_epoch": 65, "inner_epoch": 1, "train_loss": 1.27470616209507, "grad_norm": 1.2362234592437744, "test_error": 0.4991}, {"outer_epoch": 66, "inner_epoch": 1, "train_loss": 1.2645153654932977, "grad_norm": 1.7738643884658813, "test_error": 0.5081}, {"outer_epoch": 67, "inner_epoch": 1, "train_loss": 1.264050448834896, "grad_norm": 1.741812825202942, "test_error": 0.5117}, {"outer_epoch": 68, "inner_epoch": 1, "train_loss": 1.284735397309065, "grad_norm": 2.4020752906799316, "test_error": 0.5284}, {"outer_epoch": 69, "inner_epoch": 1, "train_loss": 1.326845759743452, "grad_norm": 2.137953519821167, "test_error": 0.5135}, {"outer_epoch": 70, "inner_epoch": 1, "train_loss": 1.291059448826313, "grad_norm": 1.9313409328460693, "test_error": 0.5205}, {"outer_epoch": 71, "inner_epoch": 1, "train_loss": 1.3280633886098863, "grad_norm": 3.731144666671753, "test_error": 0.5299}, {"outer_epoch": 72, "inner_epoch": 1, "train_loss": 1.325933846694231, "grad_norm": 1.8587300777435303, "test_error": 0.5142}, {"outer_epoch": 73, "inner_epoch": 1, "train_loss": 1.2889350010454654, "grad_norm": 1.594659447669983, "test_error": 0.5067}, {"outer_epoch": 74, "inner_epoch": 1, "train_loss": 1.280190451222658, "grad_norm": 2.1969387531280518, "test_error": 0.5236}, {"outer_epoch": 75, "inner_epoch": 1, "train_loss": 1.2931966839849949, "grad_norm": 2.7211499214172363, "test_error": 0.5253}, {"outer_epoch": 76, "inner_epoch": 1, "train_loss": 1.3088139448702336, "grad_norm": 2.2204630374908447, "test_error": 0.5181}, {"outer_epoch": 77, "inner_epoch": 1, "train_loss": 1.291906221872568, "grad_norm": 2.182854175567627, "test_error": 0.519}, {"outer_epoch": 78, "inner_epoch": 1, "train_loss": 1.3297646530747413, "grad_norm": 1.59503972530365, "test_error": 0.519}, {"outer_epoch": 79, "inner_epoch": 1, "train_loss": 1.3070357363820075, "grad_norm": 1.215343952178955, "test_error": 0.5066}, {"outer_epoch": 80, "inner_epoch": 1, "train_loss": 1.2738386619508266, "grad_norm": 2.230454683303833, "test_error": 0.511}, {"outer_epoch": 81, "inner_epoch": 1, "train_loss": 1.2913102144300939, "grad_norm": 4.761470794677734, "test_error": 0.5528}, {"outer_epoch": 82, "inner_epoch": 1, "train_loss": 1.393294801926613, "grad_norm": 2.1401267051696777, "test_error": 0.5334}, {"outer_epoch": 83, "inner_epoch": 1, "train_loss": 1.3422403070151805, "grad_norm": 1.7309472560882568, "test_error": 0.5289}, {"outer_epoch": 84, "inner_epoch": 1, "train_loss": 1.3397823766469956, "grad_norm": 2.3724944591522217, "test_error": 0.5247}, {"outer_epoch": 85, "inner_epoch": 1, "train_loss": 1.340744736599922, "grad_norm": 2.5828359127044678, "test_error": 0.5247}, {"outer_epoch": 86, "inner_epoch": 1, "train_loss": 1.3167844447612762, "grad_norm": 1.7386829853057861, "test_error": 0.5163}, {"outer_epoch": 87, "inner_epoch": 1, "train_loss": 1.3142971623063087, "grad_norm": 3.55924129486084, "test_error": 0.5574}, {"outer_epoch": 88, "inner_epoch": 1, "train_loss": 1.3829498261868953, "grad_norm": 1.5195891857147217, "test_error": 0.5356}, {"outer_epoch": 89, "inner_epoch": 1, "train_loss": 1.323129573094845, "grad_norm": 1.3699641227722168, "test_error": 0.522}, {"outer_epoch": 90, "inner_epoch": 1, "train_loss": 1.3249125069320202, "grad_norm": 1.398664116859436, "test_error": 0.5101}, {"outer_epoch": 91, "inner_epoch": 1, "train_loss": 1.3087553894877433, "grad_norm": 1.2373440265655518, "test_error": 0.5114}, {"outer_epoch": 92, "inner_epoch": 1, "train_loss": 1.2967164263486861, "grad_norm": 1.8117238283157349, "test_error": 0.5051}, {"outer_epoch": 93, "inner_epoch": 1, "train_loss": 1.3155606733858585, "grad_norm": 2.9925079345703125, "test_error": 0.5408}, {"outer_epoch": 94, "inner_epoch": 1, "train_loss": 1.3627762447178364, "grad_norm": 2.0329668521881104, "test_error": 0.5375}, {"outer_epoch": 95, "inner_epoch": 1, "train_loss": 1.3495280794501305, "grad_norm": 2.6255533695220947, "test_error": 0.5242}, {"outer_epoch": 96, "inner_epoch": 1, "train_loss": 1.362235359030962, "grad_norm": 2.7172305583953857, "test_error": 0.5389}, {"outer_epoch": 97, "inner_epoch": 1, "train_loss": 1.3459685667276382, "grad_norm": 2.3191230297088623, "test_error": 0.5201}, {"outer_epoch": 98, "inner_epoch": 1, "train_loss": 1.3060131504118442, "grad_norm": 1.956977367401123, "test_error": 0.5144}, {"outer_epoch": 99, "inner_epoch": 1, "train_loss": 1.3080001438438893, "grad_norm": 1.498746633529663, "test_error": 0.512}, {"outer_epoch": 100, "inner_epoch": 1, "train_loss": 1.3009537489116192, "grad_norm": 1.117696762084961, "test_error": 0.5044}, {"outer_epoch": 101, "inner_epoch": 1, "train_loss": 1.297797641634941, "grad_norm": 1.141610860824585, "test_error": 0.5093}, {"outer_epoch": 102, "inner_epoch": 1, "train_loss": 1.2992500562429428, "grad_norm": 1.3315353393554688, "test_error": 0.5143}, {"outer_epoch": 103, "inner_epoch": 1, "train_loss": 1.3261583049058914, "grad_norm": 2.95007061958313, "test_error": 0.5296}, {"outer_epoch": 104, "inner_epoch": 1, "train_loss": 1.3111040001809597, "grad_norm": 1.4242184162139893, "test_error": 0.5058}, {"outer_epoch": 105, "inner_epoch": 1, "train_loss": 1.3019815773129464, "grad_norm": 2.631828784942627, "test_error": 0.5211}, {"outer_epoch": 106, "inner_epoch": 1, "train_loss": 1.3416420833587646, "grad_norm": 1.6818040609359741, "test_error": 0.517}, {"outer_epoch": 107, "inner_epoch": 1, "train_loss": 1.318449349951744, "grad_norm": 3.860348701477051, "test_error": 0.5414}, {"outer_epoch": 108, "inner_epoch": 1, "train_loss": 1.4000147175908089, "grad_norm": 2.2715561389923096, "test_error": 0.5427}, {"outer_epoch": 109, "inner_epoch": 1, "train_loss": 1.354573852056265, "grad_norm": 2.7633209228515625, "test_error": 0.5315}, {"outer_epoch": 110, "inner_epoch": 1, "train_loss": 1.3955831959962846, "grad_norm": 2.7393486499786377, "test_error": 0.5429}, {"outer_epoch": 111, "inner_epoch": 1, "train_loss": 1.3701233834147453, "grad_norm": 4.076932430267334, "test_error": 0.5701}, {"outer_epoch": 112, "inner_epoch": 1, "train_loss": 1.3850803158044815, "grad_norm": 2.3543639183044434, "test_error": 0.5408}, {"outer_epoch": 113, "inner_epoch": 1, "train_loss": 1.393248426580429, "grad_norm": 2.636012077331543, "test_error": 0.5482}, {"outer_epoch": 114, "inner_epoch": 1, "train_loss": 1.3875719181776047, "grad_norm": 1.5222430229187012, "test_error": 0.5346}, {"outer_epoch": 115, "inner_epoch": 1, "train_loss": 1.3612743971526622, "grad_norm": 2.8458974361419678, "test_error": 0.5358}, {"outer_epoch": 116, "inner_epoch": 1, "train_loss": 1.363333796954155, "grad_norm": 2.7958266735076904, "test_error": 0.5343}, {"outer_epoch": 117, "inner_epoch": 1, "train_loss": 1.378672380721569, "grad_norm": 1.357725739479065, "test_error": 0.5311}, {"outer_epoch": 118, "inner_epoch": 1, "train_loss": 1.3505053237438203, "grad_norm": 2.7339913845062256, "test_error": 0.5335}, {"outer_epoch": 119, "inner_epoch": 1, "train_loss": 1.3504475307047368, "grad_norm": 3.2113544940948486, "test_error": 0.5304}, {"outer_epoch": 120, "inner_epoch": 1, "train_loss": 1.354595649188757, "grad_norm": 2.7676126956939697, "test_error": 0.5394}, {"outer_epoch": 121, "inner_epoch": 1, "train_loss": 1.34344892860651, "grad_norm": 1.6261053085327148, "test_error": 0.5131}, {"outer_epoch": 122, "inner_epoch": 1, "train_loss": 1.32370598654747, "grad_norm": 1.2473394870758057, "test_error": 0.5055}, {"outer_epoch": 123, "inner_epoch": 1, "train_loss": 1.305228779256344, "grad_norm": 1.7330498695373535, "test_error": 0.5212}, {"outer_epoch": 124, "inner_epoch": 1, "train_loss": 1.3613889378786086, "grad_norm": 6.937591552734375, "test_error": 0.5757}, {"outer_epoch": 125, "inner_epoch": 1, "train_loss": 1.480410013639927, "grad_norm": 3.769357204437256, "test_error": 0.5727}, {"outer_epoch": 126, "inner_epoch": 1, "train_loss": 1.4683220196723938, "grad_norm": 2.106671094894409, "test_error": 0.5535}, {"outer_epoch": 127, "inner_epoch": 1, "train_loss": 1.4130802714943886, "grad_norm": 2.9365053176879883, "test_error": 0.5479}, {"outer_epoch": 128, "inner_epoch": 1, "train_loss": 1.4231942149162293, "grad_norm": 2.1653106212615967, "test_error": 0.5385}, {"outer_epoch": 129, "inner_epoch": 1, "train_loss": 1.3871793591201305, "grad_norm": 1.2183754444122314, "test_error": 0.5194}, {"outer_epoch": 130, "inner_epoch": 1, "train_loss": 1.344033113771677, "grad_norm": 1.3400180339813232, "test_error": 0.5263}, {"outer_epoch": 131, "inner_epoch": 1, "train_loss": 1.3622870323240757, "grad_norm": 1.4473682641983032, "test_error": 0.5195}, {"outer_epoch": 132, "inner_epoch": 1, "train_loss": 1.34791202737689, "grad_norm": 2.3112947940826416, "test_error": 0.5307}, {"outer_epoch": 133, "inner_epoch": 1, "train_loss": 1.381540656363964, "grad_norm": 2.124601364135742, "test_error": 0.5347}, {"outer_epoch": 134, "inner_epoch": 1, "train_loss": 1.3840828506588936, "grad_norm": 2.0707476139068604, "test_error": 0.5251}, {"outer_epoch": 135, "inner_epoch": 1, "train_loss": 1.3617343268573283, "grad_norm": 4.137424945831299, "test_error": 0.5426}, {"outer_epoch": 136, "inner_epoch": 1, "train_loss": 1.3928102812826633, "grad_norm": 1.912802815437317, "test_error": 0.5346}, {"outer_epoch": 137, "inner_epoch": 1, "train_loss": 1.3758345491290092, "grad_norm": 2.4924561977386475, "test_error": 0.5434}, {"outer_epoch": 138, "inner_epoch": 1, "train_loss": 1.3975427969574927, "grad_norm": 3.4191014766693115, "test_error": 0.5459}, {"outer_epoch": 139, "inner_epoch": 1, "train_loss": 1.390596801316738, "grad_norm": 2.514986991882324, "test_error": 0.5361}, {"outer_epoch": 140, "inner_epoch": 1, "train_loss": 1.3773616893172265, "grad_norm": 2.6084280014038086, "test_error": 0.5352}, {"outer_epoch": 141, "inner_epoch": 1, "train_loss": 1.3791182862520217, "grad_norm": 1.9591078758239746, "test_error": 0.535}, {"outer_epoch": 142, "inner_epoch": 1, "train_loss": 1.368443038225174, "grad_norm": 1.8331468105316162, "test_error": 0.5312}, {"outer_epoch": 143, "inner_epoch": 1, "train_loss": 1.3873320188462734, "grad_norm": 2.0799262523651123, "test_error": 0.527}, {"outer_epoch": 144, "inner_epoch": 1, "train_loss": 1.3856947491407394, "grad_norm": 3.043566942214966, "test_error": 0.5493}, {"outer_epoch": 145, "inner_epoch": 1, "train_loss": 1.4119262394189835, "grad_norm": 1.4652026891708374, "test_error": 0.5186}, {"outer_epoch": 146, "inner_epoch": 1, "train_loss": 1.3701548625051976, "grad_norm": 2.567474126815796, "test_error": 0.5303}, {"outer_epoch": 147, "inner_epoch": 1, "train_loss": 1.3870326696932316, "grad_norm": 1.8802177906036377, "test_error": 0.5236}, {"outer_epoch": 148, "inner_epoch": 1, "train_loss": 1.3638165500938892, "grad_norm": 1.3846827745437622, "test_error": 0.542}, {"outer_epoch": 149, "inner_epoch": 1, "train_loss": 1.3978604754328727, "grad_norm": 1.571245551109314, "test_error": 0.5263}, {"outer_epoch": 150, "inner_epoch": 1, "train_loss": 1.381757876676321, "grad_norm": 1.9108585119247437, "test_error": 0.5335}, {"outer_epoch": 151, "inner_epoch": 1, "train_loss": 1.3788053282022477, "grad_norm": 5.086812496185303, "test_error": 0.5716}, {"outer_epoch": 152, "inner_epoch": 1, "train_loss": 1.4586721338033677, "grad_norm": 3.4308922290802, "test_error": 0.5804}, {"outer_epoch": 153, "inner_epoch": 1, "train_loss": 1.4544060559928418, "grad_norm": 3.243837594985962, "test_error": 0.5619}, {"outer_epoch": 154, "inner_epoch": 1, "train_loss": 1.4048038599133492, "grad_norm": 1.104195475578308, "test_error": 0.5321}, {"outer_epoch": 155, "inner_epoch": 1, "train_loss": 1.3847817339777946, "grad_norm": 1.1925424337387085, "test_error": 0.5295}, {"outer_epoch": 156, "inner_epoch": 1, "train_loss": 1.3811417440533638, "grad_norm": 1.9106522798538208, "test_error": 0.5335}, {"outer_epoch": 157, "inner_epoch": 1, "train_loss": 1.4044846106767654, "grad_norm": 2.930755376815796, "test_error": 0.5548}, {"outer_epoch": 158, "inner_epoch": 1, "train_loss": 1.477585290646553, "grad_norm": 3.181338310241699, "test_error": 0.5626}, {"outer_epoch": 159, "inner_epoch": 1, "train_loss": 1.4239120388865472, "grad_norm": 1.2698447704315186, "test_error": 0.5268}, {"outer_epoch": 160, "inner_epoch": 1, "train_loss": 1.379608810478449, "grad_norm": 1.0624383687973022, "test_error": 0.5277}, {"outer_epoch": 161, "inner_epoch": 1, "train_loss": 1.3704537977814675, "grad_norm": 1.923117995262146, "test_error": 0.537}, {"outer_epoch": 162, "inner_epoch": 1, "train_loss": 1.3930928516507148, "grad_norm": 2.3159291744232178, "test_error": 0.5389}, {"outer_epoch": 163, "inner_epoch": 1, "train_loss": 1.4017521295964719, "grad_norm": 2.4386160373687744, "test_error": 0.5449}, {"outer_epoch": 164, "inner_epoch": 1, "train_loss": 1.3975460574805736, "grad_norm": 4.709484100341797, "test_error": 0.5704}, {"outer_epoch": 165, "inner_epoch": 1, "train_loss": 1.4501075065493583, "grad_norm": 1.6058690547943115, "test_error": 0.5271}, {"outer_epoch": 166, "inner_epoch": 1, "train_loss": 1.3829104416668414, "grad_norm": 1.3370295763015747, "test_error": 0.5302}, {"outer_epoch": 167, "inner_epoch": 1, "train_loss": 1.3699139587402345, "grad_norm": 1.8330488204956055, "test_error": 0.5289}, {"outer_epoch": 168, "inner_epoch": 1, "train_loss": 1.4123468785226345, "grad_norm": 2.0100204944610596, "test_error": 0.5313}, {"outer_epoch": 169, "inner_epoch": 1, "train_loss": 1.3880507224977017, "grad_norm": 2.161717414855957, "test_error": 0.533}, {"outer_epoch": 170, "inner_epoch": 1, "train_loss": 1.3756368398547172, "grad_norm": 3.9490158557891846, "test_error": 0.5435}, {"outer_epoch": 171, "inner_epoch": 1, "train_loss": 1.3890807137429715, "grad_norm": 1.9403175115585327, "test_error": 0.5285}, {"outer_epoch": 172, "inner_epoch": 1, "train_loss": 1.3671040986478329, "grad_norm": 1.2748337984085083, "test_error": 0.5289}, {"outer_epoch": 173, "inner_epoch": 1, "train_loss": 1.3744505352079868, "grad_norm": 1.7214921712875366, "test_error": 0.527}, {"outer_epoch": 174, "inner_epoch": 1, "train_loss": 1.3754938139140607, "grad_norm": 1.5798307657241821, "test_error": 0.5228}, {"outer_epoch": 175, "inner_epoch": 1, "train_loss": 1.364279833483696, "grad_norm": 2.1012399196624756, "test_error": 0.5289}, {"outer_epoch": 176, "inner_epoch": 1, "train_loss": 1.4018199651122094, "grad_norm": 2.209122657775879, "test_error": 0.5359}, {"outer_epoch": 177, "inner_epoch": 1, "train_loss": 1.3989242780208588, "grad_norm": 2.2493367195129395, "test_error": 0.5444}, {"outer_epoch": 178, "inner_epoch": 1, "train_loss": 1.4042302189469338, "grad_norm": 1.120166301727295, "test_error": 0.5249}, {"outer_epoch": 179, "inner_epoch": 1, "train_loss": 1.3698822814643383, "grad_norm": 1.0402323007583618, "test_error": 0.5225}, {"outer_epoch": 180, "inner_epoch": 1, "train_loss": 1.3721021520495416, "grad_norm": 1.3200536966323853, "test_error": 0.5298}, {"outer_epoch": 181, "inner_epoch": 1, "train_loss": 1.3959874289989471, "grad_norm": 2.5637454986572266, "test_error": 0.538}, {"outer_epoch": 182, "inner_epoch": 1, "train_loss": 1.4080819764494896, "grad_norm": 7.718961238861084, "test_error": 0.5871}, {"outer_epoch": 183, "inner_epoch": 1, "train_loss": 1.5212969907402991, "grad_norm": 3.5796360969543457, "test_error": 0.5869}, {"outer_epoch": 184, "inner_epoch": 1, "train_loss": 1.478199840450287, "grad_norm": 3.555232524871826, "test_error": 0.5717}, {"outer_epoch": 185, "inner_epoch": 1, "train_loss": 1.4886081566691398, "grad_norm": 2.5224499702453613, "test_error": 0.5806}, {"outer_epoch": 186, "inner_epoch": 1, "train_loss": 1.4629528289318086, "grad_norm": 2.004359483718872, "test_error": 0.5493}, {"outer_epoch": 187, "inner_epoch": 1, "train_loss": 1.4139386919498445, "grad_norm": 1.2861095666885376, "test_error": 0.5367}, {"outer_epoch": 188, "inner_epoch": 1, "train_loss": 1.4149434943258763, "grad_norm": 2.2092881202697754, "test_error": 0.5425}, {"outer_epoch": 189, "inner_epoch": 1, "train_loss": 1.4009934205710888, "grad_norm": 1.1977397203445435, "test_error": 0.5244}, {"outer_epoch": 190, "inner_epoch": 1, "train_loss": 1.3795672929406166, "grad_norm": 1.3252445459365845, "test_error": 0.5244}, {"outer_epoch": 191, "inner_epoch": 1, "train_loss": 1.3877916586279868, "grad_norm": 2.9765524864196777, "test_error": 0.5483}, {"outer_epoch": 192, "inner_epoch": 1, "train_loss": 1.4197232410371303, "grad_norm": 2.7793986797332764, "test_error": 0.5478}, {"outer_epoch": 193, "inner_epoch": 1, "train_loss": 1.4005982015490532, "grad_norm": 2.0634267330169678, "test_error": 0.5374}, {"outer_epoch": 194, "inner_epoch": 1, "train_loss": 1.401168328177929, "grad_norm": 2.245378255844116, "test_error": 0.5415}, {"outer_epoch": 195, "inner_epoch": 1, "train_loss": 1.4120241419672965, "grad_norm": 2.9599297046661377, "test_error": 0.5444}, {"outer_epoch": 196, "inner_epoch": 1, "train_loss": 1.4151281695723534, "grad_norm": 1.3015486001968384, "test_error": 0.5326}, {"outer_epoch": 197, "inner_epoch": 1, "train_loss": 1.38411366366148, "grad_norm": 1.6911569833755493, "test_error": 0.535}, {"outer_epoch": 198, "inner_epoch": 1, "train_loss": 1.380258789217472, "grad_norm": 2.419666290283203, "test_error": 0.5319}, {"outer_epoch": 199, "inner_epoch": 1, "train_loss": 1.391180514550209, "grad_norm": 2.0608246326446533, "test_error": 0.5365}, {"outer_epoch": 200, "inner_epoch": 1, "train_loss": 1.3937743042349815, "grad_norm": 1.0650107860565186, "test_error": 0.5304}, {"outer_epoch": 201, "inner_epoch": 1, "train_loss": 1.3905811676979065, "grad_norm": 3.7308690547943115, "test_error": 0.5416}, {"outer_epoch": 202, "inner_epoch": 1, "train_loss": 1.407908483594656, "grad_norm": 2.5077691078186035, "test_error": 0.5586}, {"outer_epoch": 203, "inner_epoch": 1, "train_loss": 1.42835374751091, "grad_norm": 2.2606146335601807, "test_error": 0.5491}, {"outer_epoch": 204, "inner_epoch": 1, "train_loss": 1.3980484118521213, "grad_norm": 5.5955939292907715, "test_error": 0.5727}, {"outer_epoch": 205, "inner_epoch": 1, "train_loss": 1.448428358221054, "grad_norm": 2.046220302581787, "test_error": 0.5582}, {"outer_epoch": 206, "inner_epoch": 1, "train_loss": 1.4473341793894767, "grad_norm": 1.6835975646972656, "test_error": 0.5433}, {"outer_epoch": 207, "inner_epoch": 1, "train_loss": 1.4126291013777257, "grad_norm": 2.60919451713562, "test_error": 0.542}, {"outer_epoch": 208, "inner_epoch": 1, "train_loss": 1.4322205738186837, "grad_norm": 1.4081898927688599, "test_error": 0.5397}, {"outer_epoch": 209, "inner_epoch": 1, "train_loss": 1.403848576235771, "grad_norm": 0.9607739448547363, "test_error": 0.5304}, {"outer_epoch": 210, "inner_epoch": 1, "train_loss": 1.3932551091551781, "grad_norm": 2.863652467727661, "test_error": 0.5467}, {"outer_epoch": 211, "inner_epoch": 1, "train_loss": 1.4572842279314995, "grad_norm": 1.6777911186218262, "test_error": 0.5579}, {"outer_epoch": 212, "inner_epoch": 1, "train_loss": 1.4519093891501427, "grad_norm": 1.6835757493972778, "test_error": 0.5639}, {"outer_epoch": 213, "inner_epoch": 1, "train_loss": 1.482596063387394, "grad_norm": 1.4740647077560425, "test_error": 0.5487}, {"outer_epoch": 214, "inner_epoch": 1, "train_loss": 1.4447052558064462, "grad_norm": 1.8494057655334473, "test_error": 0.5416}, {"outer_epoch": 215, "inner_epoch": 1, "train_loss": 1.4368778126239776, "grad_norm": 2.2550048828125, "test_error": 0.5502}, {"outer_epoch": 216, "inner_epoch": 1, "train_loss": 1.4351898099184037, "grad_norm": 5.281880855560303, "test_error": 0.5692}, {"outer_epoch": 217, "inner_epoch": 1, "train_loss": 1.54759374153018, "grad_norm": 2.3911826610565186, "test_error": 0.5534}, {"outer_epoch": 218, "inner_epoch": 1, "train_loss": 1.447325932109356, "grad_norm": 1.5827233791351318, "test_error": 0.5422}, {"outer_epoch": 219, "inner_epoch": 1, "train_loss": 1.4382637921869754, "grad_norm": 2.9642977714538574, "test_error": 0.5505}, {"outer_epoch": 220, "inner_epoch": 1, "train_loss": 1.4271805816292762, "grad_norm": 3.224055051803589, "test_error": 0.5407}, {"outer_epoch": 221, "inner_epoch": 1, "train_loss": 1.4199839755058288, "grad_norm": 1.5680434703826904, "test_error": 0.5326}, {"outer_epoch": 222, "inner_epoch": 1, "train_loss": 1.4050251413226127, "grad_norm": 1.3773295879364014, "test_error": 0.5284}, {"outer_epoch": 223, "inner_epoch": 1, "train_loss": 1.456583214199543, "grad_norm": 2.8157811164855957, "test_error": 0.5615}, {"outer_epoch": 224, "inner_epoch": 1, "train_loss": 1.4540141638100148, "grad_norm": 0.99772709608078, "test_error": 0.5403}, {"outer_epoch": 225, "inner_epoch": 1, "train_loss": 1.4225745587587357, "grad_norm": 2.9792323112487793, "test_error": 0.5517}, {"outer_epoch": 226, "inner_epoch": 1, "train_loss": 1.4416837402582168, "grad_norm": 3.1700263023376465, "test_error": 0.545}, {"outer_epoch": 227, "inner_epoch": 1, "train_loss": 1.421543966639042, "grad_norm": 3.9943344593048096, "test_error": 0.5588}, {"outer_epoch": 228, "inner_epoch": 1, "train_loss": 1.4467043460369111, "grad_norm": 2.0993103981018066, "test_error": 0.5501}, {"outer_epoch": 229, "inner_epoch": 1, "train_loss": 1.4201776313960552, "grad_norm": 0.8652822971343994, "test_error": 0.5314}, {"outer_epoch": 230, "inner_epoch": 1, "train_loss": 1.3958270952939986, "grad_norm": 1.745358943939209, "test_error": 0.5364}, {"outer_epoch": 231, "inner_epoch": 1, "train_loss": 1.4153541356742383, "grad_norm": 1.3683819770812988, "test_error": 0.5328}, {"outer_epoch": 232, "inner_epoch": 1, "train_loss": 1.4088882550001145, "grad_norm": 2.351796865463257, "test_error": 0.5299}, {"outer_epoch": 233, "inner_epoch": 1, "train_loss": 1.415886456862092, "grad_norm": 1.317218542098999, "test_error": 0.528}, {"outer_epoch": 234, "inner_epoch": 1, "train_loss": 1.3931080742955209, "grad_norm": 1.4826382398605347, "test_error": 0.5248}, {"outer_epoch": 235, "inner_epoch": 1, "train_loss": 1.3899876023948192, "grad_norm": 1.4508769512176514, "test_error": 0.5334}, {"outer_epoch": 236, "inner_epoch": 1, "train_loss": 1.3925138949155806, "grad_norm": 2.6870150566101074, "test_error": 0.534}, {"outer_epoch": 237, "inner_epoch": 1, "train_loss": 1.4251693120718003, "grad_norm": 2.102782964706421, "test_error": 0.5299}, {"outer_epoch": 238, "inner_epoch": 1, "train_loss": 1.4065656681835652, "grad_norm": 2.0656638145446777, "test_error": 0.5415}, {"outer_epoch": 239, "inner_epoch": 1, "train_loss": 1.423004564845562, "grad_norm": 1.3746720552444458, "test_error": 0.5416}, {"outer_epoch": 240, "inner_epoch": 1, "train_loss": 1.4140308365106582, "grad_norm": 2.6827635765075684, "test_error": 0.545}, {"outer_epoch": 241, "inner_epoch": 1, "train_loss": 1.4360807323873044, "grad_norm": 3.754387617111206, "test_error": 0.5643}, {"outer_epoch": 242, "inner_epoch": 1, "train_loss": 1.4499318583965302, "grad_norm": 2.3292365074157715, "test_error": 0.5517}, {"outer_epoch": 243, "inner_epoch": 1, "train_loss": 1.426978382885456, "grad_norm": 1.441945195198059, "test_error": 0.5451}, {"outer_epoch": 244, "inner_epoch": 1, "train_loss": 1.4138654465198517, "grad_norm": 1.9452135562896729, "test_error": 0.5401}, {"outer_epoch": 245, "inner_epoch": 1, "train_loss": 1.4050552746355534, "grad_norm": 1.2508201599121094, "test_error": 0.5343}, {"outer_epoch": 246, "inner_epoch": 1, "train_loss": 1.4058547039330005, "grad_norm": 1.6623950004577637, "test_error": 0.5356}, {"outer_epoch": 247, "inner_epoch": 1, "train_loss": 1.41747848726511, "grad_norm": 3.072580337524414, "test_error": 0.5586}, {"outer_epoch": 248, "inner_epoch": 1, "train_loss": 1.4450483697772025, "grad_norm": 2.2792136669158936, "test_error": 0.5542}, {"outer_epoch": 249, "inner_epoch": 1, "train_loss": 1.4438509390830994, "grad_norm": 2.3837013244628906, "test_error": 0.5542}, {"outer_epoch": 250, "inner_epoch": 1, "train_loss": 1.4464453197360039, "grad_norm": 1.1608248949050903, "test_error": 0.5543}]}