{"argv": ["train.py", "--seed", "83", "--optimizer", "SVRG", "--run_name", "svrg_0.005.json", "--output_path", "experiments/nonconvex_cifar10/svrg-0.005.json", "--dataset", "CIFAR10", "--layer_sizes", "3072", "100", "10", "--batch_size", "10", "--learning_rate", "0.005", "--weight_decay", "0.001", "--warmup_learning_rate", "0.01", "--num_warmup_epochs", "10", "--num_outer_epochs", "250", "--num_inner_epochs", "1", "--device", "cuda"], "args": {"seed": 83, "optimizer": "SVRG", "run_name": "svrg_0.005.json", "output_path": "experiments/nonconvex_cifar10/svrg-0.005.json", "device": "cuda", "dataset": "CIFAR10", "dataset_root": "~/datasets/pytorch", "dataset_size": null, "download": false, "layer_sizes": [3072, 100, 10], "batch_size": 10, "test_batch_size": 256, "learning_rate": 0.005, "weight_decay": 0.001, "warmup_learning_rate": 0.01, "num_warmup_epochs": 10, "num_outer_epochs": 250, "num_inner_epochs": 1, "inner_epoch_fraction": null, "choose_random_iterate": false, "num_epochs": 10}, "metrics": [{"warmup_epoch": 1, "train_loss": 1.8772816695809365, "grad_norm": 1.330396056175232, "test_error": 0.6135}, {"warmup_epoch": 2, "train_loss": 1.702120511996746, "grad_norm": 1.505911946296692, "test_error": 0.5904}, {"warmup_epoch": 3, "train_loss": 1.6260027727365494, "grad_norm": 1.4280996322631836, "test_error": 0.5689}, {"warmup_epoch": 4, "train_loss": 1.5749987521529198, "grad_norm": 1.1521843671798706, "test_error": 0.5514}, {"warmup_epoch": 5, "train_loss": 1.5393459569334984, "grad_norm": 1.3207876682281494, "test_error": 0.5421}, {"warmup_epoch": 6, "train_loss": 1.513324132347107, "grad_norm": 1.1785192489624023, "test_error": 0.5364}, {"warmup_epoch": 7, "train_loss": 1.4920352176070213, "grad_norm": 1.9602423906326294, "test_error": 0.5568}, {"warmup_epoch": 8, "train_loss": 1.4741584265708922, "grad_norm": 1.6976767778396606, "test_error": 0.5361}, {"warmup_epoch": 9, "train_loss": 1.454667365592718, "grad_norm": 1.5695347785949707, "test_error": 0.5255}, {"warmup_epoch": 10, "train_loss": 1.4399748266875745, "grad_norm": 1.3209766149520874, "test_error": 0.5327}, {"outer_epoch": 1, "inner_epoch": 1, "train_loss": 1.3209977917194367, "grad_norm": 0.8293351531028748, "test_error": 0.4988}, {"outer_epoch": 2, "inner_epoch": 1, "train_loss": 1.2927987545013429, "grad_norm": 0.4157426059246063, "test_error": 0.4902}, {"outer_epoch": 3, "inner_epoch": 1, "train_loss": 1.2753712164759636, "grad_norm": 0.4079087972640991, "test_error": 0.4891}, {"outer_epoch": 4, "inner_epoch": 1, "train_loss": 1.2595746567547321, "grad_norm": 0.6042433381080627, "test_error": 0.4878}, {"outer_epoch": 5, "inner_epoch": 1, "train_loss": 1.2495178796172142, "grad_norm": 0.46797844767570496, "test_error": 0.4867}, {"outer_epoch": 6, "inner_epoch": 1, "train_loss": 1.2361038201391696, "grad_norm": 0.49529457092285156, "test_error": 0.4813}, {"outer_epoch": 7, "inner_epoch": 1, "train_loss": 1.2224008513331412, "grad_norm": 0.4977067708969116, "test_error": 0.4838}, {"outer_epoch": 8, "inner_epoch": 1, "train_loss": 1.213193373775482, "grad_norm": 0.7509063482284546, "test_error": 0.4826}, {"outer_epoch": 9, "inner_epoch": 1, "train_loss": 1.2027703673481942, "grad_norm": 0.8074333667755127, "test_error": 0.4831}, {"outer_epoch": 10, "inner_epoch": 1, "train_loss": 1.2020041542351245, "grad_norm": 0.8304843306541443, "test_error": 0.4806}, {"outer_epoch": 11, "inner_epoch": 1, "train_loss": 1.1900426986396313, "grad_norm": 0.5692367553710938, "test_error": 0.4796}, {"outer_epoch": 12, "inner_epoch": 1, "train_loss": 1.175598725426197, "grad_norm": 1.006492257118225, "test_error": 0.4788}, {"outer_epoch": 13, "inner_epoch": 1, "train_loss": 1.1725300011336803, "grad_norm": 0.82440584897995, "test_error": 0.4798}, {"outer_epoch": 14, "inner_epoch": 1, "train_loss": 1.1593974244087935, "grad_norm": 1.3205208778381348, "test_error": 0.4821}, {"outer_epoch": 15, "inner_epoch": 1, "train_loss": 1.1620086124956608, "grad_norm": 1.7811793088912964, "test_error": 0.4888}, {"outer_epoch": 16, "inner_epoch": 1, "train_loss": 1.155913789397478, "grad_norm": 1.17153799533844, "test_error": 0.4747}, {"outer_epoch": 17, "inner_epoch": 1, "train_loss": 1.1425440848231316, "grad_norm": 1.8220785856246948, "test_error": 0.4884}, {"outer_epoch": 18, "inner_epoch": 1, "train_loss": 1.1775887974083423, "grad_norm": 2.450147867202759, "test_error": 0.4952}, {"outer_epoch": 19, "inner_epoch": 1, "train_loss": 1.1694731558561324, "grad_norm": 1.2838190793991089, "test_error": 0.4789}, {"outer_epoch": 20, "inner_epoch": 1, "train_loss": 1.1644656972587109, "grad_norm": 3.9138362407684326, "test_error": 0.4991}, {"outer_epoch": 21, "inner_epoch": 1, "train_loss": 1.1566885778725147, "grad_norm": 1.6070467233657837, "test_error": 0.4851}, {"outer_epoch": 22, "inner_epoch": 1, "train_loss": 1.1397762607842683, "grad_norm": 1.4590003490447998, "test_error": 0.4834}, {"outer_epoch": 23, "inner_epoch": 1, "train_loss": 1.1486269576370716, "grad_norm": 1.716925859451294, "test_error": 0.4889}, {"outer_epoch": 24, "inner_epoch": 1, "train_loss": 1.1587096991896628, "grad_norm": 1.3139102458953857, "test_error": 0.4836}, {"outer_epoch": 25, "inner_epoch": 1, "train_loss": 1.1432717392385006, "grad_norm": 3.021820306777954, "test_error": 0.4933}, {"outer_epoch": 26, "inner_epoch": 1, "train_loss": 1.1447526357471942, "grad_norm": 2.82075572013855, "test_error": 0.4912}, {"outer_epoch": 27, "inner_epoch": 1, "train_loss": 1.1531140595138072, "grad_norm": 1.117940902709961, "test_error": 0.4848}, {"outer_epoch": 28, "inner_epoch": 1, "train_loss": 1.1178193153083325, "grad_norm": 2.2755794525146484, "test_error": 0.4869}, {"outer_epoch": 29, "inner_epoch": 1, "train_loss": 1.1260023982703686, "grad_norm": 1.8415706157684326, "test_error": 0.4798}, {"outer_epoch": 30, "inner_epoch": 1, "train_loss": 1.1280033671408891, "grad_norm": 1.3617911338806152, "test_error": 0.4924}, {"outer_epoch": 31, "inner_epoch": 1, "train_loss": 1.13145206746459, "grad_norm": 1.149985671043396, "test_error": 0.4906}, {"outer_epoch": 32, "inner_epoch": 1, "train_loss": 1.1187529531121254, "grad_norm": 1.9776363372802734, "test_error": 0.4909}, {"outer_epoch": 33, "inner_epoch": 1, "train_loss": 1.1524679781496525, "grad_norm": 2.444735050201416, "test_error": 0.4976}, {"outer_epoch": 34, "inner_epoch": 1, "train_loss": 1.1527423867762088, "grad_norm": 3.354001760482788, "test_error": 0.5051}, {"outer_epoch": 35, "inner_epoch": 1, "train_loss": 1.2011406810879708, "grad_norm": 3.1625659465789795, "test_error": 0.5097}, {"outer_epoch": 36, "inner_epoch": 1, "train_loss": 1.1684591445207595, "grad_norm": 1.8100956678390503, "test_error": 0.491}, {"outer_epoch": 37, "inner_epoch": 1, "train_loss": 1.1381953625619412, "grad_norm": 1.882716417312622, "test_error": 0.4883}, {"outer_epoch": 38, "inner_epoch": 1, "train_loss": 1.1444720492661, "grad_norm": 2.226269006729126, "test_error": 0.4891}, {"outer_epoch": 39, "inner_epoch": 1, "train_loss": 1.1168885851085186, "grad_norm": 2.3998396396636963, "test_error": 0.4896}, {"outer_epoch": 40, "inner_epoch": 1, "train_loss": 1.1041175427854062, "grad_norm": 1.8951411247253418, "test_error": 0.4809}, {"outer_epoch": 41, "inner_epoch": 1, "train_loss": 1.1038314606934785, "grad_norm": 1.6021549701690674, "test_error": 0.4821}, {"outer_epoch": 42, "inner_epoch": 1, "train_loss": 1.122487509316206, "grad_norm": 1.9652787446975708, "test_error": 0.4908}, {"outer_epoch": 43, "inner_epoch": 1, "train_loss": 1.112008822530508, "grad_norm": 1.5645477771759033, "test_error": 0.4946}, {"outer_epoch": 44, "inner_epoch": 1, "train_loss": 1.1277558157324792, "grad_norm": 2.7183046340942383, "test_error": 0.51}, {"outer_epoch": 45, "inner_epoch": 1, "train_loss": 1.1424485722839832, "grad_norm": 2.5073137283325195, "test_error": 0.5015}, {"outer_epoch": 46, "inner_epoch": 1, "train_loss": 1.1532759761214257, "grad_norm": 2.0349574089050293, "test_error": 0.5028}, {"outer_epoch": 47, "inner_epoch": 1, "train_loss": 1.1394891086101533, "grad_norm": 1.1428134441375732, "test_error": 0.4856}, {"outer_epoch": 48, "inner_epoch": 1, "train_loss": 1.1109542877554894, "grad_norm": 2.266035795211792, "test_error": 0.4958}, {"outer_epoch": 49, "inner_epoch": 1, "train_loss": 1.1328747410804034, "grad_norm": 2.1443939208984375, "test_error": 0.4907}, {"outer_epoch": 50, "inner_epoch": 1, "train_loss": 1.1091792187690734, "grad_norm": 2.1858603954315186, "test_error": 0.4916}, {"outer_epoch": 51, "inner_epoch": 1, "train_loss": 1.0937033466935158, "grad_norm": 1.1725857257843018, "test_error": 0.4895}, {"outer_epoch": 52, "inner_epoch": 1, "train_loss": 1.1248012197256088, "grad_norm": 4.5741496086120605, "test_error": 0.5126}, {"outer_epoch": 53, "inner_epoch": 1, "train_loss": 1.1655454594671726, "grad_norm": 2.9602832794189453, "test_error": 0.5028}, {"outer_epoch": 54, "inner_epoch": 1, "train_loss": 1.138147086006403, "grad_norm": 1.095962643623352, "test_error": 0.488}, {"outer_epoch": 55, "inner_epoch": 1, "train_loss": 1.1104227713227273, "grad_norm": 2.1436948776245117, "test_error": 0.488}, {"outer_epoch": 56, "inner_epoch": 1, "train_loss": 1.103029063230753, "grad_norm": 2.7244150638580322, "test_error": 0.4958}, {"outer_epoch": 57, "inner_epoch": 1, "train_loss": 1.1070089636802674, "grad_norm": 2.805826425552368, "test_error": 0.5003}, {"outer_epoch": 58, "inner_epoch": 1, "train_loss": 1.1164896574556828, "grad_norm": 2.1211836338043213, "test_error": 0.5018}, {"outer_epoch": 59, "inner_epoch": 1, "train_loss": 1.1229099084496499, "grad_norm": 1.500058650970459, "test_error": 0.495}, {"outer_epoch": 60, "inner_epoch": 1, "train_loss": 1.1192608079373836, "grad_norm": 1.9683094024658203, "test_error": 0.4919}, {"outer_epoch": 61, "inner_epoch": 1, "train_loss": 1.1088938437521458, "grad_norm": 3.555044412612915, "test_error": 0.5152}, {"outer_epoch": 62, "inner_epoch": 1, "train_loss": 1.1524137497127056, "grad_norm": 2.477581739425659, "test_error": 0.4974}, {"outer_epoch": 63, "inner_epoch": 1, "train_loss": 1.118287432128191, "grad_norm": 2.1591265201568604, "test_error": 0.4895}, {"outer_epoch": 64, "inner_epoch": 1, "train_loss": 1.0901842533677817, "grad_norm": 0.9249719977378845, "test_error": 0.4828}, {"outer_epoch": 65, "inner_epoch": 1, "train_loss": 1.0715065154254437, "grad_norm": 1.60454261302948, "test_error": 0.4836}, {"outer_epoch": 66, "inner_epoch": 1, "train_loss": 1.0729165496736766, "grad_norm": 1.8958208560943604, "test_error": 0.4912}, {"outer_epoch": 67, "inner_epoch": 1, "train_loss": 1.088162425583601, "grad_norm": 2.7344324588775635, "test_error": 0.4963}, {"outer_epoch": 68, "inner_epoch": 1, "train_loss": 1.0916155450940133, "grad_norm": 3.3540663719177246, "test_error": 0.5059}, {"outer_epoch": 69, "inner_epoch": 1, "train_loss": 1.1415146059930326, "grad_norm": 2.6966004371643066, "test_error": 0.5037}, {"outer_epoch": 70, "inner_epoch": 1, "train_loss": 1.1225408877789975, "grad_norm": 2.1291422843933105, "test_error": 0.4974}, {"outer_epoch": 71, "inner_epoch": 1, "train_loss": 1.0951538055121899, "grad_norm": 3.0371224880218506, "test_error": 0.4941}, {"outer_epoch": 72, "inner_epoch": 1, "train_loss": 1.0942762355148792, "grad_norm": 2.6245973110198975, "test_error": 0.4914}, {"outer_epoch": 73, "inner_epoch": 1, "train_loss": 1.0833891537308693, "grad_norm": 2.4952075481414795, "test_error": 0.492}, {"outer_epoch": 74, "inner_epoch": 1, "train_loss": 1.085736701709032, "grad_norm": 2.65568470954895, "test_error": 0.4962}, {"outer_epoch": 75, "inner_epoch": 1, "train_loss": 1.088773438334465, "grad_norm": 2.3806843757629395, "test_error": 0.4871}, {"outer_epoch": 76, "inner_epoch": 1, "train_loss": 1.1235259049892425, "grad_norm": 2.767364263534546, "test_error": 0.5042}, {"outer_epoch": 77, "inner_epoch": 1, "train_loss": 1.1045970492124557, "grad_norm": 2.610469341278076, "test_error": 0.4989}, {"outer_epoch": 78, "inner_epoch": 1, "train_loss": 1.1013202825576067, "grad_norm": 1.6306300163269043, "test_error": 0.4882}, {"outer_epoch": 79, "inner_epoch": 1, "train_loss": 1.0693341705441475, "grad_norm": 2.5694568157196045, "test_error": 0.4908}, {"outer_epoch": 80, "inner_epoch": 1, "train_loss": 1.0587331529557704, "grad_norm": 2.1280088424682617, "test_error": 0.4978}, {"outer_epoch": 81, "inner_epoch": 1, "train_loss": 1.083216548961401, "grad_norm": 3.6260838508605957, "test_error": 0.4991}, {"outer_epoch": 82, "inner_epoch": 1, "train_loss": 1.1171342545568943, "grad_norm": 2.939131259918213, "test_error": 0.5084}, {"outer_epoch": 83, "inner_epoch": 1, "train_loss": 1.1129254867970944, "grad_norm": 2.519047498703003, "test_error": 0.5046}, {"outer_epoch": 84, "inner_epoch": 1, "train_loss": 1.1463308658748865, "grad_norm": 2.641709566116333, "test_error": 0.5051}, {"outer_epoch": 85, "inner_epoch": 1, "train_loss": 1.142420447307825, "grad_norm": 5.094517707824707, "test_error": 0.5223}, {"outer_epoch": 86, "inner_epoch": 1, "train_loss": 1.1373632213115692, "grad_norm": 3.133014440536499, "test_error": 0.5121}, {"outer_epoch": 87, "inner_epoch": 1, "train_loss": 1.1629571903705598, "grad_norm": 3.631087303161621, "test_error": 0.5263}, {"outer_epoch": 88, "inner_epoch": 1, "train_loss": 1.1598864296257496, "grad_norm": 3.8456926345825195, "test_error": 0.5076}, {"outer_epoch": 89, "inner_epoch": 1, "train_loss": 1.1505921670436858, "grad_norm": 3.811981439590454, "test_error": 0.5224}, {"outer_epoch": 90, "inner_epoch": 1, "train_loss": 1.1682029265612364, "grad_norm": 1.911187767982483, "test_error": 0.5097}, {"outer_epoch": 91, "inner_epoch": 1, "train_loss": 1.135345951271057, "grad_norm": 3.2037298679351807, "test_error": 0.5145}, {"outer_epoch": 92, "inner_epoch": 1, "train_loss": 1.1499364366412164, "grad_norm": 1.738825798034668, "test_error": 0.4987}, {"outer_epoch": 93, "inner_epoch": 1, "train_loss": 1.1199815000236035, "grad_norm": 1.8948575258255005, "test_error": 0.496}, {"outer_epoch": 94, "inner_epoch": 1, "train_loss": 1.1057826196849345, "grad_norm": 2.7234926223754883, "test_error": 0.5013}, {"outer_epoch": 95, "inner_epoch": 1, "train_loss": 1.1169464620888234, "grad_norm": 2.0300400257110596, "test_error": 0.4998}, {"outer_epoch": 96, "inner_epoch": 1, "train_loss": 1.1193211311101914, "grad_norm": 1.407525658607483, "test_error": 0.4908}, {"outer_epoch": 97, "inner_epoch": 1, "train_loss": 1.0945416513085364, "grad_norm": 1.2321691513061523, "test_error": 0.491}, {"outer_epoch": 98, "inner_epoch": 1, "train_loss": 1.0755737653970718, "grad_norm": 1.6222065687179565, "test_error": 0.4878}, {"outer_epoch": 99, "inner_epoch": 1, "train_loss": 1.081998122692108, "grad_norm": 2.0020084381103516, "test_error": 0.4958}, {"outer_epoch": 100, "inner_epoch": 1, "train_loss": 1.1024738754719496, "grad_norm": 1.9655554294586182, "test_error": 0.4914}, {"outer_epoch": 101, "inner_epoch": 1, "train_loss": 1.0839997118949891, "grad_norm": 2.5189003944396973, "test_error": 0.5032}, {"outer_epoch": 102, "inner_epoch": 1, "train_loss": 1.0952352095246316, "grad_norm": 2.7728500366210938, "test_error": 0.4954}, {"outer_epoch": 103, "inner_epoch": 1, "train_loss": 1.1024168083786965, "grad_norm": 5.621368885040283, "test_error": 0.5305}, {"outer_epoch": 104, "inner_epoch": 1, "train_loss": 1.1936834346592426, "grad_norm": 2.4462311267852783, "test_error": 0.5159}, {"outer_epoch": 105, "inner_epoch": 1, "train_loss": 1.1677709072053433, "grad_norm": 2.1389453411102295, "test_error": 0.5058}, {"outer_epoch": 106, "inner_epoch": 1, "train_loss": 1.155136496990919, "grad_norm": 2.582904815673828, "test_error": 0.4939}, {"outer_epoch": 107, "inner_epoch": 1, "train_loss": 1.111744395506382, "grad_norm": 1.613525152206421, "test_error": 0.495}, {"outer_epoch": 108, "inner_epoch": 1, "train_loss": 1.1054650697648525, "grad_norm": 1.699475884437561, "test_error": 0.4954}, {"outer_epoch": 109, "inner_epoch": 1, "train_loss": 1.1045474073529244, "grad_norm": 2.2600293159484863, "test_error": 0.4941}, {"outer_epoch": 110, "inner_epoch": 1, "train_loss": 1.110372186511755, "grad_norm": 3.189976215362549, "test_error": 0.4968}, {"outer_epoch": 111, "inner_epoch": 1, "train_loss": 1.1371601496338843, "grad_norm": 2.0927205085754395, "test_error": 0.4943}, {"outer_epoch": 112, "inner_epoch": 1, "train_loss": 1.1115386532843112, "grad_norm": 2.5635147094726562, "test_error": 0.5019}, {"outer_epoch": 113, "inner_epoch": 1, "train_loss": 1.1283018087387084, "grad_norm": 2.2196691036224365, "test_error": 0.5015}, {"outer_epoch": 114, "inner_epoch": 1, "train_loss": 1.1328729972600937, "grad_norm": 2.1424496173858643, "test_error": 0.5045}, {"outer_epoch": 115, "inner_epoch": 1, "train_loss": 1.1195577774107457, "grad_norm": 3.5902345180511475, "test_error": 0.5054}, {"outer_epoch": 116, "inner_epoch": 1, "train_loss": 1.1450895498633384, "grad_norm": 2.708543062210083, "test_error": 0.5033}, {"outer_epoch": 117, "inner_epoch": 1, "train_loss": 1.1303983280837535, "grad_norm": 2.4279098510742188, "test_error": 0.5019}, {"outer_epoch": 118, "inner_epoch": 1, "train_loss": 1.1174206185221671, "grad_norm": 2.5144460201263428, "test_error": 0.5056}, {"outer_epoch": 119, "inner_epoch": 1, "train_loss": 1.1289202021300793, "grad_norm": 2.1147491931915283, "test_error": 0.5017}, {"outer_epoch": 120, "inner_epoch": 1, "train_loss": 1.106915789207816, "grad_norm": 2.399177312850952, "test_error": 0.505}, {"outer_epoch": 121, "inner_epoch": 1, "train_loss": 1.1262957925975323, "grad_norm": 2.1978962421417236, "test_error": 0.4981}, {"outer_epoch": 122, "inner_epoch": 1, "train_loss": 1.1101615328639747, "grad_norm": 2.767921209335327, "test_error": 0.4994}, {"outer_epoch": 123, "inner_epoch": 1, "train_loss": 1.1187660622060298, "grad_norm": 2.7628462314605713, "test_error": 0.5023}, {"outer_epoch": 124, "inner_epoch": 1, "train_loss": 1.1244911580443382, "grad_norm": 6.056834697723389, "test_error": 0.53}, {"outer_epoch": 125, "inner_epoch": 1, "train_loss": 1.1927400284945964, "grad_norm": 4.839656352996826, "test_error": 0.5401}, {"outer_epoch": 126, "inner_epoch": 1, "train_loss": 1.1724487754225732, "grad_norm": 3.338526487350464, "test_error": 0.5119}, {"outer_epoch": 127, "inner_epoch": 1, "train_loss": 1.159737313646078, "grad_norm": 2.9685471057891846, "test_error": 0.5047}, {"outer_epoch": 128, "inner_epoch": 1, "train_loss": 1.148967513769865, "grad_norm": 2.8767974376678467, "test_error": 0.509}, {"outer_epoch": 129, "inner_epoch": 1, "train_loss": 1.137368292015791, "grad_norm": 3.770735025405884, "test_error": 0.5087}, {"outer_epoch": 130, "inner_epoch": 1, "train_loss": 1.1473310161352157, "grad_norm": 2.29828143119812, "test_error": 0.5038}, {"outer_epoch": 131, "inner_epoch": 1, "train_loss": 1.1172366202056407, "grad_norm": 1.5007752180099487, "test_error": 0.4931}, {"outer_epoch": 132, "inner_epoch": 1, "train_loss": 1.1004122215926646, "grad_norm": 2.673006057739258, "test_error": 0.5015}, {"outer_epoch": 133, "inner_epoch": 1, "train_loss": 1.1232508403480053, "grad_norm": 5.549365520477295, "test_error": 0.5414}, {"outer_epoch": 134, "inner_epoch": 1, "train_loss": 1.2295793230295182, "grad_norm": 3.8892343044281006, "test_error": 0.5223}, {"outer_epoch": 135, "inner_epoch": 1, "train_loss": 1.178829321140051, "grad_norm": 2.0737221240997314, "test_error": 0.5115}, {"outer_epoch": 136, "inner_epoch": 1, "train_loss": 1.1635339279174806, "grad_norm": 1.5444875955581665, "test_error": 0.4965}, {"outer_epoch": 137, "inner_epoch": 1, "train_loss": 1.1362203909099102, "grad_norm": 3.0675830841064453, "test_error": 0.5093}, {"outer_epoch": 138, "inner_epoch": 1, "train_loss": 1.1371536085039378, "grad_norm": 3.468109369277954, "test_error": 0.5199}, {"outer_epoch": 139, "inner_epoch": 1, "train_loss": 1.1789069735467435, "grad_norm": 2.44524884223938, "test_error": 0.5158}, {"outer_epoch": 140, "inner_epoch": 1, "train_loss": 1.1567897326231003, "grad_norm": 2.1008145809173584, "test_error": 0.5098}, {"outer_epoch": 141, "inner_epoch": 1, "train_loss": 1.170271144104004, "grad_norm": 3.189718723297119, "test_error": 0.5122}, {"outer_epoch": 142, "inner_epoch": 1, "train_loss": 1.1669750388503075, "grad_norm": 3.178696632385254, "test_error": 0.5195}, {"outer_epoch": 143, "inner_epoch": 1, "train_loss": 1.176163063955307, "grad_norm": 2.0876340866088867, "test_error": 0.4987}, {"outer_epoch": 144, "inner_epoch": 1, "train_loss": 1.1316501828491687, "grad_norm": 2.9949569702148438, "test_error": 0.5014}, {"outer_epoch": 145, "inner_epoch": 1, "train_loss": 1.1280983296096325, "grad_norm": 1.6726595163345337, "test_error": 0.4919}, {"outer_epoch": 146, "inner_epoch": 1, "train_loss": 1.1028058022856713, "grad_norm": 3.182731866836548, "test_error": 0.5032}, {"outer_epoch": 147, "inner_epoch": 1, "train_loss": 1.12860858964324, "grad_norm": 3.4671924114227295, "test_error": 0.5061}, {"outer_epoch": 148, "inner_epoch": 1, "train_loss": 1.1237567926108838, "grad_norm": 1.675474762916565, "test_error": 0.4961}, {"outer_epoch": 149, "inner_epoch": 1, "train_loss": 1.1008284273147584, "grad_norm": 2.3196823596954346, "test_error": 0.4975}, {"outer_epoch": 150, "inner_epoch": 1, "train_loss": 1.1031931615412236, "grad_norm": 1.7612587213516235, "test_error": 0.4938}, {"outer_epoch": 151, "inner_epoch": 1, "train_loss": 1.1038418061733246, "grad_norm": 3.138805627822876, "test_error": 0.4968}, {"outer_epoch": 152, "inner_epoch": 1, "train_loss": 1.1206356018006802, "grad_norm": 2.892486572265625, "test_error": 0.5065}, {"outer_epoch": 153, "inner_epoch": 1, "train_loss": 1.1323132861435414, "grad_norm": 2.0189995765686035, "test_error": 0.4934}, {"outer_epoch": 154, "inner_epoch": 1, "train_loss": 1.0953251344501973, "grad_norm": 1.0313504934310913, "test_error": 0.4908}, {"outer_epoch": 155, "inner_epoch": 1, "train_loss": 1.0956351179540158, "grad_norm": 2.4981231689453125, "test_error": 0.5012}, {"outer_epoch": 156, "inner_epoch": 1, "train_loss": 1.109068712759018, "grad_norm": 2.619396686553955, "test_error": 0.4954}, {"outer_epoch": 157, "inner_epoch": 1, "train_loss": 1.10705295381546, "grad_norm": 3.990654945373535, "test_error": 0.5216}, {"outer_epoch": 158, "inner_epoch": 1, "train_loss": 1.146520186072588, "grad_norm": 1.3421233892440796, "test_error": 0.4976}, {"outer_epoch": 159, "inner_epoch": 1, "train_loss": 1.1225451505541801, "grad_norm": 1.613595962524414, "test_error": 0.4872}, {"outer_epoch": 160, "inner_epoch": 1, "train_loss": 1.1034027189970017, "grad_norm": 1.7020008563995361, "test_error": 0.4945}, {"outer_epoch": 161, "inner_epoch": 1, "train_loss": 1.12554087164402, "grad_norm": 1.9870028495788574, "test_error": 0.5042}, {"outer_epoch": 162, "inner_epoch": 1, "train_loss": 1.1511201310276986, "grad_norm": 7.03255033493042, "test_error": 0.5303}, {"outer_epoch": 163, "inner_epoch": 1, "train_loss": 1.2354703347951175, "grad_norm": 3.624498128890991, "test_error": 0.5262}, {"outer_epoch": 164, "inner_epoch": 1, "train_loss": 1.2081085944414138, "grad_norm": 2.9579927921295166, "test_error": 0.5165}, {"outer_epoch": 165, "inner_epoch": 1, "train_loss": 1.180816563618183, "grad_norm": 1.7660118341445923, "test_error": 0.4999}, {"outer_epoch": 166, "inner_epoch": 1, "train_loss": 1.1319539249241353, "grad_norm": 3.4923152923583984, "test_error": 0.5107}, {"outer_epoch": 167, "inner_epoch": 1, "train_loss": 1.1515873851954936, "grad_norm": 1.773100733757019, "test_error": 0.5037}, {"outer_epoch": 168, "inner_epoch": 1, "train_loss": 1.1479468352854252, "grad_norm": 1.8651649951934814, "test_error": 0.5053}, {"outer_epoch": 169, "inner_epoch": 1, "train_loss": 1.15555871489048, "grad_norm": 2.656254291534424, "test_error": 0.5019}, {"outer_epoch": 170, "inner_epoch": 1, "train_loss": 1.1356322996675967, "grad_norm": 2.7972774505615234, "test_error": 0.4978}, {"outer_epoch": 171, "inner_epoch": 1, "train_loss": 1.135606923520565, "grad_norm": 2.4214651584625244, "test_error": 0.5069}, {"outer_epoch": 172, "inner_epoch": 1, "train_loss": 1.1707898747086525, "grad_norm": 4.333227634429932, "test_error": 0.5257}, {"outer_epoch": 173, "inner_epoch": 1, "train_loss": 1.20710602979064, "grad_norm": 4.198105335235596, "test_error": 0.5086}, {"outer_epoch": 174, "inner_epoch": 1, "train_loss": 1.1643734893679618, "grad_norm": 2.135371446609497, "test_error": 0.5123}, {"outer_epoch": 175, "inner_epoch": 1, "train_loss": 1.1633037855684758, "grad_norm": 4.538047790527344, "test_error": 0.5164}, {"outer_epoch": 176, "inner_epoch": 1, "train_loss": 1.1914832448244095, "grad_norm": 2.994175434112549, "test_error": 0.5025}, {"outer_epoch": 177, "inner_epoch": 1, "train_loss": 1.1569053106963634, "grad_norm": 1.9599967002868652, "test_error": 0.5066}, {"outer_epoch": 178, "inner_epoch": 1, "train_loss": 1.1331964367955922, "grad_norm": 1.1774799823760986, "test_error": 0.4904}, {"outer_epoch": 179, "inner_epoch": 1, "train_loss": 1.1212959874391555, "grad_norm": 2.13106369972229, "test_error": 0.5052}, {"outer_epoch": 180, "inner_epoch": 1, "train_loss": 1.1572172866463661, "grad_norm": 2.1138362884521484, "test_error": 0.4943}, {"outer_epoch": 181, "inner_epoch": 1, "train_loss": 1.12147223020792, "grad_norm": 2.129307508468628, "test_error": 0.496}, {"outer_epoch": 182, "inner_epoch": 1, "train_loss": 1.1157194554567338, "grad_norm": 2.6493477821350098, "test_error": 0.4873}, {"outer_epoch": 183, "inner_epoch": 1, "train_loss": 1.1235282813161611, "grad_norm": 2.3906044960021973, "test_error": 0.4946}, {"outer_epoch": 184, "inner_epoch": 1, "train_loss": 1.1443310414552688, "grad_norm": 2.0180890560150146, "test_error": 0.4989}, {"outer_epoch": 185, "inner_epoch": 1, "train_loss": 1.1320304307699203, "grad_norm": 4.441722393035889, "test_error": 0.5007}, {"outer_epoch": 186, "inner_epoch": 1, "train_loss": 1.143304268193245, "grad_norm": 3.309224843978882, "test_error": 0.5}, {"outer_epoch": 187, "inner_epoch": 1, "train_loss": 1.1588200001031161, "grad_norm": 3.1589739322662354, "test_error": 0.5013}, {"outer_epoch": 188, "inner_epoch": 1, "train_loss": 1.1568285892784596, "grad_norm": 3.0542564392089844, "test_error": 0.5063}, {"outer_epoch": 189, "inner_epoch": 1, "train_loss": 1.1768114434033632, "grad_norm": 3.2948427200317383, "test_error": 0.5154}, {"outer_epoch": 190, "inner_epoch": 1, "train_loss": 1.1616108489066361, "grad_norm": 2.7927048206329346, "test_error": 0.5046}, {"outer_epoch": 191, "inner_epoch": 1, "train_loss": 1.156253789934516, "grad_norm": 1.7786099910736084, "test_error": 0.4963}, {"outer_epoch": 192, "inner_epoch": 1, "train_loss": 1.1434769345760345, "grad_norm": 1.3401508331298828, "test_error": 0.5052}, {"outer_epoch": 193, "inner_epoch": 1, "train_loss": 1.1596013858377934, "grad_norm": 2.4188928604125977, "test_error": 0.5098}, {"outer_epoch": 194, "inner_epoch": 1, "train_loss": 1.1670192502141, "grad_norm": 3.207754135131836, "test_error": 0.4981}, {"outer_epoch": 195, "inner_epoch": 1, "train_loss": 1.158563178986311, "grad_norm": 3.105520248413086, "test_error": 0.5162}, {"outer_epoch": 196, "inner_epoch": 1, "train_loss": 1.1432186314105988, "grad_norm": 6.0016255378723145, "test_error": 0.5317}, {"outer_epoch": 197, "inner_epoch": 1, "train_loss": 1.1776530649960042, "grad_norm": 3.145718812942505, "test_error": 0.5102}, {"outer_epoch": 198, "inner_epoch": 1, "train_loss": 1.1505798558801412, "grad_norm": 2.7128913402557373, "test_error": 0.5061}, {"outer_epoch": 199, "inner_epoch": 1, "train_loss": 1.141738263553381, "grad_norm": 3.662095308303833, "test_error": 0.5045}, {"outer_epoch": 200, "inner_epoch": 1, "train_loss": 1.1440221285521983, "grad_norm": 1.583605408668518, "test_error": 0.4956}, {"outer_epoch": 201, "inner_epoch": 1, "train_loss": 1.1127821619093419, "grad_norm": 4.239457130432129, "test_error": 0.5088}, {"outer_epoch": 202, "inner_epoch": 1, "train_loss": 1.1465682570755482, "grad_norm": 3.055431604385376, "test_error": 0.498}, {"outer_epoch": 203, "inner_epoch": 1, "train_loss": 1.1338702959179878, "grad_norm": 3.122249126434326, "test_error": 0.4943}, {"outer_epoch": 204, "inner_epoch": 1, "train_loss": 1.125225592815876, "grad_norm": 3.8694562911987305, "test_error": 0.4975}, {"outer_epoch": 205, "inner_epoch": 1, "train_loss": 1.1250992147386074, "grad_norm": 2.1112747192382812, "test_error": 0.4924}, {"outer_epoch": 206, "inner_epoch": 1, "train_loss": 1.1152923818469047, "grad_norm": 1.5721185207366943, "test_error": 0.49}, {"outer_epoch": 207, "inner_epoch": 1, "train_loss": 1.1076871414542198, "grad_norm": 3.2492668628692627, "test_error": 0.5208}, {"outer_epoch": 208, "inner_epoch": 1, "train_loss": 1.1743712961792945, "grad_norm": 4.168108940124512, "test_error": 0.5186}, {"outer_epoch": 209, "inner_epoch": 1, "train_loss": 1.1459331608384848, "grad_norm": 2.3996336460113525, "test_error": 0.4975}, {"outer_epoch": 210, "inner_epoch": 1, "train_loss": 1.1144352398723363, "grad_norm": 4.544600009918213, "test_error": 0.5142}, {"outer_epoch": 211, "inner_epoch": 1, "train_loss": 1.130972269719839, "grad_norm": 2.7030251026153564, "test_error": 0.5033}, {"outer_epoch": 212, "inner_epoch": 1, "train_loss": 1.1062093846559524, "grad_norm": 2.6209988594055176, "test_error": 0.504}, {"outer_epoch": 213, "inner_epoch": 1, "train_loss": 1.1262783125281335, "grad_norm": 2.903588056564331, "test_error": 0.512}, {"outer_epoch": 214, "inner_epoch": 1, "train_loss": 1.1211645595252513, "grad_norm": 2.766085147857666, "test_error": 0.5007}, {"outer_epoch": 215, "inner_epoch": 1, "train_loss": 1.105172064679861, "grad_norm": 3.5229499340057373, "test_error": 0.4978}, {"outer_epoch": 216, "inner_epoch": 1, "train_loss": 1.1207884480148553, "grad_norm": 3.6155991554260254, "test_error": 0.5065}, {"outer_epoch": 217, "inner_epoch": 1, "train_loss": 1.1326026717424393, "grad_norm": 2.472017526626587, "test_error": 0.504}, {"outer_epoch": 218, "inner_epoch": 1, "train_loss": 1.1281503690838814, "grad_norm": 3.03653883934021, "test_error": 0.5087}, {"outer_epoch": 219, "inner_epoch": 1, "train_loss": 1.1504712301820517, "grad_norm": 3.922961473464966, "test_error": 0.5148}, {"outer_epoch": 220, "inner_epoch": 1, "train_loss": 1.1439987486720085, "grad_norm": 2.316624164581299, "test_error": 0.4972}, {"outer_epoch": 221, "inner_epoch": 1, "train_loss": 1.1293441720247268, "grad_norm": 2.6146509647369385, "test_error": 0.4985}, {"outer_epoch": 222, "inner_epoch": 1, "train_loss": 1.1057309446632861, "grad_norm": 3.893594980239868, "test_error": 0.5038}, {"outer_epoch": 223, "inner_epoch": 1, "train_loss": 1.144181403851509, "grad_norm": 2.9094643592834473, "test_error": 0.4987}, {"outer_epoch": 224, "inner_epoch": 1, "train_loss": 1.1164345564007758, "grad_norm": 3.6707162857055664, "test_error": 0.5211}, {"outer_epoch": 225, "inner_epoch": 1, "train_loss": 1.1410750905573368, "grad_norm": 3.0113604068756104, "test_error": 0.4989}, {"outer_epoch": 226, "inner_epoch": 1, "train_loss": 1.1179162250995636, "grad_norm": 3.141261577606201, "test_error": 0.4982}, {"outer_epoch": 227, "inner_epoch": 1, "train_loss": 1.1183543170511723, "grad_norm": 2.299361228942871, "test_error": 0.4984}, {"outer_epoch": 228, "inner_epoch": 1, "train_loss": 1.1377919885903598, "grad_norm": 2.859341859817505, "test_error": 0.516}, {"outer_epoch": 229, "inner_epoch": 1, "train_loss": 1.1701680029153825, "grad_norm": 3.1857643127441406, "test_error": 0.5157}, {"outer_epoch": 230, "inner_epoch": 1, "train_loss": 1.1409513266265392, "grad_norm": 3.2344777584075928, "test_error": 0.5039}, {"outer_epoch": 231, "inner_epoch": 1, "train_loss": 1.1186592090904712, "grad_norm": 4.3552069664001465, "test_error": 0.5243}, {"outer_epoch": 232, "inner_epoch": 1, "train_loss": 1.1353683092445135, "grad_norm": 3.512519121170044, "test_error": 0.5155}, {"outer_epoch": 233, "inner_epoch": 1, "train_loss": 1.1428275695174932, "grad_norm": 1.7999699115753174, "test_error": 0.4999}, {"outer_epoch": 234, "inner_epoch": 1, "train_loss": 1.1268026967048645, "grad_norm": 2.5064735412597656, "test_error": 0.4937}, {"outer_epoch": 235, "inner_epoch": 1, "train_loss": 1.1181212797641755, "grad_norm": 3.9959800243377686, "test_error": 0.5101}, {"outer_epoch": 236, "inner_epoch": 1, "train_loss": 1.1403133473753928, "grad_norm": 3.4708688259124756, "test_error": 0.5193}, {"outer_epoch": 237, "inner_epoch": 1, "train_loss": 1.1446600750923157, "grad_norm": 5.535459041595459, "test_error": 0.5109}, {"outer_epoch": 238, "inner_epoch": 1, "train_loss": 1.1677660523355007, "grad_norm": 4.236517429351807, "test_error": 0.5112}, {"outer_epoch": 239, "inner_epoch": 1, "train_loss": 1.1428374531388283, "grad_norm": 2.4606270790100098, "test_error": 0.5081}, {"outer_epoch": 240, "inner_epoch": 1, "train_loss": 1.1413502240359783, "grad_norm": 2.178276777267456, "test_error": 0.5041}, {"outer_epoch": 241, "inner_epoch": 1, "train_loss": 1.1240284558802842, "grad_norm": 2.2952167987823486, "test_error": 0.5021}, {"outer_epoch": 242, "inner_epoch": 1, "train_loss": 1.1181737790614366, "grad_norm": 2.9842827320098877, "test_error": 0.4982}, {"outer_epoch": 243, "inner_epoch": 1, "train_loss": 1.1191324252545833, "grad_norm": 1.5747491121292114, "test_error": 0.4984}, {"outer_epoch": 244, "inner_epoch": 1, "train_loss": 1.1195518988072872, "grad_norm": 2.7161755561828613, "test_error": 0.4979}, {"outer_epoch": 245, "inner_epoch": 1, "train_loss": 1.1100369294524193, "grad_norm": 2.3138346672058105, "test_error": 0.4928}, {"outer_epoch": 246, "inner_epoch": 1, "train_loss": 1.1095973067641258, "grad_norm": 2.81502366065979, "test_error": 0.4965}, {"outer_epoch": 247, "inner_epoch": 1, "train_loss": 1.139256716993451, "grad_norm": 2.3297688961029053, "test_error": 0.4999}, {"outer_epoch": 248, "inner_epoch": 1, "train_loss": 1.1573585815250873, "grad_norm": 2.756948471069336, "test_error": 0.4997}, {"outer_epoch": 249, "inner_epoch": 1, "train_loss": 1.1285941449403762, "grad_norm": 3.366150379180908, "test_error": 0.4995}, {"outer_epoch": 250, "inner_epoch": 1, "train_loss": 1.1258677379518747, "grad_norm": 2.5049967765808105, "test_error": 0.5128}]}