{"argv": ["train.py", "--seed", "83", "--optimizer", "SVRG", "--run_name", "svrg_0.5.json", "--output_path", "experiments/nonconvex_cifar10/svrg-0.5.json", "--dataset", "CIFAR10", "--layer_sizes", "3072", "100", "10", "--batch_size", "10", "--learning_rate", "0.5", "--weight_decay", "0.001", "--warmup_learning_rate", "0.01", "--num_warmup_epochs", "10", "--num_outer_epochs", "250", "--num_inner_epochs", "1", "--device", "cuda"], "args": {"seed": 83, "optimizer": "SVRG", "run_name": "svrg_0.5.json", "output_path": "experiments/nonconvex_cifar10/svrg-0.5.json", "device": "cuda", "dataset": "CIFAR10", "dataset_root": "~/datasets/pytorch", "dataset_size": null, "download": false, "layer_sizes": [3072, 100, 10], "batch_size": 10, "test_batch_size": 256, "learning_rate": 0.5, "weight_decay": 0.001, "warmup_learning_rate": 0.01, "num_warmup_epochs": 10, "num_outer_epochs": 250, "num_inner_epochs": 1, "inner_epoch_fraction": null, "choose_random_iterate": false, "num_epochs": 10}, "metrics": [{"warmup_epoch": 1, "train_loss": 1.8772816695809365, "grad_norm": 1.330396056175232, "test_error": 0.6135}, {"warmup_epoch": 2, "train_loss": 1.702120511996746, "grad_norm": 1.505911946296692, "test_error": 0.5904}, {"warmup_epoch": 3, "train_loss": 1.6260027727365494, "grad_norm": 1.4280996322631836, "test_error": 0.5689}, {"warmup_epoch": 4, "train_loss": 1.5749987521529198, "grad_norm": 1.1521843671798706, "test_error": 0.5514}, {"warmup_epoch": 5, "train_loss": 1.5393459569334984, "grad_norm": 1.3207876682281494, "test_error": 0.5421}, {"warmup_epoch": 6, "train_loss": 1.513324132347107, "grad_norm": 1.1785192489624023, "test_error": 0.5364}, {"warmup_epoch": 7, "train_loss": 1.4920352176070213, "grad_norm": 1.9602423906326294, "test_error": 0.5568}, {"warmup_epoch": 8, "train_loss": 1.4741584265708922, "grad_norm": 1.6976767778396606, "test_error": 0.5361}, {"warmup_epoch": 9, "train_loss": 1.454667365592718, "grad_norm": 1.5695347785949707, "test_error": 0.5255}, {"warmup_epoch": 10, "train_loss": 1.4399748266875745, "grad_norm": 1.3209766149520874, "test_error": 0.5327}, {"outer_epoch": 1, "inner_epoch": 1, "train_loss": 2.881888233566284, "grad_norm": 0.020464671775698662, "test_error": 0.9}, {"outer_epoch": 2, "inner_epoch": 1, "train_loss": 2.3033215955257416, "grad_norm": 0.00022962180082686245, "test_error": 0.9}, {"outer_epoch": 3, "inner_epoch": 1, "train_loss": 2.3027304271698, "grad_norm": 5.105842774355551e-06, "test_error": 0.9}, {"outer_epoch": 4, "inner_epoch": 1, "train_loss": 2.3025852456092832, "grad_norm": 6.194557755634378e-08, "test_error": 0.9}, {"outer_epoch": 5, "inner_epoch": 1, "train_loss": 2.302585301589966, "grad_norm": 2.782767438702649e-08, "test_error": 0.9}, {"outer_epoch": 6, "inner_epoch": 1, "train_loss": 2.3025853527545928, "grad_norm": 6.88472354681835e-08, "test_error": 0.9}, {"outer_epoch": 7, "inner_epoch": 1, "train_loss": 2.302585278701782, "grad_norm": 3.554035288289015e-08, "test_error": 0.9}, {"outer_epoch": 8, "inner_epoch": 1, "train_loss": 2.3025853042125703, "grad_norm": 1.5643195183656644e-08, "test_error": 0.9}, {"outer_epoch": 9, "inner_epoch": 1, "train_loss": 2.3025853238105776, "grad_norm": 1.8731464379584395e-08, "test_error": 0.9}, {"outer_epoch": 10, "inner_epoch": 1, "train_loss": 2.3025852417945862, "grad_norm": 2.717316860412211e-08, "test_error": 0.9}, {"outer_epoch": 11, "inner_epoch": 1, "train_loss": 2.3025852075099946, "grad_norm": 2.4386311636703795e-08, "test_error": 0.9}, {"outer_epoch": 12, "inner_epoch": 1, "train_loss": 2.302585221862793, "grad_norm": 3.291458483545284e-08, "test_error": 0.9}, {"outer_epoch": 13, "inner_epoch": 1, "train_loss": 2.302585282421112, "grad_norm": 3.312731422511206e-08, "test_error": 0.9}, {"outer_epoch": 14, "inner_epoch": 1, "train_loss": 2.3025853167533876, "grad_norm": 2.1498312463563707e-08, "test_error": 0.9}, {"outer_epoch": 15, "inner_epoch": 1, "train_loss": 2.3025853546142576, "grad_norm": 9.578394966069936e-09, "test_error": 0.9}, {"outer_epoch": 16, "inner_epoch": 1, "train_loss": 2.3025853036880495, "grad_norm": 4.0887556451707496e-08, "test_error": 0.9}, {"outer_epoch": 17, "inner_epoch": 1, "train_loss": 2.3025853526592255, "grad_norm": 1.6899843302553563e-08, "test_error": 0.9}, {"outer_epoch": 18, "inner_epoch": 1, "train_loss": 2.302585341453552, "grad_norm": 1.4168817230597597e-08, "test_error": 0.9}, {"outer_epoch": 19, "inner_epoch": 1, "train_loss": 2.302585340166092, "grad_norm": 1.2334474774888804e-08, "test_error": 0.9}, {"outer_epoch": 20, "inner_epoch": 1, "train_loss": 2.302585349941254, "grad_norm": 2.7220300680141918e-08, "test_error": 0.9}, {"outer_epoch": 21, "inner_epoch": 1, "train_loss": 2.302585311126709, "grad_norm": 3.335774323431906e-08, "test_error": 0.9}, {"outer_epoch": 22, "inner_epoch": 1, "train_loss": 2.3025853605270385, "grad_norm": 2.1069290312425437e-08, "test_error": 0.9}, {"outer_epoch": 23, "inner_epoch": 1, "train_loss": 2.3025853513240815, "grad_norm": 3.21693427451919e-08, "test_error": 0.9}, {"outer_epoch": 24, "inner_epoch": 1, "train_loss": 2.3025853437900543, "grad_norm": 3.987916130654412e-08, "test_error": 0.9}, {"outer_epoch": 25, "inner_epoch": 1, "train_loss": 2.3025853576660156, "grad_norm": 2.8599094648029677e-08, "test_error": 0.9}, {"outer_epoch": 26, "inner_epoch": 1, "train_loss": 2.3025853546142576, "grad_norm": 3.0035238296477473e-08, "test_error": 0.9}, {"outer_epoch": 27, "inner_epoch": 1, "train_loss": 2.302585355424881, "grad_norm": 3.1880457385113914e-08, "test_error": 0.9}, {"outer_epoch": 28, "inner_epoch": 1, "train_loss": 2.302585343837738, "grad_norm": 3.0515764137817314e-08, "test_error": 0.9}, {"outer_epoch": 29, "inner_epoch": 1, "train_loss": 2.3025852178573607, "grad_norm": 2.850403824083969e-08, "test_error": 0.9}, {"outer_epoch": 30, "inner_epoch": 1, "train_loss": 2.3025852528095245, "grad_norm": 2.6700861965878175e-08, "test_error": 0.9}, {"outer_epoch": 31, "inner_epoch": 1, "train_loss": 2.302585267877579, "grad_norm": 2.5328400710122878e-08, "test_error": 0.9}, {"outer_epoch": 32, "inner_epoch": 1, "train_loss": 2.3025852812290193, "grad_norm": 4.268007813834629e-08, "test_error": 0.9}, {"outer_epoch": 33, "inner_epoch": 1, "train_loss": 2.302585318279266, "grad_norm": 3.103747658883549e-08, "test_error": 0.9}, {"outer_epoch": 34, "inner_epoch": 1, "train_loss": 2.302585174560547, "grad_norm": 3.349137145391978e-08, "test_error": 0.9}, {"outer_epoch": 35, "inner_epoch": 1, "train_loss": 2.3025852241039275, "grad_norm": 2.4086297401026968e-08, "test_error": 0.9}, {"outer_epoch": 36, "inner_epoch": 1, "train_loss": 2.302585297203064, "grad_norm": 3.1820444945651616e-08, "test_error": 0.9}, {"outer_epoch": 37, "inner_epoch": 1, "train_loss": 2.30258527340889, "grad_norm": 3.086142541519621e-08, "test_error": 0.9}, {"outer_epoch": 38, "inner_epoch": 1, "train_loss": 2.302585278511047, "grad_norm": 3.460456099446674e-08, "test_error": 0.9}, {"outer_epoch": 39, "inner_epoch": 1, "train_loss": 2.302585356378555, "grad_norm": 3.6366472500048985e-08, "test_error": 0.9}, {"outer_epoch": 40, "inner_epoch": 1, "train_loss": 2.302585352897644, "grad_norm": 3.488006683483036e-08, "test_error": 0.9}, {"outer_epoch": 41, "inner_epoch": 1, "train_loss": 2.3025853535175322, "grad_norm": 3.283387428609785e-08, "test_error": 0.9}, {"outer_epoch": 42, "inner_epoch": 1, "train_loss": 2.3025853633880615, "grad_norm": 4.253568874901248e-08, "test_error": 0.9}, {"outer_epoch": 43, "inner_epoch": 1, "train_loss": 2.3025853339672087, "grad_norm": 3.0025962161062125e-08, "test_error": 0.9}, {"outer_epoch": 44, "inner_epoch": 1, "train_loss": 2.3025853622436525, "grad_norm": 2.9031591353145814e-08, "test_error": 0.9}, {"outer_epoch": 45, "inner_epoch": 1, "train_loss": 2.302585327243805, "grad_norm": 3.8482877329215626e-08, "test_error": 0.9}, {"outer_epoch": 46, "inner_epoch": 1, "train_loss": 2.3025853259563447, "grad_norm": 2.212289018643787e-08, "test_error": 0.9}, {"outer_epoch": 47, "inner_epoch": 1, "train_loss": 2.302585318374634, "grad_norm": 1.6032464245085976e-08, "test_error": 0.9}, {"outer_epoch": 48, "inner_epoch": 1, "train_loss": 2.302585308599472, "grad_norm": 1.9022458275230747e-08, "test_error": 0.9}, {"outer_epoch": 49, "inner_epoch": 1, "train_loss": 2.3025853012561797, "grad_norm": 3.119640723525663e-08, "test_error": 0.9}, {"outer_epoch": 50, "inner_epoch": 1, "train_loss": 2.302585359144211, "grad_norm": 2.249327124559386e-08, "test_error": 0.9}, {"outer_epoch": 51, "inner_epoch": 1, "train_loss": 2.302585363340378, "grad_norm": 3.303375351038085e-08, "test_error": 0.9}, {"outer_epoch": 52, "inner_epoch": 1, "train_loss": 2.3025853633880615, "grad_norm": 1.754879086490746e-08, "test_error": 0.9}, {"outer_epoch": 53, "inner_epoch": 1, "train_loss": 2.302585321235657, "grad_norm": 1.904664514995602e-08, "test_error": 0.9}, {"outer_epoch": 54, "inner_epoch": 1, "train_loss": 2.3025853246688843, "grad_norm": 4.6857543622991216e-08, "test_error": 0.9}, {"outer_epoch": 55, "inner_epoch": 1, "train_loss": 2.30258535656929, "grad_norm": 2.9618597352509823e-08, "test_error": 0.9}, {"outer_epoch": 56, "inner_epoch": 1, "train_loss": 2.30258535528183, "grad_norm": 3.36003154188802e-08, "test_error": 0.9}, {"outer_epoch": 57, "inner_epoch": 1, "train_loss": 2.3025853058338166, "grad_norm": 3.427700079328133e-08, "test_error": 0.9}, {"outer_epoch": 58, "inner_epoch": 1, "train_loss": 2.302585355234146, "grad_norm": 3.061031250695123e-08, "test_error": 0.9}, {"outer_epoch": 59, "inner_epoch": 1, "train_loss": 2.3025853555202485, "grad_norm": 1.5486786963947452e-08, "test_error": 0.9}, {"outer_epoch": 60, "inner_epoch": 1, "train_loss": 2.3025853573799133, "grad_norm": 2.5795523939109444e-08, "test_error": 0.9}, {"outer_epoch": 61, "inner_epoch": 1, "train_loss": 2.302585359239578, "grad_norm": 2.0850448478881844e-08, "test_error": 0.9}, {"outer_epoch": 62, "inner_epoch": 1, "train_loss": 2.3025853633880615, "grad_norm": 2.9191665973371528e-08, "test_error": 0.9}, {"outer_epoch": 63, "inner_epoch": 1, "train_loss": 2.302585357761383, "grad_norm": 2.055783454579796e-08, "test_error": 0.9}, {"outer_epoch": 64, "inner_epoch": 1, "train_loss": 2.3025852890968324, "grad_norm": 3.440366214135793e-08, "test_error": 0.9}, {"outer_epoch": 65, "inner_epoch": 1, "train_loss": 2.30258527340889, "grad_norm": 2.2202989669040107e-08, "test_error": 0.9}, {"outer_epoch": 66, "inner_epoch": 1, "train_loss": 2.30258531999588, "grad_norm": 5.144205772467103e-08, "test_error": 0.9}, {"outer_epoch": 67, "inner_epoch": 1, "train_loss": 2.302585371923447, "grad_norm": 3.066083920089113e-08, "test_error": 0.9}, {"outer_epoch": 68, "inner_epoch": 1, "train_loss": 2.3025853633880615, "grad_norm": 2.9304128901230797e-08, "test_error": 0.9}, {"outer_epoch": 69, "inner_epoch": 1, "train_loss": 2.3025853576660156, "grad_norm": 3.839380013914706e-08, "test_error": 0.9}, {"outer_epoch": 70, "inner_epoch": 1, "train_loss": 2.3025853517532346, "grad_norm": 2.4565613543359177e-08, "test_error": 0.9}, {"outer_epoch": 71, "inner_epoch": 1, "train_loss": 2.3025852928638457, "grad_norm": 3.667481607294576e-08, "test_error": 0.9}, {"outer_epoch": 72, "inner_epoch": 1, "train_loss": 2.3025852449417115, "grad_norm": 2.6819638065944673e-08, "test_error": 0.9}, {"outer_epoch": 73, "inner_epoch": 1, "train_loss": 2.3025852550506594, "grad_norm": 2.6457401602897335e-08, "test_error": 0.9}, {"outer_epoch": 74, "inner_epoch": 1, "train_loss": 2.3025853075027465, "grad_norm": 8.918402905067069e-09, "test_error": 0.9}, {"outer_epoch": 75, "inner_epoch": 1, "train_loss": 2.302585267305374, "grad_norm": 3.272145931987325e-08, "test_error": 0.9}, {"outer_epoch": 76, "inner_epoch": 1, "train_loss": 2.302585239267349, "grad_norm": 3.222235278599328e-08, "test_error": 0.9}, {"outer_epoch": 77, "inner_epoch": 1, "train_loss": 2.302585316133499, "grad_norm": 2.3437953799998468e-08, "test_error": 0.9}, {"outer_epoch": 78, "inner_epoch": 1, "train_loss": 2.302585248374939, "grad_norm": 2.5182538720969205e-08, "test_error": 0.9}, {"outer_epoch": 79, "inner_epoch": 1, "train_loss": 2.3025852789878845, "grad_norm": 2.0445503068344806e-08, "test_error": 0.9}, {"outer_epoch": 80, "inner_epoch": 1, "train_loss": 2.302585280656815, "grad_norm": 3.1389859600494674e-08, "test_error": 0.9}, {"outer_epoch": 81, "inner_epoch": 1, "train_loss": 2.302585308074951, "grad_norm": 3.508208124003431e-08, "test_error": 0.9}, {"outer_epoch": 82, "inner_epoch": 1, "train_loss": 2.302585266494751, "grad_norm": 2.3305176455323817e-08, "test_error": 0.9}, {"outer_epoch": 83, "inner_epoch": 1, "train_loss": 2.3025852894306182, "grad_norm": 1.6530561808281163e-08, "test_error": 0.9}, {"outer_epoch": 84, "inner_epoch": 1, "train_loss": 2.302585293865204, "grad_norm": 3.315459551345157e-08, "test_error": 0.9}, {"outer_epoch": 85, "inner_epoch": 1, "train_loss": 2.3025853454113006, "grad_norm": 3.5372419660006926e-08, "test_error": 0.9}, {"outer_epoch": 86, "inner_epoch": 1, "train_loss": 2.3025852514743805, "grad_norm": 3.2334295241298605e-08, "test_error": 0.9}, {"outer_epoch": 87, "inner_epoch": 1, "train_loss": 2.302585298681259, "grad_norm": 3.21631077326856e-08, "test_error": 0.9}, {"outer_epoch": 88, "inner_epoch": 1, "train_loss": 2.302585293149948, "grad_norm": 3.943312876231175e-08, "test_error": 0.9}, {"outer_epoch": 89, "inner_epoch": 1, "train_loss": 2.302585358953476, "grad_norm": 4.0229647169098826e-08, "test_error": 0.9}, {"outer_epoch": 90, "inner_epoch": 1, "train_loss": 2.3025853192329406, "grad_norm": 2.1172374076172673e-08, "test_error": 0.9}, {"outer_epoch": 91, "inner_epoch": 1, "train_loss": 2.3025853132247924, "grad_norm": 2.9640721876944554e-08, "test_error": 0.9}, {"outer_epoch": 92, "inner_epoch": 1, "train_loss": 2.3025853224754336, "grad_norm": 4.557046295872169e-08, "test_error": 0.9}, {"outer_epoch": 93, "inner_epoch": 1, "train_loss": 2.3025853555202485, "grad_norm": 3.1975499581449185e-08, "test_error": 0.9}, {"outer_epoch": 94, "inner_epoch": 1, "train_loss": 2.3025853090286255, "grad_norm": 1.7973762922451897e-08, "test_error": 0.9}, {"outer_epoch": 95, "inner_epoch": 1, "train_loss": 2.3025852722644804, "grad_norm": 1.4721391217165092e-08, "test_error": 0.9}, {"outer_epoch": 96, "inner_epoch": 1, "train_loss": 2.302585346031189, "grad_norm": 2.38883490766284e-08, "test_error": 0.9}, {"outer_epoch": 97, "inner_epoch": 1, "train_loss": 2.3025853553295135, "grad_norm": 2.4150095256914028e-08, "test_error": 0.9}, {"outer_epoch": 98, "inner_epoch": 1, "train_loss": 2.3025851855278017, "grad_norm": 2.301887569444716e-08, "test_error": 0.9}, {"outer_epoch": 99, "inner_epoch": 1, "train_loss": 2.302585296010971, "grad_norm": 3.670452741744157e-08, "test_error": 0.9}, {"outer_epoch": 100, "inner_epoch": 1, "train_loss": 2.302585358142853, "grad_norm": 2.5795658942229238e-08, "test_error": 0.9}, {"outer_epoch": 101, "inner_epoch": 1, "train_loss": 2.3025853617191316, "grad_norm": 3.6974888928398286e-08, "test_error": 0.9}, {"outer_epoch": 102, "inner_epoch": 1, "train_loss": 2.302585354948044, "grad_norm": 3.47576900594504e-08, "test_error": 0.9}, {"outer_epoch": 103, "inner_epoch": 1, "train_loss": 2.3025853633880615, "grad_norm": 2.492976314272255e-08, "test_error": 0.9}, {"outer_epoch": 104, "inner_epoch": 1, "train_loss": 2.302585355424881, "grad_norm": 3.240234391910235e-08, "test_error": 0.9}, {"outer_epoch": 105, "inner_epoch": 1, "train_loss": 2.3025853617191316, "grad_norm": 3.0431586139911815e-08, "test_error": 0.9}, {"outer_epoch": 106, "inner_epoch": 1, "train_loss": 2.3025853633880615, "grad_norm": 3.056180020166721e-08, "test_error": 0.9}, {"outer_epoch": 107, "inner_epoch": 1, "train_loss": 2.3025853633880615, "grad_norm": 4.650063090139156e-08, "test_error": 0.9}, {"outer_epoch": 108, "inner_epoch": 1, "train_loss": 2.3025853633880615, "grad_norm": 3.514771762525015e-08, "test_error": 0.9}, {"outer_epoch": 109, "inner_epoch": 1, "train_loss": 2.3025853641986846, "grad_norm": 5.794487023536021e-08, "test_error": 0.9}, {"outer_epoch": 110, "inner_epoch": 1, "train_loss": 2.302585325908661, "grad_norm": 2.3958884654007306e-08, "test_error": 0.9}, {"outer_epoch": 111, "inner_epoch": 1, "train_loss": 2.302585356616974, "grad_norm": 2.8382265426785125e-08, "test_error": 0.9}, {"outer_epoch": 112, "inner_epoch": 1, "train_loss": 2.3025853519439696, "grad_norm": 3.346614008137294e-08, "test_error": 0.9}, {"outer_epoch": 113, "inner_epoch": 1, "train_loss": 2.302585353755951, "grad_norm": 1.575510211182518e-08, "test_error": 0.9}, {"outer_epoch": 114, "inner_epoch": 1, "train_loss": 2.3025853223323822, "grad_norm": 3.405202164685761e-08, "test_error": 0.9}, {"outer_epoch": 115, "inner_epoch": 1, "train_loss": 2.3025853633880615, "grad_norm": 3.785801538924716e-08, "test_error": 0.9}, {"outer_epoch": 116, "inner_epoch": 1, "train_loss": 2.30258536567688, "grad_norm": 6.012102460317692e-08, "test_error": 0.9}, {"outer_epoch": 117, "inner_epoch": 1, "train_loss": 2.3025853633880615, "grad_norm": 3.216039701214868e-08, "test_error": 0.9}, {"outer_epoch": 118, "inner_epoch": 1, "train_loss": 2.302585359477997, "grad_norm": 2.7670274960200913e-08, "test_error": 0.9}, {"outer_epoch": 119, "inner_epoch": 1, "train_loss": 2.3025853542804717, "grad_norm": 3.2352005518987426e-08, "test_error": 0.9}, {"outer_epoch": 120, "inner_epoch": 1, "train_loss": 2.3025853556632994, "grad_norm": 6.239863381551913e-08, "test_error": 0.9}, {"outer_epoch": 121, "inner_epoch": 1, "train_loss": 2.3025853110313417, "grad_norm": 2.3943313109953124e-08, "test_error": 0.9}, {"outer_epoch": 122, "inner_epoch": 1, "train_loss": 2.302585363483429, "grad_norm": 3.845562090987187e-08, "test_error": 0.9}, {"outer_epoch": 123, "inner_epoch": 1, "train_loss": 2.302585361480713, "grad_norm": 2.208607696729814e-08, "test_error": 0.9}, {"outer_epoch": 124, "inner_epoch": 1, "train_loss": 2.3025853633880615, "grad_norm": 2.5266290393233248e-08, "test_error": 0.9}, {"outer_epoch": 125, "inner_epoch": 1, "train_loss": 2.3025853633880615, "grad_norm": 2.8250022765519134e-08, "test_error": 0.9}, {"outer_epoch": 126, "inner_epoch": 1, "train_loss": 2.3025853633880615, "grad_norm": 3.213094501575142e-08, "test_error": 0.9}, {"outer_epoch": 127, "inner_epoch": 1, "train_loss": 2.3025853633880615, "grad_norm": 2.2509285102501053e-08, "test_error": 0.9}, {"outer_epoch": 128, "inner_epoch": 1, "train_loss": 2.3025853533267977, "grad_norm": 3.2001977956497285e-08, "test_error": 0.9}, {"outer_epoch": 129, "inner_epoch": 1, "train_loss": 2.302585358142853, "grad_norm": 3.003205151230759e-08, "test_error": 0.9}, {"outer_epoch": 130, "inner_epoch": 1, "train_loss": 2.3025853584766387, "grad_norm": 2.9148225166863995e-08, "test_error": 0.9}, {"outer_epoch": 131, "inner_epoch": 1, "train_loss": 2.3025853632926943, "grad_norm": 2.8817177977202846e-08, "test_error": 0.9}, {"outer_epoch": 132, "inner_epoch": 1, "train_loss": 2.3025853575229647, "grad_norm": 2.0517120447038906e-08, "test_error": 0.9}, {"outer_epoch": 133, "inner_epoch": 1, "train_loss": 2.302585316324234, "grad_norm": 2.659969844387433e-08, "test_error": 0.9}, {"outer_epoch": 134, "inner_epoch": 1, "train_loss": 2.3025853633880615, "grad_norm": 4.4854012060113746e-08, "test_error": 0.9}, {"outer_epoch": 135, "inner_epoch": 1, "train_loss": 2.302585352516174, "grad_norm": 3.9836017151628766e-08, "test_error": 0.9}, {"outer_epoch": 136, "inner_epoch": 1, "train_loss": 2.3025853633880615, "grad_norm": 3.541933324413549e-08, "test_error": 0.9}, {"outer_epoch": 137, "inner_epoch": 1, "train_loss": 2.302585364484787, "grad_norm": 3.255066616247859e-08, "test_error": 0.9}, {"outer_epoch": 138, "inner_epoch": 1, "train_loss": 2.3025853536605836, "grad_norm": 3.481694577089911e-08, "test_error": 0.9}, {"outer_epoch": 139, "inner_epoch": 1, "train_loss": 2.3025853234291076, "grad_norm": 3.2462509125252836e-08, "test_error": 0.9}, {"outer_epoch": 140, "inner_epoch": 1, "train_loss": 2.3025853633880615, "grad_norm": 4.0534484213594624e-08, "test_error": 0.9}, {"outer_epoch": 141, "inner_epoch": 1, "train_loss": 2.3025853640556337, "grad_norm": 2.101886842353906e-08, "test_error": 0.9}, {"outer_epoch": 142, "inner_epoch": 1, "train_loss": 2.3025853541851045, "grad_norm": 2.5485144661274717e-08, "test_error": 0.9}, {"outer_epoch": 143, "inner_epoch": 1, "train_loss": 2.3025853135585783, "grad_norm": 4.478370740912396e-08, "test_error": 0.9}, {"outer_epoch": 144, "inner_epoch": 1, "train_loss": 2.3025853598594668, "grad_norm": 1.4250439939189619e-08, "test_error": 0.9}, {"outer_epoch": 145, "inner_epoch": 1, "train_loss": 2.302585358095169, "grad_norm": 2.61650558996962e-08, "test_error": 0.9}, {"outer_epoch": 146, "inner_epoch": 1, "train_loss": 2.30258531498909, "grad_norm": 2.324845027601441e-08, "test_error": 0.9}, {"outer_epoch": 147, "inner_epoch": 1, "train_loss": 2.302585307645798, "grad_norm": 5.1239933185343034e-08, "test_error": 0.9}, {"outer_epoch": 148, "inner_epoch": 1, "train_loss": 2.302585363340378, "grad_norm": 2.8597685997056033e-08, "test_error": 0.9}, {"outer_epoch": 149, "inner_epoch": 1, "train_loss": 2.302585364961624, "grad_norm": 6.718232725688722e-08, "test_error": 0.9}, {"outer_epoch": 150, "inner_epoch": 1, "train_loss": 2.3025853144168855, "grad_norm": 4.254927787883389e-08, "test_error": 0.9}, {"outer_epoch": 151, "inner_epoch": 1, "train_loss": 2.3025853494644166, "grad_norm": 2.349244354604707e-08, "test_error": 0.9}, {"outer_epoch": 152, "inner_epoch": 1, "train_loss": 2.302585329914093, "grad_norm": 2.115019981374644e-08, "test_error": 0.9}, {"outer_epoch": 153, "inner_epoch": 1, "train_loss": 2.3025853367328644, "grad_norm": 3.51167734891078e-08, "test_error": 0.9}, {"outer_epoch": 154, "inner_epoch": 1, "train_loss": 2.30258521194458, "grad_norm": 2.5368724010377264e-08, "test_error": 0.9}, {"outer_epoch": 155, "inner_epoch": 1, "train_loss": 2.3025852671146394, "grad_norm": 2.8828113229906194e-08, "test_error": 0.9}, {"outer_epoch": 156, "inner_epoch": 1, "train_loss": 2.30258528380394, "grad_norm": 4.140100529070878e-08, "test_error": 0.9}, {"outer_epoch": 157, "inner_epoch": 1, "train_loss": 2.3025852797031403, "grad_norm": 3.9371840898638766e-08, "test_error": 0.9}, {"outer_epoch": 158, "inner_epoch": 1, "train_loss": 2.3025853031635286, "grad_norm": 2.212185812311418e-08, "test_error": 0.9}, {"outer_epoch": 159, "inner_epoch": 1, "train_loss": 2.3025853509426115, "grad_norm": 1.669756066746686e-08, "test_error": 0.9}, {"outer_epoch": 160, "inner_epoch": 1, "train_loss": 2.302585348558426, "grad_norm": 3.159291139809284e-08, "test_error": 0.9}, {"outer_epoch": 161, "inner_epoch": 1, "train_loss": 2.302585306596756, "grad_norm": 7.736959872772786e-08, "test_error": 0.9}, {"outer_epoch": 162, "inner_epoch": 1, "train_loss": 2.302585310983658, "grad_norm": 3.67842254433981e-08, "test_error": 0.9}, {"outer_epoch": 163, "inner_epoch": 1, "train_loss": 2.3025852373600006, "grad_norm": 3.7082372728036717e-08, "test_error": 0.9}, {"outer_epoch": 164, "inner_epoch": 1, "train_loss": 2.3025853489398957, "grad_norm": 1.688057160720291e-08, "test_error": 0.9}, {"outer_epoch": 165, "inner_epoch": 1, "train_loss": 2.3025853139400483, "grad_norm": 2.5233305223082425e-08, "test_error": 0.9}, {"outer_epoch": 166, "inner_epoch": 1, "train_loss": 2.3025853051662444, "grad_norm": 2.818392985659557e-08, "test_error": 0.9}, {"outer_epoch": 167, "inner_epoch": 1, "train_loss": 2.302585336780548, "grad_norm": 2.624683048679799e-08, "test_error": 0.9}, {"outer_epoch": 168, "inner_epoch": 1, "train_loss": 2.3025853333473205, "grad_norm": 2.8932040763152145e-08, "test_error": 0.9}, {"outer_epoch": 169, "inner_epoch": 1, "train_loss": 2.302585351896286, "grad_norm": 3.064823417275875e-08, "test_error": 0.9}, {"outer_epoch": 170, "inner_epoch": 1, "train_loss": 2.3025853373527525, "grad_norm": 3.6330725095012895e-08, "test_error": 0.9}, {"outer_epoch": 171, "inner_epoch": 1, "train_loss": 2.3025853419303894, "grad_norm": 2.9131514978075757e-08, "test_error": 0.9}, {"outer_epoch": 172, "inner_epoch": 1, "train_loss": 2.3025853497028352, "grad_norm": 4.164468236922403e-08, "test_error": 0.9}, {"outer_epoch": 173, "inner_epoch": 1, "train_loss": 2.3025853444576265, "grad_norm": 1.8807847723678606e-08, "test_error": 0.9}, {"outer_epoch": 174, "inner_epoch": 1, "train_loss": 2.302585351371765, "grad_norm": 2.0759017616001074e-08, "test_error": 0.9}, {"outer_epoch": 175, "inner_epoch": 1, "train_loss": 2.302585339832306, "grad_norm": 2.3619161737542527e-08, "test_error": 0.9}, {"outer_epoch": 176, "inner_epoch": 1, "train_loss": 2.302585252857208, "grad_norm": 2.846408975187842e-08, "test_error": 0.9}, {"outer_epoch": 177, "inner_epoch": 1, "train_loss": 2.302585300731659, "grad_norm": 1.7198679813645867e-08, "test_error": 0.9}, {"outer_epoch": 178, "inner_epoch": 1, "train_loss": 2.302585279035568, "grad_norm": 3.3545209277008325e-08, "test_error": 0.9}, {"outer_epoch": 179, "inner_epoch": 1, "train_loss": 2.302585284566879, "grad_norm": 1.9594779132603435e-08, "test_error": 0.9}, {"outer_epoch": 180, "inner_epoch": 1, "train_loss": 2.302585329437256, "grad_norm": 2.8828617715248583e-08, "test_error": 0.9}, {"outer_epoch": 181, "inner_epoch": 1, "train_loss": 2.3025852355480194, "grad_norm": 2.3308231789087586e-08, "test_error": 0.9}, {"outer_epoch": 182, "inner_epoch": 1, "train_loss": 2.3025852003097533, "grad_norm": 2.795366960128831e-08, "test_error": 0.9}, {"outer_epoch": 183, "inner_epoch": 1, "train_loss": 2.302585231208801, "grad_norm": 2.2844680813705054e-08, "test_error": 0.9}, {"outer_epoch": 184, "inner_epoch": 1, "train_loss": 2.302585275220871, "grad_norm": 2.2600854521215297e-08, "test_error": 0.9}, {"outer_epoch": 185, "inner_epoch": 1, "train_loss": 2.3025853035926818, "grad_norm": 2.1810015127243787e-08, "test_error": 0.9}, {"outer_epoch": 186, "inner_epoch": 1, "train_loss": 2.3025853322029115, "grad_norm": 2.9096652198745687e-08, "test_error": 0.9}, {"outer_epoch": 187, "inner_epoch": 1, "train_loss": 2.3025853464603423, "grad_norm": 1.8242502619614243e-08, "test_error": 0.9}, {"outer_epoch": 188, "inner_epoch": 1, "train_loss": 2.302585296821594, "grad_norm": 2.4883565430400267e-08, "test_error": 0.9}, {"outer_epoch": 189, "inner_epoch": 1, "train_loss": 2.302585258388519, "grad_norm": 2.2096319440834122e-08, "test_error": 0.9}, {"outer_epoch": 190, "inner_epoch": 1, "train_loss": 2.302585303354263, "grad_norm": 4.2271775413382784e-08, "test_error": 0.9}, {"outer_epoch": 191, "inner_epoch": 1, "train_loss": 2.302585355901718, "grad_norm": 2.3806320470498576e-08, "test_error": 0.9}, {"outer_epoch": 192, "inner_epoch": 1, "train_loss": 2.3025853633880615, "grad_norm": 3.702774620251148e-08, "test_error": 0.9}, {"outer_epoch": 193, "inner_epoch": 1, "train_loss": 2.302585355043411, "grad_norm": 3.6795849922555135e-08, "test_error": 0.9}, {"outer_epoch": 194, "inner_epoch": 1, "train_loss": 2.3025852884769438, "grad_norm": 3.330492859277001e-08, "test_error": 0.9}, {"outer_epoch": 195, "inner_epoch": 1, "train_loss": 2.3025852960586546, "grad_norm": 2.707540502910888e-08, "test_error": 0.9}, {"outer_epoch": 196, "inner_epoch": 1, "train_loss": 2.30258531498909, "grad_norm": 2.0879156181763392e-08, "test_error": 0.9}, {"outer_epoch": 197, "inner_epoch": 1, "train_loss": 2.302585273694992, "grad_norm": 3.017825278561759e-08, "test_error": 0.9}, {"outer_epoch": 198, "inner_epoch": 1, "train_loss": 2.3025852296829226, "grad_norm": 4.277630694105028e-08, "test_error": 0.9}, {"outer_epoch": 199, "inner_epoch": 1, "train_loss": 2.3025853279590605, "grad_norm": 3.979344853632938e-08, "test_error": 0.9}, {"outer_epoch": 200, "inner_epoch": 1, "train_loss": 2.3025853312969207, "grad_norm": 2.5180238338862182e-08, "test_error": 0.9}, {"outer_epoch": 201, "inner_epoch": 1, "train_loss": 2.3025853324890138, "grad_norm": 2.1991809262544848e-08, "test_error": 0.9}, {"outer_epoch": 202, "inner_epoch": 1, "train_loss": 2.3025853430747985, "grad_norm": 2.379259989027105e-08, "test_error": 0.9}, {"outer_epoch": 203, "inner_epoch": 1, "train_loss": 2.302585333299637, "grad_norm": 2.5705634953965273e-08, "test_error": 0.9}, {"outer_epoch": 204, "inner_epoch": 1, "train_loss": 2.302585312795639, "grad_norm": 4.96365544222499e-08, "test_error": 0.9}, {"outer_epoch": 205, "inner_epoch": 1, "train_loss": 2.3025853575229647, "grad_norm": 3.7328447888285154e-08, "test_error": 0.9}, {"outer_epoch": 206, "inner_epoch": 1, "train_loss": 2.3025853523254396, "grad_norm": 3.857314467836659e-08, "test_error": 0.9}, {"outer_epoch": 207, "inner_epoch": 1, "train_loss": 2.3025853402137755, "grad_norm": 2.6978661082921462e-08, "test_error": 0.9}, {"outer_epoch": 208, "inner_epoch": 1, "train_loss": 2.3025853481292726, "grad_norm": 2.4688707966902257e-08, "test_error": 0.9}, {"outer_epoch": 209, "inner_epoch": 1, "train_loss": 2.302585298013687, "grad_norm": 1.6169893868323015e-08, "test_error": 0.9}, {"outer_epoch": 210, "inner_epoch": 1, "train_loss": 2.302585313987732, "grad_norm": 2.5540529691170377e-08, "test_error": 0.9}, {"outer_epoch": 211, "inner_epoch": 1, "train_loss": 2.302585255813599, "grad_norm": 4.969368205820501e-08, "test_error": 0.9}, {"outer_epoch": 212, "inner_epoch": 1, "train_loss": 2.302585190820694, "grad_norm": 2.72529323552817e-08, "test_error": 0.9}, {"outer_epoch": 213, "inner_epoch": 1, "train_loss": 2.3025852643966673, "grad_norm": 2.731557735557999e-08, "test_error": 0.9}, {"outer_epoch": 214, "inner_epoch": 1, "train_loss": 2.3025852717876436, "grad_norm": 3.59912313285804e-08, "test_error": 0.9}, {"outer_epoch": 215, "inner_epoch": 1, "train_loss": 2.302585352420807, "grad_norm": 3.473546428267582e-08, "test_error": 0.9}, {"outer_epoch": 216, "inner_epoch": 1, "train_loss": 2.302585357952118, "grad_norm": 2.9708280280260624e-08, "test_error": 0.9}, {"outer_epoch": 217, "inner_epoch": 1, "train_loss": 2.302585351085663, "grad_norm": 1.9977621334987816e-08, "test_error": 0.9}, {"outer_epoch": 218, "inner_epoch": 1, "train_loss": 2.3025853027820586, "grad_norm": 1.7142859576324554e-08, "test_error": 0.9}, {"outer_epoch": 219, "inner_epoch": 1, "train_loss": 2.30258529753685, "grad_norm": 3.3706157864799025e-08, "test_error": 0.9}, {"outer_epoch": 220, "inner_epoch": 1, "train_loss": 2.302585204219818, "grad_norm": 2.6507358086291788e-08, "test_error": 0.9}, {"outer_epoch": 221, "inner_epoch": 1, "train_loss": 2.3025852776527405, "grad_norm": 3.220689137606314e-08, "test_error": 0.9}, {"outer_epoch": 222, "inner_epoch": 1, "train_loss": 2.3025853088378905, "grad_norm": 2.223893957875589e-08, "test_error": 0.9}, {"outer_epoch": 223, "inner_epoch": 1, "train_loss": 2.302585251760483, "grad_norm": 2.4061328929292358e-08, "test_error": 0.9}, {"outer_epoch": 224, "inner_epoch": 1, "train_loss": 2.302585255813599, "grad_norm": 6.277463882042866e-08, "test_error": 0.9}, {"outer_epoch": 225, "inner_epoch": 1, "train_loss": 2.3025852628231047, "grad_norm": 1.861590348539721e-08, "test_error": 0.9}, {"outer_epoch": 226, "inner_epoch": 1, "train_loss": 2.3025853209972382, "grad_norm": 1.9600909340056205e-08, "test_error": 0.9}, {"outer_epoch": 227, "inner_epoch": 1, "train_loss": 2.3025853608608244, "grad_norm": 2.6026652832911168e-08, "test_error": 0.9}, {"outer_epoch": 228, "inner_epoch": 1, "train_loss": 2.302585321187973, "grad_norm": 1.526522197536906e-08, "test_error": 0.9}, {"outer_epoch": 229, "inner_epoch": 1, "train_loss": 2.30258531293869, "grad_norm": 4.643291617867362e-08, "test_error": 0.9}, {"outer_epoch": 230, "inner_epoch": 1, "train_loss": 2.302585365819931, "grad_norm": 6.232743743339597e-08, "test_error": 0.9}, {"outer_epoch": 231, "inner_epoch": 1, "train_loss": 2.302585318565369, "grad_norm": 2.1928192595055407e-08, "test_error": 0.9}, {"outer_epoch": 232, "inner_epoch": 1, "train_loss": 2.3025853073596956, "grad_norm": 2.8314310895893868e-08, "test_error": 0.9}, {"outer_epoch": 233, "inner_epoch": 1, "train_loss": 2.3025853153705595, "grad_norm": 2.5406222903257003e-08, "test_error": 0.9}, {"outer_epoch": 234, "inner_epoch": 1, "train_loss": 2.3025852464675904, "grad_norm": 3.3911771168959604e-08, "test_error": 0.9}, {"outer_epoch": 235, "inner_epoch": 1, "train_loss": 2.3025852675437926, "grad_norm": 2.008432886668743e-08, "test_error": 0.9}, {"outer_epoch": 236, "inner_epoch": 1, "train_loss": 2.3025853474140168, "grad_norm": 2.6232529037883978e-08, "test_error": 0.9}, {"outer_epoch": 237, "inner_epoch": 1, "train_loss": 2.3025853637218474, "grad_norm": 2.9574231064088963e-08, "test_error": 0.9}, {"outer_epoch": 238, "inner_epoch": 1, "train_loss": 2.302585358953476, "grad_norm": 2.87528667541892e-08, "test_error": 0.9}, {"outer_epoch": 239, "inner_epoch": 1, "train_loss": 2.3025853497982025, "grad_norm": 2.224139450390794e-08, "test_error": 0.9}, {"outer_epoch": 240, "inner_epoch": 1, "train_loss": 2.3025853449821474, "grad_norm": 7.330093865220988e-08, "test_error": 0.9}, {"outer_epoch": 241, "inner_epoch": 1, "train_loss": 2.3025853616714476, "grad_norm": 2.8892415571135643e-08, "test_error": 0.9}, {"outer_epoch": 242, "inner_epoch": 1, "train_loss": 2.302585312843323, "grad_norm": 4.308119372353758e-08, "test_error": 0.9}, {"outer_epoch": 243, "inner_epoch": 1, "train_loss": 2.302585345458984, "grad_norm": 3.0851659005293186e-08, "test_error": 0.9}, {"outer_epoch": 244, "inner_epoch": 1, "train_loss": 2.302585262489319, "grad_norm": 3.486344013481357e-08, "test_error": 0.9}, {"outer_epoch": 245, "inner_epoch": 1, "train_loss": 2.302585288953781, "grad_norm": 4.5447297480905036e-08, "test_error": 0.9}, {"outer_epoch": 246, "inner_epoch": 1, "train_loss": 2.3025852769851682, "grad_norm": 1.794476034433501e-08, "test_error": 0.9}, {"outer_epoch": 247, "inner_epoch": 1, "train_loss": 2.3025852746009825, "grad_norm": 2.4828979761082337e-08, "test_error": 0.9}, {"outer_epoch": 248, "inner_epoch": 1, "train_loss": 2.302585267829895, "grad_norm": 2.761936990225422e-08, "test_error": 0.9}, {"outer_epoch": 249, "inner_epoch": 1, "train_loss": 2.302585323381424, "grad_norm": 6.913832351074234e-08, "test_error": 0.9}, {"outer_epoch": 250, "inner_epoch": 1, "train_loss": 2.3025853093624113, "grad_norm": 3.383302882298267e-08, "test_error": 0.9}]}