{"argv": ["train.py", "--seed", "83", "--optimizer", "SVRG", "--run_name", "svrg_0.25.json", "--output_path", "experiments/nonconvex_cifar10/svrg-0.25.json", "--dataset", "CIFAR10", "--layer_sizes", "3072", "100", "10", "--batch_size", "10", "--learning_rate", "0.25", "--weight_decay", "0.001", "--warmup_learning_rate", "0.01", "--num_warmup_epochs", "10", "--num_outer_epochs", "250", "--num_inner_epochs", "1", "--device", "cuda"], "args": {"seed": 83, "optimizer": "SVRG", "run_name": "svrg_0.25.json", "output_path": "experiments/nonconvex_cifar10/svrg-0.25.json", "device": "cuda", "dataset": "CIFAR10", "dataset_root": "~/datasets/pytorch", "dataset_size": null, "download": false, "layer_sizes": [3072, 100, 10], "batch_size": 10, "test_batch_size": 256, "learning_rate": 0.25, "weight_decay": 0.001, "warmup_learning_rate": 0.01, "num_warmup_epochs": 10, "num_outer_epochs": 250, "num_inner_epochs": 1, "inner_epoch_fraction": null, "choose_random_iterate": false, "num_epochs": 10}, "metrics": [{"warmup_epoch": 1, "train_loss": 1.8772816695809365, "grad_norm": 1.330396056175232, "test_error": 0.6135}, {"warmup_epoch": 2, "train_loss": 1.702120511996746, "grad_norm": 1.505911946296692, "test_error": 0.5904}, {"warmup_epoch": 3, "train_loss": 1.6260027727365494, "grad_norm": 1.4280996322631836, "test_error": 0.5689}, {"warmup_epoch": 4, "train_loss": 1.5749987521529198, "grad_norm": 1.1521843671798706, "test_error": 0.5514}, {"warmup_epoch": 5, "train_loss": 1.5393459569334984, "grad_norm": 1.3207876682281494, "test_error": 0.5421}, {"warmup_epoch": 6, "train_loss": 1.513324132347107, "grad_norm": 1.1785192489624023, "test_error": 0.5364}, {"warmup_epoch": 7, "train_loss": 1.4920352176070213, "grad_norm": 1.9602423906326294, "test_error": 0.5568}, {"warmup_epoch": 8, "train_loss": 1.4741584265708922, "grad_norm": 1.6976767778396606, "test_error": 0.5361}, {"warmup_epoch": 9, "train_loss": 1.454667365592718, "grad_norm": 1.5695347785949707, "test_error": 0.5255}, {"warmup_epoch": 10, "train_loss": 1.4399748266875745, "grad_norm": 1.3209766149520874, "test_error": 0.5327}, {"outer_epoch": 1, "inner_epoch": 1, "train_loss": 2.4724633447647095, "grad_norm": 0.02038356103003025, "test_error": 0.9}, {"outer_epoch": 2, "inner_epoch": 1, "train_loss": 2.3027417562007906, "grad_norm": 0.0001555709750391543, "test_error": 0.9}, {"outer_epoch": 3, "inner_epoch": 1, "train_loss": 2.3025729123592376, "grad_norm": 3.815232412307523e-05, "test_error": 0.9}, {"outer_epoch": 4, "inner_epoch": 1, "train_loss": 2.3025843870162963, "grad_norm": 1.7161883079097606e-05, "test_error": 0.9}, {"outer_epoch": 5, "inner_epoch": 1, "train_loss": 2.3025851277828218, "grad_norm": 3.6070482565264683e-06, "test_error": 0.9}, {"outer_epoch": 6, "inner_epoch": 1, "train_loss": 2.302585338973999, "grad_norm": 1.2850850907852873e-06, "test_error": 0.9}, {"outer_epoch": 7, "inner_epoch": 1, "train_loss": 2.3025852667331694, "grad_norm": 5.04113359056646e-07, "test_error": 0.9}, {"outer_epoch": 8, "inner_epoch": 1, "train_loss": 2.302585268306732, "grad_norm": 1.632393349382255e-07, "test_error": 0.9}, {"outer_epoch": 9, "inner_epoch": 1, "train_loss": 2.3025853107452394, "grad_norm": 5.648861289841989e-08, "test_error": 0.9}, {"outer_epoch": 10, "inner_epoch": 1, "train_loss": 2.302585265636444, "grad_norm": 2.936726417601676e-08, "test_error": 0.9}, {"outer_epoch": 11, "inner_epoch": 1, "train_loss": 2.3025853113651276, "grad_norm": 1.7484653724864074e-08, "test_error": 0.9}, {"outer_epoch": 12, "inner_epoch": 1, "train_loss": 2.3025852927684785, "grad_norm": 2.4899780015630313e-08, "test_error": 0.9}, {"outer_epoch": 13, "inner_epoch": 1, "train_loss": 2.302585343837738, "grad_norm": 3.5310314672187815e-08, "test_error": 0.9}, {"outer_epoch": 14, "inner_epoch": 1, "train_loss": 2.302585341453552, "grad_norm": 1.4942925119498796e-08, "test_error": 0.9}, {"outer_epoch": 15, "inner_epoch": 1, "train_loss": 2.302585332250595, "grad_norm": 2.1100714064914428e-08, "test_error": 0.9}, {"outer_epoch": 16, "inner_epoch": 1, "train_loss": 2.3025852920532226, "grad_norm": 3.498230682907888e-08, "test_error": 0.9}, {"outer_epoch": 17, "inner_epoch": 1, "train_loss": 2.3025852258205415, "grad_norm": 2.1248515835736725e-08, "test_error": 0.9}, {"outer_epoch": 18, "inner_epoch": 1, "train_loss": 2.3025852847099304, "grad_norm": 3.616451493826389e-08, "test_error": 0.9}, {"outer_epoch": 19, "inner_epoch": 1, "train_loss": 2.30258534283638, "grad_norm": 2.8842062960166004e-08, "test_error": 0.9}, {"outer_epoch": 20, "inner_epoch": 1, "train_loss": 2.302585353422165, "grad_norm": 2.2682069555912676e-08, "test_error": 0.9}, {"outer_epoch": 21, "inner_epoch": 1, "train_loss": 2.3025853477954863, "grad_norm": 2.9115172495153274e-08, "test_error": 0.9}, {"outer_epoch": 22, "inner_epoch": 1, "train_loss": 2.3025853590011596, "grad_norm": 2.18968132514874e-08, "test_error": 0.9}, {"outer_epoch": 23, "inner_epoch": 1, "train_loss": 2.302585344314575, "grad_norm": 1.857302045493725e-08, "test_error": 0.9}, {"outer_epoch": 24, "inner_epoch": 1, "train_loss": 2.3025853449344633, "grad_norm": 3.478975330040157e-08, "test_error": 0.9}, {"outer_epoch": 25, "inner_epoch": 1, "train_loss": 2.302585360145569, "grad_norm": 1.824991180399138e-08, "test_error": 0.9}, {"outer_epoch": 26, "inner_epoch": 1, "train_loss": 2.3025853556632994, "grad_norm": 3.085828836901783e-08, "test_error": 0.9}, {"outer_epoch": 27, "inner_epoch": 1, "train_loss": 2.3025853584766387, "grad_norm": 2.4285364830234357e-08, "test_error": 0.9}, {"outer_epoch": 28, "inner_epoch": 1, "train_loss": 2.3025853459358214, "grad_norm": 2.8654049799570203e-08, "test_error": 0.9}, {"outer_epoch": 29, "inner_epoch": 1, "train_loss": 2.302585344219208, "grad_norm": 4.9215874042829455e-08, "test_error": 0.9}, {"outer_epoch": 30, "inner_epoch": 1, "train_loss": 2.3025853528499605, "grad_norm": 3.7013045073308604e-08, "test_error": 0.9}, {"outer_epoch": 31, "inner_epoch": 1, "train_loss": 2.3025853462219237, "grad_norm": 3.230374900908828e-08, "test_error": 0.9}, {"outer_epoch": 32, "inner_epoch": 1, "train_loss": 2.3025853619575503, "grad_norm": 2.339816873586642e-08, "test_error": 0.9}, {"outer_epoch": 33, "inner_epoch": 1, "train_loss": 2.3025853128910065, "grad_norm": 2.7050038653442243e-08, "test_error": 0.9}, {"outer_epoch": 34, "inner_epoch": 1, "train_loss": 2.302585225200653, "grad_norm": 3.6245538126422616e-08, "test_error": 0.9}, {"outer_epoch": 35, "inner_epoch": 1, "train_loss": 2.302585163974762, "grad_norm": 2.4166357803778737e-08, "test_error": 0.9}, {"outer_epoch": 36, "inner_epoch": 1, "train_loss": 2.3025852217674254, "grad_norm": 3.9358305059522536e-08, "test_error": 0.9}, {"outer_epoch": 37, "inner_epoch": 1, "train_loss": 2.3025852955341337, "grad_norm": 3.127124159618688e-08, "test_error": 0.9}, {"outer_epoch": 38, "inner_epoch": 1, "train_loss": 2.3025853633880615, "grad_norm": 2.6369114891622303e-08, "test_error": 0.9}, {"outer_epoch": 39, "inner_epoch": 1, "train_loss": 2.3025853633880615, "grad_norm": 3.031493633898208e-08, "test_error": 0.9}, {"outer_epoch": 40, "inner_epoch": 1, "train_loss": 2.3025853590965273, "grad_norm": 2.8855644984560058e-08, "test_error": 0.9}, {"outer_epoch": 41, "inner_epoch": 1, "train_loss": 2.302585360479355, "grad_norm": 3.9184389066804215e-08, "test_error": 0.9}, {"outer_epoch": 42, "inner_epoch": 1, "train_loss": 2.3025853633880615, "grad_norm": 4.742762271803258e-08, "test_error": 0.9}, {"outer_epoch": 43, "inner_epoch": 1, "train_loss": 2.302585350894928, "grad_norm": 2.63470862904569e-08, "test_error": 0.9}, {"outer_epoch": 44, "inner_epoch": 1, "train_loss": 2.3025853633880615, "grad_norm": 2.422045852767951e-08, "test_error": 0.9}, {"outer_epoch": 45, "inner_epoch": 1, "train_loss": 2.3025853326797487, "grad_norm": 3.2280212280966225e-08, "test_error": 0.9}, {"outer_epoch": 46, "inner_epoch": 1, "train_loss": 2.3025853058338166, "grad_norm": 1.7261566398474315e-08, "test_error": 0.9}, {"outer_epoch": 47, "inner_epoch": 1, "train_loss": 2.302585323858261, "grad_norm": 2.4471098925005208e-08, "test_error": 0.9}, {"outer_epoch": 48, "inner_epoch": 1, "train_loss": 2.3025853631973265, "grad_norm": 1.7015651110341423e-08, "test_error": 0.9}, {"outer_epoch": 49, "inner_epoch": 1, "train_loss": 2.3025853633880615, "grad_norm": 3.367128087461424e-08, "test_error": 0.9}, {"outer_epoch": 50, "inner_epoch": 1, "train_loss": 2.3025853633880615, "grad_norm": 2.249327124559386e-08, "test_error": 0.9}, {"outer_epoch": 51, "inner_epoch": 1, "train_loss": 2.3025853633880615, "grad_norm": 3.85148730686069e-08, "test_error": 0.9}, {"outer_epoch": 52, "inner_epoch": 1, "train_loss": 2.3025853633880615, "grad_norm": 3.081868982235392e-08, "test_error": 0.9}, {"outer_epoch": 53, "inner_epoch": 1, "train_loss": 2.3025853289604186, "grad_norm": 3.637252987687134e-08, "test_error": 0.9}, {"outer_epoch": 54, "inner_epoch": 1, "train_loss": 2.3025853627681734, "grad_norm": 3.3238897856335825e-08, "test_error": 0.9}, {"outer_epoch": 55, "inner_epoch": 1, "train_loss": 2.3025853336334228, "grad_norm": 4.716034496254906e-08, "test_error": 0.9}, {"outer_epoch": 56, "inner_epoch": 1, "train_loss": 2.3025853633880615, "grad_norm": 3.293214945188083e-08, "test_error": 0.9}, {"outer_epoch": 57, "inner_epoch": 1, "train_loss": 2.302585313272476, "grad_norm": 2.4497619932617454e-08, "test_error": 0.9}, {"outer_epoch": 58, "inner_epoch": 1, "train_loss": 2.3025853486537935, "grad_norm": 3.722101382663823e-08, "test_error": 0.9}, {"outer_epoch": 59, "inner_epoch": 1, "train_loss": 2.302585194683075, "grad_norm": 2.2459133219854266e-08, "test_error": 0.9}, {"outer_epoch": 60, "inner_epoch": 1, "train_loss": 2.3025852984905244, "grad_norm": 1.2880433608586372e-08, "test_error": 0.9}, {"outer_epoch": 61, "inner_epoch": 1, "train_loss": 2.3025853144168855, "grad_norm": 3.946714244307259e-08, "test_error": 0.9}, {"outer_epoch": 62, "inner_epoch": 1, "train_loss": 2.3025853633880615, "grad_norm": 3.032933193480858e-08, "test_error": 0.9}, {"outer_epoch": 63, "inner_epoch": 1, "train_loss": 2.3025853633880615, "grad_norm": 1.8249776800871587e-08, "test_error": 0.9}, {"outer_epoch": 64, "inner_epoch": 1, "train_loss": 2.3025853631019593, "grad_norm": 3.579031471190319e-08, "test_error": 0.9}, {"outer_epoch": 65, "inner_epoch": 1, "train_loss": 2.3025853633880615, "grad_norm": 3.650456292803028e-08, "test_error": 0.9}, {"outer_epoch": 66, "inner_epoch": 1, "train_loss": 2.3025853633880615, "grad_norm": 3.1167605385462593e-08, "test_error": 0.9}, {"outer_epoch": 67, "inner_epoch": 1, "train_loss": 2.3025853246688843, "grad_norm": 3.2486891399230444e-08, "test_error": 0.9}, {"outer_epoch": 68, "inner_epoch": 1, "train_loss": 2.3025852601528167, "grad_norm": 1.516862901951299e-08, "test_error": 0.9}, {"outer_epoch": 69, "inner_epoch": 1, "train_loss": 2.3025852836608887, "grad_norm": 3.235107470800358e-08, "test_error": 0.9}, {"outer_epoch": 70, "inner_epoch": 1, "train_loss": 2.3025852875709534, "grad_norm": 2.6245830397897407e-08, "test_error": 0.9}, {"outer_epoch": 71, "inner_epoch": 1, "train_loss": 2.302585274362564, "grad_norm": 2.2442405267497634e-08, "test_error": 0.9}, {"outer_epoch": 72, "inner_epoch": 1, "train_loss": 2.30258529791832, "grad_norm": 2.629169770784756e-08, "test_error": 0.9}, {"outer_epoch": 73, "inner_epoch": 1, "train_loss": 2.3025853543758394, "grad_norm": 2.516920005746215e-08, "test_error": 0.9}, {"outer_epoch": 74, "inner_epoch": 1, "train_loss": 2.302585315513611, "grad_norm": 2.1056509424965952e-08, "test_error": 0.9}, {"outer_epoch": 75, "inner_epoch": 1, "train_loss": 2.3025853045463562, "grad_norm": 2.7975447736139358e-08, "test_error": 0.9}, {"outer_epoch": 76, "inner_epoch": 1, "train_loss": 2.302585299253464, "grad_norm": 3.080995369941775e-08, "test_error": 0.9}, {"outer_epoch": 77, "inner_epoch": 1, "train_loss": 2.3025853252887725, "grad_norm": 2.3875333710066116e-08, "test_error": 0.9}, {"outer_epoch": 78, "inner_epoch": 1, "train_loss": 2.3025853027820586, "grad_norm": 1.8902088783079307e-08, "test_error": 0.9}, {"outer_epoch": 79, "inner_epoch": 1, "train_loss": 2.3025853162288668, "grad_norm": 6.970073229695117e-08, "test_error": 0.9}, {"outer_epoch": 80, "inner_epoch": 1, "train_loss": 2.302585307407379, "grad_norm": 3.202109866151659e-08, "test_error": 0.9}, {"outer_epoch": 81, "inner_epoch": 1, "train_loss": 2.3025853083610537, "grad_norm": 2.4039630730499084e-08, "test_error": 0.9}, {"outer_epoch": 82, "inner_epoch": 1, "train_loss": 2.302585330104828, "grad_norm": 3.211604493458253e-08, "test_error": 0.9}, {"outer_epoch": 83, "inner_epoch": 1, "train_loss": 2.3025853467464446, "grad_norm": 2.442784818867949e-08, "test_error": 0.9}, {"outer_epoch": 84, "inner_epoch": 1, "train_loss": 2.302585313177109, "grad_norm": 1.990265019458093e-08, "test_error": 0.9}, {"outer_epoch": 85, "inner_epoch": 1, "train_loss": 2.302585291004181, "grad_norm": 2.2613512840052863e-08, "test_error": 0.9}, {"outer_epoch": 86, "inner_epoch": 1, "train_loss": 2.302585341358185, "grad_norm": 4.706711465018998e-08, "test_error": 0.9}, {"outer_epoch": 87, "inner_epoch": 1, "train_loss": 2.3025853612422944, "grad_norm": 3.944998283600398e-08, "test_error": 0.9}, {"outer_epoch": 88, "inner_epoch": 1, "train_loss": 2.302585337114334, "grad_norm": 1.3452775782241133e-08, "test_error": 0.9}, {"outer_epoch": 89, "inner_epoch": 1, "train_loss": 2.302585310268402, "grad_norm": 3.665805436980918e-08, "test_error": 0.9}, {"outer_epoch": 90, "inner_epoch": 1, "train_loss": 2.3025851986408234, "grad_norm": 2.544858723751986e-08, "test_error": 0.9}, {"outer_epoch": 91, "inner_epoch": 1, "train_loss": 2.3025852290153503, "grad_norm": 4.2441008929472446e-08, "test_error": 0.9}, {"outer_epoch": 92, "inner_epoch": 1, "train_loss": 2.3025853138923646, "grad_norm": 2.776731555798051e-08, "test_error": 0.9}, {"outer_epoch": 93, "inner_epoch": 1, "train_loss": 2.3025853356838226, "grad_norm": 2.5500465739014544e-08, "test_error": 0.9}, {"outer_epoch": 94, "inner_epoch": 1, "train_loss": 2.302585291671753, "grad_norm": 2.1381152848221063e-08, "test_error": 0.9}, {"outer_epoch": 95, "inner_epoch": 1, "train_loss": 2.302585200643539, "grad_norm": 3.031828299526751e-08, "test_error": 0.9}, {"outer_epoch": 96, "inner_epoch": 1, "train_loss": 2.3025851886272433, "grad_norm": 3.1564752589474665e-08, "test_error": 0.9}, {"outer_epoch": 97, "inner_epoch": 1, "train_loss": 2.3025852304935457, "grad_norm": 1.7136930097194636e-08, "test_error": 0.9}, {"outer_epoch": 98, "inner_epoch": 1, "train_loss": 2.3025852182865143, "grad_norm": 2.6758405269333707e-08, "test_error": 0.9}, {"outer_epoch": 99, "inner_epoch": 1, "train_loss": 2.3025852536201477, "grad_norm": 4.2372537478740924e-08, "test_error": 0.9}, {"outer_epoch": 100, "inner_epoch": 1, "train_loss": 2.3025852603435517, "grad_norm": 3.0623720448375025e-08, "test_error": 0.9}, {"outer_epoch": 101, "inner_epoch": 1, "train_loss": 2.30258531999588, "grad_norm": 3.4513082169951304e-08, "test_error": 0.9}, {"outer_epoch": 102, "inner_epoch": 1, "train_loss": 2.302585267972946, "grad_norm": 2.41117312782535e-08, "test_error": 0.9}, {"outer_epoch": 103, "inner_epoch": 1, "train_loss": 2.3025852605342867, "grad_norm": 3.5432375256050364e-08, "test_error": 0.9}, {"outer_epoch": 104, "inner_epoch": 1, "train_loss": 2.302585210132599, "grad_norm": 3.1407335399080694e-08, "test_error": 0.9}, {"outer_epoch": 105, "inner_epoch": 1, "train_loss": 2.302585214138031, "grad_norm": 2.3310002816856468e-08, "test_error": 0.9}, {"outer_epoch": 106, "inner_epoch": 1, "train_loss": 2.3025852974891663, "grad_norm": 3.855137009622922e-08, "test_error": 0.9}, {"outer_epoch": 107, "inner_epoch": 1, "train_loss": 2.302585321521759, "grad_norm": 3.593694231085465e-08, "test_error": 0.9}, {"outer_epoch": 108, "inner_epoch": 1, "train_loss": 2.3025853479862213, "grad_norm": 3.0561725594679956e-08, "test_error": 0.9}, {"outer_epoch": 109, "inner_epoch": 1, "train_loss": 2.3025853528499605, "grad_norm": 3.0379815996184334e-08, "test_error": 0.9}, {"outer_epoch": 110, "inner_epoch": 1, "train_loss": 2.3025853588581087, "grad_norm": 1.606547428423255e-08, "test_error": 0.9}, {"outer_epoch": 111, "inner_epoch": 1, "train_loss": 2.3025853476047518, "grad_norm": 3.918452406992401e-08, "test_error": 0.9}, {"outer_epoch": 112, "inner_epoch": 1, "train_loss": 2.3025853452682497, "grad_norm": 3.7878930214674256e-08, "test_error": 0.9}, {"outer_epoch": 113, "inner_epoch": 1, "train_loss": 2.3025853446960447, "grad_norm": 2.7089665621815584e-08, "test_error": 0.9}, {"outer_epoch": 114, "inner_epoch": 1, "train_loss": 2.3025853148460387, "grad_norm": 3.171733808926547e-08, "test_error": 0.9}, {"outer_epoch": 115, "inner_epoch": 1, "train_loss": 2.3025853633880615, "grad_norm": 2.2400588051141312e-08, "test_error": 0.9}, {"outer_epoch": 116, "inner_epoch": 1, "train_loss": 2.3025853546142576, "grad_norm": 2.3742947163896133e-08, "test_error": 0.9}, {"outer_epoch": 117, "inner_epoch": 1, "train_loss": 2.3025853614330294, "grad_norm": 2.4205885296169072e-08, "test_error": 0.9}, {"outer_epoch": 118, "inner_epoch": 1, "train_loss": 2.302585355377197, "grad_norm": 2.3843846008730907e-08, "test_error": 0.9}, {"outer_epoch": 119, "inner_epoch": 1, "train_loss": 2.302585324573517, "grad_norm": 2.8466420332051712e-08, "test_error": 0.9}, {"outer_epoch": 120, "inner_epoch": 1, "train_loss": 2.302585345458984, "grad_norm": 3.7753913773030945e-08, "test_error": 0.9}, {"outer_epoch": 121, "inner_epoch": 1, "train_loss": 2.3025853192806243, "grad_norm": 2.8836868892767598e-08, "test_error": 0.9}, {"outer_epoch": 122, "inner_epoch": 1, "train_loss": 2.3025853628635407, "grad_norm": 3.845562090987187e-08, "test_error": 0.9}, {"outer_epoch": 123, "inner_epoch": 1, "train_loss": 2.3025853546142576, "grad_norm": 3.367196299564057e-08, "test_error": 0.9}, {"outer_epoch": 124, "inner_epoch": 1, "train_loss": 2.3025853562355043, "grad_norm": 1.2132038484935492e-08, "test_error": 0.9}, {"outer_epoch": 125, "inner_epoch": 1, "train_loss": 2.302585358428955, "grad_norm": 2.8250022765519134e-08, "test_error": 0.9}, {"outer_epoch": 126, "inner_epoch": 1, "train_loss": 2.302585357952118, "grad_norm": 2.7286834125561654e-08, "test_error": 0.9}, {"outer_epoch": 127, "inner_epoch": 1, "train_loss": 2.302585360145569, "grad_norm": 2.0965075009371503e-08, "test_error": 0.9}, {"outer_epoch": 128, "inner_epoch": 1, "train_loss": 2.302585342693329, "grad_norm": 2.7382377254525636e-08, "test_error": 0.9}, {"outer_epoch": 129, "inner_epoch": 1, "train_loss": 2.3025853497982025, "grad_norm": 2.3540941640476376e-08, "test_error": 0.9}, {"outer_epoch": 130, "inner_epoch": 1, "train_loss": 2.3025853495121003, "grad_norm": 2.4276209487084088e-08, "test_error": 0.9}, {"outer_epoch": 131, "inner_epoch": 1, "train_loss": 2.302585353088379, "grad_norm": 2.507237262250328e-08, "test_error": 0.9}, {"outer_epoch": 132, "inner_epoch": 1, "train_loss": 2.3025853477478027, "grad_norm": 2.0517120447038906e-08, "test_error": 0.9}, {"outer_epoch": 133, "inner_epoch": 1, "train_loss": 2.302585308742523, "grad_norm": 5.357940224826052e-08, "test_error": 0.9}, {"outer_epoch": 134, "inner_epoch": 1, "train_loss": 2.3025853535175322, "grad_norm": 4.3835527208102576e-08, "test_error": 0.9}, {"outer_epoch": 135, "inner_epoch": 1, "train_loss": 2.3025853435993193, "grad_norm": 2.1307933195657824e-08, "test_error": 0.9}, {"outer_epoch": 136, "inner_epoch": 1, "train_loss": 2.302585360622406, "grad_norm": 3.088440081455701e-08, "test_error": 0.9}, {"outer_epoch": 137, "inner_epoch": 1, "train_loss": 2.3025853628635407, "grad_norm": 2.1122220417169046e-08, "test_error": 0.9}, {"outer_epoch": 138, "inner_epoch": 1, "train_loss": 2.302585344362259, "grad_norm": 3.4924592995366766e-08, "test_error": 0.9}, {"outer_epoch": 139, "inner_epoch": 1, "train_loss": 2.3025853148460387, "grad_norm": 3.2462509125252836e-08, "test_error": 0.9}, {"outer_epoch": 140, "inner_epoch": 1, "train_loss": 2.3025853582859037, "grad_norm": 3.251494362643825e-08, "test_error": 0.9}, {"outer_epoch": 141, "inner_epoch": 1, "train_loss": 2.302585359668732, "grad_norm": 2.151826627994069e-08, "test_error": 0.9}, {"outer_epoch": 142, "inner_epoch": 1, "train_loss": 2.3025853451251983, "grad_norm": 2.546463662156384e-08, "test_error": 0.9}, {"outer_epoch": 143, "inner_epoch": 1, "train_loss": 2.3025852318286897, "grad_norm": 2.8985983391294212e-08, "test_error": 0.9}, {"outer_epoch": 144, "inner_epoch": 1, "train_loss": 2.3025852695465088, "grad_norm": 1.6968668248296126e-08, "test_error": 0.9}, {"outer_epoch": 145, "inner_epoch": 1, "train_loss": 2.302585287094116, "grad_norm": 3.310953999857702e-08, "test_error": 0.9}, {"outer_epoch": 146, "inner_epoch": 1, "train_loss": 2.302585264921188, "grad_norm": 1.3671037635276662e-08, "test_error": 0.9}, {"outer_epoch": 147, "inner_epoch": 1, "train_loss": 2.302585306930542, "grad_norm": 2.1371583613927214e-08, "test_error": 0.9}, {"outer_epoch": 148, "inner_epoch": 1, "train_loss": 2.3025853633880615, "grad_norm": 2.4229183992474645e-08, "test_error": 0.9}, {"outer_epoch": 149, "inner_epoch": 1, "train_loss": 2.3025853619575503, "grad_norm": 1.6066026731209604e-08, "test_error": 0.9}, {"outer_epoch": 150, "inner_epoch": 1, "train_loss": 2.3025853196144106, "grad_norm": 3.541819282304459e-08, "test_error": 0.9}, {"outer_epoch": 151, "inner_epoch": 1, "train_loss": 2.3025852998256684, "grad_norm": 2.3310423813427406e-08, "test_error": 0.9}, {"outer_epoch": 152, "inner_epoch": 1, "train_loss": 2.302585348844528, "grad_norm": 1.9959616182063655e-08, "test_error": 0.9}, {"outer_epoch": 153, "inner_epoch": 1, "train_loss": 2.3025853575229647, "grad_norm": 1.8631892473308653e-08, "test_error": 0.9}, {"outer_epoch": 154, "inner_epoch": 1, "train_loss": 2.3025853440761566, "grad_norm": 3.032882389675251e-08, "test_error": 0.9}, {"outer_epoch": 155, "inner_epoch": 1, "train_loss": 2.3025853484630585, "grad_norm": 3.981107710160359e-08, "test_error": 0.9}, {"outer_epoch": 156, "inner_epoch": 1, "train_loss": 2.3025853269100187, "grad_norm": 7.490336173532341e-08, "test_error": 0.9}, {"outer_epoch": 157, "inner_epoch": 1, "train_loss": 2.3025852638721465, "grad_norm": 2.4336019421866695e-08, "test_error": 0.9}, {"outer_epoch": 158, "inner_epoch": 1, "train_loss": 2.302585275363922, "grad_norm": 1.7209705660548025e-08, "test_error": 0.9}, {"outer_epoch": 159, "inner_epoch": 1, "train_loss": 2.302585293674469, "grad_norm": 3.802650994089163e-08, "test_error": 0.9}, {"outer_epoch": 160, "inner_epoch": 1, "train_loss": 2.3025851932525634, "grad_norm": 2.5527469915687107e-08, "test_error": 0.9}, {"outer_epoch": 161, "inner_epoch": 1, "train_loss": 2.302585240125656, "grad_norm": 1.6847980788270434e-08, "test_error": 0.9}, {"outer_epoch": 162, "inner_epoch": 1, "train_loss": 2.302585279846191, "grad_norm": 3.0305052689527656e-08, "test_error": 0.9}, {"outer_epoch": 163, "inner_epoch": 1, "train_loss": 2.30258527340889, "grad_norm": 3.287221161940579e-08, "test_error": 0.9}, {"outer_epoch": 164, "inner_epoch": 1, "train_loss": 2.302585321855545, "grad_norm": 1.688057160720291e-08, "test_error": 0.9}, {"outer_epoch": 165, "inner_epoch": 1, "train_loss": 2.3025853177547453, "grad_norm": 3.238243095893267e-08, "test_error": 0.9}, {"outer_epoch": 166, "inner_epoch": 1, "train_loss": 2.3025853112697603, "grad_norm": 5.642364797608934e-08, "test_error": 0.9}, {"outer_epoch": 167, "inner_epoch": 1, "train_loss": 2.302585360097885, "grad_norm": 3.086349664727095e-08, "test_error": 0.9}, {"outer_epoch": 168, "inner_epoch": 1, "train_loss": 2.3025853491306303, "grad_norm": 3.1750552409448574e-08, "test_error": 0.9}, {"outer_epoch": 169, "inner_epoch": 1, "train_loss": 2.302585357809067, "grad_norm": 1.971943142109467e-08, "test_error": 0.9}, {"outer_epoch": 170, "inner_epoch": 1, "train_loss": 2.3025853400707246, "grad_norm": 2.833258427870078e-08, "test_error": 0.9}, {"outer_epoch": 171, "inner_epoch": 1, "train_loss": 2.3025853475570677, "grad_norm": 3.1764912478138285e-08, "test_error": 0.9}, {"outer_epoch": 172, "inner_epoch": 1, "train_loss": 2.30258535528183, "grad_norm": 2.3977436924838003e-08, "test_error": 0.9}, {"outer_epoch": 173, "inner_epoch": 1, "train_loss": 2.3025853394031524, "grad_norm": 1.195217347316202e-08, "test_error": 0.9}, {"outer_epoch": 174, "inner_epoch": 1, "train_loss": 2.3025853546619417, "grad_norm": 3.022276828801296e-08, "test_error": 0.9}, {"outer_epoch": 175, "inner_epoch": 1, "train_loss": 2.3025853448867797, "grad_norm": 2.338394899936702e-08, "test_error": 0.9}, {"outer_epoch": 176, "inner_epoch": 1, "train_loss": 2.302585348033905, "grad_norm": 1.1065809601973342e-08, "test_error": 0.9}, {"outer_epoch": 177, "inner_epoch": 1, "train_loss": 2.3025853008270265, "grad_norm": 3.491571831659712e-08, "test_error": 0.9}, {"outer_epoch": 178, "inner_epoch": 1, "train_loss": 2.3025853289604186, "grad_norm": 6.58960672694775e-08, "test_error": 0.9}, {"outer_epoch": 179, "inner_epoch": 1, "train_loss": 2.30258530459404, "grad_norm": 2.8085818115641814e-08, "test_error": 0.9}, {"outer_epoch": 180, "inner_epoch": 1, "train_loss": 2.302585246658325, "grad_norm": 3.461024178363914e-08, "test_error": 0.9}, {"outer_epoch": 181, "inner_epoch": 1, "train_loss": 2.302585221385956, "grad_norm": 5.3729671378732746e-08, "test_error": 0.9}, {"outer_epoch": 182, "inner_epoch": 1, "train_loss": 2.302585202407837, "grad_norm": 3.078595867123113e-08, "test_error": 0.9}, {"outer_epoch": 183, "inner_epoch": 1, "train_loss": 2.302585219860077, "grad_norm": 1.9613343837932007e-08, "test_error": 0.9}, {"outer_epoch": 184, "inner_epoch": 1, "train_loss": 2.3025852277755736, "grad_norm": 2.6228928362570514e-08, "test_error": 0.9}, {"outer_epoch": 185, "inner_epoch": 1, "train_loss": 2.3025852638721465, "grad_norm": 2.7429971183323687e-08, "test_error": 0.9}, {"outer_epoch": 186, "inner_epoch": 1, "train_loss": 2.302585316133499, "grad_norm": 3.45810882151909e-08, "test_error": 0.9}, {"outer_epoch": 187, "inner_epoch": 1, "train_loss": 2.302585313463211, "grad_norm": 2.3603385912451813e-08, "test_error": 0.9}, {"outer_epoch": 188, "inner_epoch": 1, "train_loss": 2.302585354137421, "grad_norm": 1.3804404730421993e-08, "test_error": 0.9}, {"outer_epoch": 189, "inner_epoch": 1, "train_loss": 2.3025853509902956, "grad_norm": 1.7669561813704604e-08, "test_error": 0.9}, {"outer_epoch": 190, "inner_epoch": 1, "train_loss": 2.302585345220566, "grad_norm": 2.932565656976749e-08, "test_error": 0.9}, {"outer_epoch": 191, "inner_epoch": 1, "train_loss": 2.302585351896286, "grad_norm": 2.4216957328349054e-08, "test_error": 0.9}, {"outer_epoch": 192, "inner_epoch": 1, "train_loss": 2.3025853391647337, "grad_norm": 3.179027174837756e-08, "test_error": 0.9}, {"outer_epoch": 193, "inner_epoch": 1, "train_loss": 2.3025852889060974, "grad_norm": 3.080799615418073e-08, "test_error": 0.9}, {"outer_epoch": 194, "inner_epoch": 1, "train_loss": 2.3025852915287017, "grad_norm": 1.773570978969019e-08, "test_error": 0.9}, {"outer_epoch": 195, "inner_epoch": 1, "train_loss": 2.302585338163376, "grad_norm": 2.4256070929595808e-08, "test_error": 0.9}, {"outer_epoch": 196, "inner_epoch": 1, "train_loss": 2.30258534822464, "grad_norm": 1.3981929392059556e-08, "test_error": 0.9}, {"outer_epoch": 197, "inner_epoch": 1, "train_loss": 2.3025853038311004, "grad_norm": 2.6196341096351716e-08, "test_error": 0.9}, {"outer_epoch": 198, "inner_epoch": 1, "train_loss": 2.302585299396515, "grad_norm": 3.9012778785263436e-08, "test_error": 0.9}, {"outer_epoch": 199, "inner_epoch": 1, "train_loss": 2.302585347175598, "grad_norm": 4.116568774747975e-08, "test_error": 0.9}, {"outer_epoch": 200, "inner_epoch": 1, "train_loss": 2.302585350751877, "grad_norm": 2.2589784265392154e-08, "test_error": 0.9}, {"outer_epoch": 201, "inner_epoch": 1, "train_loss": 2.3025853474140168, "grad_norm": 3.6454466112445516e-08, "test_error": 0.9}, {"outer_epoch": 202, "inner_epoch": 1, "train_loss": 2.302585352277756, "grad_norm": 1.674370153637028e-08, "test_error": 0.9}, {"outer_epoch": 203, "inner_epoch": 1, "train_loss": 2.3025853419303894, "grad_norm": 3.364106504477604e-08, "test_error": 0.9}, {"outer_epoch": 204, "inner_epoch": 1, "train_loss": 2.3025853569507597, "grad_norm": 5.237426137227885e-08, "test_error": 0.9}, {"outer_epoch": 205, "inner_epoch": 1, "train_loss": 2.302585362815857, "grad_norm": 3.8024033699457505e-08, "test_error": 0.9}, {"outer_epoch": 206, "inner_epoch": 1, "train_loss": 2.3025853555202485, "grad_norm": 6.993726486825835e-08, "test_error": 0.9}, {"outer_epoch": 207, "inner_epoch": 1, "train_loss": 2.302585280227661, "grad_norm": 2.8464478774026247e-08, "test_error": 0.9}, {"outer_epoch": 208, "inner_epoch": 1, "train_loss": 2.302585282421112, "grad_norm": 3.159115635753551e-08, "test_error": 0.9}, {"outer_epoch": 209, "inner_epoch": 1, "train_loss": 2.3025852912425995, "grad_norm": 2.3367775270344282e-08, "test_error": 0.9}, {"outer_epoch": 210, "inner_epoch": 1, "train_loss": 2.302585332393646, "grad_norm": 2.8964921128249443e-08, "test_error": 0.9}, {"outer_epoch": 211, "inner_epoch": 1, "train_loss": 2.30258528380394, "grad_norm": 1.730050058768029e-08, "test_error": 0.9}, {"outer_epoch": 212, "inner_epoch": 1, "train_loss": 2.3025852442264556, "grad_norm": 2.6820380583103542e-08, "test_error": 0.9}, {"outer_epoch": 213, "inner_epoch": 1, "train_loss": 2.302585298252106, "grad_norm": 2.5003650705457403e-08, "test_error": 0.9}, {"outer_epoch": 214, "inner_epoch": 1, "train_loss": 2.3025852732658385, "grad_norm": 2.8389912642978743e-08, "test_error": 0.9}, {"outer_epoch": 215, "inner_epoch": 1, "train_loss": 2.3025852573871615, "grad_norm": 3.0268033412994555e-08, "test_error": 0.9}, {"outer_epoch": 216, "inner_epoch": 1, "train_loss": 2.3025852910518645, "grad_norm": 2.667205656337046e-08, "test_error": 0.9}, {"outer_epoch": 217, "inner_epoch": 1, "train_loss": 2.3025853633880615, "grad_norm": 2.3950272876049894e-08, "test_error": 0.9}, {"outer_epoch": 218, "inner_epoch": 1, "train_loss": 2.302585333108902, "grad_norm": 1.9091507041935074e-08, "test_error": 0.9}, {"outer_epoch": 219, "inner_epoch": 1, "train_loss": 2.302585332584381, "grad_norm": 2.550678424029229e-08, "test_error": 0.9}, {"outer_epoch": 220, "inner_epoch": 1, "train_loss": 2.3025853395462037, "grad_norm": 1.4182702123832769e-08, "test_error": 0.9}, {"outer_epoch": 221, "inner_epoch": 1, "train_loss": 2.302585340023041, "grad_norm": 3.9682596764123446e-08, "test_error": 0.9}, {"outer_epoch": 222, "inner_epoch": 1, "train_loss": 2.3025853633880615, "grad_norm": 4.151252142037265e-08, "test_error": 0.9}, {"outer_epoch": 223, "inner_epoch": 1, "train_loss": 2.3025853633880615, "grad_norm": 3.75752762238335e-08, "test_error": 0.9}, {"outer_epoch": 224, "inner_epoch": 1, "train_loss": 2.3025853396892546, "grad_norm": 3.7276024045240774e-08, "test_error": 0.9}, {"outer_epoch": 225, "inner_epoch": 1, "train_loss": 2.302585369348526, "grad_norm": 5.0456765876560894e-08, "test_error": 0.9}, {"outer_epoch": 226, "inner_epoch": 1, "train_loss": 2.3025853160858154, "grad_norm": 2.52067806627565e-08, "test_error": 0.9}, {"outer_epoch": 227, "inner_epoch": 1, "train_loss": 2.302585323047638, "grad_norm": 1.702048635365827e-08, "test_error": 0.9}, {"outer_epoch": 228, "inner_epoch": 1, "train_loss": 2.302585338783264, "grad_norm": 2.9766679787712746e-08, "test_error": 0.9}, {"outer_epoch": 229, "inner_epoch": 1, "train_loss": 2.3025853349685668, "grad_norm": 2.8846143251826106e-08, "test_error": 0.9}, {"outer_epoch": 230, "inner_epoch": 1, "train_loss": 2.3025853650569914, "grad_norm": 5.8089046461873295e-08, "test_error": 0.9}, {"outer_epoch": 231, "inner_epoch": 1, "train_loss": 2.30258532409668, "grad_norm": 2.1928192595055407e-08, "test_error": 0.9}, {"outer_epoch": 232, "inner_epoch": 1, "train_loss": 2.3025853061676025, "grad_norm": 2.8314310895893868e-08, "test_error": 0.9}, {"outer_epoch": 233, "inner_epoch": 1, "train_loss": 2.3025853148460387, "grad_norm": 3.045944652058097e-08, "test_error": 0.9}, {"outer_epoch": 234, "inner_epoch": 1, "train_loss": 2.302585188293457, "grad_norm": 3.16054027393875e-08, "test_error": 0.9}, {"outer_epoch": 235, "inner_epoch": 1, "train_loss": 2.3025852532863618, "grad_norm": 6.699048782365935e-08, "test_error": 0.9}, {"outer_epoch": 236, "inner_epoch": 1, "train_loss": 2.302585288333893, "grad_norm": 2.4757703442901402e-08, "test_error": 0.9}, {"outer_epoch": 237, "inner_epoch": 1, "train_loss": 2.3025852821350097, "grad_norm": 2.9258707456847333e-08, "test_error": 0.9}, {"outer_epoch": 238, "inner_epoch": 1, "train_loss": 2.3025852652549745, "grad_norm": 3.2806525496198446e-08, "test_error": 0.9}, {"outer_epoch": 239, "inner_epoch": 1, "train_loss": 2.302585297346115, "grad_norm": 1.9915921356528088e-08, "test_error": 0.9}, {"outer_epoch": 240, "inner_epoch": 1, "train_loss": 2.3025853220939636, "grad_norm": 2.705990631568511e-08, "test_error": 0.9}, {"outer_epoch": 241, "inner_epoch": 1, "train_loss": 2.3025853336811064, "grad_norm": 2.284659217366425e-08, "test_error": 0.9}, {"outer_epoch": 242, "inner_epoch": 1, "train_loss": 2.3025852838993073, "grad_norm": 1.7947488828440328e-08, "test_error": 0.9}, {"outer_epoch": 243, "inner_epoch": 1, "train_loss": 2.3025852352142335, "grad_norm": 3.100087297980281e-08, "test_error": 0.9}, {"outer_epoch": 244, "inner_epoch": 1, "train_loss": 2.3025852618694307, "grad_norm": 2.1962817342568997e-08, "test_error": 0.9}, {"outer_epoch": 245, "inner_epoch": 1, "train_loss": 2.3025852066516874, "grad_norm": 4.5853511210225406e-08, "test_error": 0.9}, {"outer_epoch": 246, "inner_epoch": 1, "train_loss": 2.302585246133804, "grad_norm": 2.1142428252574064e-08, "test_error": 0.9}, {"outer_epoch": 247, "inner_epoch": 1, "train_loss": 2.3025852516651155, "grad_norm": 2.6304755706973992e-08, "test_error": 0.9}, {"outer_epoch": 248, "inner_epoch": 1, "train_loss": 2.3025852440357206, "grad_norm": 2.152875211436367e-08, "test_error": 0.9}, {"outer_epoch": 249, "inner_epoch": 1, "train_loss": 2.302585315132141, "grad_norm": 2.78485536853168e-08, "test_error": 0.9}, {"outer_epoch": 250, "inner_epoch": 1, "train_loss": 2.3025852557659148, "grad_norm": 2.2751617478888875e-08, "test_error": 0.9}]}