{"argv": ["train.py", "--seed", "83", "--optimizer", "SVRG", "--run_name", "svrg_0.001.json", "--output_path", "experiments/nonconvex_cifar10/svrg-0.001.json", "--dataset", "CIFAR10", "--layer_sizes", "3072", "100", "10", "--batch_size", "10", "--learning_rate", "0.001", "--weight_decay", "0.001", "--warmup_learning_rate", "0.01", "--num_warmup_epochs", "10", "--num_outer_epochs", "250", "--num_inner_epochs", "1", "--device", "cuda"], "args": {"seed": 83, "optimizer": "SVRG", "run_name": "svrg_0.001.json", "output_path": "experiments/nonconvex_cifar10/svrg-0.001.json", "device": "cuda", "dataset": "CIFAR10", "dataset_root": "~/datasets/pytorch", "dataset_size": null, "download": false, "layer_sizes": [3072, 100, 10], "batch_size": 10, "test_batch_size": 256, "learning_rate": 0.001, "weight_decay": 0.001, "warmup_learning_rate": 0.01, "num_warmup_epochs": 10, "num_outer_epochs": 250, "num_inner_epochs": 1, "inner_epoch_fraction": null, "choose_random_iterate": false, "num_epochs": 10}, "metrics": [{"warmup_epoch": 1, "train_loss": 1.8772816695809365, "grad_norm": 1.330396056175232, "test_error": 0.6135}, {"warmup_epoch": 2, "train_loss": 1.702120511996746, "grad_norm": 1.505911946296692, "test_error": 0.5904}, {"warmup_epoch": 3, "train_loss": 1.6260027727365494, "grad_norm": 1.4280996322631836, "test_error": 0.5689}, {"warmup_epoch": 4, "train_loss": 1.5749987521529198, "grad_norm": 1.1521843671798706, "test_error": 0.5514}, {"warmup_epoch": 5, "train_loss": 1.5393459569334984, "grad_norm": 1.3207876682281494, "test_error": 0.5421}, {"warmup_epoch": 6, "train_loss": 1.513324132347107, "grad_norm": 1.1785192489624023, "test_error": 0.5364}, {"warmup_epoch": 7, "train_loss": 1.4920352176070213, "grad_norm": 1.9602423906326294, "test_error": 0.5568}, {"warmup_epoch": 8, "train_loss": 1.4741584265708922, "grad_norm": 1.6976767778396606, "test_error": 0.5361}, {"warmup_epoch": 9, "train_loss": 1.454667365592718, "grad_norm": 1.5695347785949707, "test_error": 0.5255}, {"warmup_epoch": 10, "train_loss": 1.4399748266875745, "grad_norm": 1.3209766149520874, "test_error": 0.5327}, {"outer_epoch": 1, "inner_epoch": 1, "train_loss": 1.3199829726934433, "grad_norm": 0.26482540369033813, "test_error": 0.4947}, {"outer_epoch": 2, "inner_epoch": 1, "train_loss": 1.3079811626553535, "grad_norm": 0.07479199022054672, "test_error": 0.4927}, {"outer_epoch": 3, "inner_epoch": 1, "train_loss": 1.3019068790555, "grad_norm": 0.07230803370475769, "test_error": 0.4916}, {"outer_epoch": 4, "inner_epoch": 1, "train_loss": 1.2971978858530522, "grad_norm": 0.06214172765612602, "test_error": 0.4905}, {"outer_epoch": 5, "inner_epoch": 1, "train_loss": 1.2927012715995312, "grad_norm": 0.05627109855413437, "test_error": 0.4891}, {"outer_epoch": 6, "inner_epoch": 1, "train_loss": 1.2885632848024369, "grad_norm": 0.0871768668293953, "test_error": 0.4874}, {"outer_epoch": 7, "inner_epoch": 1, "train_loss": 1.2846521941125393, "grad_norm": 0.06649065017700195, "test_error": 0.4881}, {"outer_epoch": 8, "inner_epoch": 1, "train_loss": 1.280748730814457, "grad_norm": 0.0489896722137928, "test_error": 0.4876}, {"outer_epoch": 9, "inner_epoch": 1, "train_loss": 1.2769949415683746, "grad_norm": 0.08298955857753754, "test_error": 0.4885}, {"outer_epoch": 10, "inner_epoch": 1, "train_loss": 1.273497244954109, "grad_norm": 0.08311087638139725, "test_error": 0.487}, {"outer_epoch": 11, "inner_epoch": 1, "train_loss": 1.2699303807079791, "grad_norm": 0.06280754506587982, "test_error": 0.4876}, {"outer_epoch": 12, "inner_epoch": 1, "train_loss": 1.2664138236880302, "grad_norm": 0.06052106246352196, "test_error": 0.4865}, {"outer_epoch": 13, "inner_epoch": 1, "train_loss": 1.263132476991415, "grad_norm": 0.06540664285421371, "test_error": 0.487}, {"outer_epoch": 14, "inner_epoch": 1, "train_loss": 1.2596123883247377, "grad_norm": 0.09108200669288635, "test_error": 0.4865}, {"outer_epoch": 15, "inner_epoch": 1, "train_loss": 1.2565492420852185, "grad_norm": 0.07725684344768524, "test_error": 0.4867}, {"outer_epoch": 16, "inner_epoch": 1, "train_loss": 1.2533246572732926, "grad_norm": 0.08948246389627457, "test_error": 0.4864}, {"outer_epoch": 17, "inner_epoch": 1, "train_loss": 1.250157944047451, "grad_norm": 0.06372545659542084, "test_error": 0.485}, {"outer_epoch": 18, "inner_epoch": 1, "train_loss": 1.2470164713263512, "grad_norm": 0.09274714440107346, "test_error": 0.4833}, {"outer_epoch": 19, "inner_epoch": 1, "train_loss": 1.243896237707138, "grad_norm": 0.06444689631462097, "test_error": 0.4851}, {"outer_epoch": 20, "inner_epoch": 1, "train_loss": 1.2407643296778201, "grad_norm": 0.09079279750585556, "test_error": 0.4837}, {"outer_epoch": 21, "inner_epoch": 1, "train_loss": 1.2378874680042267, "grad_norm": 0.08473631739616394, "test_error": 0.4832}, {"outer_epoch": 22, "inner_epoch": 1, "train_loss": 1.2348088461458684, "grad_norm": 0.08657300472259521, "test_error": 0.4848}, {"outer_epoch": 23, "inner_epoch": 1, "train_loss": 1.2317162436068059, "grad_norm": 0.08308649808168411, "test_error": 0.4833}, {"outer_epoch": 24, "inner_epoch": 1, "train_loss": 1.228878910291195, "grad_norm": 0.08088965713977814, "test_error": 0.4827}, {"outer_epoch": 25, "inner_epoch": 1, "train_loss": 1.225916600859165, "grad_norm": 0.06342698633670807, "test_error": 0.483}, {"outer_epoch": 26, "inner_epoch": 1, "train_loss": 1.2229339565992354, "grad_norm": 0.08253846317529678, "test_error": 0.4824}, {"outer_epoch": 27, "inner_epoch": 1, "train_loss": 1.220149293190241, "grad_norm": 0.11460168659687042, "test_error": 0.4819}, {"outer_epoch": 28, "inner_epoch": 1, "train_loss": 1.2172741450071334, "grad_norm": 0.11868707090616226, "test_error": 0.4829}, {"outer_epoch": 29, "inner_epoch": 1, "train_loss": 1.2144365666747092, "grad_norm": 0.09725821763277054, "test_error": 0.4827}, {"outer_epoch": 30, "inner_epoch": 1, "train_loss": 1.211490089905262, "grad_norm": 0.09789316356182098, "test_error": 0.4825}, {"outer_epoch": 31, "inner_epoch": 1, "train_loss": 1.2087923308253288, "grad_norm": 0.0801854282617569, "test_error": 0.4824}, {"outer_epoch": 32, "inner_epoch": 1, "train_loss": 1.2059298099040985, "grad_norm": 0.11476162075996399, "test_error": 0.4817}, {"outer_epoch": 33, "inner_epoch": 1, "train_loss": 1.2032534113764763, "grad_norm": 0.11447068303823471, "test_error": 0.4825}, {"outer_epoch": 34, "inner_epoch": 1, "train_loss": 1.200421890503168, "grad_norm": 0.08689560741186142, "test_error": 0.4831}, {"outer_epoch": 35, "inner_epoch": 1, "train_loss": 1.1977357853174209, "grad_norm": 0.11090968549251556, "test_error": 0.4825}, {"outer_epoch": 36, "inner_epoch": 1, "train_loss": 1.1948370176374912, "grad_norm": 0.08691217005252838, "test_error": 0.4819}, {"outer_epoch": 37, "inner_epoch": 1, "train_loss": 1.1923728636860846, "grad_norm": 0.10028249770402908, "test_error": 0.4818}, {"outer_epoch": 38, "inner_epoch": 1, "train_loss": 1.1897854035079478, "grad_norm": 0.11656615883111954, "test_error": 0.4815}, {"outer_epoch": 39, "inner_epoch": 1, "train_loss": 1.1871399285852908, "grad_norm": 0.10706283897161484, "test_error": 0.4822}, {"outer_epoch": 40, "inner_epoch": 1, "train_loss": 1.1844110073626042, "grad_norm": 0.11360371112823486, "test_error": 0.4809}, {"outer_epoch": 41, "inner_epoch": 1, "train_loss": 1.1818802374780177, "grad_norm": 0.1499839574098587, "test_error": 0.4798}, {"outer_epoch": 42, "inner_epoch": 1, "train_loss": 1.179457043772936, "grad_norm": 0.12279406934976578, "test_error": 0.4814}, {"outer_epoch": 43, "inner_epoch": 1, "train_loss": 1.1766788520812987, "grad_norm": 0.08016455173492432, "test_error": 0.479}, {"outer_epoch": 44, "inner_epoch": 1, "train_loss": 1.1740891091227532, "grad_norm": 0.08299261331558228, "test_error": 0.4788}, {"outer_epoch": 45, "inner_epoch": 1, "train_loss": 1.1715226172626019, "grad_norm": 0.12567515671253204, "test_error": 0.4788}, {"outer_epoch": 46, "inner_epoch": 1, "train_loss": 1.1690577677369118, "grad_norm": 0.09019988775253296, "test_error": 0.4781}, {"outer_epoch": 47, "inner_epoch": 1, "train_loss": 1.1664692761838436, "grad_norm": 0.1082160696387291, "test_error": 0.4806}, {"outer_epoch": 48, "inner_epoch": 1, "train_loss": 1.1639990984678268, "grad_norm": 0.13643108308315277, "test_error": 0.4779}, {"outer_epoch": 49, "inner_epoch": 1, "train_loss": 1.1617142426371574, "grad_norm": 0.17199476063251495, "test_error": 0.4783}, {"outer_epoch": 50, "inner_epoch": 1, "train_loss": 1.1592615985810757, "grad_norm": 0.1918771117925644, "test_error": 0.4787}, {"outer_epoch": 51, "inner_epoch": 1, "train_loss": 1.1566612846136093, "grad_norm": 0.13662245869636536, "test_error": 0.4779}, {"outer_epoch": 52, "inner_epoch": 1, "train_loss": 1.1541028971254825, "grad_norm": 0.1092771366238594, "test_error": 0.4781}, {"outer_epoch": 53, "inner_epoch": 1, "train_loss": 1.1515632344543933, "grad_norm": 0.0982523262500763, "test_error": 0.4789}, {"outer_epoch": 54, "inner_epoch": 1, "train_loss": 1.1490542320907116, "grad_norm": 0.09871687740087509, "test_error": 0.4777}, {"outer_epoch": 55, "inner_epoch": 1, "train_loss": 1.1466245736420155, "grad_norm": 0.12410636246204376, "test_error": 0.4784}, {"outer_epoch": 56, "inner_epoch": 1, "train_loss": 1.1443653670847416, "grad_norm": 0.12967954576015472, "test_error": 0.4778}, {"outer_epoch": 57, "inner_epoch": 1, "train_loss": 1.1419568377554417, "grad_norm": 0.13748608529567719, "test_error": 0.4768}, {"outer_epoch": 58, "inner_epoch": 1, "train_loss": 1.1395654594421387, "grad_norm": 0.24189303815364838, "test_error": 0.4778}, {"outer_epoch": 59, "inner_epoch": 1, "train_loss": 1.1373616912364959, "grad_norm": 0.17568650841712952, "test_error": 0.4771}, {"outer_epoch": 60, "inner_epoch": 1, "train_loss": 1.13495684415102, "grad_norm": 0.1528373807668686, "test_error": 0.4756}, {"outer_epoch": 61, "inner_epoch": 1, "train_loss": 1.1322810581326486, "grad_norm": 0.1496155709028244, "test_error": 0.4767}, {"outer_epoch": 62, "inner_epoch": 1, "train_loss": 1.130246583506465, "grad_norm": 0.12173523008823395, "test_error": 0.4759}, {"outer_epoch": 63, "inner_epoch": 1, "train_loss": 1.1277328873932362, "grad_norm": 0.15991780161857605, "test_error": 0.4753}, {"outer_epoch": 64, "inner_epoch": 1, "train_loss": 1.1253891459822656, "grad_norm": 0.16883279383182526, "test_error": 0.4757}, {"outer_epoch": 65, "inner_epoch": 1, "train_loss": 1.123342007881403, "grad_norm": 0.16447332501411438, "test_error": 0.4752}, {"outer_epoch": 66, "inner_epoch": 1, "train_loss": 1.120769536820054, "grad_norm": 0.23013071715831757, "test_error": 0.476}, {"outer_epoch": 67, "inner_epoch": 1, "train_loss": 1.1184887132704258, "grad_norm": 0.17952583730220795, "test_error": 0.4766}, {"outer_epoch": 68, "inner_epoch": 1, "train_loss": 1.116395768660307, "grad_norm": 0.2288455069065094, "test_error": 0.4754}, {"outer_epoch": 69, "inner_epoch": 1, "train_loss": 1.1143404415935279, "grad_norm": 0.2585197389125824, "test_error": 0.4771}, {"outer_epoch": 70, "inner_epoch": 1, "train_loss": 1.1119782141029835, "grad_norm": 0.20498423278331757, "test_error": 0.4755}, {"outer_epoch": 71, "inner_epoch": 1, "train_loss": 1.1098219866931438, "grad_norm": 0.19549421966075897, "test_error": 0.4766}, {"outer_epoch": 72, "inner_epoch": 1, "train_loss": 1.1073573406457902, "grad_norm": 0.15841856598854065, "test_error": 0.4754}, {"outer_epoch": 73, "inner_epoch": 1, "train_loss": 1.1050138225853443, "grad_norm": 0.15880794823169708, "test_error": 0.4753}, {"outer_epoch": 74, "inner_epoch": 1, "train_loss": 1.1028612705290317, "grad_norm": 0.2383006364107132, "test_error": 0.4743}, {"outer_epoch": 75, "inner_epoch": 1, "train_loss": 1.1008043194055557, "grad_norm": 0.20336827635765076, "test_error": 0.4751}, {"outer_epoch": 76, "inner_epoch": 1, "train_loss": 1.0986807221651078, "grad_norm": 0.29545870423316956, "test_error": 0.4752}, {"outer_epoch": 77, "inner_epoch": 1, "train_loss": 1.096625421500206, "grad_norm": 0.21234212815761566, "test_error": 0.4742}, {"outer_epoch": 78, "inner_epoch": 1, "train_loss": 1.0944098251163958, "grad_norm": 0.234013170003891, "test_error": 0.4745}, {"outer_epoch": 79, "inner_epoch": 1, "train_loss": 1.0921854811787606, "grad_norm": 0.16099844872951508, "test_error": 0.4758}, {"outer_epoch": 80, "inner_epoch": 1, "train_loss": 1.0899391684353352, "grad_norm": 0.24221588671207428, "test_error": 0.4743}, {"outer_epoch": 81, "inner_epoch": 1, "train_loss": 1.0880361779093743, "grad_norm": 0.20350560545921326, "test_error": 0.4749}, {"outer_epoch": 82, "inner_epoch": 1, "train_loss": 1.0858953477442264, "grad_norm": 0.3309437930583954, "test_error": 0.4759}, {"outer_epoch": 83, "inner_epoch": 1, "train_loss": 1.0834896343946456, "grad_norm": 0.1531926542520523, "test_error": 0.4732}, {"outer_epoch": 84, "inner_epoch": 1, "train_loss": 1.081623751217127, "grad_norm": 0.225371852517128, "test_error": 0.475}, {"outer_epoch": 85, "inner_epoch": 1, "train_loss": 1.0793496750175953, "grad_norm": 0.1793690323829651, "test_error": 0.4737}, {"outer_epoch": 86, "inner_epoch": 1, "train_loss": 1.0772735497117043, "grad_norm": 0.17742523550987244, "test_error": 0.4768}, {"outer_epoch": 87, "inner_epoch": 1, "train_loss": 1.0752355767786503, "grad_norm": 0.1859803944826126, "test_error": 0.4734}, {"outer_epoch": 88, "inner_epoch": 1, "train_loss": 1.0730069689393043, "grad_norm": 0.2435586005449295, "test_error": 0.4745}, {"outer_epoch": 89, "inner_epoch": 1, "train_loss": 1.0712523895800115, "grad_norm": 0.24603529274463654, "test_error": 0.4745}, {"outer_epoch": 90, "inner_epoch": 1, "train_loss": 1.0690736643135548, "grad_norm": 0.3220708966255188, "test_error": 0.4727}, {"outer_epoch": 91, "inner_epoch": 1, "train_loss": 1.0670145845472814, "grad_norm": 0.17562635242938995, "test_error": 0.473}, {"outer_epoch": 92, "inner_epoch": 1, "train_loss": 1.0646832302749156, "grad_norm": 0.1395871788263321, "test_error": 0.4737}, {"outer_epoch": 93, "inner_epoch": 1, "train_loss": 1.0627426733255387, "grad_norm": 0.17485061287879944, "test_error": 0.4725}, {"outer_epoch": 94, "inner_epoch": 1, "train_loss": 1.060648228484392, "grad_norm": 0.18940898776054382, "test_error": 0.4747}, {"outer_epoch": 95, "inner_epoch": 1, "train_loss": 1.0588030008673668, "grad_norm": 0.17820018529891968, "test_error": 0.4739}, {"outer_epoch": 96, "inner_epoch": 1, "train_loss": 1.0565944859862328, "grad_norm": 0.2811402976512909, "test_error": 0.4733}, {"outer_epoch": 97, "inner_epoch": 1, "train_loss": 1.0551558855712413, "grad_norm": 0.23820775747299194, "test_error": 0.4753}, {"outer_epoch": 98, "inner_epoch": 1, "train_loss": 1.0530659240067006, "grad_norm": 0.21832628548145294, "test_error": 0.475}, {"outer_epoch": 99, "inner_epoch": 1, "train_loss": 1.0510119039475918, "grad_norm": 0.21606452763080597, "test_error": 0.4735}, {"outer_epoch": 100, "inner_epoch": 1, "train_loss": 1.0491242532998324, "grad_norm": 0.20856855809688568, "test_error": 0.4721}, {"outer_epoch": 101, "inner_epoch": 1, "train_loss": 1.0469973587393762, "grad_norm": 0.2752458155155182, "test_error": 0.4737}, {"outer_epoch": 102, "inner_epoch": 1, "train_loss": 1.0451166352391243, "grad_norm": 0.366142213344574, "test_error": 0.4721}, {"outer_epoch": 103, "inner_epoch": 1, "train_loss": 1.043583630257845, "grad_norm": 0.26723676919937134, "test_error": 0.473}, {"outer_epoch": 104, "inner_epoch": 1, "train_loss": 1.041510260593891, "grad_norm": 0.20289069414138794, "test_error": 0.4731}, {"outer_epoch": 105, "inner_epoch": 1, "train_loss": 1.0395089843273162, "grad_norm": 0.21515268087387085, "test_error": 0.4728}, {"outer_epoch": 106, "inner_epoch": 1, "train_loss": 1.0374332659006118, "grad_norm": 0.34845876693725586, "test_error": 0.4727}, {"outer_epoch": 107, "inner_epoch": 1, "train_loss": 1.0356339361310005, "grad_norm": 0.4276006519794464, "test_error": 0.4721}, {"outer_epoch": 108, "inner_epoch": 1, "train_loss": 1.0338967043101788, "grad_norm": 0.32198813557624817, "test_error": 0.473}, {"outer_epoch": 109, "inner_epoch": 1, "train_loss": 1.0319923336148262, "grad_norm": 0.2709940969944, "test_error": 0.4731}, {"outer_epoch": 110, "inner_epoch": 1, "train_loss": 1.029953032168746, "grad_norm": 0.3393515944480896, "test_error": 0.4732}, {"outer_epoch": 111, "inner_epoch": 1, "train_loss": 1.02840260194242, "grad_norm": 0.30348458886146545, "test_error": 0.4719}, {"outer_epoch": 112, "inner_epoch": 1, "train_loss": 1.026520349189639, "grad_norm": 0.38421711325645447, "test_error": 0.4734}, {"outer_epoch": 113, "inner_epoch": 1, "train_loss": 1.0248119026839733, "grad_norm": 0.2005697786808014, "test_error": 0.4729}, {"outer_epoch": 114, "inner_epoch": 1, "train_loss": 1.0225500829041003, "grad_norm": 0.2297329157590866, "test_error": 0.4711}, {"outer_epoch": 115, "inner_epoch": 1, "train_loss": 1.0206407038748264, "grad_norm": 0.22774991393089294, "test_error": 0.4726}, {"outer_epoch": 116, "inner_epoch": 1, "train_loss": 1.0189507548242807, "grad_norm": 0.3049010634422302, "test_error": 0.4727}, {"outer_epoch": 117, "inner_epoch": 1, "train_loss": 1.0174228189826011, "grad_norm": 0.2348126620054245, "test_error": 0.4729}, {"outer_epoch": 118, "inner_epoch": 1, "train_loss": 1.0158331500589848, "grad_norm": 0.3428528308868408, "test_error": 0.4712}, {"outer_epoch": 119, "inner_epoch": 1, "train_loss": 1.0139438264578582, "grad_norm": 0.2981570363044739, "test_error": 0.4721}, {"outer_epoch": 120, "inner_epoch": 1, "train_loss": 1.0123267830789089, "grad_norm": 0.3860509693622589, "test_error": 0.4721}, {"outer_epoch": 121, "inner_epoch": 1, "train_loss": 1.010221385449171, "grad_norm": 0.323093056678772, "test_error": 0.4741}, {"outer_epoch": 122, "inner_epoch": 1, "train_loss": 1.0085444396317005, "grad_norm": 0.248427614569664, "test_error": 0.4722}, {"outer_epoch": 123, "inner_epoch": 1, "train_loss": 1.006808107483387, "grad_norm": 0.34052392840385437, "test_error": 0.4725}, {"outer_epoch": 124, "inner_epoch": 1, "train_loss": 1.0050659524321557, "grad_norm": 0.28234848380088806, "test_error": 0.471}, {"outer_epoch": 125, "inner_epoch": 1, "train_loss": 1.0034947196602821, "grad_norm": 0.21976441144943237, "test_error": 0.4734}, {"outer_epoch": 126, "inner_epoch": 1, "train_loss": 1.0020287065148354, "grad_norm": 0.36588236689567566, "test_error": 0.4726}, {"outer_epoch": 127, "inner_epoch": 1, "train_loss": 1.000184227114916, "grad_norm": 0.30480146408081055, "test_error": 0.4707}, {"outer_epoch": 128, "inner_epoch": 1, "train_loss": 0.9983072990000248, "grad_norm": 0.43173539638519287, "test_error": 0.4732}, {"outer_epoch": 129, "inner_epoch": 1, "train_loss": 0.9967067744016648, "grad_norm": 0.2709239721298218, "test_error": 0.4719}, {"outer_epoch": 130, "inner_epoch": 1, "train_loss": 0.9949280876517296, "grad_norm": 0.33454012870788574, "test_error": 0.4718}, {"outer_epoch": 131, "inner_epoch": 1, "train_loss": 0.9932451120197773, "grad_norm": 0.3382294476032257, "test_error": 0.4731}, {"outer_epoch": 132, "inner_epoch": 1, "train_loss": 0.9916493230462075, "grad_norm": 0.3630746901035309, "test_error": 0.4721}, {"outer_epoch": 133, "inner_epoch": 1, "train_loss": 0.9899158935666085, "grad_norm": 0.33193349838256836, "test_error": 0.4714}, {"outer_epoch": 134, "inner_epoch": 1, "train_loss": 0.9884229763150215, "grad_norm": 0.28891614079475403, "test_error": 0.4724}, {"outer_epoch": 135, "inner_epoch": 1, "train_loss": 0.9871375062897801, "grad_norm": 0.40754255652427673, "test_error": 0.4723}, {"outer_epoch": 136, "inner_epoch": 1, "train_loss": 0.9850081095337868, "grad_norm": 0.3077152669429779, "test_error": 0.4727}, {"outer_epoch": 137, "inner_epoch": 1, "train_loss": 0.9835291233748198, "grad_norm": 0.38524946570396423, "test_error": 0.473}, {"outer_epoch": 138, "inner_epoch": 1, "train_loss": 0.982176464176178, "grad_norm": 0.3466905653476715, "test_error": 0.4729}, {"outer_epoch": 139, "inner_epoch": 1, "train_loss": 0.9802371774435044, "grad_norm": 0.3956340551376343, "test_error": 0.4719}, {"outer_epoch": 140, "inner_epoch": 1, "train_loss": 0.9790354476213455, "grad_norm": 0.25886601209640503, "test_error": 0.473}, {"outer_epoch": 141, "inner_epoch": 1, "train_loss": 0.9771501946151256, "grad_norm": 0.4773195683956146, "test_error": 0.4726}, {"outer_epoch": 142, "inner_epoch": 1, "train_loss": 0.975821639752388, "grad_norm": 0.44546064734458923, "test_error": 0.4758}, {"outer_epoch": 143, "inner_epoch": 1, "train_loss": 0.9744313970983028, "grad_norm": 0.3819950819015503, "test_error": 0.4745}, {"outer_epoch": 144, "inner_epoch": 1, "train_loss": 0.9726411210775375, "grad_norm": 0.466927707195282, "test_error": 0.4759}, {"outer_epoch": 145, "inner_epoch": 1, "train_loss": 0.9712020234405995, "grad_norm": 0.4262770116329193, "test_error": 0.4739}, {"outer_epoch": 146, "inner_epoch": 1, "train_loss": 0.9696322203278541, "grad_norm": 0.38675758242607117, "test_error": 0.4746}, {"outer_epoch": 147, "inner_epoch": 1, "train_loss": 0.9676595592916012, "grad_norm": 0.32736361026763916, "test_error": 0.4734}, {"outer_epoch": 148, "inner_epoch": 1, "train_loss": 0.9661707201331854, "grad_norm": 0.3140193819999695, "test_error": 0.4732}, {"outer_epoch": 149, "inner_epoch": 1, "train_loss": 0.9643658740997314, "grad_norm": 0.32490411400794983, "test_error": 0.4737}, {"outer_epoch": 150, "inner_epoch": 1, "train_loss": 0.962903240403533, "grad_norm": 0.3046766519546509, "test_error": 0.4742}, {"outer_epoch": 151, "inner_epoch": 1, "train_loss": 0.9618721103072166, "grad_norm": 0.44465193152427673, "test_error": 0.475}, {"outer_epoch": 152, "inner_epoch": 1, "train_loss": 0.960100175923109, "grad_norm": 0.2881926894187927, "test_error": 0.4732}, {"outer_epoch": 153, "inner_epoch": 1, "train_loss": 0.9586173652619123, "grad_norm": 0.3974367082118988, "test_error": 0.4737}, {"outer_epoch": 154, "inner_epoch": 1, "train_loss": 0.9570947877913714, "grad_norm": 0.3644833266735077, "test_error": 0.4724}, {"outer_epoch": 155, "inner_epoch": 1, "train_loss": 0.9558711769104004, "grad_norm": 0.41748514771461487, "test_error": 0.4742}, {"outer_epoch": 156, "inner_epoch": 1, "train_loss": 0.954248561924696, "grad_norm": 0.3854512572288513, "test_error": 0.4738}, {"outer_epoch": 157, "inner_epoch": 1, "train_loss": 0.9529625435233117, "grad_norm": 0.5264015793800354, "test_error": 0.4747}, {"outer_epoch": 158, "inner_epoch": 1, "train_loss": 0.9512433141291141, "grad_norm": 0.3298751413822174, "test_error": 0.4737}, {"outer_epoch": 159, "inner_epoch": 1, "train_loss": 0.9493963988631964, "grad_norm": 0.40662816166877747, "test_error": 0.4735}, {"outer_epoch": 160, "inner_epoch": 1, "train_loss": 0.9489994911670685, "grad_norm": 0.3561651110649109, "test_error": 0.4732}, {"outer_epoch": 161, "inner_epoch": 1, "train_loss": 0.9465154606550932, "grad_norm": 0.4520985782146454, "test_error": 0.4734}, {"outer_epoch": 162, "inner_epoch": 1, "train_loss": 0.9449756354719401, "grad_norm": 0.5741500854492188, "test_error": 0.4743}, {"outer_epoch": 163, "inner_epoch": 1, "train_loss": 0.9441368398815393, "grad_norm": 0.5403043031692505, "test_error": 0.4724}, {"outer_epoch": 164, "inner_epoch": 1, "train_loss": 0.9425617931008339, "grad_norm": 0.5330878496170044, "test_error": 0.4742}, {"outer_epoch": 165, "inner_epoch": 1, "train_loss": 0.94122799012959, "grad_norm": 0.34825655817985535, "test_error": 0.474}, {"outer_epoch": 166, "inner_epoch": 1, "train_loss": 0.9394085944652557, "grad_norm": 0.7177865505218506, "test_error": 0.4748}, {"outer_epoch": 167, "inner_epoch": 1, "train_loss": 0.9387497825831175, "grad_norm": 0.44754424691200256, "test_error": 0.4736}, {"outer_epoch": 168, "inner_epoch": 1, "train_loss": 0.9366412522375583, "grad_norm": 0.34857359528541565, "test_error": 0.4747}, {"outer_epoch": 169, "inner_epoch": 1, "train_loss": 0.9354163874834776, "grad_norm": 0.3138039708137512, "test_error": 0.4755}, {"outer_epoch": 170, "inner_epoch": 1, "train_loss": 0.9339420331925153, "grad_norm": 0.39168715476989746, "test_error": 0.4739}, {"outer_epoch": 171, "inner_epoch": 1, "train_loss": 0.9325355749338865, "grad_norm": 0.32051095366477966, "test_error": 0.473}, {"outer_epoch": 172, "inner_epoch": 1, "train_loss": 0.9308359147250652, "grad_norm": 0.42197349667549133, "test_error": 0.473}, {"outer_epoch": 173, "inner_epoch": 1, "train_loss": 0.9301575591951609, "grad_norm": 0.45577871799468994, "test_error": 0.4738}, {"outer_epoch": 174, "inner_epoch": 1, "train_loss": 0.9285961531102658, "grad_norm": 0.472680926322937, "test_error": 0.4727}, {"outer_epoch": 175, "inner_epoch": 1, "train_loss": 0.9276416432023048, "grad_norm": 0.5096936821937561, "test_error": 0.4729}, {"outer_epoch": 176, "inner_epoch": 1, "train_loss": 0.9258582895219326, "grad_norm": 0.30563032627105713, "test_error": 0.4735}, {"outer_epoch": 177, "inner_epoch": 1, "train_loss": 0.9244371024876833, "grad_norm": 0.46823129057884216, "test_error": 0.4731}, {"outer_epoch": 178, "inner_epoch": 1, "train_loss": 0.9231920807749033, "grad_norm": 0.6045426726341248, "test_error": 0.4752}, {"outer_epoch": 179, "inner_epoch": 1, "train_loss": 0.9217715382069349, "grad_norm": 0.5537114143371582, "test_error": 0.4744}, {"outer_epoch": 180, "inner_epoch": 1, "train_loss": 0.9207710157960654, "grad_norm": 0.39688488841056824, "test_error": 0.4743}, {"outer_epoch": 181, "inner_epoch": 1, "train_loss": 0.9188171144843101, "grad_norm": 0.48076626658439636, "test_error": 0.4748}, {"outer_epoch": 182, "inner_epoch": 1, "train_loss": 0.9178466703921556, "grad_norm": 0.36681652069091797, "test_error": 0.473}, {"outer_epoch": 183, "inner_epoch": 1, "train_loss": 0.9164206971645356, "grad_norm": 0.5253361463546753, "test_error": 0.4741}, {"outer_epoch": 184, "inner_epoch": 1, "train_loss": 0.9156070603370666, "grad_norm": 0.4456251561641693, "test_error": 0.4732}, {"outer_epoch": 185, "inner_epoch": 1, "train_loss": 0.914093772983551, "grad_norm": 0.49409186840057373, "test_error": 0.4759}, {"outer_epoch": 186, "inner_epoch": 1, "train_loss": 0.912672458961606, "grad_norm": 0.5198541879653931, "test_error": 0.4747}, {"outer_epoch": 187, "inner_epoch": 1, "train_loss": 0.9117301720529795, "grad_norm": 0.6432047486305237, "test_error": 0.4742}, {"outer_epoch": 188, "inner_epoch": 1, "train_loss": 0.9103359180018306, "grad_norm": 0.5081570148468018, "test_error": 0.473}, {"outer_epoch": 189, "inner_epoch": 1, "train_loss": 0.9088181572288275, "grad_norm": 0.7130395770072937, "test_error": 0.4742}, {"outer_epoch": 190, "inner_epoch": 1, "train_loss": 0.9077570590436459, "grad_norm": 0.601938009262085, "test_error": 0.4754}, {"outer_epoch": 191, "inner_epoch": 1, "train_loss": 0.9067896625429391, "grad_norm": 0.522327184677124, "test_error": 0.4751}, {"outer_epoch": 192, "inner_epoch": 1, "train_loss": 0.9057281571358442, "grad_norm": 0.55008864402771, "test_error": 0.4727}, {"outer_epoch": 193, "inner_epoch": 1, "train_loss": 0.9036437971144915, "grad_norm": 0.5557501316070557, "test_error": 0.4742}, {"outer_epoch": 194, "inner_epoch": 1, "train_loss": 0.9024938352823257, "grad_norm": 0.5964964628219604, "test_error": 0.4745}, {"outer_epoch": 195, "inner_epoch": 1, "train_loss": 0.9016443349421024, "grad_norm": 0.6625581979751587, "test_error": 0.4738}, {"outer_epoch": 196, "inner_epoch": 1, "train_loss": 0.8999940114408731, "grad_norm": 0.491055428981781, "test_error": 0.4744}, {"outer_epoch": 197, "inner_epoch": 1, "train_loss": 0.8982423944383859, "grad_norm": 0.5529693961143494, "test_error": 0.4728}, {"outer_epoch": 198, "inner_epoch": 1, "train_loss": 0.897845372954011, "grad_norm": 0.584104061126709, "test_error": 0.473}, {"outer_epoch": 199, "inner_epoch": 1, "train_loss": 0.8965041850984097, "grad_norm": 0.4526996910572052, "test_error": 0.4731}, {"outer_epoch": 200, "inner_epoch": 1, "train_loss": 0.8953687074840069, "grad_norm": 0.8342691659927368, "test_error": 0.4751}, {"outer_epoch": 201, "inner_epoch": 1, "train_loss": 0.8941411228328944, "grad_norm": 0.48479124903678894, "test_error": 0.4754}, {"outer_epoch": 202, "inner_epoch": 1, "train_loss": 0.8925734289586544, "grad_norm": 0.4041330814361572, "test_error": 0.474}, {"outer_epoch": 203, "inner_epoch": 1, "train_loss": 0.8913185021549463, "grad_norm": 0.41444656252861023, "test_error": 0.473}, {"outer_epoch": 204, "inner_epoch": 1, "train_loss": 0.8900740688085556, "grad_norm": 0.4980770945549011, "test_error": 0.4741}, {"outer_epoch": 205, "inner_epoch": 1, "train_loss": 0.8892191408455372, "grad_norm": 0.4276590645313263, "test_error": 0.4752}, {"outer_epoch": 206, "inner_epoch": 1, "train_loss": 0.8880808531045914, "grad_norm": 0.5706768035888672, "test_error": 0.4731}, {"outer_epoch": 207, "inner_epoch": 1, "train_loss": 0.8869865113586187, "grad_norm": 0.7196671962738037, "test_error": 0.4758}, {"outer_epoch": 208, "inner_epoch": 1, "train_loss": 0.8861004523634911, "grad_norm": 0.6428718566894531, "test_error": 0.4745}, {"outer_epoch": 209, "inner_epoch": 1, "train_loss": 0.885044146168232, "grad_norm": 0.694695770740509, "test_error": 0.4746}, {"outer_epoch": 210, "inner_epoch": 1, "train_loss": 0.8833850822091103, "grad_norm": 0.6530452966690063, "test_error": 0.4758}, {"outer_epoch": 211, "inner_epoch": 1, "train_loss": 0.8824663011729718, "grad_norm": 0.43809613585472107, "test_error": 0.4737}, {"outer_epoch": 212, "inner_epoch": 1, "train_loss": 0.8805881258666516, "grad_norm": 0.5478507876396179, "test_error": 0.4721}, {"outer_epoch": 213, "inner_epoch": 1, "train_loss": 0.8795561824738979, "grad_norm": 0.42365726828575134, "test_error": 0.4735}, {"outer_epoch": 214, "inner_epoch": 1, "train_loss": 0.8784824838548899, "grad_norm": 0.5275142788887024, "test_error": 0.4725}, {"outer_epoch": 215, "inner_epoch": 1, "train_loss": 0.8775825233906508, "grad_norm": 0.59690922498703, "test_error": 0.4753}, {"outer_epoch": 216, "inner_epoch": 1, "train_loss": 0.8762518094688654, "grad_norm": 0.5922708511352539, "test_error": 0.474}, {"outer_epoch": 217, "inner_epoch": 1, "train_loss": 0.8753456466883421, "grad_norm": 0.6421299576759338, "test_error": 0.4734}, {"outer_epoch": 218, "inner_epoch": 1, "train_loss": 0.8748651064246893, "grad_norm": 0.644628643989563, "test_error": 0.476}, {"outer_epoch": 219, "inner_epoch": 1, "train_loss": 0.8732888296931982, "grad_norm": 0.8177175521850586, "test_error": 0.475}, {"outer_epoch": 220, "inner_epoch": 1, "train_loss": 0.8724334984689951, "grad_norm": 0.7303833961486816, "test_error": 0.4747}, {"outer_epoch": 221, "inner_epoch": 1, "train_loss": 0.8710215916484594, "grad_norm": 0.701409101486206, "test_error": 0.4749}, {"outer_epoch": 222, "inner_epoch": 1, "train_loss": 0.8699046497941018, "grad_norm": 0.4933009147644043, "test_error": 0.4748}, {"outer_epoch": 223, "inner_epoch": 1, "train_loss": 0.8686494343936443, "grad_norm": 0.4123164713382721, "test_error": 0.475}, {"outer_epoch": 224, "inner_epoch": 1, "train_loss": 0.8674983560055495, "grad_norm": 0.4865446090698242, "test_error": 0.4745}, {"outer_epoch": 225, "inner_epoch": 1, "train_loss": 0.8663573692917824, "grad_norm": 0.4352317452430725, "test_error": 0.4741}, {"outer_epoch": 226, "inner_epoch": 1, "train_loss": 0.8650054064124822, "grad_norm": 0.32725775241851807, "test_error": 0.4744}, {"outer_epoch": 227, "inner_epoch": 1, "train_loss": 0.8632953325241804, "grad_norm": 0.515221357345581, "test_error": 0.4763}, {"outer_epoch": 228, "inner_epoch": 1, "train_loss": 0.8624350126713515, "grad_norm": 0.4124094545841217, "test_error": 0.4737}, {"outer_epoch": 229, "inner_epoch": 1, "train_loss": 0.8614531597971916, "grad_norm": 0.40730541944503784, "test_error": 0.4743}, {"outer_epoch": 230, "inner_epoch": 1, "train_loss": 0.8608860477894544, "grad_norm": 0.48337599635124207, "test_error": 0.4766}, {"outer_epoch": 231, "inner_epoch": 1, "train_loss": 0.8597489128679037, "grad_norm": 0.4152089059352875, "test_error": 0.4758}, {"outer_epoch": 232, "inner_epoch": 1, "train_loss": 0.8584936177909375, "grad_norm": 0.4409579038619995, "test_error": 0.4752}, {"outer_epoch": 233, "inner_epoch": 1, "train_loss": 0.8573800403475761, "grad_norm": 0.8044565916061401, "test_error": 0.474}, {"outer_epoch": 234, "inner_epoch": 1, "train_loss": 0.8564301887631416, "grad_norm": 0.4147678315639496, "test_error": 0.4757}, {"outer_epoch": 235, "inner_epoch": 1, "train_loss": 0.8553797500610352, "grad_norm": 0.550930917263031, "test_error": 0.4765}, {"outer_epoch": 236, "inner_epoch": 1, "train_loss": 0.8545729841470718, "grad_norm": 0.6329360008239746, "test_error": 0.4767}, {"outer_epoch": 237, "inner_epoch": 1, "train_loss": 0.8533157460451126, "grad_norm": 0.6472036242485046, "test_error": 0.4745}, {"outer_epoch": 238, "inner_epoch": 1, "train_loss": 0.8522438368260861, "grad_norm": 0.6819276213645935, "test_error": 0.4754}, {"outer_epoch": 239, "inner_epoch": 1, "train_loss": 0.8518548889249563, "grad_norm": 0.698747992515564, "test_error": 0.4764}, {"outer_epoch": 240, "inner_epoch": 1, "train_loss": 0.8504446267485618, "grad_norm": 0.7318697571754456, "test_error": 0.4757}, {"outer_epoch": 241, "inner_epoch": 1, "train_loss": 0.8497106193631887, "grad_norm": 0.8228607773780823, "test_error": 0.4774}, {"outer_epoch": 242, "inner_epoch": 1, "train_loss": 0.8486816935479641, "grad_norm": 0.5620022416114807, "test_error": 0.4752}, {"outer_epoch": 243, "inner_epoch": 1, "train_loss": 0.8471335626155138, "grad_norm": 0.5295479893684387, "test_error": 0.475}, {"outer_epoch": 244, "inner_epoch": 1, "train_loss": 0.8460817047536373, "grad_norm": 0.48434051871299744, "test_error": 0.4767}, {"outer_epoch": 245, "inner_epoch": 1, "train_loss": 0.845118606838584, "grad_norm": 0.6216731071472168, "test_error": 0.4766}, {"outer_epoch": 246, "inner_epoch": 1, "train_loss": 0.8442447460383177, "grad_norm": 0.6113276481628418, "test_error": 0.4769}, {"outer_epoch": 247, "inner_epoch": 1, "train_loss": 0.8429416281282902, "grad_norm": 0.7695819735527039, "test_error": 0.4777}, {"outer_epoch": 248, "inner_epoch": 1, "train_loss": 0.8425412934660912, "grad_norm": 0.7285992503166199, "test_error": 0.4789}, {"outer_epoch": 249, "inner_epoch": 1, "train_loss": 0.8415447207927704, "grad_norm": 0.7439409494400024, "test_error": 0.4757}, {"outer_epoch": 250, "inner_epoch": 1, "train_loss": 0.8400130492389202, "grad_norm": 0.5693583488464355, "test_error": 0.4769}]}