{"argv": ["train.py", "--seed", "83", "--optimizer", "SVRG", "--run_name", "svrg_0.025.json", "--output_path", "experiments/nonconvex_cifar10/svrg-0.025.json", "--dataset", "CIFAR10", "--layer_sizes", "3072", "100", "10", "--batch_size", "10", "--learning_rate", "0.025", "--weight_decay", "0.001", "--warmup_learning_rate", "0.01", "--num_warmup_epochs", "10", "--num_outer_epochs", "250", "--num_inner_epochs", "1", "--device", "cuda"], "args": {"seed": 83, "optimizer": "SVRG", "run_name": "svrg_0.025.json", "output_path": "experiments/nonconvex_cifar10/svrg-0.025.json", "device": "cuda", "dataset": "CIFAR10", "dataset_root": "~/datasets/pytorch", "dataset_size": null, "download": false, "layer_sizes": [3072, 100, 10], "batch_size": 10, "test_batch_size": 256, "learning_rate": 0.025, "weight_decay": 0.001, "warmup_learning_rate": 0.01, "num_warmup_epochs": 10, "num_outer_epochs": 250, "num_inner_epochs": 1, "inner_epoch_fraction": null, "choose_random_iterate": false, "num_epochs": 10}, "metrics": [{"warmup_epoch": 1, "train_loss": 1.8772816695809365, "grad_norm": 1.330396056175232, "test_error": 0.6135}, {"warmup_epoch": 2, "train_loss": 1.702120511996746, "grad_norm": 1.505911946296692, "test_error": 0.5904}, {"warmup_epoch": 3, "train_loss": 1.6260027727365494, "grad_norm": 1.4280996322631836, "test_error": 0.5689}, {"warmup_epoch": 4, "train_loss": 1.5749987521529198, "grad_norm": 1.1521843671798706, "test_error": 0.5514}, {"warmup_epoch": 5, "train_loss": 1.5393459569334984, "grad_norm": 1.3207876682281494, "test_error": 0.5421}, {"warmup_epoch": 6, "train_loss": 1.513324132347107, "grad_norm": 1.1785192489624023, "test_error": 0.5364}, {"warmup_epoch": 7, "train_loss": 1.4920352176070213, "grad_norm": 1.9602423906326294, "test_error": 0.5568}, {"warmup_epoch": 8, "train_loss": 1.4741584265708922, "grad_norm": 1.6976767778396606, "test_error": 0.5361}, {"warmup_epoch": 9, "train_loss": 1.454667365592718, "grad_norm": 1.5695347785949707, "test_error": 0.5255}, {"warmup_epoch": 10, "train_loss": 1.4399748266875745, "grad_norm": 1.3209766149520874, "test_error": 0.5327}, {"outer_epoch": 1, "inner_epoch": 1, "train_loss": 1.4763520038247109, "grad_norm": 2.14884614944458, "test_error": 0.5532}, {"outer_epoch": 2, "inner_epoch": 1, "train_loss": 1.5158505203485488, "grad_norm": 1.2553972005844116, "test_error": 0.5641}, {"outer_epoch": 3, "inner_epoch": 1, "train_loss": 1.5386065885305404, "grad_norm": 1.8908902406692505, "test_error": 0.5589}, {"outer_epoch": 4, "inner_epoch": 1, "train_loss": 1.5043604832828046, "grad_norm": 2.229034662246704, "test_error": 0.5508}, {"outer_epoch": 5, "inner_epoch": 1, "train_loss": 1.5064641299843788, "grad_norm": 1.731308937072754, "test_error": 0.5765}, {"outer_epoch": 6, "inner_epoch": 1, "train_loss": 1.5700020943522452, "grad_norm": 0.9228078126907349, "test_error": 0.5657}, {"outer_epoch": 7, "inner_epoch": 1, "train_loss": 1.5517799413561821, "grad_norm": 2.8836686611175537, "test_error": 0.58}, {"outer_epoch": 8, "inner_epoch": 1, "train_loss": 1.5358665822386741, "grad_norm": 1.1701595783233643, "test_error": 0.5507}, {"outer_epoch": 9, "inner_epoch": 1, "train_loss": 1.5051365905642509, "grad_norm": 0.9724715948104858, "test_error": 0.5417}, {"outer_epoch": 10, "inner_epoch": 1, "train_loss": 1.519320436501503, "grad_norm": 2.2941107749938965, "test_error": 0.5728}, {"outer_epoch": 11, "inner_epoch": 1, "train_loss": 1.514123325252533, "grad_norm": 2.070262908935547, "test_error": 0.5585}, {"outer_epoch": 12, "inner_epoch": 1, "train_loss": 1.5254982148230076, "grad_norm": 1.6853777170181274, "test_error": 0.5698}, {"outer_epoch": 13, "inner_epoch": 1, "train_loss": 1.5350601927876473, "grad_norm": 1.5902858972549438, "test_error": 0.5472}, {"outer_epoch": 14, "inner_epoch": 1, "train_loss": 1.5141286786794663, "grad_norm": 0.9536322355270386, "test_error": 0.5414}, {"outer_epoch": 15, "inner_epoch": 1, "train_loss": 1.5023096244096756, "grad_norm": 1.7864381074905396, "test_error": 0.5655}, {"outer_epoch": 16, "inner_epoch": 1, "train_loss": 1.5186278435587883, "grad_norm": 1.4992583990097046, "test_error": 0.5559}, {"outer_epoch": 17, "inner_epoch": 1, "train_loss": 1.5313980412125587, "grad_norm": 1.3098052740097046, "test_error": 0.5475}, {"outer_epoch": 18, "inner_epoch": 1, "train_loss": 1.564375272512436, "grad_norm": 1.7471113204956055, "test_error": 0.5796}, {"outer_epoch": 19, "inner_epoch": 1, "train_loss": 1.5560643118023871, "grad_norm": 1.2903388738632202, "test_error": 0.5679}, {"outer_epoch": 20, "inner_epoch": 1, "train_loss": 1.5365014583706855, "grad_norm": 3.3034040927886963, "test_error": 0.5994}, {"outer_epoch": 21, "inner_epoch": 1, "train_loss": 1.5990880959033966, "grad_norm": 2.3195080757141113, "test_error": 0.6094}, {"outer_epoch": 22, "inner_epoch": 1, "train_loss": 1.5566844646334648, "grad_norm": 0.6767545342445374, "test_error": 0.5582}, {"outer_epoch": 23, "inner_epoch": 1, "train_loss": 1.515076762419939, "grad_norm": 0.9212133884429932, "test_error": 0.5682}, {"outer_epoch": 24, "inner_epoch": 1, "train_loss": 1.5661115619301795, "grad_norm": 2.7512595653533936, "test_error": 0.63}, {"outer_epoch": 25, "inner_epoch": 1, "train_loss": 1.6473890668272972, "grad_norm": 1.656148076057434, "test_error": 0.5932}, {"outer_epoch": 26, "inner_epoch": 1, "train_loss": 1.5834261514186858, "grad_norm": 0.577069878578186, "test_error": 0.5509}, {"outer_epoch": 27, "inner_epoch": 1, "train_loss": 1.5261165550470353, "grad_norm": 0.8616183996200562, "test_error": 0.5471}, {"outer_epoch": 28, "inner_epoch": 1, "train_loss": 1.5511406693577767, "grad_norm": 1.2285871505737305, "test_error": 0.5578}, {"outer_epoch": 29, "inner_epoch": 1, "train_loss": 1.5438202466607094, "grad_norm": 1.4484580755233765, "test_error": 0.5564}, {"outer_epoch": 30, "inner_epoch": 1, "train_loss": 1.5497082048535347, "grad_norm": 0.9783783555030823, "test_error": 0.5576}, {"outer_epoch": 31, "inner_epoch": 1, "train_loss": 1.5446627138018607, "grad_norm": 2.0188546180725098, "test_error": 0.5815}, {"outer_epoch": 32, "inner_epoch": 1, "train_loss": 1.5630406736969948, "grad_norm": 0.6245333552360535, "test_error": 0.5425}, {"outer_epoch": 33, "inner_epoch": 1, "train_loss": 1.5177647298693657, "grad_norm": 1.489410638809204, "test_error": 0.5546}, {"outer_epoch": 34, "inner_epoch": 1, "train_loss": 1.616358916246891, "grad_norm": 2.5410540103912354, "test_error": 0.6143}, {"outer_epoch": 35, "inner_epoch": 1, "train_loss": 1.6475346390485763, "grad_norm": 1.3156983852386475, "test_error": 0.5857}, {"outer_epoch": 36, "inner_epoch": 1, "train_loss": 1.6012493427157402, "grad_norm": 1.567225694656372, "test_error": 0.608}, {"outer_epoch": 37, "inner_epoch": 1, "train_loss": 1.6303522800326347, "grad_norm": 1.4665943384170532, "test_error": 0.5871}, {"outer_epoch": 38, "inner_epoch": 1, "train_loss": 1.6207041652441025, "grad_norm": 1.8143482208251953, "test_error": 0.609}, {"outer_epoch": 39, "inner_epoch": 1, "train_loss": 1.640452149105072, "grad_norm": 1.048757791519165, "test_error": 0.5788}, {"outer_epoch": 40, "inner_epoch": 1, "train_loss": 1.6051910147309303, "grad_norm": 2.136017322540283, "test_error": 0.5941}, {"outer_epoch": 41, "inner_epoch": 1, "train_loss": 1.5987768265485764, "grad_norm": 1.6354260444641113, "test_error": 0.5918}, {"outer_epoch": 42, "inner_epoch": 1, "train_loss": 1.593706744146347, "grad_norm": 2.439958095550537, "test_error": 0.5913}, {"outer_epoch": 43, "inner_epoch": 1, "train_loss": 1.6202332805275916, "grad_norm": 1.4329802989959717, "test_error": 0.5965}, {"outer_epoch": 44, "inner_epoch": 1, "train_loss": 1.6108776724100113, "grad_norm": 4.279095649719238, "test_error": 0.6269}, {"outer_epoch": 45, "inner_epoch": 1, "train_loss": 1.688660737991333, "grad_norm": 2.0715036392211914, "test_error": 0.6135}, {"outer_epoch": 46, "inner_epoch": 1, "train_loss": 1.6399768629670144, "grad_norm": 1.7356823682785034, "test_error": 0.623}, {"outer_epoch": 47, "inner_epoch": 1, "train_loss": 1.6466952516317368, "grad_norm": 1.684578776359558, "test_error": 0.5973}, {"outer_epoch": 48, "inner_epoch": 1, "train_loss": 1.6474238203287124, "grad_norm": 2.416576385498047, "test_error": 0.6237}, {"outer_epoch": 49, "inner_epoch": 1, "train_loss": 1.6639024698376657, "grad_norm": 2.5331294536590576, "test_error": 0.6332}, {"outer_epoch": 50, "inner_epoch": 1, "train_loss": 1.6715148391962051, "grad_norm": 1.057219386100769, "test_error": 0.6054}, {"outer_epoch": 51, "inner_epoch": 1, "train_loss": 1.6502357165694237, "grad_norm": 2.2427752017974854, "test_error": 0.6187}, {"outer_epoch": 52, "inner_epoch": 1, "train_loss": 1.6477187259912491, "grad_norm": 1.0402514934539795, "test_error": 0.5891}, {"outer_epoch": 53, "inner_epoch": 1, "train_loss": 1.6346031391143798, "grad_norm": 0.4708276391029358, "test_error": 0.5868}, {"outer_epoch": 54, "inner_epoch": 1, "train_loss": 1.6252597021222115, "grad_norm": 1.9974480867385864, "test_error": 0.6007}, {"outer_epoch": 55, "inner_epoch": 1, "train_loss": 1.6428442716360092, "grad_norm": 2.895977020263672, "test_error": 0.6258}, {"outer_epoch": 56, "inner_epoch": 1, "train_loss": 1.6886062284350396, "grad_norm": 3.160073757171631, "test_error": 0.659}, {"outer_epoch": 57, "inner_epoch": 1, "train_loss": 1.7048770379543305, "grad_norm": 0.8446955680847168, "test_error": 0.601}, {"outer_epoch": 58, "inner_epoch": 1, "train_loss": 1.6248762340664864, "grad_norm": 0.719317615032196, "test_error": 0.5907}, {"outer_epoch": 59, "inner_epoch": 1, "train_loss": 1.603383420741558, "grad_norm": 2.224849224090576, "test_error": 0.5847}, {"outer_epoch": 60, "inner_epoch": 1, "train_loss": 1.635066962993145, "grad_norm": 0.7507244348526001, "test_error": 0.5946}, {"outer_epoch": 61, "inner_epoch": 1, "train_loss": 1.6213865554451943, "grad_norm": 1.625414252281189, "test_error": 0.6011}, {"outer_epoch": 62, "inner_epoch": 1, "train_loss": 1.6444348479747772, "grad_norm": 3.3252859115600586, "test_error": 0.6252}, {"outer_epoch": 63, "inner_epoch": 1, "train_loss": 1.7081252420902253, "grad_norm": 0.641864001750946, "test_error": 0.624}, {"outer_epoch": 64, "inner_epoch": 1, "train_loss": 1.6780710552573204, "grad_norm": 0.9612599611282349, "test_error": 0.6188}, {"outer_epoch": 65, "inner_epoch": 1, "train_loss": 1.6636146389603614, "grad_norm": 0.8167297840118408, "test_error": 0.5995}, {"outer_epoch": 66, "inner_epoch": 1, "train_loss": 1.640663383090496, "grad_norm": 0.8748889565467834, "test_error": 0.5906}, {"outer_epoch": 67, "inner_epoch": 1, "train_loss": 1.6270637980699538, "grad_norm": 2.598123550415039, "test_error": 0.6087}, {"outer_epoch": 68, "inner_epoch": 1, "train_loss": 1.694174276280403, "grad_norm": 1.1228538751602173, "test_error": 0.6481}, {"outer_epoch": 69, "inner_epoch": 1, "train_loss": 1.6651626736044884, "grad_norm": 2.168351411819458, "test_error": 0.6281}, {"outer_epoch": 70, "inner_epoch": 1, "train_loss": 1.638366793704033, "grad_norm": 1.6266560554504395, "test_error": 0.6091}, {"outer_epoch": 71, "inner_epoch": 1, "train_loss": 1.6181417028784753, "grad_norm": 0.5677980184555054, "test_error": 0.5835}, {"outer_epoch": 72, "inner_epoch": 1, "train_loss": 1.5991657308459282, "grad_norm": 1.1114726066589355, "test_error": 0.5875}, {"outer_epoch": 73, "inner_epoch": 1, "train_loss": 1.594144553887844, "grad_norm": 1.5760729312896729, "test_error": 0.5889}, {"outer_epoch": 74, "inner_epoch": 1, "train_loss": 1.6220002490520478, "grad_norm": 1.641672134399414, "test_error": 0.612}, {"outer_epoch": 75, "inner_epoch": 1, "train_loss": 1.637516147851944, "grad_norm": 0.31566062569618225, "test_error": 0.5849}, {"outer_epoch": 76, "inner_epoch": 1, "train_loss": 1.6115092615842819, "grad_norm": 1.1836497783660889, "test_error": 0.5896}, {"outer_epoch": 77, "inner_epoch": 1, "train_loss": 1.615767934191227, "grad_norm": 1.0135959386825562, "test_error": 0.5926}, {"outer_epoch": 78, "inner_epoch": 1, "train_loss": 1.623884482896328, "grad_norm": 1.1866559982299805, "test_error": 0.6}, {"outer_epoch": 79, "inner_epoch": 1, "train_loss": 1.6198360567092895, "grad_norm": 1.9529520273208618, "test_error": 0.5987}, {"outer_epoch": 80, "inner_epoch": 1, "train_loss": 1.6111837052583695, "grad_norm": 0.5697129368782043, "test_error": 0.582}, {"outer_epoch": 81, "inner_epoch": 1, "train_loss": 1.5964332834482193, "grad_norm": 1.2473117113113403, "test_error": 0.5802}, {"outer_epoch": 82, "inner_epoch": 1, "train_loss": 1.6008172000288963, "grad_norm": 2.1259772777557373, "test_error": 0.5917}, {"outer_epoch": 83, "inner_epoch": 1, "train_loss": 1.5992057299494744, "grad_norm": 1.103230595588684, "test_error": 0.5981}, {"outer_epoch": 84, "inner_epoch": 1, "train_loss": 1.644003638279438, "grad_norm": 1.5034692287445068, "test_error": 0.6017}, {"outer_epoch": 85, "inner_epoch": 1, "train_loss": 1.621049417603016, "grad_norm": 1.0190874338150024, "test_error": 0.5912}, {"outer_epoch": 86, "inner_epoch": 1, "train_loss": 1.6168017350912094, "grad_norm": 1.39182710647583, "test_error": 0.5943}, {"outer_epoch": 87, "inner_epoch": 1, "train_loss": 1.6367245544195175, "grad_norm": 0.8110517263412476, "test_error": 0.5995}, {"outer_epoch": 88, "inner_epoch": 1, "train_loss": 1.6591694988965988, "grad_norm": 3.2243354320526123, "test_error": 0.6368}, {"outer_epoch": 89, "inner_epoch": 1, "train_loss": 1.6758768374443054, "grad_norm": 1.795992374420166, "test_error": 0.6442}, {"outer_epoch": 90, "inner_epoch": 1, "train_loss": 1.715158198916912, "grad_norm": 1.4797759056091309, "test_error": 0.6096}, {"outer_epoch": 91, "inner_epoch": 1, "train_loss": 1.6522508636713027, "grad_norm": 0.8947882056236267, "test_error": 0.5928}, {"outer_epoch": 92, "inner_epoch": 1, "train_loss": 1.610035237288475, "grad_norm": 0.4331342279911041, "test_error": 0.5779}, {"outer_epoch": 93, "inner_epoch": 1, "train_loss": 1.6082104049563408, "grad_norm": 1.1221345663070679, "test_error": 0.5876}, {"outer_epoch": 94, "inner_epoch": 1, "train_loss": 1.6209891852259637, "grad_norm": 3.289177894592285, "test_error": 0.6073}, {"outer_epoch": 95, "inner_epoch": 1, "train_loss": 1.7428023658514022, "grad_norm": 1.8789821863174438, "test_error": 0.6402}, {"outer_epoch": 96, "inner_epoch": 1, "train_loss": 1.6951637314915657, "grad_norm": 1.8858648538589478, "test_error": 0.6337}, {"outer_epoch": 97, "inner_epoch": 1, "train_loss": 1.6733278536319733, "grad_norm": 0.8775281310081482, "test_error": 0.6116}, {"outer_epoch": 98, "inner_epoch": 1, "train_loss": 1.6868545517325402, "grad_norm": 1.6487305164337158, "test_error": 0.6293}, {"outer_epoch": 99, "inner_epoch": 1, "train_loss": 1.684970225214958, "grad_norm": 1.0015841722488403, "test_error": 0.6109}, {"outer_epoch": 100, "inner_epoch": 1, "train_loss": 1.6619412622690202, "grad_norm": 1.2250077724456787, "test_error": 0.6062}, {"outer_epoch": 101, "inner_epoch": 1, "train_loss": 1.652001338982582, "grad_norm": 1.4464002847671509, "test_error": 0.6127}, {"outer_epoch": 102, "inner_epoch": 1, "train_loss": 1.658588035583496, "grad_norm": 1.9853012561798096, "test_error": 0.6178}, {"outer_epoch": 103, "inner_epoch": 1, "train_loss": 1.668211303961277, "grad_norm": 0.7908962368965149, "test_error": 0.5955}, {"outer_epoch": 104, "inner_epoch": 1, "train_loss": 1.646347453379631, "grad_norm": 1.364181637763977, "test_error": 0.6076}, {"outer_epoch": 105, "inner_epoch": 1, "train_loss": 1.6540227022886276, "grad_norm": 1.769636869430542, "test_error": 0.6058}, {"outer_epoch": 106, "inner_epoch": 1, "train_loss": 1.6563070630311967, "grad_norm": 1.068694829940796, "test_error": 0.6022}, {"outer_epoch": 107, "inner_epoch": 1, "train_loss": 1.6424303124666213, "grad_norm": 2.7319629192352295, "test_error": 0.6214}, {"outer_epoch": 108, "inner_epoch": 1, "train_loss": 1.681043507683277, "grad_norm": 1.1100282669067383, "test_error": 0.6191}, {"outer_epoch": 109, "inner_epoch": 1, "train_loss": 1.6871284328579903, "grad_norm": 1.5016028881072998, "test_error": 0.6205}, {"outer_epoch": 110, "inner_epoch": 1, "train_loss": 1.6925191467404366, "grad_norm": 1.064881682395935, "test_error": 0.6183}, {"outer_epoch": 111, "inner_epoch": 1, "train_loss": 1.6838052942991257, "grad_norm": 1.263405203819275, "test_error": 0.6273}, {"outer_epoch": 112, "inner_epoch": 1, "train_loss": 1.6823240207076073, "grad_norm": 2.160520076751709, "test_error": 0.6252}, {"outer_epoch": 113, "inner_epoch": 1, "train_loss": 1.74173282828331, "grad_norm": 2.0564591884613037, "test_error": 0.6496}, {"outer_epoch": 114, "inner_epoch": 1, "train_loss": 1.7141857373476028, "grad_norm": 0.9033075571060181, "test_error": 0.6225}, {"outer_epoch": 115, "inner_epoch": 1, "train_loss": 1.7076400044322013, "grad_norm": 2.1204586029052734, "test_error": 0.6374}, {"outer_epoch": 116, "inner_epoch": 1, "train_loss": 1.7177369120597838, "grad_norm": 0.9540821313858032, "test_error": 0.6176}, {"outer_epoch": 117, "inner_epoch": 1, "train_loss": 1.6938488051056861, "grad_norm": 1.9738190174102783, "test_error": 0.6239}, {"outer_epoch": 118, "inner_epoch": 1, "train_loss": 1.692483857166767, "grad_norm": 1.106821060180664, "test_error": 0.6086}, {"outer_epoch": 119, "inner_epoch": 1, "train_loss": 1.6812646953463555, "grad_norm": 1.7630720138549805, "test_error": 0.616}, {"outer_epoch": 120, "inner_epoch": 1, "train_loss": 1.6872669400095939, "grad_norm": 0.9591794610023499, "test_error": 0.6074}, {"outer_epoch": 121, "inner_epoch": 1, "train_loss": 1.684048142015934, "grad_norm": 0.5977792143821716, "test_error": 0.6008}, {"outer_epoch": 122, "inner_epoch": 1, "train_loss": 1.6823102288961411, "grad_norm": 1.3597793579101562, "test_error": 0.6035}, {"outer_epoch": 123, "inner_epoch": 1, "train_loss": 1.6837331446290016, "grad_norm": 2.4493443965911865, "test_error": 0.6243}, {"outer_epoch": 124, "inner_epoch": 1, "train_loss": 1.6913736009836198, "grad_norm": 3.1568663120269775, "test_error": 0.6513}, {"outer_epoch": 125, "inner_epoch": 1, "train_loss": 1.6983036563754081, "grad_norm": 1.5763987302780151, "test_error": 0.6252}, {"outer_epoch": 126, "inner_epoch": 1, "train_loss": 1.6936171483159066, "grad_norm": 1.4103784561157227, "test_error": 0.6223}, {"outer_epoch": 127, "inner_epoch": 1, "train_loss": 1.6961164667725563, "grad_norm": 0.8302122354507446, "test_error": 0.6078}, {"outer_epoch": 128, "inner_epoch": 1, "train_loss": 1.678912604045868, "grad_norm": 0.5566693544387817, "test_error": 0.6021}, {"outer_epoch": 129, "inner_epoch": 1, "train_loss": 1.673528633081913, "grad_norm": 0.9555884003639221, "test_error": 0.6109}, {"outer_epoch": 130, "inner_epoch": 1, "train_loss": 1.6839986514806748, "grad_norm": 0.9590674042701721, "test_error": 0.609}, {"outer_epoch": 131, "inner_epoch": 1, "train_loss": 1.6787471681594848, "grad_norm": 1.588167667388916, "test_error": 0.6187}, {"outer_epoch": 132, "inner_epoch": 1, "train_loss": 1.6966587017536163, "grad_norm": 1.2593936920166016, "test_error": 0.6155}, {"outer_epoch": 133, "inner_epoch": 1, "train_loss": 1.6816048854470254, "grad_norm": 1.6497944593429565, "test_error": 0.6131}, {"outer_epoch": 134, "inner_epoch": 1, "train_loss": 1.6803366817831993, "grad_norm": 0.6202608942985535, "test_error": 0.6046}, {"outer_epoch": 135, "inner_epoch": 1, "train_loss": 1.6768105482697486, "grad_norm": 0.9560377597808838, "test_error": 0.6084}, {"outer_epoch": 136, "inner_epoch": 1, "train_loss": 1.6828509837388992, "grad_norm": 1.7999433279037476, "test_error": 0.6117}, {"outer_epoch": 137, "inner_epoch": 1, "train_loss": 1.680951863372326, "grad_norm": 0.8187370300292969, "test_error": 0.6073}, {"outer_epoch": 138, "inner_epoch": 1, "train_loss": 1.6810550960183144, "grad_norm": 3.0105295181274414, "test_error": 0.6334}, {"outer_epoch": 139, "inner_epoch": 1, "train_loss": 1.6949881234884263, "grad_norm": 0.979529619216919, "test_error": 0.6022}, {"outer_epoch": 140, "inner_epoch": 1, "train_loss": 1.67218523914814, "grad_norm": 0.49021318554878235, "test_error": 0.5987}, {"outer_epoch": 141, "inner_epoch": 1, "train_loss": 1.663107665681839, "grad_norm": 5.0002336502075195, "test_error": 0.6758}, {"outer_epoch": 142, "inner_epoch": 1, "train_loss": 1.7328313759207725, "grad_norm": 0.8109484910964966, "test_error": 0.6212}, {"outer_epoch": 143, "inner_epoch": 1, "train_loss": 1.684357371020317, "grad_norm": 1.5972408056259155, "test_error": 0.6225}, {"outer_epoch": 144, "inner_epoch": 1, "train_loss": 1.6650057570934296, "grad_norm": 1.2782948017120361, "test_error": 0.6065}, {"outer_epoch": 145, "inner_epoch": 1, "train_loss": 1.6509638808965683, "grad_norm": 0.34491056203842163, "test_error": 0.5986}, {"outer_epoch": 146, "inner_epoch": 1, "train_loss": 1.6470961852192878, "grad_norm": 1.5138638019561768, "test_error": 0.6706}, {"outer_epoch": 147, "inner_epoch": 1, "train_loss": 1.697799508368969, "grad_norm": 1.533305287361145, "test_error": 0.6128}, {"outer_epoch": 148, "inner_epoch": 1, "train_loss": 1.6570009683012963, "grad_norm": 1.442688226699829, "test_error": 0.6075}, {"outer_epoch": 149, "inner_epoch": 1, "train_loss": 1.648853350675106, "grad_norm": 1.7071099281311035, "test_error": 0.608}, {"outer_epoch": 150, "inner_epoch": 1, "train_loss": 1.6597157624840737, "grad_norm": 2.068941116333008, "test_error": 0.6155}, {"outer_epoch": 151, "inner_epoch": 1, "train_loss": 1.6530083574295045, "grad_norm": 1.2902618646621704, "test_error": 0.604}, {"outer_epoch": 152, "inner_epoch": 1, "train_loss": 1.660778154695034, "grad_norm": 1.675748586654663, "test_error": 0.6134}, {"outer_epoch": 153, "inner_epoch": 1, "train_loss": 1.6539535378098489, "grad_norm": 2.321930408477783, "test_error": 0.6154}, {"outer_epoch": 154, "inner_epoch": 1, "train_loss": 1.6680945189714431, "grad_norm": 1.1133140325546265, "test_error": 0.6057}, {"outer_epoch": 155, "inner_epoch": 1, "train_loss": 1.646241897547245, "grad_norm": 0.6412102580070496, "test_error": 0.5987}, {"outer_epoch": 156, "inner_epoch": 1, "train_loss": 1.6411777359247208, "grad_norm": 0.4300890266895294, "test_error": 0.6002}, {"outer_epoch": 157, "inner_epoch": 1, "train_loss": 1.6420028375506401, "grad_norm": 0.9092211127281189, "test_error": 0.6061}, {"outer_epoch": 158, "inner_epoch": 1, "train_loss": 1.6480766863703729, "grad_norm": 1.871770977973938, "test_error": 0.6042}, {"outer_epoch": 159, "inner_epoch": 1, "train_loss": 1.665368264722824, "grad_norm": 1.0469064712524414, "test_error": 0.6039}, {"outer_epoch": 160, "inner_epoch": 1, "train_loss": 1.650086599779129, "grad_norm": 1.0281081199645996, "test_error": 0.6064}, {"outer_epoch": 161, "inner_epoch": 1, "train_loss": 1.6867080514073371, "grad_norm": 1.2911567687988281, "test_error": 0.6082}, {"outer_epoch": 162, "inner_epoch": 1, "train_loss": 1.6441150431990623, "grad_norm": 2.47961688041687, "test_error": 0.6209}, {"outer_epoch": 163, "inner_epoch": 1, "train_loss": 1.6825974002957345, "grad_norm": 1.8969818353652954, "test_error": 0.6573}, {"outer_epoch": 164, "inner_epoch": 1, "train_loss": 1.7268835587382316, "grad_norm": 2.096714735031128, "test_error": 0.6542}, {"outer_epoch": 165, "inner_epoch": 1, "train_loss": 1.753759778726101, "grad_norm": 0.46403250098228455, "test_error": 0.6215}, {"outer_epoch": 166, "inner_epoch": 1, "train_loss": 1.6974807907938958, "grad_norm": 0.5238349437713623, "test_error": 0.6145}, {"outer_epoch": 167, "inner_epoch": 1, "train_loss": 1.6904375445365907, "grad_norm": 2.0112767219543457, "test_error": 0.624}, {"outer_epoch": 168, "inner_epoch": 1, "train_loss": 1.7505061429739, "grad_norm": 1.791111707687378, "test_error": 0.7053}, {"outer_epoch": 169, "inner_epoch": 1, "train_loss": 1.7709519004702567, "grad_norm": 1.1566113233566284, "test_error": 0.6491}, {"outer_epoch": 170, "inner_epoch": 1, "train_loss": 1.7441432902216911, "grad_norm": 2.536576271057129, "test_error": 0.6769}, {"outer_epoch": 171, "inner_epoch": 1, "train_loss": 1.7410142782449722, "grad_norm": 0.8397555947303772, "test_error": 0.6283}, {"outer_epoch": 172, "inner_epoch": 1, "train_loss": 1.722690788781643, "grad_norm": 0.7384307980537415, "test_error": 0.6251}, {"outer_epoch": 173, "inner_epoch": 1, "train_loss": 1.7216132558465005, "grad_norm": 0.22493824362754822, "test_error": 0.6272}, {"outer_epoch": 174, "inner_epoch": 1, "train_loss": 1.7185336189389229, "grad_norm": 1.0542618036270142, "test_error": 0.6294}, {"outer_epoch": 175, "inner_epoch": 1, "train_loss": 1.7955549146413803, "grad_norm": 0.9995705485343933, "test_error": 0.6539}, {"outer_epoch": 176, "inner_epoch": 1, "train_loss": 1.7651956715464592, "grad_norm": 2.5363142490386963, "test_error": 0.6678}, {"outer_epoch": 177, "inner_epoch": 1, "train_loss": 1.795611063504219, "grad_norm": 1.0660531520843506, "test_error": 0.6992}, {"outer_epoch": 178, "inner_epoch": 1, "train_loss": 1.8148073880910873, "grad_norm": 0.5787798762321472, "test_error": 0.675}, {"outer_epoch": 179, "inner_epoch": 1, "train_loss": 1.7926842876672744, "grad_norm": 0.23963983356952667, "test_error": 0.6584}, {"outer_epoch": 180, "inner_epoch": 1, "train_loss": 1.7862756172180176, "grad_norm": 2.295703411102295, "test_error": 0.7}, {"outer_epoch": 181, "inner_epoch": 1, "train_loss": 1.8211918683409691, "grad_norm": 0.35917624831199646, "test_error": 0.6833}, {"outer_epoch": 182, "inner_epoch": 1, "train_loss": 1.8193377012252807, "grad_norm": 0.9353874921798706, "test_error": 0.6798}, {"outer_epoch": 183, "inner_epoch": 1, "train_loss": 1.8187038681030274, "grad_norm": 2.1060619354248047, "test_error": 0.6957}, {"outer_epoch": 184, "inner_epoch": 1, "train_loss": 1.8228606494665145, "grad_norm": 1.125923991203308, "test_error": 0.6909}, {"outer_epoch": 185, "inner_epoch": 1, "train_loss": 1.826216534101963, "grad_norm": 1.4012041091918945, "test_error": 0.6816}, {"outer_epoch": 186, "inner_epoch": 1, "train_loss": 1.81566422560215, "grad_norm": 2.20878267288208, "test_error": 0.6879}, {"outer_epoch": 187, "inner_epoch": 1, "train_loss": 1.8785241196632385, "grad_norm": 1.0660796165466309, "test_error": 0.6882}, {"outer_epoch": 188, "inner_epoch": 1, "train_loss": 1.8188067271709443, "grad_norm": 0.856782853603363, "test_error": 0.6824}, {"outer_epoch": 189, "inner_epoch": 1, "train_loss": 1.813910936999321, "grad_norm": 0.5458250641822815, "test_error": 0.6805}, {"outer_epoch": 190, "inner_epoch": 1, "train_loss": 1.804002320432663, "grad_norm": 0.9057119488716125, "test_error": 0.6608}, {"outer_epoch": 191, "inner_epoch": 1, "train_loss": 1.7856394454360007, "grad_norm": 4.053027629852295, "test_error": 0.7074}, {"outer_epoch": 192, "inner_epoch": 1, "train_loss": 1.8844715723752976, "grad_norm": 0.4735463857650757, "test_error": 0.6948}, {"outer_epoch": 193, "inner_epoch": 1, "train_loss": 1.8474724295377731, "grad_norm": 0.681583821773529, "test_error": 0.6834}, {"outer_epoch": 194, "inner_epoch": 1, "train_loss": 1.8319232980251312, "grad_norm": 1.5707855224609375, "test_error": 0.6915}, {"outer_epoch": 195, "inner_epoch": 1, "train_loss": 1.8266163597941398, "grad_norm": 0.4487183392047882, "test_error": 0.6787}, {"outer_epoch": 196, "inner_epoch": 1, "train_loss": 1.817812832260132, "grad_norm": 1.8631434440612793, "test_error": 0.6902}, {"outer_epoch": 197, "inner_epoch": 1, "train_loss": 1.8289185012817384, "grad_norm": 0.7617707848548889, "test_error": 0.6828}, {"outer_epoch": 198, "inner_epoch": 1, "train_loss": 1.8165442730784416, "grad_norm": 0.765433132648468, "test_error": 0.6821}, {"outer_epoch": 199, "inner_epoch": 1, "train_loss": 1.8130318395376206, "grad_norm": 1.9184554815292358, "test_error": 0.6899}, {"outer_epoch": 200, "inner_epoch": 1, "train_loss": 1.8296500967741012, "grad_norm": 2.464447498321533, "test_error": 0.7056}, {"outer_epoch": 201, "inner_epoch": 1, "train_loss": 1.836580099105835, "grad_norm": 0.7643835544586182, "test_error": 0.6927}, {"outer_epoch": 202, "inner_epoch": 1, "train_loss": 1.8199972414970398, "grad_norm": 0.7670904994010925, "test_error": 0.6795}, {"outer_epoch": 203, "inner_epoch": 1, "train_loss": 1.8107613977193833, "grad_norm": 0.30325233936309814, "test_error": 0.6771}, {"outer_epoch": 204, "inner_epoch": 1, "train_loss": 1.8553894991874695, "grad_norm": 1.0395216941833496, "test_error": 0.6647}, {"outer_epoch": 205, "inner_epoch": 1, "train_loss": 1.7752729848742486, "grad_norm": 1.301916480064392, "test_error": 0.6668}, {"outer_epoch": 206, "inner_epoch": 1, "train_loss": 1.775399371600151, "grad_norm": 1.5107649564743042, "test_error": 0.6592}, {"outer_epoch": 207, "inner_epoch": 1, "train_loss": 1.770360590672493, "grad_norm": 1.5969024896621704, "test_error": 0.6654}, {"outer_epoch": 208, "inner_epoch": 1, "train_loss": 1.7795581395626068, "grad_norm": 0.6600149273872375, "test_error": 0.6552}, {"outer_epoch": 209, "inner_epoch": 1, "train_loss": 1.766769250166416, "grad_norm": 0.5580278038978577, "test_error": 0.6559}, {"outer_epoch": 210, "inner_epoch": 1, "train_loss": 1.7656535349965095, "grad_norm": 0.6467881798744202, "test_error": 0.6519}, {"outer_epoch": 211, "inner_epoch": 1, "train_loss": 1.7674255420088767, "grad_norm": 1.151772379875183, "test_error": 0.6644}, {"outer_epoch": 212, "inner_epoch": 1, "train_loss": 1.7701337999343871, "grad_norm": 1.7746241092681885, "test_error": 0.6937}, {"outer_epoch": 213, "inner_epoch": 1, "train_loss": 1.7743031349778176, "grad_norm": 1.4953240156173706, "test_error": 0.6541}, {"outer_epoch": 214, "inner_epoch": 1, "train_loss": 1.7391274019002914, "grad_norm": 1.5308116674423218, "test_error": 0.6395}, {"outer_epoch": 215, "inner_epoch": 1, "train_loss": 1.7403279319524765, "grad_norm": 1.2127350568771362, "test_error": 0.6562}, {"outer_epoch": 216, "inner_epoch": 1, "train_loss": 1.7398727749824523, "grad_norm": 0.876909613609314, "test_error": 0.6501}, {"outer_epoch": 217, "inner_epoch": 1, "train_loss": 1.7602752903103829, "grad_norm": 1.4100011587142944, "test_error": 0.6528}, {"outer_epoch": 218, "inner_epoch": 1, "train_loss": 1.736092328941822, "grad_norm": 0.37119773030281067, "test_error": 0.6333}, {"outer_epoch": 219, "inner_epoch": 1, "train_loss": 1.7272749893665313, "grad_norm": 0.8426651954650879, "test_error": 0.6259}, {"outer_epoch": 220, "inner_epoch": 1, "train_loss": 1.702664565205574, "grad_norm": 2.7984914779663086, "test_error": 0.637}, {"outer_epoch": 221, "inner_epoch": 1, "train_loss": 1.7974808544635772, "grad_norm": 1.6243460178375244, "test_error": 0.6927}, {"outer_epoch": 222, "inner_epoch": 1, "train_loss": 1.7736155974507333, "grad_norm": 1.6732606887817383, "test_error": 0.6498}, {"outer_epoch": 223, "inner_epoch": 1, "train_loss": 1.7157564535140992, "grad_norm": 0.9560924768447876, "test_error": 0.6334}, {"outer_epoch": 224, "inner_epoch": 1, "train_loss": 1.7087589626669883, "grad_norm": 0.816058337688446, "test_error": 0.6141}, {"outer_epoch": 225, "inner_epoch": 1, "train_loss": 1.6775179905772208, "grad_norm": 0.44785040616989136, "test_error": 0.6058}, {"outer_epoch": 226, "inner_epoch": 1, "train_loss": 1.6706820691347122, "grad_norm": 2.0508790016174316, "test_error": 0.6269}, {"outer_epoch": 227, "inner_epoch": 1, "train_loss": 1.687116150867939, "grad_norm": 1.2625751495361328, "test_error": 0.6217}, {"outer_epoch": 228, "inner_epoch": 1, "train_loss": 1.725561232304573, "grad_norm": 1.188503384590149, "test_error": 0.6279}, {"outer_epoch": 229, "inner_epoch": 1, "train_loss": 1.7025206872105598, "grad_norm": 1.8109384775161743, "test_error": 0.6689}, {"outer_epoch": 230, "inner_epoch": 1, "train_loss": 1.760625460088253, "grad_norm": 0.88247150182724, "test_error": 0.6415}, {"outer_epoch": 231, "inner_epoch": 1, "train_loss": 1.7330920487642287, "grad_norm": 1.9896348714828491, "test_error": 0.6438}, {"outer_epoch": 232, "inner_epoch": 1, "train_loss": 1.7418658933520317, "grad_norm": 0.5860391855239868, "test_error": 0.6354}, {"outer_epoch": 233, "inner_epoch": 1, "train_loss": 1.7225193334937097, "grad_norm": 1.1484674215316772, "test_error": 0.6336}, {"outer_epoch": 234, "inner_epoch": 1, "train_loss": 1.721090268421173, "grad_norm": 0.8237955570220947, "test_error": 0.6335}, {"outer_epoch": 235, "inner_epoch": 1, "train_loss": 1.7218103474020958, "grad_norm": 2.0231008529663086, "test_error": 0.6446}, {"outer_epoch": 236, "inner_epoch": 1, "train_loss": 1.743720476269722, "grad_norm": 0.964760959148407, "test_error": 0.6383}, {"outer_epoch": 237, "inner_epoch": 1, "train_loss": 1.7174093486309052, "grad_norm": 2.1747822761535645, "test_error": 0.6566}, {"outer_epoch": 238, "inner_epoch": 1, "train_loss": 1.7347658306717872, "grad_norm": 1.1200777292251587, "test_error": 0.6392}, {"outer_epoch": 239, "inner_epoch": 1, "train_loss": 1.6996640495061874, "grad_norm": 1.247689127922058, "test_error": 0.6245}, {"outer_epoch": 240, "inner_epoch": 1, "train_loss": 1.6884625460028648, "grad_norm": 0.445472776889801, "test_error": 0.609}, {"outer_epoch": 241, "inner_epoch": 1, "train_loss": 1.673011723947525, "grad_norm": 0.7155706882476807, "test_error": 0.6055}, {"outer_epoch": 242, "inner_epoch": 1, "train_loss": 1.6783914356589318, "grad_norm": 1.8804566860198975, "test_error": 0.6333}, {"outer_epoch": 243, "inner_epoch": 1, "train_loss": 1.6853625750780106, "grad_norm": 1.3354600667953491, "test_error": 0.623}, {"outer_epoch": 244, "inner_epoch": 1, "train_loss": 1.6949989973306656, "grad_norm": 0.9036208987236023, "test_error": 0.6112}, {"outer_epoch": 245, "inner_epoch": 1, "train_loss": 1.6764770335435868, "grad_norm": 1.522080659866333, "test_error": 0.6213}, {"outer_epoch": 246, "inner_epoch": 1, "train_loss": 1.6800656171560286, "grad_norm": 1.8372290134429932, "test_error": 0.6326}, {"outer_epoch": 247, "inner_epoch": 1, "train_loss": 1.680699005973339, "grad_norm": 0.8198805451393127, "test_error": 0.6058}, {"outer_epoch": 248, "inner_epoch": 1, "train_loss": 1.6719422832012176, "grad_norm": 0.6742116212844849, "test_error": 0.6006}, {"outer_epoch": 249, "inner_epoch": 1, "train_loss": 1.665918236577511, "grad_norm": 0.6807221174240112, "test_error": 0.6034}, {"outer_epoch": 250, "inner_epoch": 1, "train_loss": 1.6651508528470993, "grad_norm": 0.9705010652542114, "test_error": 0.6034}]}