{"argv": ["train.py", "--seed", "83", "--optimizer", "SVRG", "--run_name", "svrg_0.1.json", "--output_path", "experiments/nonconvex_cifar10/svrg-0.1.json", "--dataset", "CIFAR10", "--layer_sizes", "3072", "100", "10", "--batch_size", "10", "--learning_rate", "0.1", "--weight_decay", "0.001", "--warmup_learning_rate", "0.01", "--num_warmup_epochs", "10", "--num_outer_epochs", "250", "--num_inner_epochs", "1", "--device", "cuda"], "args": {"seed": 83, "optimizer": "SVRG", "run_name": "svrg_0.1.json", "output_path": "experiments/nonconvex_cifar10/svrg-0.1.json", "device": "cuda", "dataset": "CIFAR10", "dataset_root": "~/datasets/pytorch", "dataset_size": null, "download": false, "layer_sizes": [3072, 100, 10], "batch_size": 10, "test_batch_size": 256, "learning_rate": 0.1, "weight_decay": 0.001, "warmup_learning_rate": 0.01, "num_warmup_epochs": 10, "num_outer_epochs": 250, "num_inner_epochs": 1, "inner_epoch_fraction": null, "choose_random_iterate": false, "num_epochs": 10}, "metrics": [{"warmup_epoch": 1, "train_loss": 1.8772816695809365, "grad_norm": 1.330396056175232, "test_error": 0.6135}, {"warmup_epoch": 2, "train_loss": 1.702120511996746, "grad_norm": 1.505911946296692, "test_error": 0.5904}, {"warmup_epoch": 3, "train_loss": 1.6260027727365494, "grad_norm": 1.4280996322631836, "test_error": 0.5689}, {"warmup_epoch": 4, "train_loss": 1.5749987521529198, "grad_norm": 1.1521843671798706, "test_error": 0.5514}, {"warmup_epoch": 5, "train_loss": 1.5393459569334984, "grad_norm": 1.3207876682281494, "test_error": 0.5421}, {"warmup_epoch": 6, "train_loss": 1.513324132347107, "grad_norm": 1.1785192489624023, "test_error": 0.5364}, {"warmup_epoch": 7, "train_loss": 1.4920352176070213, "grad_norm": 1.9602423906326294, "test_error": 0.5568}, {"warmup_epoch": 8, "train_loss": 1.4741584265708922, "grad_norm": 1.6976767778396606, "test_error": 0.5361}, {"warmup_epoch": 9, "train_loss": 1.454667365592718, "grad_norm": 1.5695347785949707, "test_error": 0.5255}, {"warmup_epoch": 10, "train_loss": 1.4399748266875745, "grad_norm": 1.3209766149520874, "test_error": 0.5327}, {"outer_epoch": 1, "inner_epoch": 1, "train_loss": 2.2475445959329603, "grad_norm": 0.920312762260437, "test_error": 0.7973}, {"outer_epoch": 2, "inner_epoch": 1, "train_loss": 2.1919542831897734, "grad_norm": 0.36114051938056946, "test_error": 0.8529}, {"outer_epoch": 3, "inner_epoch": 1, "train_loss": 2.1977766889810564, "grad_norm": 0.5485298037528992, "test_error": 0.8017}, {"outer_epoch": 4, "inner_epoch": 1, "train_loss": 2.2204004172325136, "grad_norm": 0.7640813589096069, "test_error": 0.8398}, {"outer_epoch": 5, "inner_epoch": 1, "train_loss": 2.250162012529373, "grad_norm": 0.005090008955448866, "test_error": 0.9}, {"outer_epoch": 6, "inner_epoch": 1, "train_loss": 2.302573945522308, "grad_norm": 0.0002367788110859692, "test_error": 0.9001}, {"outer_epoch": 7, "inner_epoch": 1, "train_loss": 2.2367947034358977, "grad_norm": 0.16563722491264343, "test_error": 0.8873}, {"outer_epoch": 8, "inner_epoch": 1, "train_loss": 2.1973888683080673, "grad_norm": 0.44359615445137024, "test_error": 0.8121}, {"outer_epoch": 9, "inner_epoch": 1, "train_loss": 2.208483258152008, "grad_norm": 0.0029748694505542517, "test_error": 0.9001}, {"outer_epoch": 10, "inner_epoch": 1, "train_loss": 2.2865165712594986, "grad_norm": 2.197796106338501, "test_error": 0.8938}, {"outer_epoch": 11, "inner_epoch": 1, "train_loss": 2.279819132566452, "grad_norm": 0.0005635714042000473, "test_error": 0.9}, {"outer_epoch": 12, "inner_epoch": 1, "train_loss": 2.283416359567642, "grad_norm": 0.05890235677361488, "test_error": 0.8988}, {"outer_epoch": 13, "inner_epoch": 1, "train_loss": 2.261241967821121, "grad_norm": 0.053948551416397095, "test_error": 0.8987}, {"outer_epoch": 14, "inner_epoch": 1, "train_loss": 2.2770148639917376, "grad_norm": 0.0001924584648804739, "test_error": 0.9}, {"outer_epoch": 15, "inner_epoch": 1, "train_loss": 2.3025850128650664, "grad_norm": 7.151438330765814e-05, "test_error": 0.9}, {"outer_epoch": 16, "inner_epoch": 1, "train_loss": 2.3017057178497313, "grad_norm": 0.00013378819858189672, "test_error": 0.9}, {"outer_epoch": 17, "inner_epoch": 1, "train_loss": 2.291802542376518, "grad_norm": 0.028975235298275948, "test_error": 0.8986}, {"outer_epoch": 18, "inner_epoch": 1, "train_loss": 2.2751871323108674, "grad_norm": 0.00018448539776727557, "test_error": 0.9}, {"outer_epoch": 19, "inner_epoch": 1, "train_loss": 2.3025834436893464, "grad_norm": 6.228790152817965e-05, "test_error": 0.8999}, {"outer_epoch": 20, "inner_epoch": 1, "train_loss": 2.2786690445661546, "grad_norm": 0.6764755845069885, "test_error": 0.8758}, {"outer_epoch": 21, "inner_epoch": 1, "train_loss": 2.297478494477272, "grad_norm": 0.00017478023073635995, "test_error": 0.9}, {"outer_epoch": 22, "inner_epoch": 1, "train_loss": 2.3025841983318327, "grad_norm": 1.594028071849607e-05, "test_error": 0.9}, {"outer_epoch": 23, "inner_epoch": 1, "train_loss": 2.3025849154472353, "grad_norm": 1.1213603102078196e-05, "test_error": 0.9}, {"outer_epoch": 24, "inner_epoch": 1, "train_loss": 2.3025851041316985, "grad_norm": 7.985837328305934e-06, "test_error": 0.8999}, {"outer_epoch": 25, "inner_epoch": 1, "train_loss": 2.3025760091781615, "grad_norm": 5.830294412589865e-06, "test_error": 0.9}, {"outer_epoch": 26, "inner_epoch": 1, "train_loss": 2.30258524928093, "grad_norm": 4.198530405119527e-06, "test_error": 0.9}, {"outer_epoch": 27, "inner_epoch": 1, "train_loss": 2.3025853373527525, "grad_norm": 9.301885256718379e-06, "test_error": 0.9}, {"outer_epoch": 28, "inner_epoch": 1, "train_loss": 2.2989599313020705, "grad_norm": 0.0002120223653037101, "test_error": 0.9}, {"outer_epoch": 29, "inner_epoch": 1, "train_loss": 2.3025798067569734, "grad_norm": 0.0011600492289289832, "test_error": 0.9}, {"outer_epoch": 30, "inner_epoch": 1, "train_loss": 2.2897467128753664, "grad_norm": 0.0010351588716730475, "test_error": 0.9}, {"outer_epoch": 31, "inner_epoch": 1, "train_loss": 2.251220281052589, "grad_norm": 0.6080902218818665, "test_error": 0.8601}, {"outer_epoch": 32, "inner_epoch": 1, "train_loss": 2.299087259531021, "grad_norm": 0.0003632056468632072, "test_error": 0.9}, {"outer_epoch": 33, "inner_epoch": 1, "train_loss": 2.30258432765007, "grad_norm": 3.245695268105919e-08, "test_error": 0.9}, {"outer_epoch": 34, "inner_epoch": 1, "train_loss": 2.302585342502594, "grad_norm": 3.503399526039175e-08, "test_error": 0.9}, {"outer_epoch": 35, "inner_epoch": 1, "train_loss": 2.3025853479385376, "grad_norm": 1.7797844975575572e-08, "test_error": 0.9}, {"outer_epoch": 36, "inner_epoch": 1, "train_loss": 2.3025853120803834, "grad_norm": 3.055703956533762e-08, "test_error": 0.9}, {"outer_epoch": 37, "inner_epoch": 1, "train_loss": 2.3025852863788603, "grad_norm": 2.0639657094534414e-08, "test_error": 0.9}, {"outer_epoch": 38, "inner_epoch": 1, "train_loss": 2.302585293722153, "grad_norm": 4.2416282042267994e-08, "test_error": 0.9}, {"outer_epoch": 39, "inner_epoch": 1, "train_loss": 2.3025853602409363, "grad_norm": 2.5815976911758298e-08, "test_error": 0.9}, {"outer_epoch": 40, "inner_epoch": 1, "train_loss": 2.302585342502594, "grad_norm": 2.054317072008871e-08, "test_error": 0.9}, {"outer_epoch": 41, "inner_epoch": 1, "train_loss": 2.3025853404045105, "grad_norm": 2.4010487820191884e-08, "test_error": 0.9}, {"outer_epoch": 42, "inner_epoch": 1, "train_loss": 2.302585345458984, "grad_norm": 3.542418269830705e-08, "test_error": 0.9}, {"outer_epoch": 43, "inner_epoch": 1, "train_loss": 2.3025853514671324, "grad_norm": 2.4800396403179548e-08, "test_error": 0.9}, {"outer_epoch": 44, "inner_epoch": 1, "train_loss": 2.3025853482723235, "grad_norm": 2.422045852767951e-08, "test_error": 0.9}, {"outer_epoch": 45, "inner_epoch": 1, "train_loss": 2.3025853164196013, "grad_norm": 3.2341080924425114e-08, "test_error": 0.9}, {"outer_epoch": 46, "inner_epoch": 1, "train_loss": 2.3025853124141693, "grad_norm": 3.033818174458247e-08, "test_error": 0.9}, {"outer_epoch": 47, "inner_epoch": 1, "train_loss": 2.302585309457779, "grad_norm": 3.9588467615203626e-08, "test_error": 0.9}, {"outer_epoch": 48, "inner_epoch": 1, "train_loss": 2.3025853529930114, "grad_norm": 1.7015651110341423e-08, "test_error": 0.9}, {"outer_epoch": 49, "inner_epoch": 1, "train_loss": 2.302585345697403, "grad_norm": 3.20638307016452e-08, "test_error": 0.9}, {"outer_epoch": 50, "inner_epoch": 1, "train_loss": 2.3025853466033936, "grad_norm": 2.5578598794595564e-08, "test_error": 0.9}, {"outer_epoch": 51, "inner_epoch": 1, "train_loss": 2.3025853508472442, "grad_norm": 2.5990106067297347e-08, "test_error": 0.9}, {"outer_epoch": 52, "inner_epoch": 1, "train_loss": 2.3025853499889375, "grad_norm": 1.949586625471511e-08, "test_error": 0.9}, {"outer_epoch": 53, "inner_epoch": 1, "train_loss": 2.3025853073596956, "grad_norm": 5.548877979322242e-08, "test_error": 0.9}, {"outer_epoch": 54, "inner_epoch": 1, "train_loss": 2.302585345888138, "grad_norm": 2.62405190909476e-08, "test_error": 0.9}, {"outer_epoch": 55, "inner_epoch": 1, "train_loss": 2.3025852478027344, "grad_norm": 2.7661997137329308e-08, "test_error": 0.9}, {"outer_epoch": 56, "inner_epoch": 1, "train_loss": 2.30258525390625, "grad_norm": 2.1283792506210375e-08, "test_error": 0.9}, {"outer_epoch": 57, "inner_epoch": 1, "train_loss": 2.3025853021621705, "grad_norm": 2.9505946130825578e-08, "test_error": 0.9}, {"outer_epoch": 58, "inner_epoch": 1, "train_loss": 2.3025853551387785, "grad_norm": 3.015502869629927e-08, "test_error": 0.9}, {"outer_epoch": 59, "inner_epoch": 1, "train_loss": 2.3025853538513186, "grad_norm": 1.131813576193963e-08, "test_error": 0.9}, {"outer_epoch": 60, "inner_epoch": 1, "train_loss": 2.302585356426239, "grad_norm": 2.0461230931800856e-08, "test_error": 0.9}, {"outer_epoch": 61, "inner_epoch": 1, "train_loss": 2.302585356903076, "grad_norm": 1.9672649287372224e-08, "test_error": 0.9}, {"outer_epoch": 62, "inner_epoch": 1, "train_loss": 2.3025852685451507, "grad_norm": 4.333500314146477e-08, "test_error": 0.9}, {"outer_epoch": 63, "inner_epoch": 1, "train_loss": 2.3025853555202485, "grad_norm": 5.3766790131248854e-08, "test_error": 0.9}, {"outer_epoch": 64, "inner_epoch": 1, "train_loss": 2.3025853633880615, "grad_norm": 3.3267298249484156e-08, "test_error": 0.9}, {"outer_epoch": 65, "inner_epoch": 1, "train_loss": 2.3025853602409363, "grad_norm": 2.6755268223155326e-08, "test_error": 0.9}, {"outer_epoch": 66, "inner_epoch": 1, "train_loss": 2.3025853202819824, "grad_norm": 3.600913345280787e-08, "test_error": 0.9}, {"outer_epoch": 67, "inner_epoch": 1, "train_loss": 2.3025853204250337, "grad_norm": 6.350527570475606e-08, "test_error": 0.9}, {"outer_epoch": 68, "inner_epoch": 1, "train_loss": 2.3025853003025056, "grad_norm": 2.4329420256208323e-08, "test_error": 0.9}, {"outer_epoch": 69, "inner_epoch": 1, "train_loss": 2.3025852737903594, "grad_norm": 3.880224141994404e-08, "test_error": 0.9}, {"outer_epoch": 70, "inner_epoch": 1, "train_loss": 2.3025852498054507, "grad_norm": 2.2371589025738103e-08, "test_error": 0.9}, {"outer_epoch": 71, "inner_epoch": 1, "train_loss": 2.3025852127552033, "grad_norm": 1.9839548670574914e-08, "test_error": 0.9}, {"outer_epoch": 72, "inner_epoch": 1, "train_loss": 2.3025852942943574, "grad_norm": 1.687088158064398e-08, "test_error": 0.9}, {"outer_epoch": 73, "inner_epoch": 1, "train_loss": 2.3025853476524354, "grad_norm": 2.648715202724361e-08, "test_error": 0.9}, {"outer_epoch": 74, "inner_epoch": 1, "train_loss": 2.302585307645798, "grad_norm": 2.1597635679881932e-08, "test_error": 0.9}, {"outer_epoch": 75, "inner_epoch": 1, "train_loss": 2.302585191488266, "grad_norm": 3.272145931987325e-08, "test_error": 0.9}, {"outer_epoch": 76, "inner_epoch": 1, "train_loss": 2.3025852585315705, "grad_norm": 3.66505936710837e-08, "test_error": 0.9}, {"outer_epoch": 77, "inner_epoch": 1, "train_loss": 2.3025853437900543, "grad_norm": 4.4193797066327534e-08, "test_error": 0.9}, {"outer_epoch": 78, "inner_epoch": 1, "train_loss": 2.302585326862335, "grad_norm": 2.9382213995177153e-08, "test_error": 0.9}, {"outer_epoch": 79, "inner_epoch": 1, "train_loss": 2.3025853260993956, "grad_norm": 2.7983043437984634e-08, "test_error": 0.9}, {"outer_epoch": 80, "inner_epoch": 1, "train_loss": 2.3025853633880615, "grad_norm": 2.5148294113819247e-08, "test_error": 0.9}, {"outer_epoch": 81, "inner_epoch": 1, "train_loss": 2.302585363340378, "grad_norm": 3.103937373793997e-08, "test_error": 0.9}, {"outer_epoch": 82, "inner_epoch": 1, "train_loss": 2.3025853635787965, "grad_norm": 3.824313665745649e-08, "test_error": 0.9}, {"outer_epoch": 83, "inner_epoch": 1, "train_loss": 2.3025853633880615, "grad_norm": 1.983144493067357e-08, "test_error": 0.9}, {"outer_epoch": 84, "inner_epoch": 1, "train_loss": 2.302585327577591, "grad_norm": 1.887000244948922e-08, "test_error": 0.9}, {"outer_epoch": 85, "inner_epoch": 1, "train_loss": 2.3025853158950804, "grad_norm": 2.236363272345443e-08, "test_error": 0.9}, {"outer_epoch": 86, "inner_epoch": 1, "train_loss": 2.3025853585720064, "grad_norm": 3.187745534205533e-08, "test_error": 0.9}, {"outer_epoch": 87, "inner_epoch": 1, "train_loss": 2.3025853633880615, "grad_norm": 2.236730622939831e-08, "test_error": 0.9}, {"outer_epoch": 88, "inner_epoch": 1, "train_loss": 2.3025853580474855, "grad_norm": 3.3410152866508724e-08, "test_error": 0.9}, {"outer_epoch": 89, "inner_epoch": 1, "train_loss": 2.3025853633880615, "grad_norm": 2.9826303205027216e-08, "test_error": 0.9}, {"outer_epoch": 90, "inner_epoch": 1, "train_loss": 2.3025853260993956, "grad_norm": 3.555307515057393e-08, "test_error": 0.9}, {"outer_epoch": 91, "inner_epoch": 1, "train_loss": 2.3025853277206423, "grad_norm": 3.774918511112446e-08, "test_error": 0.9}, {"outer_epoch": 92, "inner_epoch": 1, "train_loss": 2.3025853597164154, "grad_norm": 4.510280149361279e-08, "test_error": 0.9}, {"outer_epoch": 93, "inner_epoch": 1, "train_loss": 2.3025853633880615, "grad_norm": 3.103208356947107e-08, "test_error": 0.9}, {"outer_epoch": 94, "inner_epoch": 1, "train_loss": 2.3025853242397307, "grad_norm": 1.7973762922451897e-08, "test_error": 0.9}, {"outer_epoch": 95, "inner_epoch": 1, "train_loss": 2.3025852972984313, "grad_norm": 2.1671935357403527e-08, "test_error": 0.9}, {"outer_epoch": 96, "inner_epoch": 1, "train_loss": 2.302585312318802, "grad_norm": 2.7326292340035252e-08, "test_error": 0.9}, {"outer_epoch": 97, "inner_epoch": 1, "train_loss": 2.302585291004181, "grad_norm": 3.776366952479293e-08, "test_error": 0.9}, {"outer_epoch": 98, "inner_epoch": 1, "train_loss": 2.3025853243350984, "grad_norm": 3.796442982206827e-08, "test_error": 0.9}, {"outer_epoch": 99, "inner_epoch": 1, "train_loss": 2.302585359239578, "grad_norm": 3.7029682431466426e-08, "test_error": 0.9}, {"outer_epoch": 100, "inner_epoch": 1, "train_loss": 2.3025853598594668, "grad_norm": 1.466082544254732e-08, "test_error": 0.9}, {"outer_epoch": 101, "inner_epoch": 1, "train_loss": 2.302585362958908, "grad_norm": 3.065951048597526e-08, "test_error": 0.9}, {"outer_epoch": 102, "inner_epoch": 1, "train_loss": 2.302585354948044, "grad_norm": 4.0584829719136906e-08, "test_error": 0.9}, {"outer_epoch": 103, "inner_epoch": 1, "train_loss": 2.302585363483429, "grad_norm": 3.47309594417311e-08, "test_error": 0.9}, {"outer_epoch": 104, "inner_epoch": 1, "train_loss": 2.3025853632926943, "grad_norm": 2.626027928442909e-08, "test_error": 0.9}, {"outer_epoch": 105, "inner_epoch": 1, "train_loss": 2.3025853548049926, "grad_norm": 3.0565932007675656e-08, "test_error": 0.9}, {"outer_epoch": 106, "inner_epoch": 1, "train_loss": 2.302585363340378, "grad_norm": 3.3664900200847114e-08, "test_error": 0.9}, {"outer_epoch": 107, "inner_epoch": 1, "train_loss": 2.3025853633880615, "grad_norm": 4.822177146479589e-08, "test_error": 0.9}, {"outer_epoch": 108, "inner_epoch": 1, "train_loss": 2.3025853633880615, "grad_norm": 3.937908132911616e-08, "test_error": 0.9}, {"outer_epoch": 109, "inner_epoch": 1, "train_loss": 2.3025853645801546, "grad_norm": 2.343335481214126e-08, "test_error": 0.9}, {"outer_epoch": 110, "inner_epoch": 1, "train_loss": 2.3025853633880615, "grad_norm": 2.6250674522998452e-08, "test_error": 0.9}, {"outer_epoch": 111, "inner_epoch": 1, "train_loss": 2.302585360622406, "grad_norm": 2.600046578038473e-08, "test_error": 0.9}, {"outer_epoch": 112, "inner_epoch": 1, "train_loss": 2.302585354137421, "grad_norm": 3.7878930214674256e-08, "test_error": 0.9}, {"outer_epoch": 113, "inner_epoch": 1, "train_loss": 2.302585356712341, "grad_norm": 2.305456625606439e-08, "test_error": 0.9}, {"outer_epoch": 114, "inner_epoch": 1, "train_loss": 2.302585320186615, "grad_norm": 2.85435195479522e-08, "test_error": 0.9}, {"outer_epoch": 115, "inner_epoch": 1, "train_loss": 2.3025853633880615, "grad_norm": 2.8760245740500068e-08, "test_error": 0.9}, {"outer_epoch": 116, "inner_epoch": 1, "train_loss": 2.3025853633880615, "grad_norm": 2.2957726386607646e-08, "test_error": 0.9}, {"outer_epoch": 117, "inner_epoch": 1, "train_loss": 2.3025853633880615, "grad_norm": 3.078465482531101e-08, "test_error": 0.9}, {"outer_epoch": 118, "inner_epoch": 1, "train_loss": 2.3025853663444518, "grad_norm": 6.203082847378028e-08, "test_error": 0.9}, {"outer_epoch": 119, "inner_epoch": 1, "train_loss": 2.3025853113651276, "grad_norm": 2.314437175243711e-08, "test_error": 0.9}, {"outer_epoch": 120, "inner_epoch": 1, "train_loss": 2.302585351276398, "grad_norm": 3.1811950407245604e-08, "test_error": 0.9}, {"outer_epoch": 121, "inner_epoch": 1, "train_loss": 2.3025853229045867, "grad_norm": 3.775896928459588e-08, "test_error": 0.9}, {"outer_epoch": 122, "inner_epoch": 1, "train_loss": 2.302585363817215, "grad_norm": 4.051895174939091e-08, "test_error": 0.9}, {"outer_epoch": 123, "inner_epoch": 1, "train_loss": 2.302585362625122, "grad_norm": 3.014285354652202e-08, "test_error": 0.9}, {"outer_epoch": 124, "inner_epoch": 1, "train_loss": 2.3025853633880615, "grad_norm": 2.424726730509974e-08, "test_error": 0.9}, {"outer_epoch": 125, "inner_epoch": 1, "train_loss": 2.3025853633880615, "grad_norm": 3.511072677042648e-08, "test_error": 0.9}, {"outer_epoch": 126, "inner_epoch": 1, "train_loss": 2.3025853633880615, "grad_norm": 4.272530418347742e-08, "test_error": 0.9}, {"outer_epoch": 127, "inner_epoch": 1, "train_loss": 2.3025853633880615, "grad_norm": 2.3918749647577897e-08, "test_error": 0.9}, {"outer_epoch": 128, "inner_epoch": 1, "train_loss": 2.3025853543281554, "grad_norm": 2.4253614228086917e-08, "test_error": 0.9}, {"outer_epoch": 129, "inner_epoch": 1, "train_loss": 2.302585359239578, "grad_norm": 3.106021395637981e-08, "test_error": 0.9}, {"outer_epoch": 130, "inner_epoch": 1, "train_loss": 2.3025853587150573, "grad_norm": 2.9700311543479074e-08, "test_error": 0.9}, {"outer_epoch": 131, "inner_epoch": 1, "train_loss": 2.3025853633880615, "grad_norm": 3.0735233025325215e-08, "test_error": 0.9}, {"outer_epoch": 132, "inner_epoch": 1, "train_loss": 2.3025853585720064, "grad_norm": 2.0517120447038906e-08, "test_error": 0.9}, {"outer_epoch": 133, "inner_epoch": 1, "train_loss": 2.302585318851471, "grad_norm": 3.7181482781534214e-08, "test_error": 0.9}, {"outer_epoch": 134, "inner_epoch": 1, "train_loss": 2.3025853633880615, "grad_norm": 4.3835527208102576e-08, "test_error": 0.9}, {"outer_epoch": 135, "inner_epoch": 1, "train_loss": 2.3025853538513186, "grad_norm": 3.531489056740611e-08, "test_error": 0.9}, {"outer_epoch": 136, "inner_epoch": 1, "train_loss": 2.3025853633880615, "grad_norm": 3.4710250673697374e-08, "test_error": 0.9}, {"outer_epoch": 137, "inner_epoch": 1, "train_loss": 2.3025853642463683, "grad_norm": 3.255066616247859e-08, "test_error": 0.9}, {"outer_epoch": 138, "inner_epoch": 1, "train_loss": 2.302585354232788, "grad_norm": 3.1234183239803315e-08, "test_error": 0.9}, {"outer_epoch": 139, "inner_epoch": 1, "train_loss": 2.3025853246212007, "grad_norm": 2.7673490166080228e-08, "test_error": 0.9}, {"outer_epoch": 140, "inner_epoch": 1, "train_loss": 2.3025853633880615, "grad_norm": 1.8830570880368214e-08, "test_error": 0.9}, {"outer_epoch": 141, "inner_epoch": 1, "train_loss": 2.3025853635787965, "grad_norm": 2.101886842353906e-08, "test_error": 0.9}, {"outer_epoch": 142, "inner_epoch": 1, "train_loss": 2.3025853561401366, "grad_norm": 3.32948246750675e-08, "test_error": 0.9}, {"outer_epoch": 143, "inner_epoch": 1, "train_loss": 2.3025853234767912, "grad_norm": 3.0626118530108215e-08, "test_error": 0.9}, {"outer_epoch": 144, "inner_epoch": 1, "train_loss": 2.302585334300995, "grad_norm": 4.2150841039756415e-08, "test_error": 0.9}, {"outer_epoch": 145, "inner_epoch": 1, "train_loss": 2.3025853599071504, "grad_norm": 3.5646568363745246e-08, "test_error": 0.9}, {"outer_epoch": 146, "inner_epoch": 1, "train_loss": 2.3025853210926055, "grad_norm": 2.301603174714728e-08, "test_error": 0.9}, {"outer_epoch": 147, "inner_epoch": 1, "train_loss": 2.3025853623867034, "grad_norm": 1.540851357617612e-08, "test_error": 0.9}, {"outer_epoch": 148, "inner_epoch": 1, "train_loss": 2.3025853547096253, "grad_norm": 2.582171987342008e-08, "test_error": 0.9}, {"outer_epoch": 149, "inner_epoch": 1, "train_loss": 2.3025853645324705, "grad_norm": 6.143845610040444e-08, "test_error": 0.9}, {"outer_epoch": 150, "inner_epoch": 1, "train_loss": 2.3025853192806243, "grad_norm": 3.826052719091422e-08, "test_error": 0.9}, {"outer_epoch": 151, "inner_epoch": 1, "train_loss": 2.3025853665828704, "grad_norm": 5.0784642269263713e-08, "test_error": 0.9}, {"outer_epoch": 152, "inner_epoch": 1, "train_loss": 2.302585296487808, "grad_norm": 3.348749189058253e-08, "test_error": 0.9}, {"outer_epoch": 153, "inner_epoch": 1, "train_loss": 2.3025852349281313, "grad_norm": 2.6720554657799767e-08, "test_error": 0.9}, {"outer_epoch": 154, "inner_epoch": 1, "train_loss": 2.3025853006362915, "grad_norm": 2.040577307127478e-08, "test_error": 0.9}, {"outer_epoch": 155, "inner_epoch": 1, "train_loss": 2.3025853377342225, "grad_norm": 3.059271946881381e-08, "test_error": 0.9}, {"outer_epoch": 156, "inner_epoch": 1, "train_loss": 2.3025853248119352, "grad_norm": 4.098442474287367e-08, "test_error": 0.9}, {"outer_epoch": 157, "inner_epoch": 1, "train_loss": 2.3025853049278258, "grad_norm": 3.351276234297984e-08, "test_error": 0.9}, {"outer_epoch": 158, "inner_epoch": 1, "train_loss": 2.3025853060245516, "grad_norm": 1.7498040350005795e-08, "test_error": 0.9}, {"outer_epoch": 159, "inner_epoch": 1, "train_loss": 2.302585326576233, "grad_norm": 3.5033053791266866e-08, "test_error": 0.9}, {"outer_epoch": 160, "inner_epoch": 1, "train_loss": 2.302585353899002, "grad_norm": 2.50044305261099e-08, "test_error": 0.9}, {"outer_epoch": 161, "inner_epoch": 1, "train_loss": 2.3025853076934815, "grad_norm": 2.965239787044993e-08, "test_error": 0.9}, {"outer_epoch": 162, "inner_epoch": 1, "train_loss": 2.3025853460788728, "grad_norm": 3.088546662866065e-08, "test_error": 0.9}, {"outer_epoch": 163, "inner_epoch": 1, "train_loss": 2.3025853099823, "grad_norm": 2.7875053376646974e-08, "test_error": 0.9}, {"outer_epoch": 164, "inner_epoch": 1, "train_loss": 2.3025852934360502, "grad_norm": 2.3582920505305083e-08, "test_error": 0.9}, {"outer_epoch": 165, "inner_epoch": 1, "train_loss": 2.3025852861881257, "grad_norm": 2.472568816358489e-08, "test_error": 0.9}, {"outer_epoch": 166, "inner_epoch": 1, "train_loss": 2.3025853132247924, "grad_norm": 3.487962274562051e-08, "test_error": 0.9}, {"outer_epoch": 167, "inner_epoch": 1, "train_loss": 2.302585250520706, "grad_norm": 2.734913806534678e-08, "test_error": 0.9}, {"outer_epoch": 168, "inner_epoch": 1, "train_loss": 2.302585269355774, "grad_norm": 3.1046965887071565e-08, "test_error": 0.9}, {"outer_epoch": 169, "inner_epoch": 1, "train_loss": 2.3025853290557863, "grad_norm": 2.5752299848136317e-08, "test_error": 0.9}, {"outer_epoch": 170, "inner_epoch": 1, "train_loss": 2.3025853433609007, "grad_norm": 3.810345106103341e-08, "test_error": 0.9}, {"outer_epoch": 171, "inner_epoch": 1, "train_loss": 2.3025853463172914, "grad_norm": 1.9823048091893725e-08, "test_error": 0.9}, {"outer_epoch": 172, "inner_epoch": 1, "train_loss": 2.302585359477997, "grad_norm": 2.7817392833640042e-08, "test_error": 0.9}, {"outer_epoch": 173, "inner_epoch": 1, "train_loss": 2.3025853433609007, "grad_norm": 3.2586644493903805e-08, "test_error": 0.9}, {"outer_epoch": 174, "inner_epoch": 1, "train_loss": 2.3025853574752806, "grad_norm": 2.1035388542145483e-08, "test_error": 0.9}, {"outer_epoch": 175, "inner_epoch": 1, "train_loss": 2.3025853481292726, "grad_norm": 3.1414622014835913e-08, "test_error": 0.9}, {"outer_epoch": 176, "inner_epoch": 1, "train_loss": 2.3025853529453277, "grad_norm": 2.659754017031446e-08, "test_error": 0.9}, {"outer_epoch": 177, "inner_epoch": 1, "train_loss": 2.3025853069782256, "grad_norm": 3.1292202606891806e-08, "test_error": 0.9}, {"outer_epoch": 178, "inner_epoch": 1, "train_loss": 2.3025853261470797, "grad_norm": 6.904338079039007e-08, "test_error": 0.9}, {"outer_epoch": 179, "inner_epoch": 1, "train_loss": 2.302585335826874, "grad_norm": 5.882290921022104e-08, "test_error": 0.9}, {"outer_epoch": 180, "inner_epoch": 1, "train_loss": 2.302585313177109, "grad_norm": 2.9601540774137902e-08, "test_error": 0.9}, {"outer_epoch": 181, "inner_epoch": 1, "train_loss": 2.302585307121277, "grad_norm": 2.3479458377551055e-08, "test_error": 0.9}, {"outer_epoch": 182, "inner_epoch": 1, "train_loss": 2.3025852847099304, "grad_norm": 1.8710158755652628e-08, "test_error": 0.9}, {"outer_epoch": 183, "inner_epoch": 1, "train_loss": 2.3025852983951567, "grad_norm": 2.1686043183422044e-08, "test_error": 0.9}, {"outer_epoch": 184, "inner_epoch": 1, "train_loss": 2.3025853005409243, "grad_norm": 2.173664093163552e-08, "test_error": 0.9}, {"outer_epoch": 185, "inner_epoch": 1, "train_loss": 2.3025853216171264, "grad_norm": 2.6148017084892672e-08, "test_error": 0.9}, {"outer_epoch": 186, "inner_epoch": 1, "train_loss": 2.30258529586792, "grad_norm": 3.2951952277926466e-08, "test_error": 0.9}, {"outer_epoch": 187, "inner_epoch": 1, "train_loss": 2.302585277700424, "grad_norm": 2.943435006841355e-08, "test_error": 0.9}, {"outer_epoch": 188, "inner_epoch": 1, "train_loss": 2.302585237836838, "grad_norm": 2.838364210333566e-08, "test_error": 0.9}, {"outer_epoch": 189, "inner_epoch": 1, "train_loss": 2.302585274410248, "grad_norm": 2.3576921748258428e-08, "test_error": 0.9}, {"outer_epoch": 190, "inner_epoch": 1, "train_loss": 2.302585277414322, "grad_norm": 2.7609310393472697e-08, "test_error": 0.9}, {"outer_epoch": 191, "inner_epoch": 1, "train_loss": 2.3025852997779848, "grad_norm": 2.4224320327448368e-08, "test_error": 0.9}, {"outer_epoch": 192, "inner_epoch": 1, "train_loss": 2.3025853197574615, "grad_norm": 2.3866279619255693e-08, "test_error": 0.9}, {"outer_epoch": 193, "inner_epoch": 1, "train_loss": 2.302585258293152, "grad_norm": 3.508107937477689e-08, "test_error": 0.9}, {"outer_epoch": 194, "inner_epoch": 1, "train_loss": 2.302585293865204, "grad_norm": 2.0013365187310228e-08, "test_error": 0.9}, {"outer_epoch": 195, "inner_epoch": 1, "train_loss": 2.3025853172779085, "grad_norm": 1.990163767118247e-08, "test_error": 0.9}, {"outer_epoch": 196, "inner_epoch": 1, "train_loss": 2.302585279083252, "grad_norm": 4.4537394217059045e-08, "test_error": 0.9}, {"outer_epoch": 197, "inner_epoch": 1, "train_loss": 2.302585305738449, "grad_norm": 3.7950606213144056e-08, "test_error": 0.9}, {"outer_epoch": 198, "inner_epoch": 1, "train_loss": 2.3025852769374846, "grad_norm": 2.4981019919323444e-08, "test_error": 0.9}, {"outer_epoch": 199, "inner_epoch": 1, "train_loss": 2.302585320329666, "grad_norm": 2.0341577311455694e-08, "test_error": 0.9}, {"outer_epoch": 200, "inner_epoch": 1, "train_loss": 2.3025853486537935, "grad_norm": 2.0116679877446586e-08, "test_error": 0.9}, {"outer_epoch": 201, "inner_epoch": 1, "train_loss": 2.3025853480815885, "grad_norm": 2.967188983404867e-08, "test_error": 0.9}, {"outer_epoch": 202, "inner_epoch": 1, "train_loss": 2.302585176706314, "grad_norm": 3.2393653981444004e-08, "test_error": 0.9}, {"outer_epoch": 203, "inner_epoch": 1, "train_loss": 2.3025851907253267, "grad_norm": 2.9242112731253656e-08, "test_error": 0.9}, {"outer_epoch": 204, "inner_epoch": 1, "train_loss": 2.3025852595329286, "grad_norm": 2.8079238489908676e-08, "test_error": 0.9}, {"outer_epoch": 205, "inner_epoch": 1, "train_loss": 2.302585269498825, "grad_norm": 5.604296404726483e-08, "test_error": 0.9}, {"outer_epoch": 206, "inner_epoch": 1, "train_loss": 2.3025853277206423, "grad_norm": 2.949163224741369e-08, "test_error": 0.9}, {"outer_epoch": 207, "inner_epoch": 1, "train_loss": 2.3025852060317993, "grad_norm": 2.935311194107726e-08, "test_error": 0.9}, {"outer_epoch": 208, "inner_epoch": 1, "train_loss": 2.302585300064087, "grad_norm": 1.698868068444881e-08, "test_error": 0.9}, {"outer_epoch": 209, "inner_epoch": 1, "train_loss": 2.302585280418396, "grad_norm": 1.642598945750251e-08, "test_error": 0.9}, {"outer_epoch": 210, "inner_epoch": 1, "train_loss": 2.302585250234604, "grad_norm": 2.2832541191064593e-08, "test_error": 0.9}, {"outer_epoch": 211, "inner_epoch": 1, "train_loss": 2.30258527674675, "grad_norm": 2.3100866997083358e-08, "test_error": 0.9}, {"outer_epoch": 212, "inner_epoch": 1, "train_loss": 2.302585249042511, "grad_norm": 2.198862958380232e-08, "test_error": 0.9}, {"outer_epoch": 213, "inner_epoch": 1, "train_loss": 2.3025852602005004, "grad_norm": 2.4848910484820408e-08, "test_error": 0.9}, {"outer_epoch": 214, "inner_epoch": 1, "train_loss": 2.3025853394031524, "grad_norm": 4.3869921029227044e-08, "test_error": 0.9}, {"outer_epoch": 215, "inner_epoch": 1, "train_loss": 2.302585341262817, "grad_norm": 2.5780186874158062e-08, "test_error": 0.9}, {"outer_epoch": 216, "inner_epoch": 1, "train_loss": 2.302585345029831, "grad_norm": 4.390257046793522e-08, "test_error": 0.9}, {"outer_epoch": 217, "inner_epoch": 1, "train_loss": 2.3025853363037108, "grad_norm": 2.8918744732209234e-08, "test_error": 0.9}, {"outer_epoch": 218, "inner_epoch": 1, "train_loss": 2.3025852917194367, "grad_norm": 3.342008980666833e-08, "test_error": 0.9}, {"outer_epoch": 219, "inner_epoch": 1, "train_loss": 2.3025852880954742, "grad_norm": 3.4607801069341804e-08, "test_error": 0.9}, {"outer_epoch": 220, "inner_epoch": 1, "train_loss": 2.3025852041721344, "grad_norm": 1.5895180283109767e-08, "test_error": 0.9}, {"outer_epoch": 221, "inner_epoch": 1, "train_loss": 2.3025852601528167, "grad_norm": 3.5798812803022884e-08, "test_error": 0.9}, {"outer_epoch": 222, "inner_epoch": 1, "train_loss": 2.3025853633880615, "grad_norm": 2.5968700967382574e-08, "test_error": 0.9}, {"outer_epoch": 223, "inner_epoch": 1, "train_loss": 2.3025853455066683, "grad_norm": 3.490255195970349e-08, "test_error": 0.9}, {"outer_epoch": 224, "inner_epoch": 1, "train_loss": 2.302585306072235, "grad_norm": 3.778059110004506e-08, "test_error": 0.9}, {"outer_epoch": 225, "inner_epoch": 1, "train_loss": 2.302585363340378, "grad_norm": 3.099955492302797e-08, "test_error": 0.9}, {"outer_epoch": 226, "inner_epoch": 1, "train_loss": 2.3025853066444397, "grad_norm": 3.279359361840761e-08, "test_error": 0.9}, {"outer_epoch": 227, "inner_epoch": 1, "train_loss": 2.302585345840454, "grad_norm": 2.2598255711159254e-08, "test_error": 0.9}, {"outer_epoch": 228, "inner_epoch": 1, "train_loss": 2.3025853424072267, "grad_norm": 1.1004325450869601e-08, "test_error": 0.9}, {"outer_epoch": 229, "inner_epoch": 1, "train_loss": 2.3025853093147277, "grad_norm": 2.2477822270161596e-08, "test_error": 0.9}, {"outer_epoch": 230, "inner_epoch": 1, "train_loss": 2.3025852785587313, "grad_norm": 2.175283952965401e-08, "test_error": 0.9}, {"outer_epoch": 231, "inner_epoch": 1, "train_loss": 2.3025852415561676, "grad_norm": 3.113314051006455e-08, "test_error": 0.9}, {"outer_epoch": 232, "inner_epoch": 1, "train_loss": 2.3025852477073667, "grad_norm": 3.174650231585474e-08, "test_error": 0.9}, {"outer_epoch": 233, "inner_epoch": 1, "train_loss": 2.30258532166481, "grad_norm": 7.015894709638815e-08, "test_error": 0.9}, {"outer_epoch": 234, "inner_epoch": 1, "train_loss": 2.3025853229045867, "grad_norm": 4.420165922169872e-08, "test_error": 0.9}, {"outer_epoch": 235, "inner_epoch": 1, "train_loss": 2.3025853469371795, "grad_norm": 2.008432886668743e-08, "test_error": 0.9}, {"outer_epoch": 236, "inner_epoch": 1, "train_loss": 2.3025853460788728, "grad_norm": 3.2392648563472903e-08, "test_error": 0.9}, {"outer_epoch": 237, "inner_epoch": 1, "train_loss": 2.3025853598594668, "grad_norm": 2.7071383357224477e-08, "test_error": 0.9}, {"outer_epoch": 238, "inner_epoch": 1, "train_loss": 2.3025853558540343, "grad_norm": 3.399295778194755e-08, "test_error": 0.9}, {"outer_epoch": 239, "inner_epoch": 1, "train_loss": 2.3025853627681734, "grad_norm": 2.844971724869083e-08, "test_error": 0.9}, {"outer_epoch": 240, "inner_epoch": 1, "train_loss": 2.3025853435516357, "grad_norm": 3.889046951144337e-08, "test_error": 0.9}, {"outer_epoch": 241, "inner_epoch": 1, "train_loss": 2.3025853618621825, "grad_norm": 3.4842312146565746e-08, "test_error": 0.9}, {"outer_epoch": 242, "inner_epoch": 1, "train_loss": 2.302585310602188, "grad_norm": 4.6375660645026073e-08, "test_error": 0.9}, {"outer_epoch": 243, "inner_epoch": 1, "train_loss": 2.3025853489875794, "grad_norm": 4.3693745510609006e-08, "test_error": 0.9}, {"outer_epoch": 244, "inner_epoch": 1, "train_loss": 2.3025853474140168, "grad_norm": 3.283452443270107e-08, "test_error": 0.9}, {"outer_epoch": 245, "inner_epoch": 1, "train_loss": 2.3025853547096253, "grad_norm": 3.9073434265901597e-08, "test_error": 0.9}, {"outer_epoch": 246, "inner_epoch": 1, "train_loss": 2.3025853633880615, "grad_norm": 2.8280025432536604e-08, "test_error": 0.9}, {"outer_epoch": 247, "inner_epoch": 1, "train_loss": 2.30258534655571, "grad_norm": 2.1980536502042014e-08, "test_error": 0.9}, {"outer_epoch": 248, "inner_epoch": 1, "train_loss": 2.302585318851471, "grad_norm": 1.1344320149930809e-08, "test_error": 0.9}, {"outer_epoch": 249, "inner_epoch": 1, "train_loss": 2.3025853547096253, "grad_norm": 2.394213893808228e-08, "test_error": 0.9}, {"outer_epoch": 250, "inner_epoch": 1, "train_loss": 2.3025853422641753, "grad_norm": 1.0542541062363853e-08, "test_error": 0.9}]}