{"argv": ["train.py", "--seed", "83", "--optimizer", "SVRG", "--run_name", "svrg_0.05.json", "--output_path", "experiments/nonconvex_cifar10/svrg-0.05.json", "--dataset", "CIFAR10", "--layer_sizes", "3072", "100", "10", "--batch_size", "10", "--learning_rate", "0.05", "--weight_decay", "0.001", "--warmup_learning_rate", "0.01", "--num_warmup_epochs", "10", "--num_outer_epochs", "250", "--num_inner_epochs", "1", "--device", "cuda"], "args": {"seed": 83, "optimizer": "SVRG", "run_name": "svrg_0.05.json", "output_path": "experiments/nonconvex_cifar10/svrg-0.05.json", "device": "cuda", "dataset": "CIFAR10", "dataset_root": "~/datasets/pytorch", "dataset_size": null, "download": false, "layer_sizes": [3072, 100, 10], "batch_size": 10, "test_batch_size": 256, "learning_rate": 0.05, "weight_decay": 0.001, "warmup_learning_rate": 0.01, "num_warmup_epochs": 10, "num_outer_epochs": 250, "num_inner_epochs": 1, "inner_epoch_fraction": null, "choose_random_iterate": false, "num_epochs": 10}, "metrics": [{"warmup_epoch": 1, "train_loss": 1.8772816695809365, "grad_norm": 1.330396056175232, "test_error": 0.6135}, {"warmup_epoch": 2, "train_loss": 1.702120511996746, "grad_norm": 1.505911946296692, "test_error": 0.5904}, {"warmup_epoch": 3, "train_loss": 1.6260027727365494, "grad_norm": 1.4280996322631836, "test_error": 0.5689}, {"warmup_epoch": 4, "train_loss": 1.5749987521529198, "grad_norm": 1.1521843671798706, "test_error": 0.5514}, {"warmup_epoch": 5, "train_loss": 1.5393459569334984, "grad_norm": 1.3207876682281494, "test_error": 0.5421}, {"warmup_epoch": 6, "train_loss": 1.513324132347107, "grad_norm": 1.1785192489624023, "test_error": 0.5364}, {"warmup_epoch": 7, "train_loss": 1.4920352176070213, "grad_norm": 1.9602423906326294, "test_error": 0.5568}, {"warmup_epoch": 8, "train_loss": 1.4741584265708922, "grad_norm": 1.6976767778396606, "test_error": 0.5361}, {"warmup_epoch": 9, "train_loss": 1.454667365592718, "grad_norm": 1.5695347785949707, "test_error": 0.5255}, {"warmup_epoch": 10, "train_loss": 1.4399748266875745, "grad_norm": 1.3209766149520874, "test_error": 0.5327}, {"outer_epoch": 1, "inner_epoch": 1, "train_loss": 1.8152317528009414, "grad_norm": 1.5616410970687866, "test_error": 0.6783}, {"outer_epoch": 2, "inner_epoch": 1, "train_loss": 1.7621413649201394, "grad_norm": 1.3970292806625366, "test_error": 0.6146}, {"outer_epoch": 3, "inner_epoch": 1, "train_loss": 1.7616728722572326, "grad_norm": 1.05050528049469, "test_error": 0.628}, {"outer_epoch": 4, "inner_epoch": 1, "train_loss": 1.7171290819883347, "grad_norm": 0.847460150718689, "test_error": 0.62}, {"outer_epoch": 5, "inner_epoch": 1, "train_loss": 1.7672289697885513, "grad_norm": 1.1751058101654053, "test_error": 0.6572}, {"outer_epoch": 6, "inner_epoch": 1, "train_loss": 1.8379603591561318, "grad_norm": 1.2605926990509033, "test_error": 0.7136}, {"outer_epoch": 7, "inner_epoch": 1, "train_loss": 1.8891380038976668, "grad_norm": 0.9245178699493408, "test_error": 0.6803}, {"outer_epoch": 8, "inner_epoch": 1, "train_loss": 1.814167108666897, "grad_norm": 0.7269972562789917, "test_error": 0.6644}, {"outer_epoch": 9, "inner_epoch": 1, "train_loss": 1.7503514045357704, "grad_norm": 1.8491392135620117, "test_error": 0.6305}, {"outer_epoch": 10, "inner_epoch": 1, "train_loss": 1.8054255503058434, "grad_norm": 2.482445001602173, "test_error": 0.6834}, {"outer_epoch": 11, "inner_epoch": 1, "train_loss": 1.898054617881775, "grad_norm": 0.7076281905174255, "test_error": 0.6749}, {"outer_epoch": 12, "inner_epoch": 1, "train_loss": 1.8054588262796403, "grad_norm": 0.872454047203064, "test_error": 0.6456}, {"outer_epoch": 13, "inner_epoch": 1, "train_loss": 1.7657050703167916, "grad_norm": 0.8676100969314575, "test_error": 0.6195}, {"outer_epoch": 14, "inner_epoch": 1, "train_loss": 1.7878907784938811, "grad_norm": 1.3392937183380127, "test_error": 0.6977}, {"outer_epoch": 15, "inner_epoch": 1, "train_loss": 1.8098408762693405, "grad_norm": 2.385514497756958, "test_error": 0.6981}, {"outer_epoch": 16, "inner_epoch": 1, "train_loss": 1.8352565088272095, "grad_norm": 0.6085518598556519, "test_error": 0.6478}, {"outer_epoch": 17, "inner_epoch": 1, "train_loss": 1.8075933022499084, "grad_norm": 0.5175925493240356, "test_error": 0.6456}, {"outer_epoch": 18, "inner_epoch": 1, "train_loss": 1.8215052787184716, "grad_norm": 1.0414212942123413, "test_error": 0.6539}, {"outer_epoch": 19, "inner_epoch": 1, "train_loss": 1.7758088937520982, "grad_norm": 0.8107393980026245, "test_error": 0.6299}, {"outer_epoch": 20, "inner_epoch": 1, "train_loss": 1.8138249411940575, "grad_norm": 0.7107205390930176, "test_error": 0.7086}, {"outer_epoch": 21, "inner_epoch": 1, "train_loss": 1.8499160312056542, "grad_norm": 1.5823994874954224, "test_error": 0.7255}, {"outer_epoch": 22, "inner_epoch": 1, "train_loss": 1.8945491268873216, "grad_norm": 1.8610310554504395, "test_error": 0.7294}, {"outer_epoch": 23, "inner_epoch": 1, "train_loss": 1.8985748754501344, "grad_norm": 1.064758062362671, "test_error": 0.7594}, {"outer_epoch": 24, "inner_epoch": 1, "train_loss": 1.914312429356575, "grad_norm": 0.8762457370758057, "test_error": 0.6948}, {"outer_epoch": 25, "inner_epoch": 1, "train_loss": 1.8992835933089256, "grad_norm": 1.0008413791656494, "test_error": 0.7253}, {"outer_epoch": 26, "inner_epoch": 1, "train_loss": 1.907890728855133, "grad_norm": 0.8992431163787842, "test_error": 0.751}, {"outer_epoch": 27, "inner_epoch": 1, "train_loss": 1.9015935555458068, "grad_norm": 0.5385946035385132, "test_error": 0.704}, {"outer_epoch": 28, "inner_epoch": 1, "train_loss": 1.8662696668863297, "grad_norm": 2.100520372390747, "test_error": 0.7448}, {"outer_epoch": 29, "inner_epoch": 1, "train_loss": 1.9358021468877793, "grad_norm": 0.3824514150619507, "test_error": 0.7526}, {"outer_epoch": 30, "inner_epoch": 1, "train_loss": 1.9215049711704255, "grad_norm": 0.8319995999336243, "test_error": 0.7466}, {"outer_epoch": 31, "inner_epoch": 1, "train_loss": 1.923752340722084, "grad_norm": 0.3421131372451782, "test_error": 0.7436}, {"outer_epoch": 32, "inner_epoch": 1, "train_loss": 1.9198519629478454, "grad_norm": 0.5359162092208862, "test_error": 0.7478}, {"outer_epoch": 33, "inner_epoch": 1, "train_loss": 1.9106745958328246, "grad_norm": 0.6912825703620911, "test_error": 0.7164}, {"outer_epoch": 34, "inner_epoch": 1, "train_loss": 1.899730476307869, "grad_norm": 0.5607700943946838, "test_error": 0.749}, {"outer_epoch": 35, "inner_epoch": 1, "train_loss": 1.9162034807920456, "grad_norm": 1.7974222898483276, "test_error": 0.7832}, {"outer_epoch": 36, "inner_epoch": 1, "train_loss": 1.954941247677803, "grad_norm": 0.9340706467628479, "test_error": 0.748}, {"outer_epoch": 37, "inner_epoch": 1, "train_loss": 1.9416339711666106, "grad_norm": 0.8807458877563477, "test_error": 0.7426}, {"outer_epoch": 38, "inner_epoch": 1, "train_loss": 1.9050357453346252, "grad_norm": 0.5158256888389587, "test_error": 0.7147}, {"outer_epoch": 39, "inner_epoch": 1, "train_loss": 1.86694015853405, "grad_norm": 0.49418678879737854, "test_error": 0.7021}, {"outer_epoch": 40, "inner_epoch": 1, "train_loss": 1.852863629722595, "grad_norm": 0.49450358748435974, "test_error": 0.6849}, {"outer_epoch": 41, "inner_epoch": 1, "train_loss": 1.843813056087494, "grad_norm": 0.6178613901138306, "test_error": 0.6868}, {"outer_epoch": 42, "inner_epoch": 1, "train_loss": 1.86092786962986, "grad_norm": 0.8446996212005615, "test_error": 0.6951}, {"outer_epoch": 43, "inner_epoch": 1, "train_loss": 1.8524386935710906, "grad_norm": 1.299394965171814, "test_error": 0.7097}, {"outer_epoch": 44, "inner_epoch": 1, "train_loss": 1.8593868329048158, "grad_norm": 0.6315827369689941, "test_error": 0.6789}, {"outer_epoch": 45, "inner_epoch": 1, "train_loss": 1.8398433713912963, "grad_norm": 2.0625851154327393, "test_error": 0.6945}, {"outer_epoch": 46, "inner_epoch": 1, "train_loss": 1.9465961569309234, "grad_norm": 2.034268379211426, "test_error": 0.7656}, {"outer_epoch": 47, "inner_epoch": 1, "train_loss": 1.9930212018966675, "grad_norm": 1.2487843036651611, "test_error": 0.7641}, {"outer_epoch": 48, "inner_epoch": 1, "train_loss": 2.000175620031357, "grad_norm": 0.8284637928009033, "test_error": 0.8251}, {"outer_epoch": 49, "inner_epoch": 1, "train_loss": 2.0435210928678513, "grad_norm": 0.6922616958618164, "test_error": 0.8152}, {"outer_epoch": 50, "inner_epoch": 1, "train_loss": 2.013081411957741, "grad_norm": 0.2767922580242157, "test_error": 0.7561}, {"outer_epoch": 51, "inner_epoch": 1, "train_loss": 1.9533470050334931, "grad_norm": 2.204779863357544, "test_error": 0.7703}, {"outer_epoch": 52, "inner_epoch": 1, "train_loss": 1.9913340128183366, "grad_norm": 0.34726810455322266, "test_error": 0.8208}, {"outer_epoch": 53, "inner_epoch": 1, "train_loss": 2.0545490803956987, "grad_norm": 0.4799037277698517, "test_error": 0.8114}, {"outer_epoch": 54, "inner_epoch": 1, "train_loss": 2.0403094309806824, "grad_norm": 0.08768787235021591, "test_error": 0.8085}, {"outer_epoch": 55, "inner_epoch": 1, "train_loss": 2.0324192353010178, "grad_norm": 0.19262194633483887, "test_error": 0.8023}, {"outer_epoch": 56, "inner_epoch": 1, "train_loss": 2.031652963757515, "grad_norm": 0.5559918284416199, "test_error": 0.8108}, {"outer_epoch": 57, "inner_epoch": 1, "train_loss": 2.0343579946994783, "grad_norm": 0.141671285033226, "test_error": 0.8036}, {"outer_epoch": 58, "inner_epoch": 1, "train_loss": 2.0226218433618546, "grad_norm": 1.2322086095809937, "test_error": 0.7897}, {"outer_epoch": 59, "inner_epoch": 1, "train_loss": 1.963582283115387, "grad_norm": 0.5577448606491089, "test_error": 0.7672}, {"outer_epoch": 60, "inner_epoch": 1, "train_loss": 1.9312976095438004, "grad_norm": 0.6826550960540771, "test_error": 0.7567}, {"outer_epoch": 61, "inner_epoch": 1, "train_loss": 1.9322723619222641, "grad_norm": 0.6096690893173218, "test_error": 0.7496}, {"outer_epoch": 62, "inner_epoch": 1, "train_loss": 1.9232750963449479, "grad_norm": 0.25451338291168213, "test_error": 0.7415}, {"outer_epoch": 63, "inner_epoch": 1, "train_loss": 1.9170207797527312, "grad_norm": 1.00617253780365, "test_error": 0.7469}, {"outer_epoch": 64, "inner_epoch": 1, "train_loss": 1.9933869206428527, "grad_norm": 0.31160515546798706, "test_error": 0.8119}, {"outer_epoch": 65, "inner_epoch": 1, "train_loss": 2.03881384871006, "grad_norm": 0.11091487854719162, "test_error": 0.8028}, {"outer_epoch": 66, "inner_epoch": 1, "train_loss": 2.03341949801445, "grad_norm": 0.30092066526412964, "test_error": 0.8094}, {"outer_epoch": 67, "inner_epoch": 1, "train_loss": 2.0318354113101957, "grad_norm": 0.22353719174861908, "test_error": 0.8136}, {"outer_epoch": 68, "inner_epoch": 1, "train_loss": 2.03136370139122, "grad_norm": 1.231331706047058, "test_error": 0.8128}, {"outer_epoch": 69, "inner_epoch": 1, "train_loss": 2.042077045941353, "grad_norm": 0.6948382258415222, "test_error": 0.8108}, {"outer_epoch": 70, "inner_epoch": 1, "train_loss": 2.0325708791017534, "grad_norm": 0.05748084932565689, "test_error": 0.8051}, {"outer_epoch": 71, "inner_epoch": 1, "train_loss": 2.0311718824625014, "grad_norm": 0.6690359711647034, "test_error": 0.8183}, {"outer_epoch": 72, "inner_epoch": 1, "train_loss": 2.0363665731906893, "grad_norm": 0.7482994794845581, "test_error": 0.8112}, {"outer_epoch": 73, "inner_epoch": 1, "train_loss": 2.0347727400779725, "grad_norm": 0.6250327229499817, "test_error": 0.8108}, {"outer_epoch": 74, "inner_epoch": 1, "train_loss": 2.0324311068058014, "grad_norm": 0.21949535608291626, "test_error": 0.8079}, {"outer_epoch": 75, "inner_epoch": 1, "train_loss": 2.031012829422951, "grad_norm": 0.13438059389591217, "test_error": 0.8045}, {"outer_epoch": 76, "inner_epoch": 1, "train_loss": 2.0307593224287035, "grad_norm": 0.40153154730796814, "test_error": 0.8122}, {"outer_epoch": 77, "inner_epoch": 1, "train_loss": 2.0340056885719298, "grad_norm": 0.22163499891757965, "test_error": 0.8124}, {"outer_epoch": 78, "inner_epoch": 1, "train_loss": 2.029893964290619, "grad_norm": 0.06460260599851608, "test_error": 0.8123}, {"outer_epoch": 79, "inner_epoch": 1, "train_loss": 2.030156802725792, "grad_norm": 0.32061928510665894, "test_error": 0.8078}, {"outer_epoch": 80, "inner_epoch": 1, "train_loss": 2.031696180701256, "grad_norm": 3.611733913421631, "test_error": 0.8363}, {"outer_epoch": 81, "inner_epoch": 1, "train_loss": 2.093640443110466, "grad_norm": 0.9004871845245361, "test_error": 0.8247}, {"outer_epoch": 82, "inner_epoch": 1, "train_loss": 2.067184704828262, "grad_norm": 0.23362702131271362, "test_error": 0.8244}, {"outer_epoch": 83, "inner_epoch": 1, "train_loss": 2.0336136671066285, "grad_norm": 0.11092827469110489, "test_error": 0.8046}, {"outer_epoch": 84, "inner_epoch": 1, "train_loss": 2.0311936750888826, "grad_norm": 0.11279931664466858, "test_error": 0.8169}, {"outer_epoch": 85, "inner_epoch": 1, "train_loss": 2.029952462339401, "grad_norm": 0.6769728660583496, "test_error": 0.8146}, {"outer_epoch": 86, "inner_epoch": 1, "train_loss": 2.0356736833810807, "grad_norm": 0.1602243185043335, "test_error": 0.8034}, {"outer_epoch": 87, "inner_epoch": 1, "train_loss": 2.031814900445938, "grad_norm": 0.09663859754800797, "test_error": 0.8088}, {"outer_epoch": 88, "inner_epoch": 1, "train_loss": 2.0311667001724243, "grad_norm": 0.5737993121147156, "test_error": 0.8059}, {"outer_epoch": 89, "inner_epoch": 1, "train_loss": 2.03118521335125, "grad_norm": 0.33319970965385437, "test_error": 0.8152}, {"outer_epoch": 90, "inner_epoch": 1, "train_loss": 2.0308360983371734, "grad_norm": 0.38971155881881714, "test_error": 0.8144}, {"outer_epoch": 91, "inner_epoch": 1, "train_loss": 2.0316248923540114, "grad_norm": 0.3701765239238739, "test_error": 0.8016}, {"outer_epoch": 92, "inner_epoch": 1, "train_loss": 2.0315604364156723, "grad_norm": 0.3030509054660797, "test_error": 0.8004}, {"outer_epoch": 93, "inner_epoch": 1, "train_loss": 2.0313373349428177, "grad_norm": 0.12538368999958038, "test_error": 0.8106}, {"outer_epoch": 94, "inner_epoch": 1, "train_loss": 2.0315457974910736, "grad_norm": 0.047830235213041306, "test_error": 0.8044}, {"outer_epoch": 95, "inner_epoch": 1, "train_loss": 2.0301030066490173, "grad_norm": 0.17213711142539978, "test_error": 0.8128}, {"outer_epoch": 96, "inner_epoch": 1, "train_loss": 2.039199507141113, "grad_norm": 0.5412166714668274, "test_error": 0.8084}, {"outer_epoch": 97, "inner_epoch": 1, "train_loss": 2.034068076133728, "grad_norm": 0.6421845555305481, "test_error": 0.8105}, {"outer_epoch": 98, "inner_epoch": 1, "train_loss": 2.0318422357320784, "grad_norm": 0.08788812160491943, "test_error": 0.8111}, {"outer_epoch": 99, "inner_epoch": 1, "train_loss": 2.0313355756759646, "grad_norm": 0.24272413551807404, "test_error": 0.8015}, {"outer_epoch": 100, "inner_epoch": 1, "train_loss": 2.0302482369184496, "grad_norm": 0.3956106901168823, "test_error": 0.8066}, {"outer_epoch": 101, "inner_epoch": 1, "train_loss": 2.030238592028618, "grad_norm": 0.5480340123176575, "test_error": 0.8089}, {"outer_epoch": 102, "inner_epoch": 1, "train_loss": 2.0320696912288665, "grad_norm": 0.1826801598072052, "test_error": 0.8115}, {"outer_epoch": 103, "inner_epoch": 1, "train_loss": 2.0306302887916563, "grad_norm": 0.10115871578454971, "test_error": 0.8064}, {"outer_epoch": 104, "inner_epoch": 1, "train_loss": 2.0297548238515852, "grad_norm": 0.668407142162323, "test_error": 0.8081}, {"outer_epoch": 105, "inner_epoch": 1, "train_loss": 2.0358796147584917, "grad_norm": 0.9621731638908386, "test_error": 0.8141}, {"outer_epoch": 106, "inner_epoch": 1, "train_loss": 2.0387876452207565, "grad_norm": 0.2316627949476242, "test_error": 0.8064}, {"outer_epoch": 107, "inner_epoch": 1, "train_loss": 2.031234220790863, "grad_norm": 0.16648244857788086, "test_error": 0.8057}, {"outer_epoch": 108, "inner_epoch": 1, "train_loss": 2.0298197665691378, "grad_norm": 0.5205877423286438, "test_error": 0.8088}, {"outer_epoch": 109, "inner_epoch": 1, "train_loss": 2.0332905427217485, "grad_norm": 0.7159579396247864, "test_error": 0.8082}, {"outer_epoch": 110, "inner_epoch": 1, "train_loss": 2.033218268632889, "grad_norm": 0.5915220379829407, "test_error": 0.8067}, {"outer_epoch": 111, "inner_epoch": 1, "train_loss": 2.0316655599355697, "grad_norm": 2.2555830478668213, "test_error": 0.8214}, {"outer_epoch": 112, "inner_epoch": 1, "train_loss": 2.05616190431118, "grad_norm": 0.2652258574962616, "test_error": 0.8071}, {"outer_epoch": 113, "inner_epoch": 1, "train_loss": 2.036422256374359, "grad_norm": 0.19008482992649078, "test_error": 0.802}, {"outer_epoch": 114, "inner_epoch": 1, "train_loss": 2.0301612458467484, "grad_norm": 0.2702823281288147, "test_error": 0.8145}, {"outer_epoch": 115, "inner_epoch": 1, "train_loss": 2.0324437085866927, "grad_norm": 0.654192328453064, "test_error": 0.811}, {"outer_epoch": 116, "inner_epoch": 1, "train_loss": 2.032434314274788, "grad_norm": 0.14617086946964264, "test_error": 0.8097}, {"outer_epoch": 117, "inner_epoch": 1, "train_loss": 2.0304609812259673, "grad_norm": 0.06198759749531746, "test_error": 0.8132}, {"outer_epoch": 118, "inner_epoch": 1, "train_loss": 2.037449131369591, "grad_norm": 0.13675086200237274, "test_error": 0.8099}, {"outer_epoch": 119, "inner_epoch": 1, "train_loss": 2.030931405544281, "grad_norm": 0.4927811920642853, "test_error": 0.8065}, {"outer_epoch": 120, "inner_epoch": 1, "train_loss": 2.033009365463257, "grad_norm": 0.1276194006204605, "test_error": 0.8059}, {"outer_epoch": 121, "inner_epoch": 1, "train_loss": 2.0303324182271956, "grad_norm": 0.14576376974582672, "test_error": 0.8092}, {"outer_epoch": 122, "inner_epoch": 1, "train_loss": 2.0308789640665053, "grad_norm": 0.13578468561172485, "test_error": 0.8044}, {"outer_epoch": 123, "inner_epoch": 1, "train_loss": 2.030063406419754, "grad_norm": 0.36028286814689636, "test_error": 0.8111}, {"outer_epoch": 124, "inner_epoch": 1, "train_loss": 2.0332023959875105, "grad_norm": 0.15997929871082306, "test_error": 0.8063}, {"outer_epoch": 125, "inner_epoch": 1, "train_loss": 2.030434126639366, "grad_norm": 0.41626474261283875, "test_error": 0.8065}, {"outer_epoch": 126, "inner_epoch": 1, "train_loss": 2.031239732336998, "grad_norm": 0.9584023952484131, "test_error": 0.803}, {"outer_epoch": 127, "inner_epoch": 1, "train_loss": 2.0379636617422103, "grad_norm": 0.5082696080207825, "test_error": 0.8133}, {"outer_epoch": 128, "inner_epoch": 1, "train_loss": 2.032822651720047, "grad_norm": 0.8652282953262329, "test_error": 0.8137}, {"outer_epoch": 129, "inner_epoch": 1, "train_loss": 2.0347131581544877, "grad_norm": 0.20631705224514008, "test_error": 0.8149}, {"outer_epoch": 130, "inner_epoch": 1, "train_loss": 2.0313621746063233, "grad_norm": 0.1584053337574005, "test_error": 0.7999}, {"outer_epoch": 131, "inner_epoch": 1, "train_loss": 2.0296615154981614, "grad_norm": 1.478750228881836, "test_error": 0.8273}, {"outer_epoch": 132, "inner_epoch": 1, "train_loss": 2.0546660323619843, "grad_norm": 0.4082801640033722, "test_error": 0.8172}, {"outer_epoch": 133, "inner_epoch": 1, "train_loss": 2.0323953145503997, "grad_norm": 0.35506901144981384, "test_error": 0.805}, {"outer_epoch": 134, "inner_epoch": 1, "train_loss": 2.0316299654960632, "grad_norm": 0.08264467865228653, "test_error": 0.813}, {"outer_epoch": 135, "inner_epoch": 1, "train_loss": 2.029502407312393, "grad_norm": 0.3830547630786896, "test_error": 0.8086}, {"outer_epoch": 136, "inner_epoch": 1, "train_loss": 2.0325957850933074, "grad_norm": 0.311628520488739, "test_error": 0.8155}, {"outer_epoch": 137, "inner_epoch": 1, "train_loss": 2.0310605936527253, "grad_norm": 0.4876629710197449, "test_error": 0.804}, {"outer_epoch": 138, "inner_epoch": 1, "train_loss": 2.0316997476816177, "grad_norm": 0.04944084212183952, "test_error": 0.8066}, {"outer_epoch": 139, "inner_epoch": 1, "train_loss": 2.0292759461164476, "grad_norm": 0.11574897170066833, "test_error": 0.804}, {"outer_epoch": 140, "inner_epoch": 1, "train_loss": 2.0301820310354235, "grad_norm": 0.123532734811306, "test_error": 0.811}, {"outer_epoch": 141, "inner_epoch": 1, "train_loss": 2.029939959526062, "grad_norm": 0.42016786336898804, "test_error": 0.8111}, {"outer_epoch": 142, "inner_epoch": 1, "train_loss": 2.0330814186811446, "grad_norm": 0.24307313561439514, "test_error": 0.8023}, {"outer_epoch": 143, "inner_epoch": 1, "train_loss": 2.03008779900074, "grad_norm": 0.8206967115402222, "test_error": 0.8111}, {"outer_epoch": 144, "inner_epoch": 1, "train_loss": 2.0347974992990494, "grad_norm": 1.0310461521148682, "test_error": 0.8222}, {"outer_epoch": 145, "inner_epoch": 1, "train_loss": 2.0438039381980895, "grad_norm": 0.42503249645233154, "test_error": 0.7999}, {"outer_epoch": 146, "inner_epoch": 1, "train_loss": 2.032940037083626, "grad_norm": 0.17839643359184265, "test_error": 0.8082}, {"outer_epoch": 147, "inner_epoch": 1, "train_loss": 2.0302668741464616, "grad_norm": 0.21918660402297974, "test_error": 0.814}, {"outer_epoch": 148, "inner_epoch": 1, "train_loss": 2.0308376349687576, "grad_norm": 0.11712304502725601, "test_error": 0.8101}, {"outer_epoch": 149, "inner_epoch": 1, "train_loss": 2.0303368673563003, "grad_norm": 0.9039209485054016, "test_error": 0.8155}, {"outer_epoch": 150, "inner_epoch": 1, "train_loss": 2.041287767672539, "grad_norm": 0.670615553855896, "test_error": 0.82}, {"outer_epoch": 151, "inner_epoch": 1, "train_loss": 2.0357210689544676, "grad_norm": 0.8768200874328613, "test_error": 0.8123}, {"outer_epoch": 152, "inner_epoch": 1, "train_loss": 2.040954820227623, "grad_norm": 0.9038812518119812, "test_error": 0.804}, {"outer_epoch": 153, "inner_epoch": 1, "train_loss": 2.0375497403860092, "grad_norm": 0.3715994954109192, "test_error": 0.811}, {"outer_epoch": 154, "inner_epoch": 1, "train_loss": 2.030699217224121, "grad_norm": 0.054701924324035645, "test_error": 0.8065}, {"outer_epoch": 155, "inner_epoch": 1, "train_loss": 2.029523234295845, "grad_norm": 1.1555877923965454, "test_error": 0.8142}, {"outer_epoch": 156, "inner_epoch": 1, "train_loss": 2.041872350525856, "grad_norm": 0.8997781872749329, "test_error": 0.8197}, {"outer_epoch": 157, "inner_epoch": 1, "train_loss": 2.0387127763986586, "grad_norm": 0.5584288239479065, "test_error": 0.824}, {"outer_epoch": 158, "inner_epoch": 1, "train_loss": 2.032939000058174, "grad_norm": 0.8151106238365173, "test_error": 0.8158}, {"outer_epoch": 159, "inner_epoch": 1, "train_loss": 2.0359674646615984, "grad_norm": 0.5604473948478699, "test_error": 0.8221}, {"outer_epoch": 160, "inner_epoch": 1, "train_loss": 2.0322947909355165, "grad_norm": 0.1448403298854828, "test_error": 0.8043}, {"outer_epoch": 161, "inner_epoch": 1, "train_loss": 2.030381489777565, "grad_norm": 0.5387669205665588, "test_error": 0.8015}, {"outer_epoch": 162, "inner_epoch": 1, "train_loss": 2.0331653742074964, "grad_norm": 0.25306907296180725, "test_error": 0.8111}, {"outer_epoch": 163, "inner_epoch": 1, "train_loss": 2.030691682124138, "grad_norm": 0.29360657930374146, "test_error": 0.805}, {"outer_epoch": 164, "inner_epoch": 1, "train_loss": 2.030570100069046, "grad_norm": 0.07048974186182022, "test_error": 0.8062}, {"outer_epoch": 165, "inner_epoch": 1, "train_loss": 2.030424603199959, "grad_norm": 0.45670899748802185, "test_error": 0.8071}, {"outer_epoch": 166, "inner_epoch": 1, "train_loss": 2.033906858587265, "grad_norm": 0.06428670138120651, "test_error": 0.808}, {"outer_epoch": 167, "inner_epoch": 1, "train_loss": 2.029906060409546, "grad_norm": 0.1547921597957611, "test_error": 0.8079}, {"outer_epoch": 168, "inner_epoch": 1, "train_loss": 2.030554147696495, "grad_norm": 0.19363358616828918, "test_error": 0.8084}, {"outer_epoch": 169, "inner_epoch": 1, "train_loss": 2.0305496929883957, "grad_norm": 0.5937370657920837, "test_error": 0.8118}, {"outer_epoch": 170, "inner_epoch": 1, "train_loss": 2.0369688843250273, "grad_norm": 1.8505910634994507, "test_error": 0.8131}, {"outer_epoch": 171, "inner_epoch": 1, "train_loss": 2.0466830198526385, "grad_norm": 0.6955661773681641, "test_error": 0.8226}, {"outer_epoch": 172, "inner_epoch": 1, "train_loss": 2.0368580662488935, "grad_norm": 1.3065075874328613, "test_error": 0.8086}, {"outer_epoch": 173, "inner_epoch": 1, "train_loss": 2.039409095668793, "grad_norm": 0.7953749895095825, "test_error": 0.8029}, {"outer_epoch": 174, "inner_epoch": 1, "train_loss": 2.0339271458148955, "grad_norm": 0.7073928117752075, "test_error": 0.8107}, {"outer_epoch": 175, "inner_epoch": 1, "train_loss": 2.032489332461357, "grad_norm": 0.37513479590415955, "test_error": 0.8078}, {"outer_epoch": 176, "inner_epoch": 1, "train_loss": 2.0308939951658247, "grad_norm": 0.49442803859710693, "test_error": 0.8142}, {"outer_epoch": 177, "inner_epoch": 1, "train_loss": 2.031947368311882, "grad_norm": 0.10694820433855057, "test_error": 0.8045}, {"outer_epoch": 178, "inner_epoch": 1, "train_loss": 2.0303126420497892, "grad_norm": 0.6267935037612915, "test_error": 0.8107}, {"outer_epoch": 179, "inner_epoch": 1, "train_loss": 2.032339803290367, "grad_norm": 0.1179133802652359, "test_error": 0.8073}, {"outer_epoch": 180, "inner_epoch": 1, "train_loss": 2.031164992594719, "grad_norm": 1.2626773118972778, "test_error": 0.8278}, {"outer_epoch": 181, "inner_epoch": 1, "train_loss": 2.0424169378995893, "grad_norm": 0.5996305346488953, "test_error": 0.8108}, {"outer_epoch": 182, "inner_epoch": 1, "train_loss": 2.0314891736268996, "grad_norm": 0.4551456570625305, "test_error": 0.8056}, {"outer_epoch": 183, "inner_epoch": 1, "train_loss": 2.0325716612339018, "grad_norm": 0.11439434438943863, "test_error": 0.8128}, {"outer_epoch": 184, "inner_epoch": 1, "train_loss": 2.029346467208862, "grad_norm": 0.4715627431869507, "test_error": 0.8085}, {"outer_epoch": 185, "inner_epoch": 1, "train_loss": 2.031682829713821, "grad_norm": 0.08927927166223526, "test_error": 0.8095}, {"outer_epoch": 186, "inner_epoch": 1, "train_loss": 2.0304241421222686, "grad_norm": 0.4864225387573242, "test_error": 0.8078}, {"outer_epoch": 187, "inner_epoch": 1, "train_loss": 2.0322251170158387, "grad_norm": 0.24570997059345245, "test_error": 0.8059}, {"outer_epoch": 188, "inner_epoch": 1, "train_loss": 2.0309494238853456, "grad_norm": 0.057633280754089355, "test_error": 0.8117}, {"outer_epoch": 189, "inner_epoch": 1, "train_loss": 2.0297884910821913, "grad_norm": 1.8921520709991455, "test_error": 0.8137}, {"outer_epoch": 190, "inner_epoch": 1, "train_loss": 2.0623816487789153, "grad_norm": 0.502088725566864, "test_error": 0.8305}, {"outer_epoch": 191, "inner_epoch": 1, "train_loss": 2.0377768312215805, "grad_norm": 0.23897325992584229, "test_error": 0.8099}, {"outer_epoch": 192, "inner_epoch": 1, "train_loss": 2.0309385932207107, "grad_norm": 0.14105257391929626, "test_error": 0.8108}, {"outer_epoch": 193, "inner_epoch": 1, "train_loss": 2.0333749697685244, "grad_norm": 0.5888215899467468, "test_error": 0.81}, {"outer_epoch": 194, "inner_epoch": 1, "train_loss": 2.033771432518959, "grad_norm": 0.5196647047996521, "test_error": 0.8147}, {"outer_epoch": 195, "inner_epoch": 1, "train_loss": 2.03175095140934, "grad_norm": 0.2535393536090851, "test_error": 0.815}, {"outer_epoch": 196, "inner_epoch": 1, "train_loss": 2.030778194355965, "grad_norm": 0.040344275534152985, "test_error": 0.8065}, {"outer_epoch": 197, "inner_epoch": 1, "train_loss": 2.030468224978447, "grad_norm": 0.06799361854791641, "test_error": 0.8034}, {"outer_epoch": 198, "inner_epoch": 1, "train_loss": 2.029688082432747, "grad_norm": 0.034539442509412766, "test_error": 0.8054}, {"outer_epoch": 199, "inner_epoch": 1, "train_loss": 2.030979333472252, "grad_norm": 0.14551126956939697, "test_error": 0.8073}, {"outer_epoch": 200, "inner_epoch": 1, "train_loss": 2.031828163933754, "grad_norm": 0.8016224503517151, "test_error": 0.8032}, {"outer_epoch": 201, "inner_epoch": 1, "train_loss": 2.034681634545326, "grad_norm": 1.9743562936782837, "test_error": 0.8116}, {"outer_epoch": 202, "inner_epoch": 1, "train_loss": 2.046599147725105, "grad_norm": 0.4456383287906647, "test_error": 0.8081}, {"outer_epoch": 203, "inner_epoch": 1, "train_loss": 2.0311173659324644, "grad_norm": 0.1789788156747818, "test_error": 0.8078}, {"outer_epoch": 204, "inner_epoch": 1, "train_loss": 2.030562470626831, "grad_norm": 0.18540410697460175, "test_error": 0.8043}, {"outer_epoch": 205, "inner_epoch": 1, "train_loss": 2.029222808790207, "grad_norm": 0.5776775479316711, "test_error": 0.8116}, {"outer_epoch": 206, "inner_epoch": 1, "train_loss": 2.0363948822498323, "grad_norm": 0.1172470897436142, "test_error": 0.8052}, {"outer_epoch": 207, "inner_epoch": 1, "train_loss": 2.0310790857315064, "grad_norm": 0.30900731682777405, "test_error": 0.8121}, {"outer_epoch": 208, "inner_epoch": 1, "train_loss": 2.032840977573395, "grad_norm": 0.397746205329895, "test_error": 0.8056}, {"outer_epoch": 209, "inner_epoch": 1, "train_loss": 2.031281841850281, "grad_norm": 0.06502906233072281, "test_error": 0.8043}, {"outer_epoch": 210, "inner_epoch": 1, "train_loss": 2.0299102666139603, "grad_norm": 0.07637336850166321, "test_error": 0.8109}, {"outer_epoch": 211, "inner_epoch": 1, "train_loss": 2.030009741640091, "grad_norm": 0.10156074911355972, "test_error": 0.8117}, {"outer_epoch": 212, "inner_epoch": 1, "train_loss": 2.0307528589248656, "grad_norm": 0.27784883975982666, "test_error": 0.8047}, {"outer_epoch": 213, "inner_epoch": 1, "train_loss": 2.0298808892726896, "grad_norm": 1.0550785064697266, "test_error": 0.8213}, {"outer_epoch": 214, "inner_epoch": 1, "train_loss": 2.040366130423546, "grad_norm": 0.1582084745168686, "test_error": 0.8101}, {"outer_epoch": 215, "inner_epoch": 1, "train_loss": 2.0314098755836487, "grad_norm": 0.35807162523269653, "test_error": 0.8078}, {"outer_epoch": 216, "inner_epoch": 1, "train_loss": 2.030710961985588, "grad_norm": 0.42692315578460693, "test_error": 0.8096}, {"outer_epoch": 217, "inner_epoch": 1, "train_loss": 2.0317985630512236, "grad_norm": 0.1227608174085617, "test_error": 0.8073}, {"outer_epoch": 218, "inner_epoch": 1, "train_loss": 2.0303045337200163, "grad_norm": 0.1167326346039772, "test_error": 0.8023}, {"outer_epoch": 219, "inner_epoch": 1, "train_loss": 2.030593157172203, "grad_norm": 0.6405122876167297, "test_error": 0.8113}, {"outer_epoch": 220, "inner_epoch": 1, "train_loss": 2.0338111471891405, "grad_norm": 0.40939760208129883, "test_error": 0.806}, {"outer_epoch": 221, "inner_epoch": 1, "train_loss": 2.031300788974762, "grad_norm": 0.1640397608280182, "test_error": 0.8072}, {"outer_epoch": 222, "inner_epoch": 1, "train_loss": 2.0295383939027785, "grad_norm": 0.19227589666843414, "test_error": 0.8011}, {"outer_epoch": 223, "inner_epoch": 1, "train_loss": 2.030276517653465, "grad_norm": 0.032179929316043854, "test_error": 0.8051}, {"outer_epoch": 224, "inner_epoch": 1, "train_loss": 2.0296192954301833, "grad_norm": 0.7211689949035645, "test_error": 0.8093}, {"outer_epoch": 225, "inner_epoch": 1, "train_loss": 2.035017205286026, "grad_norm": 0.2152789682149887, "test_error": 0.8144}, {"outer_epoch": 226, "inner_epoch": 1, "train_loss": 2.0304190385341645, "grad_norm": 0.5610417127609253, "test_error": 0.8165}, {"outer_epoch": 227, "inner_epoch": 1, "train_loss": 2.0342740887641906, "grad_norm": 0.23602208495140076, "test_error": 0.8057}, {"outer_epoch": 228, "inner_epoch": 1, "train_loss": 2.0307106407403945, "grad_norm": 0.4548003375530243, "test_error": 0.8024}, {"outer_epoch": 229, "inner_epoch": 1, "train_loss": 2.030383014059067, "grad_norm": 0.02602543495595455, "test_error": 0.8063}, {"outer_epoch": 230, "inner_epoch": 1, "train_loss": 2.0298990619421007, "grad_norm": 0.11870011687278748, "test_error": 0.8065}, {"outer_epoch": 231, "inner_epoch": 1, "train_loss": 2.033333716011047, "grad_norm": 0.8102515935897827, "test_error": 0.8103}, {"outer_epoch": 232, "inner_epoch": 1, "train_loss": 2.0336609770059586, "grad_norm": 0.1322363317012787, "test_error": 0.8163}, {"outer_epoch": 233, "inner_epoch": 1, "train_loss": 2.0307948951005934, "grad_norm": 0.9078519940376282, "test_error": 0.8094}, {"outer_epoch": 234, "inner_epoch": 1, "train_loss": 2.0338699859380722, "grad_norm": 0.14537853002548218, "test_error": 0.8061}, {"outer_epoch": 235, "inner_epoch": 1, "train_loss": 2.0302167010068892, "grad_norm": 0.5933809876441956, "test_error": 0.8129}, {"outer_epoch": 236, "inner_epoch": 1, "train_loss": 2.0337284940958025, "grad_norm": 0.5390170812606812, "test_error": 0.8157}, {"outer_epoch": 237, "inner_epoch": 1, "train_loss": 2.0331973291397096, "grad_norm": 0.9994466304779053, "test_error": 0.8115}, {"outer_epoch": 238, "inner_epoch": 1, "train_loss": 2.0344686041593554, "grad_norm": 0.24787165224552155, "test_error": 0.8052}, {"outer_epoch": 239, "inner_epoch": 1, "train_loss": 2.030776131463051, "grad_norm": 0.07196538895368576, "test_error": 0.8126}, {"outer_epoch": 240, "inner_epoch": 1, "train_loss": 2.0305750127792357, "grad_norm": 0.13425756990909576, "test_error": 0.8023}, {"outer_epoch": 241, "inner_epoch": 1, "train_loss": 2.0302936055898666, "grad_norm": 0.19365352392196655, "test_error": 0.8123}, {"outer_epoch": 242, "inner_epoch": 1, "train_loss": 2.0306159837961197, "grad_norm": 0.23217782378196716, "test_error": 0.8099}, {"outer_epoch": 243, "inner_epoch": 1, "train_loss": 2.0300290173769, "grad_norm": 0.19877755641937256, "test_error": 0.8069}, {"outer_epoch": 244, "inner_epoch": 1, "train_loss": 2.0309379263877867, "grad_norm": 2.157458782196045, "test_error": 0.8279}, {"outer_epoch": 245, "inner_epoch": 1, "train_loss": 2.0761337292909623, "grad_norm": 0.573430061340332, "test_error": 0.8085}, {"outer_epoch": 246, "inner_epoch": 1, "train_loss": 2.0394337337255477, "grad_norm": 1.2601841688156128, "test_error": 0.8279}, {"outer_epoch": 247, "inner_epoch": 1, "train_loss": 2.044751317238808, "grad_norm": 1.5130211114883423, "test_error": 0.8168}, {"outer_epoch": 248, "inner_epoch": 1, "train_loss": 2.0440081031799315, "grad_norm": 0.25225189328193665, "test_error": 0.8089}, {"outer_epoch": 249, "inner_epoch": 1, "train_loss": 2.0329954149246214, "grad_norm": 1.9439042806625366, "test_error": 0.8427}, {"outer_epoch": 250, "inner_epoch": 1, "train_loss": 2.0660244777202608, "grad_norm": 0.3979416787624359, "test_error": 0.8155}]}