{"argv": ["train.py", "--seed", "12", "--optimizer", "SGD", "--run_name", "sgd_0.03.json", "--output_path", "experiments/nonconvex_cifar10/warmup-0.03.json", "--dataset", "CIFAR10", "--layer_sizes", "3072", "100", "10", "--batch_size", "10", "--learning_rate", "0.03", "--weight_decay", "0.001", "--num_epochs", "10"], "args": {"seed": 12, "optimizer": "SGD", "run_name": "sgd_0.03.json", "output_path": "experiments/nonconvex_cifar10/warmup-0.03.json", "device": "cpu", "dataset": "CIFAR10", "dataset_root": "~/datasets/pytorch", "dataset_size": null, "download": false, "layer_sizes": [3072, 100, 10], "batch_size": 10, "test_batch_size": 256, "learning_rate": 0.03, "weight_decay": 0.001, "warmup_learning_rate": 0.01, "num_warmup_epochs": 10, "num_outer_epochs": 100, "num_inner_epochs": 5, "inner_epoch_fraction": null, "choose_random_iterate": false, "num_epochs": 10}, "metrics": [{"epoch": 1, "train_loss": 1.8917515810728074, "grad_norm": 1.4171346426010132, "test_error": 0.6402}, {"epoch": 2, "train_loss": 1.767706282198429, "grad_norm": 1.3741133213043213, "test_error": 0.6308}, {"epoch": 3, "train_loss": 1.7194441460847854, "grad_norm": 0.9960218071937561, "test_error": 0.5995}, {"epoch": 4, "train_loss": 1.6895693248510362, "grad_norm": 1.2040929794311523, "test_error": 0.5994}, {"epoch": 5, "train_loss": 1.6664947790145874, "grad_norm": 0.7145706415176392, "test_error": 0.5703}, {"epoch": 6, "train_loss": 1.6495650477051735, "grad_norm": 1.7760940790176392, "test_error": 0.6141}, {"epoch": 7, "train_loss": 1.6380496852636337, "grad_norm": 2.8842804431915283, "test_error": 0.6218}, {"epoch": 8, "train_loss": 1.6255288467168807, "grad_norm": 1.2529152631759644, "test_error": 0.5806}, {"epoch": 9, "train_loss": 1.615160345876217, "grad_norm": 2.0663328170776367, "test_error": 0.616}, {"epoch": 10, "train_loss": 1.603234782397747, "grad_norm": 1.0641963481903076, "test_error": 0.5643}]}