{"argv": ["train.py", "--seed", "12", "--optimizer", "SGD", "--run_name", "sgd_0.001.json", "--output_path", "experiments/nonconvex_cifar10/warmup-0.001.json", "--dataset", "CIFAR10", "--layer_sizes", "3072", "100", "10", "--batch_size", "10", "--learning_rate", "0.001", "--weight_decay", "0.001", "--num_epochs", "10"], "args": {"seed": 12, "optimizer": "SGD", "run_name": "sgd_0.001.json", "output_path": "experiments/nonconvex_cifar10/warmup-0.001.json", "device": "cpu", "dataset": "CIFAR10", "dataset_root": "~/datasets/pytorch", "dataset_size": null, "download": false, "layer_sizes": [3072, 100, 10], "batch_size": 10, "test_batch_size": 256, "learning_rate": 0.001, "weight_decay": 0.001, "warmup_learning_rate": 0.01, "num_warmup_epochs": 10, "num_outer_epochs": 100, "num_inner_epochs": 5, "inner_epoch_fraction": null, "choose_random_iterate": false, "num_epochs": 10}, "metrics": [{"epoch": 1, "train_loss": 2.0691313918828964, "grad_norm": 0.5995687246322632, "test_error": 0.6842}, {"epoch": 2, "train_loss": 1.8909136664152146, "grad_norm": 0.5408822894096375, "test_error": 0.6454}, {"epoch": 3, "train_loss": 1.8284061217069625, "grad_norm": 0.5918086171150208, "test_error": 0.6304}, {"epoch": 4, "train_loss": 1.7839510380387307, "grad_norm": 0.5322806239128113, "test_error": 0.6131}, {"epoch": 5, "train_loss": 1.7476675632834435, "grad_norm": 0.8279209733009338, "test_error": 0.6065}, {"epoch": 6, "train_loss": 1.7172520909309388, "grad_norm": 0.8639677166938782, "test_error": 0.6022}, {"epoch": 7, "train_loss": 1.690531581044197, "grad_norm": 0.7954170107841492, "test_error": 0.5886}, {"epoch": 8, "train_loss": 1.666160769712925, "grad_norm": 1.0811429023742676, "test_error": 0.581}, {"epoch": 9, "train_loss": 1.644116357421875, "grad_norm": 0.8441247344017029, "test_error": 0.5803}, {"epoch": 10, "train_loss": 1.62411337069273, "grad_norm": 0.6938913464546204, "test_error": 0.564}]}