{"argv": ["train.py", "--seed", "12", "--optimizer", "SGD", "--run_name", "sgd_0.5.json", "--output_path", "experiments/nonconvex_cifar10/warmup-0.5.json", "--dataset", "CIFAR10", "--layer_sizes", "3072", "100", "10", "--batch_size", "10", "--learning_rate", "0.5", "--weight_decay", "0.001", "--num_epochs", "10"], "args": {"seed": 12, "optimizer": "SGD", "run_name": "sgd_0.5.json", "output_path": "experiments/nonconvex_cifar10/warmup-0.5.json", "device": "cpu", "dataset": "CIFAR10", "dataset_root": "~/datasets/pytorch", "dataset_size": null, "download": false, "layer_sizes": [3072, 100, 10], "batch_size": 10, "test_batch_size": 256, "learning_rate": 0.5, "weight_decay": 0.001, "warmup_learning_rate": 0.01, "num_warmup_epochs": 10, "num_outer_epochs": 100, "num_inner_epochs": 5, "inner_epoch_fraction": null, "choose_random_iterate": false, "num_epochs": 10}, "metrics": [{"epoch": 1, "train_loss": 2.3316241234779356, "grad_norm": 0.03651290759444237, "test_error": 0.9}, {"epoch": 2, "train_loss": 2.314155489110947, "grad_norm": 0.03869462385773659, "test_error": 0.9}, {"epoch": 3, "train_loss": 2.31440173163414, "grad_norm": 0.033394955098629, "test_error": 0.9}, {"epoch": 4, "train_loss": 2.3138440145969392, "grad_norm": 0.036447055637836456, "test_error": 0.9}, {"epoch": 5, "train_loss": 2.313331680583954, "grad_norm": 0.06021442636847496, "test_error": 0.9}, {"epoch": 6, "train_loss": 2.31393808259964, "grad_norm": 0.058693740516901016, "test_error": 0.9}, {"epoch": 7, "train_loss": 2.3142038061141967, "grad_norm": 0.060566868633031845, "test_error": 0.9}, {"epoch": 8, "train_loss": 2.3145323152542114, "grad_norm": 0.05039377510547638, "test_error": 0.9}, {"epoch": 9, "train_loss": 2.31491346783638, "grad_norm": 0.05885054171085358, "test_error": 0.9}, {"epoch": 10, "train_loss": 2.3138422297954557, "grad_norm": 0.04507128521800041, "test_error": 0.9}]}