{"argv": ["train.py", "--seed", "12", "--optimizer", "SGD", "--run_name", "sgd_0.01.json", "--output_path", "experiments/nonconvex_cifar10/warmup-0.01.json", "--dataset", "CIFAR10", "--layer_sizes", "3072", "100", "10", "--batch_size", "10", "--learning_rate", "0.01", "--weight_decay", "0.001", "--num_epochs", "10"], "args": {"seed": 12, "optimizer": "SGD", "run_name": "sgd_0.01.json", "output_path": "experiments/nonconvex_cifar10/warmup-0.01.json", "device": "cpu", "dataset": "CIFAR10", "dataset_root": "~/datasets/pytorch", "dataset_size": null, "download": false, "layer_sizes": [3072, 100, 10], "batch_size": 10, "test_batch_size": 256, "learning_rate": 0.01, "weight_decay": 0.001, "warmup_learning_rate": 0.01, "num_warmup_epochs": 10, "num_outer_epochs": 100, "num_inner_epochs": 5, "inner_epoch_fraction": null, "choose_random_iterate": false, "num_epochs": 10}, "metrics": [{"epoch": 1, "train_loss": 1.8658173427224158, "grad_norm": 1.0513482093811035, "test_error": 0.6135}, {"epoch": 2, "train_loss": 1.6872978597998618, "grad_norm": 1.6679270267486572, "test_error": 0.5824}, {"epoch": 3, "train_loss": 1.6172832708239555, "grad_norm": 1.0328657627105713, "test_error": 0.554}, {"epoch": 4, "train_loss": 1.5691254886507988, "grad_norm": 2.6937248706817627, "test_error": 0.5625}, {"epoch": 5, "train_loss": 1.535016824567318, "grad_norm": 1.4121901988983154, "test_error": 0.5392}, {"epoch": 6, "train_loss": 1.5085908603072167, "grad_norm": 1.3079768419265747, "test_error": 0.5448}, {"epoch": 7, "train_loss": 1.4867520798802376, "grad_norm": 2.3459150791168213, "test_error": 0.5554}, {"epoch": 8, "train_loss": 1.467635974574089, "grad_norm": 1.3697439432144165, "test_error": 0.5323}, {"epoch": 9, "train_loss": 1.4545819681048393, "grad_norm": 2.145148277282715, "test_error": 0.5456}, {"epoch": 10, "train_loss": 1.4365154479444027, "grad_norm": 1.4053072929382324, "test_error": 0.525}]}