{"argv": ["train.py", "--seed", "12", "--optimizer", "SGD", "--run_name", "sgd_0.25.json", "--output_path", "experiments/nonconvex_cifar10/warmup-0.25.json", "--dataset", "CIFAR10", "--layer_sizes", "3072", "100", "10", "--batch_size", "10", "--learning_rate", "0.25", "--weight_decay", "0.001", "--num_epochs", "10"], "args": {"seed": 12, "optimizer": "SGD", "run_name": "sgd_0.25.json", "output_path": "experiments/nonconvex_cifar10/warmup-0.25.json", "device": "cpu", "dataset": "CIFAR10", "dataset_root": "~/datasets/pytorch", "dataset_size": null, "download": false, "layer_sizes": [3072, 100, 10], "batch_size": 10, "test_batch_size": 256, "learning_rate": 0.25, "weight_decay": 0.001, "warmup_learning_rate": 0.01, "num_warmup_epochs": 10, "num_outer_epochs": 100, "num_inner_epochs": 5, "inner_epoch_fraction": null, "choose_random_iterate": false, "num_epochs": 10}, "metrics": [{"epoch": 1, "train_loss": 2.3109989926815033, "grad_norm": 0.022808365523815155, "test_error": 0.9}, {"epoch": 2, "train_loss": 2.308478796482086, "grad_norm": 0.030411530286073685, "test_error": 0.9}, {"epoch": 3, "train_loss": 2.3085176915168764, "grad_norm": 0.02297832816839218, "test_error": 0.9}, {"epoch": 4, "train_loss": 2.3080413650512694, "grad_norm": 0.02812822535634041, "test_error": 0.9}, {"epoch": 5, "train_loss": 2.3078527073383333, "grad_norm": 0.050330761820077896, "test_error": 0.9}, {"epoch": 6, "train_loss": 2.308375439929962, "grad_norm": 0.03667812421917915, "test_error": 0.9}, {"epoch": 7, "train_loss": 2.308306119155884, "grad_norm": 0.03761458769440651, "test_error": 0.9}, {"epoch": 8, "train_loss": 2.3085910903453826, "grad_norm": 0.031032666563987732, "test_error": 0.9}, {"epoch": 9, "train_loss": 2.308733059024811, "grad_norm": 0.038445163518190384, "test_error": 0.9}, {"epoch": 10, "train_loss": 2.308224666404724, "grad_norm": 0.03138447180390358, "test_error": 0.9}]}