{"argv": ["train.py", "--seed", "12", "--optimizer", "SGD", "--run_name", "sgd_0.1.json", "--output_path", "experiments/nonconvex_cifar10/warmup-0.1.json", "--dataset", "CIFAR10", "--layer_sizes", "3072", "100", "10", "--batch_size", "10", "--learning_rate", "0.1", "--weight_decay", "0.001", "--num_epochs", "10"], "args": {"seed": 12, "optimizer": "SGD", "run_name": "sgd_0.1.json", "output_path": "experiments/nonconvex_cifar10/warmup-0.1.json", "device": "cpu", "dataset": "CIFAR10", "dataset_root": "~/datasets/pytorch", "dataset_size": null, "download": false, "layer_sizes": [3072, 100, 10], "batch_size": 10, "test_batch_size": 256, "learning_rate": 0.1, "weight_decay": 0.001, "warmup_learning_rate": 0.01, "num_warmup_epochs": 10, "num_outer_epochs": 100, "num_inner_epochs": 5, "inner_epoch_fraction": null, "choose_random_iterate": false, "num_epochs": 10}, "metrics": [{"epoch": 1, "train_loss": 2.2037119015455247, "grad_norm": 2.1869847774505615, "test_error": 0.8102}, {"epoch": 2, "train_loss": 2.1723620661735534, "grad_norm": 0.6053065061569214, "test_error": 0.8093}, {"epoch": 3, "train_loss": 2.14826319360733, "grad_norm": 0.5464752912521362, "test_error": 0.7778}, {"epoch": 4, "train_loss": 2.166555620789528, "grad_norm": 0.6506703495979309, "test_error": 0.7683}, {"epoch": 5, "train_loss": 2.1400984352350236, "grad_norm": 0.48425257205963135, "test_error": 0.7693}, {"epoch": 6, "train_loss": 2.1774958690404893, "grad_norm": 2.3754940032958984, "test_error": 0.8773}, {"epoch": 7, "train_loss": 2.2114677526950834, "grad_norm": 0.22779247164726257, "test_error": 0.8621}, {"epoch": 8, "train_loss": 2.1889859910011293, "grad_norm": 2.9765067100524902, "test_error": 0.8324}, {"epoch": 9, "train_loss": 2.1736045268535613, "grad_norm": 1.1861461400985718, "test_error": 0.7968}, {"epoch": 10, "train_loss": 2.170200524568558, "grad_norm": 0.9269871711730957, "test_error": 0.7739}]}