{"argv": ["train.py", "--seed", "79", "--optimizer", "SVRG", "--run_name", "svrg_0.001.json", "--output_path", "experiments/nonconvex_mnist_deep/svrg-0.001.json", "--dataset", "MNIST", "--layer_sizes", "784", "600", "300", "10", "--batch_size", "10", "--learning_rate", "0.001", "--weight_decay", "0.001", "--warmup_learning_rate", "0.03", "--num_warmup_epochs", "10", "--num_outer_epochs", "250", "--num_inner_epochs", "1", "--device", "cuda"], "args": {"seed": 79, "optimizer": "SVRG", "run_name": "svrg_0.001.json", "output_path": "experiments/nonconvex_mnist_deep/svrg-0.001.json", "device": "cuda", "dataset": "MNIST", "dataset_root": "~/datasets/pytorch", "dataset_size": null, "download": false, "layer_sizes": [784, 600, 300, 10], "batch_size": 10, "test_batch_size": 256, "learning_rate": 0.001, "weight_decay": 0.001, "warmup_learning_rate": 0.03, "num_warmup_epochs": 10, "num_outer_epochs": 250, "num_inner_epochs": 1, "inner_epoch_fraction": null, "choose_random_iterate": false, "num_epochs": 10}, "metrics": [{"warmup_epoch": 1, "train_loss": 0.346464528527072, "grad_norm": 0.22106513381004333, "test_error": 0.0443}, {"warmup_epoch": 2, "train_loss": 0.130714146493158, "grad_norm": 0.18392831087112427, "test_error": 0.0326}, {"warmup_epoch": 3, "train_loss": 0.09383272913537803, "grad_norm": 0.17008905112743378, "test_error": 0.0267}, {"warmup_epoch": 4, "train_loss": 0.07594742359446051, "grad_norm": 0.2526373267173767, "test_error": 0.0264}, {"warmup_epoch": 5, "train_loss": 0.06704114026339085, "grad_norm": 0.17545419931411743, "test_error": 0.0226}, {"warmup_epoch": 6, "train_loss": 0.05969950944062536, "grad_norm": 0.16558437049388885, "test_error": 0.0221}, {"warmup_epoch": 7, "train_loss": 0.05605181773917381, "grad_norm": 0.13674423098564148, "test_error": 0.022}, {"warmup_epoch": 8, "train_loss": 0.051774662089310974, "grad_norm": 0.13241495192050934, "test_error": 0.0215}, {"warmup_epoch": 9, "train_loss": 0.04942933207847818, "grad_norm": 0.20911480486392975, "test_error": 0.0215}, {"warmup_epoch": 10, "train_loss": 0.048595676936541474, "grad_norm": 0.2713138461112976, "test_error": 0.0242}, {"outer_epoch": 1, "inner_epoch": 1, "train_loss": 0.032822982632249476, "grad_norm": 0.024560265243053436, "test_error": 0.0179}, {"outer_epoch": 2, "inner_epoch": 1, "train_loss": 0.0299478089974873, "grad_norm": 0.016659535467624664, "test_error": 0.0177}, {"outer_epoch": 3, "inner_epoch": 1, "train_loss": 0.029082725734588165, "grad_norm": 0.014574228785932064, "test_error": 0.0175}, {"outer_epoch": 4, "inner_epoch": 1, "train_loss": 0.028636729247339343, "grad_norm": 0.013572361320257187, "test_error": 0.0173}, {"outer_epoch": 5, "inner_epoch": 1, "train_loss": 0.028372803945671574, "grad_norm": 0.01303134486079216, "test_error": 0.0171}, {"outer_epoch": 6, "inner_epoch": 1, "train_loss": 0.028212845344639692, "grad_norm": 0.01274682953953743, "test_error": 0.017}, {"outer_epoch": 7, "inner_epoch": 1, "train_loss": 0.02809559398976853, "grad_norm": 0.012568311765789986, "test_error": 0.017}, {"outer_epoch": 8, "inner_epoch": 1, "train_loss": 0.028015076305620217, "grad_norm": 0.012462076731026173, "test_error": 0.017}, {"outer_epoch": 9, "inner_epoch": 1, "train_loss": 0.027958604467610712, "grad_norm": 0.01240277849137783, "test_error": 0.0171}, {"outer_epoch": 10, "inner_epoch": 1, "train_loss": 0.027910177242524998, "grad_norm": 0.012377418577671051, "test_error": 0.0171}, {"outer_epoch": 11, "inner_epoch": 1, "train_loss": 0.027876204264299303, "grad_norm": 0.012364774011075497, "test_error": 0.0171}, {"outer_epoch": 12, "inner_epoch": 1, "train_loss": 0.02785018367575443, "grad_norm": 0.012365749105811119, "test_error": 0.0169}, {"outer_epoch": 13, "inner_epoch": 1, "train_loss": 0.02782361653613043, "grad_norm": 0.012376319617033005, "test_error": 0.0171}, {"outer_epoch": 14, "inner_epoch": 1, "train_loss": 0.027807241755564368, "grad_norm": 0.012390119954943657, "test_error": 0.0172}, {"outer_epoch": 15, "inner_epoch": 1, "train_loss": 0.027791545344526335, "grad_norm": 0.01240627747029066, "test_error": 0.0172}, {"outer_epoch": 16, "inner_epoch": 1, "train_loss": 0.027775063788683232, "grad_norm": 0.01242869719862938, "test_error": 0.0172}, {"outer_epoch": 17, "inner_epoch": 1, "train_loss": 0.027762952835594965, "grad_norm": 0.012440603226423264, "test_error": 0.0171}, {"outer_epoch": 18, "inner_epoch": 1, "train_loss": 0.027750057529386443, "grad_norm": 0.012471916154026985, "test_error": 0.017}, {"outer_epoch": 19, "inner_epoch": 1, "train_loss": 0.027736434267576746, "grad_norm": 0.012489628978073597, "test_error": 0.0169}, {"outer_epoch": 20, "inner_epoch": 1, "train_loss": 0.027725113022621373, "grad_norm": 0.012506268918514252, "test_error": 0.0168}, {"outer_epoch": 21, "inner_epoch": 1, "train_loss": 0.0277139289716312, "grad_norm": 0.012522959150373936, "test_error": 0.0168}, {"outer_epoch": 22, "inner_epoch": 1, "train_loss": 0.027704382406933292, "grad_norm": 0.012541163712739944, "test_error": 0.0166}, {"outer_epoch": 23, "inner_epoch": 1, "train_loss": 0.02769194818159546, "grad_norm": 0.012555481866002083, "test_error": 0.0166}, {"outer_epoch": 24, "inner_epoch": 1, "train_loss": 0.027681028527915867, "grad_norm": 0.012574383057653904, "test_error": 0.0166}, {"outer_epoch": 25, "inner_epoch": 1, "train_loss": 0.02766846859594807, "grad_norm": 0.012595109641551971, "test_error": 0.0166}, {"outer_epoch": 26, "inner_epoch": 1, "train_loss": 0.02765531080335495, "grad_norm": 0.012624847702682018, "test_error": 0.0166}, {"outer_epoch": 27, "inner_epoch": 1, "train_loss": 0.02764522886039049, "grad_norm": 0.012640905566513538, "test_error": 0.0165}, {"outer_epoch": 28, "inner_epoch": 1, "train_loss": 0.027630370753407383, "grad_norm": 0.012656195089221, "test_error": 0.0165}, {"outer_epoch": 29, "inner_epoch": 1, "train_loss": 0.02761794111392616, "grad_norm": 0.012665750458836555, "test_error": 0.0165}, {"outer_epoch": 30, "inner_epoch": 1, "train_loss": 0.027604508902877568, "grad_norm": 0.012676836922764778, "test_error": 0.0165}, {"outer_epoch": 31, "inner_epoch": 1, "train_loss": 0.02759026316331195, "grad_norm": 0.012686850503087044, "test_error": 0.0165}, {"outer_epoch": 32, "inner_epoch": 1, "train_loss": 0.02757711349702246, "grad_norm": 0.012720384635031223, "test_error": 0.0165}, {"outer_epoch": 33, "inner_epoch": 1, "train_loss": 0.027563359272142405, "grad_norm": 0.012726743705570698, "test_error": 0.0165}, {"outer_epoch": 34, "inner_epoch": 1, "train_loss": 0.027547736016713315, "grad_norm": 0.012731969356536865, "test_error": 0.0165}, {"outer_epoch": 35, "inner_epoch": 1, "train_loss": 0.02753325074884439, "grad_norm": 0.012754332274198532, "test_error": 0.0164}, {"outer_epoch": 36, "inner_epoch": 1, "train_loss": 0.027517441055494904, "grad_norm": 0.01275777630507946, "test_error": 0.0164}, {"outer_epoch": 37, "inner_epoch": 1, "train_loss": 0.02750344079491818, "grad_norm": 0.012786922976374626, "test_error": 0.0164}, {"outer_epoch": 38, "inner_epoch": 1, "train_loss": 0.027485496373827724, "grad_norm": 0.01280292123556137, "test_error": 0.0163}, {"outer_epoch": 39, "inner_epoch": 1, "train_loss": 0.027472488677910103, "grad_norm": 0.012792803347110748, "test_error": 0.0163}, {"outer_epoch": 40, "inner_epoch": 1, "train_loss": 0.02745611287795085, "grad_norm": 0.012795480899512768, "test_error": 0.0163}, {"outer_epoch": 41, "inner_epoch": 1, "train_loss": 0.027440481650744915, "grad_norm": 0.012815836817026138, "test_error": 0.0162}, {"outer_epoch": 42, "inner_epoch": 1, "train_loss": 0.027425207047655324, "grad_norm": 0.012822664342820644, "test_error": 0.0163}, {"outer_epoch": 43, "inner_epoch": 1, "train_loss": 0.027409194716213583, "grad_norm": 0.012833577580749989, "test_error": 0.0162}, {"outer_epoch": 44, "inner_epoch": 1, "train_loss": 0.027394129532185615, "grad_norm": 0.012838181108236313, "test_error": 0.0162}, {"outer_epoch": 45, "inner_epoch": 1, "train_loss": 0.027376222081885015, "grad_norm": 0.012849082238972187, "test_error": 0.0163}, {"outer_epoch": 46, "inner_epoch": 1, "train_loss": 0.027360880387738387, "grad_norm": 0.01285331416875124, "test_error": 0.0163}, {"outer_epoch": 47, "inner_epoch": 1, "train_loss": 0.027343246896013928, "grad_norm": 0.01284915953874588, "test_error": 0.0162}, {"outer_epoch": 48, "inner_epoch": 1, "train_loss": 0.027327875003747372, "grad_norm": 0.012864554300904274, "test_error": 0.0162}, {"outer_epoch": 49, "inner_epoch": 1, "train_loss": 0.027309990875044605, "grad_norm": 0.01289305742830038, "test_error": 0.0162}, {"outer_epoch": 50, "inner_epoch": 1, "train_loss": 0.027294664121902314, "grad_norm": 0.012890155427157879, "test_error": 0.0162}, {"outer_epoch": 51, "inner_epoch": 1, "train_loss": 0.027275869021844604, "grad_norm": 0.012878373265266418, "test_error": 0.0162}, {"outer_epoch": 52, "inner_epoch": 1, "train_loss": 0.02725798671040684, "grad_norm": 0.012896616943180561, "test_error": 0.0163}, {"outer_epoch": 53, "inner_epoch": 1, "train_loss": 0.02724132689489246, "grad_norm": 0.012898465618491173, "test_error": 0.0162}, {"outer_epoch": 54, "inner_epoch": 1, "train_loss": 0.02722491109703939, "grad_norm": 0.012922230176627636, "test_error": 0.0162}, {"outer_epoch": 55, "inner_epoch": 1, "train_loss": 0.027209069142287868, "grad_norm": 0.012923539616167545, "test_error": 0.0161}, {"outer_epoch": 56, "inner_epoch": 1, "train_loss": 0.02718974440605962, "grad_norm": 0.012917213141918182, "test_error": 0.0161}, {"outer_epoch": 57, "inner_epoch": 1, "train_loss": 0.027171640856865756, "grad_norm": 0.0129423588514328, "test_error": 0.0161}, {"outer_epoch": 58, "inner_epoch": 1, "train_loss": 0.02715619236130442, "grad_norm": 0.012934679165482521, "test_error": 0.0161}, {"outer_epoch": 59, "inner_epoch": 1, "train_loss": 0.027137485956647046, "grad_norm": 0.012937260791659355, "test_error": 0.0161}, {"outer_epoch": 60, "inner_epoch": 1, "train_loss": 0.027118845466941516, "grad_norm": 0.012968461029231548, "test_error": 0.0161}, {"outer_epoch": 61, "inner_epoch": 1, "train_loss": 0.027104321525082922, "grad_norm": 0.01296587660908699, "test_error": 0.0161}, {"outer_epoch": 62, "inner_epoch": 1, "train_loss": 0.027086147653719916, "grad_norm": 0.012968018651008606, "test_error": 0.0161}, {"outer_epoch": 63, "inner_epoch": 1, "train_loss": 0.027068685652237037, "grad_norm": 0.013001435436308384, "test_error": 0.0161}, {"outer_epoch": 64, "inner_epoch": 1, "train_loss": 0.027051434812354273, "grad_norm": 0.012979875318706036, "test_error": 0.016}, {"outer_epoch": 65, "inner_epoch": 1, "train_loss": 0.027033261030359426, "grad_norm": 0.012979734688997269, "test_error": 0.016}, {"outer_epoch": 66, "inner_epoch": 1, "train_loss": 0.027016759045960497, "grad_norm": 0.012998056598007679, "test_error": 0.016}, {"outer_epoch": 67, "inner_epoch": 1, "train_loss": 0.027000120017163377, "grad_norm": 0.012967577204108238, "test_error": 0.016}, {"outer_epoch": 68, "inner_epoch": 1, "train_loss": 0.026982961709038744, "grad_norm": 0.012998590245842934, "test_error": 0.016}, {"outer_epoch": 69, "inner_epoch": 1, "train_loss": 0.026965975093446712, "grad_norm": 0.012981913052499294, "test_error": 0.0161}, {"outer_epoch": 70, "inner_epoch": 1, "train_loss": 0.026948185419023503, "grad_norm": 0.012969203293323517, "test_error": 0.0161}, {"outer_epoch": 71, "inner_epoch": 1, "train_loss": 0.026932196985806515, "grad_norm": 0.013017133809626102, "test_error": 0.0161}, {"outer_epoch": 72, "inner_epoch": 1, "train_loss": 0.026915259829518617, "grad_norm": 0.013022886589169502, "test_error": 0.0161}, {"outer_epoch": 73, "inner_epoch": 1, "train_loss": 0.026898380918690238, "grad_norm": 0.013006273657083511, "test_error": 0.0161}, {"outer_epoch": 74, "inner_epoch": 1, "train_loss": 0.02688221717924656, "grad_norm": 0.013026505708694458, "test_error": 0.0161}, {"outer_epoch": 75, "inner_epoch": 1, "train_loss": 0.026865951530776026, "grad_norm": 0.013029784895479679, "test_error": 0.0161}, {"outer_epoch": 76, "inner_epoch": 1, "train_loss": 0.02684920857439283, "grad_norm": 0.013024760410189629, "test_error": 0.0161}, {"outer_epoch": 77, "inner_epoch": 1, "train_loss": 0.02683181507316476, "grad_norm": 0.013036446645855904, "test_error": 0.0161}, {"outer_epoch": 78, "inner_epoch": 1, "train_loss": 0.026814706528307093, "grad_norm": 0.013037254102528095, "test_error": 0.0161}, {"outer_epoch": 79, "inner_epoch": 1, "train_loss": 0.026797450275325294, "grad_norm": 0.013012723065912724, "test_error": 0.0161}, {"outer_epoch": 80, "inner_epoch": 1, "train_loss": 0.026781870123944826, "grad_norm": 0.01303250715136528, "test_error": 0.0161}, {"outer_epoch": 81, "inner_epoch": 1, "train_loss": 0.026766364108218112, "grad_norm": 0.013058356940746307, "test_error": 0.0161}, {"outer_epoch": 82, "inner_epoch": 1, "train_loss": 0.02674996213441288, "grad_norm": 0.013041484169661999, "test_error": 0.0161}, {"outer_epoch": 83, "inner_epoch": 1, "train_loss": 0.026733035936553885, "grad_norm": 0.013048947788774967, "test_error": 0.0161}, {"outer_epoch": 84, "inner_epoch": 1, "train_loss": 0.02671535720357982, "grad_norm": 0.01307112816721201, "test_error": 0.0161}, {"outer_epoch": 85, "inner_epoch": 1, "train_loss": 0.026699615809421328, "grad_norm": 0.013048854656517506, "test_error": 0.0161}, {"outer_epoch": 86, "inner_epoch": 1, "train_loss": 0.02668486210719857, "grad_norm": 0.013049512170255184, "test_error": 0.0161}, {"outer_epoch": 87, "inner_epoch": 1, "train_loss": 0.02666739083378828, "grad_norm": 0.013061480596661568, "test_error": 0.0162}, {"outer_epoch": 88, "inner_epoch": 1, "train_loss": 0.02665245688793948, "grad_norm": 0.013051657937467098, "test_error": 0.0161}, {"outer_epoch": 89, "inner_epoch": 1, "train_loss": 0.026637170406019626, "grad_norm": 0.013069402426481247, "test_error": 0.0161}, {"outer_epoch": 90, "inner_epoch": 1, "train_loss": 0.02662057048045972, "grad_norm": 0.013073020614683628, "test_error": 0.0161}, {"outer_epoch": 91, "inner_epoch": 1, "train_loss": 0.026606974035855577, "grad_norm": 0.01304243691265583, "test_error": 0.0161}, {"outer_epoch": 92, "inner_epoch": 1, "train_loss": 0.026590139596514444, "grad_norm": 0.013067896477878094, "test_error": 0.0162}, {"outer_epoch": 93, "inner_epoch": 1, "train_loss": 0.026574506032969413, "grad_norm": 0.013089812360703945, "test_error": 0.0161}, {"outer_epoch": 94, "inner_epoch": 1, "train_loss": 0.026561040170296715, "grad_norm": 0.013106929138302803, "test_error": 0.0161}, {"outer_epoch": 95, "inner_epoch": 1, "train_loss": 0.026542884605320675, "grad_norm": 0.013081679120659828, "test_error": 0.0162}, {"outer_epoch": 96, "inner_epoch": 1, "train_loss": 0.026530792416262557, "grad_norm": 0.013096269220113754, "test_error": 0.0161}, {"outer_epoch": 97, "inner_epoch": 1, "train_loss": 0.026513941883744944, "grad_norm": 0.013068110682070255, "test_error": 0.0162}, {"outer_epoch": 98, "inner_epoch": 1, "train_loss": 0.02650005415715956, "grad_norm": 0.013074950315058231, "test_error": 0.0162}, {"outer_epoch": 99, "inner_epoch": 1, "train_loss": 0.026484175236691953, "grad_norm": 0.013085468672215939, "test_error": 0.0162}, {"outer_epoch": 100, "inner_epoch": 1, "train_loss": 0.026470822339484584, "grad_norm": 0.013071659952402115, "test_error": 0.0162}, {"outer_epoch": 101, "inner_epoch": 1, "train_loss": 0.026454080628886004, "grad_norm": 0.013107864186167717, "test_error": 0.0163}, {"outer_epoch": 102, "inner_epoch": 1, "train_loss": 0.026440674835961544, "grad_norm": 0.013104980811476707, "test_error": 0.0162}, {"outer_epoch": 103, "inner_epoch": 1, "train_loss": 0.026425675332032068, "grad_norm": 0.013086128979921341, "test_error": 0.0162}, {"outer_epoch": 104, "inner_epoch": 1, "train_loss": 0.026411975174797892, "grad_norm": 0.013097934424877167, "test_error": 0.0162}, {"outer_epoch": 105, "inner_epoch": 1, "train_loss": 0.026397199291929914, "grad_norm": 0.013085266575217247, "test_error": 0.0164}, {"outer_epoch": 106, "inner_epoch": 1, "train_loss": 0.02638068521671812, "grad_norm": 0.013104887679219246, "test_error": 0.0163}, {"outer_epoch": 107, "inner_epoch": 1, "train_loss": 0.02636697206972167, "grad_norm": 0.01312149316072464, "test_error": 0.0163}, {"outer_epoch": 108, "inner_epoch": 1, "train_loss": 0.02635430974338184, "grad_norm": 0.013107432052493095, "test_error": 0.0165}, {"outer_epoch": 109, "inner_epoch": 1, "train_loss": 0.02633879930768065, "grad_norm": 0.013100423850119114, "test_error": 0.0165}, {"outer_epoch": 110, "inner_epoch": 1, "train_loss": 0.026325860336233745, "grad_norm": 0.013105765916407108, "test_error": 0.0165}, {"outer_epoch": 111, "inner_epoch": 1, "train_loss": 0.026310340307022367, "grad_norm": 0.01315703708678484, "test_error": 0.0162}, {"outer_epoch": 112, "inner_epoch": 1, "train_loss": 0.026296853572755935, "grad_norm": 0.013133013620972633, "test_error": 0.0165}, {"outer_epoch": 113, "inner_epoch": 1, "train_loss": 0.02628241322466541, "grad_norm": 0.013123281300067902, "test_error": 0.0164}, {"outer_epoch": 114, "inner_epoch": 1, "train_loss": 0.02626761435731411, "grad_norm": 0.01315035205334425, "test_error": 0.0164}, {"outer_epoch": 115, "inner_epoch": 1, "train_loss": 0.026255159907683265, "grad_norm": 0.013151438906788826, "test_error": 0.0165}, {"outer_epoch": 116, "inner_epoch": 1, "train_loss": 0.026240869582019512, "grad_norm": 0.013145318254828453, "test_error": 0.0165}, {"outer_epoch": 117, "inner_epoch": 1, "train_loss": 0.026228729479339866, "grad_norm": 0.013130958192050457, "test_error": 0.0165}, {"outer_epoch": 118, "inner_epoch": 1, "train_loss": 0.02621389262100759, "grad_norm": 0.013130356557667255, "test_error": 0.0164}, {"outer_epoch": 119, "inner_epoch": 1, "train_loss": 0.02620035014465005, "grad_norm": 0.013132060877978802, "test_error": 0.0165}, {"outer_epoch": 120, "inner_epoch": 1, "train_loss": 0.026187806153466227, "grad_norm": 0.013141053728759289, "test_error": 0.0165}, {"outer_epoch": 121, "inner_epoch": 1, "train_loss": 0.026175209621646597, "grad_norm": 0.013129470869898796, "test_error": 0.0164}, {"outer_epoch": 122, "inner_epoch": 1, "train_loss": 0.02616190170274543, "grad_norm": 0.013170738704502583, "test_error": 0.0164}, {"outer_epoch": 123, "inner_epoch": 1, "train_loss": 0.02614705790875693, "grad_norm": 0.01312410831451416, "test_error": 0.0164}, {"outer_epoch": 124, "inner_epoch": 1, "train_loss": 0.02613638369377198, "grad_norm": 0.013201341964304447, "test_error": 0.0164}, {"outer_epoch": 125, "inner_epoch": 1, "train_loss": 0.026122089622173612, "grad_norm": 0.013125033117830753, "test_error": 0.0164}, {"outer_epoch": 126, "inner_epoch": 1, "train_loss": 0.026109665811808857, "grad_norm": 0.013159303925931454, "test_error": 0.0164}, {"outer_epoch": 127, "inner_epoch": 1, "train_loss": 0.026097658795450115, "grad_norm": 0.013170817866921425, "test_error": 0.0164}, {"outer_epoch": 128, "inner_epoch": 1, "train_loss": 0.02608356295916019, "grad_norm": 0.013125321827828884, "test_error": 0.0164}, {"outer_epoch": 129, "inner_epoch": 1, "train_loss": 0.026070830967257885, "grad_norm": 0.013133579865098, "test_error": 0.0164}, {"outer_epoch": 130, "inner_epoch": 1, "train_loss": 0.026056971058438648, "grad_norm": 0.013168791308999062, "test_error": 0.0164}, {"outer_epoch": 131, "inner_epoch": 1, "train_loss": 0.026046490038032062, "grad_norm": 0.013133383356034756, "test_error": 0.0164}, {"outer_epoch": 132, "inner_epoch": 1, "train_loss": 0.026033203974807597, "grad_norm": 0.013165471144020557, "test_error": 0.0164}, {"outer_epoch": 133, "inner_epoch": 1, "train_loss": 0.026021834911139498, "grad_norm": 0.01314569916576147, "test_error": 0.0163}, {"outer_epoch": 134, "inner_epoch": 1, "train_loss": 0.026006536523617493, "grad_norm": 0.013160808011889458, "test_error": 0.0166}, {"outer_epoch": 135, "inner_epoch": 1, "train_loss": 0.025997277039272983, "grad_norm": 0.013162456452846527, "test_error": 0.0164}, {"outer_epoch": 136, "inner_epoch": 1, "train_loss": 0.02598279221005699, "grad_norm": 0.013202004134654999, "test_error": 0.0164}, {"outer_epoch": 137, "inner_epoch": 1, "train_loss": 0.025970340770387946, "grad_norm": 0.01316711027175188, "test_error": 0.0164}, {"outer_epoch": 138, "inner_epoch": 1, "train_loss": 0.025958883738038518, "grad_norm": 0.013172020204365253, "test_error": 0.0164}, {"outer_epoch": 139, "inner_epoch": 1, "train_loss": 0.0259470510428752, "grad_norm": 0.013186234049499035, "test_error": 0.0164}, {"outer_epoch": 140, "inner_epoch": 1, "train_loss": 0.02593550806225297, "grad_norm": 0.01315848808735609, "test_error": 0.0166}, {"outer_epoch": 141, "inner_epoch": 1, "train_loss": 0.02592322043599173, "grad_norm": 0.013246075250208378, "test_error": 0.0165}, {"outer_epoch": 142, "inner_epoch": 1, "train_loss": 0.025912413640903346, "grad_norm": 0.013132592663168907, "test_error": 0.0164}, {"outer_epoch": 143, "inner_epoch": 1, "train_loss": 0.02590066363303534, "grad_norm": 0.013229532167315483, "test_error": 0.0165}, {"outer_epoch": 144, "inner_epoch": 1, "train_loss": 0.02588807092611387, "grad_norm": 0.013172570616006851, "test_error": 0.0164}, {"outer_epoch": 145, "inner_epoch": 1, "train_loss": 0.025878015674767083, "grad_norm": 0.013156943023204803, "test_error": 0.0165}, {"outer_epoch": 146, "inner_epoch": 1, "train_loss": 0.025865648573458504, "grad_norm": 0.013204177841544151, "test_error": 0.0165}, {"outer_epoch": 147, "inner_epoch": 1, "train_loss": 0.025855114959078492, "grad_norm": 0.013171079568564892, "test_error": 0.0164}, {"outer_epoch": 148, "inner_epoch": 1, "train_loss": 0.02584283947690468, "grad_norm": 0.01316623855382204, "test_error": 0.0165}, {"outer_epoch": 149, "inner_epoch": 1, "train_loss": 0.025831450483499795, "grad_norm": 0.013164152391254902, "test_error": 0.0165}, {"outer_epoch": 150, "inner_epoch": 1, "train_loss": 0.02582214797352693, "grad_norm": 0.013201510533690453, "test_error": 0.0165}, {"outer_epoch": 151, "inner_epoch": 1, "train_loss": 0.025810465289163403, "grad_norm": 0.013208522461354733, "test_error": 0.0164}, {"outer_epoch": 152, "inner_epoch": 1, "train_loss": 0.025799868681380757, "grad_norm": 0.013188553042709827, "test_error": 0.0164}, {"outer_epoch": 153, "inner_epoch": 1, "train_loss": 0.02578830561126718, "grad_norm": 0.01324295811355114, "test_error": 0.0165}, {"outer_epoch": 154, "inner_epoch": 1, "train_loss": 0.02578015646583905, "grad_norm": 0.013181263580918312, "test_error": 0.0164}, {"outer_epoch": 155, "inner_epoch": 1, "train_loss": 0.025768097851328397, "grad_norm": 0.013237642124295235, "test_error": 0.0165}, {"outer_epoch": 156, "inner_epoch": 1, "train_loss": 0.02575933598455837, "grad_norm": 0.013195564039051533, "test_error": 0.0164}, {"outer_epoch": 157, "inner_epoch": 1, "train_loss": 0.025746257703159546, "grad_norm": 0.013181483373045921, "test_error": 0.0164}, {"outer_epoch": 158, "inner_epoch": 1, "train_loss": 0.025736789078117, "grad_norm": 0.013210137374699116, "test_error": 0.0164}, {"outer_epoch": 159, "inner_epoch": 1, "train_loss": 0.025724523159578287, "grad_norm": 0.013224258087575436, "test_error": 0.0164}, {"outer_epoch": 160, "inner_epoch": 1, "train_loss": 0.02571684016401802, "grad_norm": 0.013149121776223183, "test_error": 0.0165}, {"outer_epoch": 161, "inner_epoch": 1, "train_loss": 0.02570776872979089, "grad_norm": 0.013259721919894218, "test_error": 0.0164}, {"outer_epoch": 162, "inner_epoch": 1, "train_loss": 0.02569596550885035, "grad_norm": 0.013248703442513943, "test_error": 0.0165}, {"outer_epoch": 163, "inner_epoch": 1, "train_loss": 0.025687525999421874, "grad_norm": 0.013194970786571503, "test_error": 0.0165}, {"outer_epoch": 164, "inner_epoch": 1, "train_loss": 0.025677090623411156, "grad_norm": 0.013220942579209805, "test_error": 0.0165}, {"outer_epoch": 165, "inner_epoch": 1, "train_loss": 0.025665717785285477, "grad_norm": 0.013221601955592632, "test_error": 0.0165}, {"outer_epoch": 166, "inner_epoch": 1, "train_loss": 0.025656656339859182, "grad_norm": 0.013227193616330624, "test_error": 0.0165}, {"outer_epoch": 167, "inner_epoch": 1, "train_loss": 0.025648127020734438, "grad_norm": 0.013212106190621853, "test_error": 0.0165}, {"outer_epoch": 168, "inner_epoch": 1, "train_loss": 0.025635928003621907, "grad_norm": 0.013208892196416855, "test_error": 0.0165}, {"outer_epoch": 169, "inner_epoch": 1, "train_loss": 0.025628153300092285, "grad_norm": 0.01325291395187378, "test_error": 0.0165}, {"outer_epoch": 170, "inner_epoch": 1, "train_loss": 0.025618052108606206, "grad_norm": 0.013225345872342587, "test_error": 0.0165}, {"outer_epoch": 171, "inner_epoch": 1, "train_loss": 0.02560964936632566, "grad_norm": 0.013215683400630951, "test_error": 0.0165}, {"outer_epoch": 172, "inner_epoch": 1, "train_loss": 0.025599319636035945, "grad_norm": 0.01322368998080492, "test_error": 0.0165}, {"outer_epoch": 173, "inner_epoch": 1, "train_loss": 0.025590872128256403, "grad_norm": 0.01323564164340496, "test_error": 0.0165}, {"outer_epoch": 174, "inner_epoch": 1, "train_loss": 0.025581862459551, "grad_norm": 0.013221603818237782, "test_error": 0.0165}, {"outer_epoch": 175, "inner_epoch": 1, "train_loss": 0.02557070736513803, "grad_norm": 0.013164006173610687, "test_error": 0.0165}, {"outer_epoch": 176, "inner_epoch": 1, "train_loss": 0.025563004984163855, "grad_norm": 0.013193003833293915, "test_error": 0.0165}, {"outer_epoch": 177, "inner_epoch": 1, "train_loss": 0.025553789162707594, "grad_norm": 0.013211541809141636, "test_error": 0.0165}, {"outer_epoch": 178, "inner_epoch": 1, "train_loss": 0.02554584411959998, "grad_norm": 0.013263149186968803, "test_error": 0.0165}, {"outer_epoch": 179, "inner_epoch": 1, "train_loss": 0.02553709093114594, "grad_norm": 0.013254635967314243, "test_error": 0.0165}, {"outer_epoch": 180, "inner_epoch": 1, "train_loss": 0.02552850652599591, "grad_norm": 0.01318513322621584, "test_error": 0.0165}, {"outer_epoch": 181, "inner_epoch": 1, "train_loss": 0.025518210765357555, "grad_norm": 0.013164559379220009, "test_error": 0.0165}, {"outer_epoch": 182, "inner_epoch": 1, "train_loss": 0.0255094393847127, "grad_norm": 0.01324502658098936, "test_error": 0.0165}, {"outer_epoch": 183, "inner_epoch": 1, "train_loss": 0.025502250304140033, "grad_norm": 0.013218071311712265, "test_error": 0.0165}, {"outer_epoch": 184, "inner_epoch": 1, "train_loss": 0.025492577450927152, "grad_norm": 0.01323232427239418, "test_error": 0.0165}, {"outer_epoch": 185, "inner_epoch": 1, "train_loss": 0.025483774428939798, "grad_norm": 0.013209361582994461, "test_error": 0.0165}, {"outer_epoch": 186, "inner_epoch": 1, "train_loss": 0.025476458198332694, "grad_norm": 0.013325834646821022, "test_error": 0.0165}, {"outer_epoch": 187, "inner_epoch": 1, "train_loss": 0.02546771721173233, "grad_norm": 0.013223164714872837, "test_error": 0.0165}, {"outer_epoch": 188, "inner_epoch": 1, "train_loss": 0.02545827689462264, "grad_norm": 0.01326278317719698, "test_error": 0.0165}, {"outer_epoch": 189, "inner_epoch": 1, "train_loss": 0.025451364097825717, "grad_norm": 0.013244261965155602, "test_error": 0.0165}, {"outer_epoch": 190, "inner_epoch": 1, "train_loss": 0.025441555944654585, "grad_norm": 0.013249389827251434, "test_error": 0.0165}, {"outer_epoch": 191, "inner_epoch": 1, "train_loss": 0.02543480653327424, "grad_norm": 0.013239466585218906, "test_error": 0.0165}, {"outer_epoch": 192, "inner_epoch": 1, "train_loss": 0.025425032889907016, "grad_norm": 0.01326693594455719, "test_error": 0.0165}, {"outer_epoch": 193, "inner_epoch": 1, "train_loss": 0.025416351647897198, "grad_norm": 0.013219050131738186, "test_error": 0.0165}, {"outer_epoch": 194, "inner_epoch": 1, "train_loss": 0.02540837648192731, "grad_norm": 0.013192491605877876, "test_error": 0.0165}, {"outer_epoch": 195, "inner_epoch": 1, "train_loss": 0.025400530553262798, "grad_norm": 0.01323768775910139, "test_error": 0.0165}, {"outer_epoch": 196, "inner_epoch": 1, "train_loss": 0.025392934943326204, "grad_norm": 0.013176130130887032, "test_error": 0.0165}, {"outer_epoch": 197, "inner_epoch": 1, "train_loss": 0.025385765693004943, "grad_norm": 0.013258850201964378, "test_error": 0.0165}, {"outer_epoch": 198, "inner_epoch": 1, "train_loss": 0.025377240309496604, "grad_norm": 0.013260473497211933, "test_error": 0.0165}, {"outer_epoch": 199, "inner_epoch": 1, "train_loss": 0.0253702641218988, "grad_norm": 0.013233405537903309, "test_error": 0.0165}, {"outer_epoch": 200, "inner_epoch": 1, "train_loss": 0.02536253136222755, "grad_norm": 0.01324309129267931, "test_error": 0.0166}, {"outer_epoch": 201, "inner_epoch": 1, "train_loss": 0.025353611127327896, "grad_norm": 0.013220327906310558, "test_error": 0.0165}, {"outer_epoch": 202, "inner_epoch": 1, "train_loss": 0.025345747936754683, "grad_norm": 0.013213075697422028, "test_error": 0.0165}, {"outer_epoch": 203, "inner_epoch": 1, "train_loss": 0.025337886997564056, "grad_norm": 0.013313855044543743, "test_error": 0.0165}, {"outer_epoch": 204, "inner_epoch": 1, "train_loss": 0.025329440097111123, "grad_norm": 0.0132807781919837, "test_error": 0.0166}, {"outer_epoch": 205, "inner_epoch": 1, "train_loss": 0.025321744734974345, "grad_norm": 0.01331569254398346, "test_error": 0.0165}, {"outer_epoch": 206, "inner_epoch": 1, "train_loss": 0.025314793374864773, "grad_norm": 0.013254358433187008, "test_error": 0.0166}, {"outer_epoch": 207, "inner_epoch": 1, "train_loss": 0.02530848300299355, "grad_norm": 0.013226402923464775, "test_error": 0.0165}, {"outer_epoch": 208, "inner_epoch": 1, "train_loss": 0.02530099152144006, "grad_norm": 0.013260186649858952, "test_error": 0.0166}, {"outer_epoch": 209, "inner_epoch": 1, "train_loss": 0.025294795283388037, "grad_norm": 0.013258857652544975, "test_error": 0.0166}, {"outer_epoch": 210, "inner_epoch": 1, "train_loss": 0.025286551896948367, "grad_norm": 0.013362170197069645, "test_error": 0.0166}, {"outer_epoch": 211, "inner_epoch": 1, "train_loss": 0.025279249171639095, "grad_norm": 0.013313304632902145, "test_error": 0.0167}, {"outer_epoch": 212, "inner_epoch": 1, "train_loss": 0.025271953792185133, "grad_norm": 0.013266932219266891, "test_error": 0.0166}, {"outer_epoch": 213, "inner_epoch": 1, "train_loss": 0.025266335925645155, "grad_norm": 0.013234912417829037, "test_error": 0.0166}, {"outer_epoch": 214, "inner_epoch": 1, "train_loss": 0.02525827014479728, "grad_norm": 0.01337274257093668, "test_error": 0.0166}, {"outer_epoch": 215, "inner_epoch": 1, "train_loss": 0.025251159441453636, "grad_norm": 0.013278404250741005, "test_error": 0.0167}, {"outer_epoch": 216, "inner_epoch": 1, "train_loss": 0.0252427570290068, "grad_norm": 0.013137551955878735, "test_error": 0.0166}, {"outer_epoch": 217, "inner_epoch": 1, "train_loss": 0.025235407933975995, "grad_norm": 0.013368302024900913, "test_error": 0.0167}, {"outer_epoch": 218, "inner_epoch": 1, "train_loss": 0.02522944846615428, "grad_norm": 0.013321141712367535, "test_error": 0.0166}, {"outer_epoch": 219, "inner_epoch": 1, "train_loss": 0.025221334789161727, "grad_norm": 0.013265883550047874, "test_error": 0.0166}, {"outer_epoch": 220, "inner_epoch": 1, "train_loss": 0.02521647467392419, "grad_norm": 0.013265724293887615, "test_error": 0.0166}, {"outer_epoch": 221, "inner_epoch": 1, "train_loss": 0.02520913008908489, "grad_norm": 0.01328897662460804, "test_error": 0.0166}, {"outer_epoch": 222, "inner_epoch": 1, "train_loss": 0.025203657569761465, "grad_norm": 0.013330604881048203, "test_error": 0.0167}, {"outer_epoch": 223, "inner_epoch": 1, "train_loss": 0.02519677239359589, "grad_norm": 0.013278906233608723, "test_error": 0.0168}, {"outer_epoch": 224, "inner_epoch": 1, "train_loss": 0.025187264952643697, "grad_norm": 0.013393903151154518, "test_error": 0.0168}, {"outer_epoch": 225, "inner_epoch": 1, "train_loss": 0.0251815474324297, "grad_norm": 0.013247369788587093, "test_error": 0.0167}, {"outer_epoch": 226, "inner_epoch": 1, "train_loss": 0.025174350689097385, "grad_norm": 0.013234909623861313, "test_error": 0.0166}, {"outer_epoch": 227, "inner_epoch": 1, "train_loss": 0.025166603906739814, "grad_norm": 0.013252509757876396, "test_error": 0.0167}, {"outer_epoch": 228, "inner_epoch": 1, "train_loss": 0.025161051498422845, "grad_norm": 0.013286693021655083, "test_error": 0.0168}, {"outer_epoch": 229, "inner_epoch": 1, "train_loss": 0.0251565412873897, "grad_norm": 0.013301941566169262, "test_error": 0.0168}, {"outer_epoch": 230, "inner_epoch": 1, "train_loss": 0.02514799452217509, "grad_norm": 0.013289407826960087, "test_error": 0.0167}, {"outer_epoch": 231, "inner_epoch": 1, "train_loss": 0.025142301732320144, "grad_norm": 0.013361972756683826, "test_error": 0.0167}, {"outer_epoch": 232, "inner_epoch": 1, "train_loss": 0.025135516558021966, "grad_norm": 0.013311561197042465, "test_error": 0.0168}, {"outer_epoch": 233, "inner_epoch": 1, "train_loss": 0.02512953080921822, "grad_norm": 0.0133487144485116, "test_error": 0.0168}, {"outer_epoch": 234, "inner_epoch": 1, "train_loss": 0.025122541772769184, "grad_norm": 0.013282760046422482, "test_error": 0.0168}, {"outer_epoch": 235, "inner_epoch": 1, "train_loss": 0.025116063656333912, "grad_norm": 0.013185562565922737, "test_error": 0.0167}, {"outer_epoch": 236, "inner_epoch": 1, "train_loss": 0.025109890883691453, "grad_norm": 0.013262415304780006, "test_error": 0.0168}, {"outer_epoch": 237, "inner_epoch": 1, "train_loss": 0.025102962074587898, "grad_norm": 0.013244256377220154, "test_error": 0.0167}, {"outer_epoch": 238, "inner_epoch": 1, "train_loss": 0.025097777538016088, "grad_norm": 0.013231756165623665, "test_error": 0.0167}, {"outer_epoch": 239, "inner_epoch": 1, "train_loss": 0.02509264745571515, "grad_norm": 0.013173718005418777, "test_error": 0.0168}, {"outer_epoch": 240, "inner_epoch": 1, "train_loss": 0.025085812370855515, "grad_norm": 0.013307509943842888, "test_error": 0.0166}, {"outer_epoch": 241, "inner_epoch": 1, "train_loss": 0.025079456436855253, "grad_norm": 0.013326313346624374, "test_error": 0.0167}, {"outer_epoch": 242, "inner_epoch": 1, "train_loss": 0.025073980088961736, "grad_norm": 0.013368400745093822, "test_error": 0.0167}, {"outer_epoch": 243, "inner_epoch": 1, "train_loss": 0.02506598249601666, "grad_norm": 0.01336609572172165, "test_error": 0.0166}, {"outer_epoch": 244, "inner_epoch": 1, "train_loss": 0.025063161133934045, "grad_norm": 0.013285222463309765, "test_error": 0.0167}, {"outer_epoch": 245, "inner_epoch": 1, "train_loss": 0.02505453217565567, "grad_norm": 0.013235907070338726, "test_error": 0.0168}, {"outer_epoch": 246, "inner_epoch": 1, "train_loss": 0.02504905853619857, "grad_norm": 0.013305757194757462, "test_error": 0.0168}, {"outer_epoch": 247, "inner_epoch": 1, "train_loss": 0.025043453714451363, "grad_norm": 0.01328456774353981, "test_error": 0.0167}, {"outer_epoch": 248, "inner_epoch": 1, "train_loss": 0.025038666335696083, "grad_norm": 0.013279595412313938, "test_error": 0.0168}, {"outer_epoch": 249, "inner_epoch": 1, "train_loss": 0.025031023330705164, "grad_norm": 0.013271651230752468, "test_error": 0.0168}, {"outer_epoch": 250, "inner_epoch": 1, "train_loss": 0.025026028145861346, "grad_norm": 0.013298004865646362, "test_error": 0.0168}]}