{"argv": ["train.py", "--seed", "79", "--optimizer", "SVRG", "--run_name", "svrg_0.1.json", "--output_path", "experiments/nonconvex_mnist_deep/svrg-0.1.json", "--dataset", "MNIST", "--layer_sizes", "784", "600", "300", "10", "--batch_size", "10", "--learning_rate", "0.1", "--weight_decay", "0.001", "--warmup_learning_rate", "0.03", "--num_warmup_epochs", "10", "--num_outer_epochs", "250", "--num_inner_epochs", "1", "--device", "cuda"], "args": {"seed": 79, "optimizer": "SVRG", "run_name": "svrg_0.1.json", "output_path": "experiments/nonconvex_mnist_deep/svrg-0.1.json", "device": "cuda", "dataset": "MNIST", "dataset_root": "~/datasets/pytorch", "dataset_size": null, "download": false, "layer_sizes": [784, 600, 300, 10], "batch_size": 10, "test_batch_size": 256, "learning_rate": 0.1, "weight_decay": 0.001, "warmup_learning_rate": 0.03, "num_warmup_epochs": 10, "num_outer_epochs": 250, "num_inner_epochs": 1, "inner_epoch_fraction": null, "choose_random_iterate": false, "num_epochs": 10}, "metrics": [{"warmup_epoch": 1, "train_loss": 0.346464528527072, "grad_norm": 0.22106513381004333, "test_error": 0.0443}, {"warmup_epoch": 2, "train_loss": 0.130714146493158, "grad_norm": 0.18392831087112427, "test_error": 0.0326}, {"warmup_epoch": 3, "train_loss": 0.09383272913537803, "grad_norm": 0.17008905112743378, "test_error": 0.0267}, {"warmup_epoch": 4, "train_loss": 0.07594742359446051, "grad_norm": 0.2526373267173767, "test_error": 0.0264}, {"warmup_epoch": 5, "train_loss": 0.06704114026339085, "grad_norm": 0.17545419931411743, "test_error": 0.0226}, {"warmup_epoch": 6, "train_loss": 0.05969950944062536, "grad_norm": 0.16558437049388885, "test_error": 0.0221}, {"warmup_epoch": 7, "train_loss": 0.05605181773917381, "grad_norm": 0.13674423098564148, "test_error": 0.022}, {"warmup_epoch": 8, "train_loss": 0.051774662089310974, "grad_norm": 0.13241495192050934, "test_error": 0.0215}, {"warmup_epoch": 9, "train_loss": 0.04942933207847818, "grad_norm": 0.20911480486392975, "test_error": 0.0215}, {"warmup_epoch": 10, "train_loss": 0.048595676936541474, "grad_norm": 0.2713138461112976, "test_error": 0.0242}, {"outer_epoch": 1, "inner_epoch": 1, "train_loss": 0.09670068577071651, "grad_norm": 0.18957918882369995, "test_error": 0.0326}, {"outer_epoch": 2, "inner_epoch": 1, "train_loss": 0.08371859721551543, "grad_norm": 0.1492975503206253, "test_error": 0.0259}, {"outer_epoch": 3, "inner_epoch": 1, "train_loss": 0.07668038616465492, "grad_norm": 0.4149930775165558, "test_error": 0.0399}, {"outer_epoch": 4, "inner_epoch": 1, "train_loss": 0.09679522252395206, "grad_norm": 0.6283562183380127, "test_error": 0.0498}, {"outer_epoch": 5, "inner_epoch": 1, "train_loss": 0.11580818990908058, "grad_norm": 0.16995598375797272, "test_error": 0.0301}, {"outer_epoch": 6, "inner_epoch": 1, "train_loss": 0.08173093167792346, "grad_norm": 0.2001192271709442, "test_error": 0.0294}, {"outer_epoch": 7, "inner_epoch": 1, "train_loss": 0.07811566863138918, "grad_norm": 0.24846281111240387, "test_error": 0.0337}, {"outer_epoch": 8, "inner_epoch": 1, "train_loss": 0.08765561660393238, "grad_norm": 0.16122685372829437, "test_error": 0.0263}, {"outer_epoch": 9, "inner_epoch": 1, "train_loss": 0.07579133188486352, "grad_norm": 0.22525787353515625, "test_error": 0.0266}, {"outer_epoch": 10, "inner_epoch": 1, "train_loss": 0.07876522768459593, "grad_norm": 0.11699444055557251, "test_error": 0.0225}, {"outer_epoch": 11, "inner_epoch": 1, "train_loss": 0.06697453642643632, "grad_norm": 0.1334652304649353, "test_error": 0.0234}, {"outer_epoch": 12, "inner_epoch": 1, "train_loss": 0.07131776432001304, "grad_norm": 0.16736261546611786, "test_error": 0.0265}, {"outer_epoch": 13, "inner_epoch": 1, "train_loss": 0.07876180003185436, "grad_norm": 0.5856884717941284, "test_error": 0.0417}, {"outer_epoch": 14, "inner_epoch": 1, "train_loss": 0.1029622469130821, "grad_norm": 0.39390742778778076, "test_error": 0.0388}, {"outer_epoch": 15, "inner_epoch": 1, "train_loss": 0.09594497091288698, "grad_norm": 0.14634424448013306, "test_error": 0.0302}, {"outer_epoch": 16, "inner_epoch": 1, "train_loss": 0.07750235060270642, "grad_norm": 0.29300737380981445, "test_error": 0.0347}, {"outer_epoch": 17, "inner_epoch": 1, "train_loss": 0.08973707620377051, "grad_norm": 0.151424840092659, "test_error": 0.028}, {"outer_epoch": 18, "inner_epoch": 1, "train_loss": 0.08008825921421278, "grad_norm": 0.16493144631385803, "test_error": 0.0294}, {"outer_epoch": 19, "inner_epoch": 1, "train_loss": 0.07670727549576502, "grad_norm": 0.20299787819385529, "test_error": 0.029}, {"outer_epoch": 20, "inner_epoch": 1, "train_loss": 0.07836144522841884, "grad_norm": 0.21463103592395782, "test_error": 0.0309}, {"outer_epoch": 21, "inner_epoch": 1, "train_loss": 0.08345045957527569, "grad_norm": 0.2720454931259155, "test_error": 0.0326}, {"outer_epoch": 22, "inner_epoch": 1, "train_loss": 0.08756490816260824, "grad_norm": 0.14600391685962677, "test_error": 0.0264}, {"outer_epoch": 23, "inner_epoch": 1, "train_loss": 0.07703250472072977, "grad_norm": 0.2232396900653839, "test_error": 0.0307}, {"outer_epoch": 24, "inner_epoch": 1, "train_loss": 0.08693446672144152, "grad_norm": 0.2696775496006012, "test_error": 0.0295}, {"outer_epoch": 25, "inner_epoch": 1, "train_loss": 0.09333843896905697, "grad_norm": 0.13894802331924438, "test_error": 0.0292}, {"outer_epoch": 26, "inner_epoch": 1, "train_loss": 0.08098220922198379, "grad_norm": 0.17702524363994598, "test_error": 0.0273}, {"outer_epoch": 27, "inner_epoch": 1, "train_loss": 0.07958403784889621, "grad_norm": 0.22518016397953033, "test_error": 0.0298}, {"outer_epoch": 28, "inner_epoch": 1, "train_loss": 0.08854748695744881, "grad_norm": 0.20126838982105255, "test_error": 0.0311}, {"outer_epoch": 29, "inner_epoch": 1, "train_loss": 0.08354601095690062, "grad_norm": 0.40028834342956543, "test_error": 0.0385}, {"outer_epoch": 30, "inner_epoch": 1, "train_loss": 0.09864037311388771, "grad_norm": 0.2526152729988098, "test_error": 0.0336}, {"outer_epoch": 31, "inner_epoch": 1, "train_loss": 0.09457426343977082, "grad_norm": 0.1747361570596695, "test_error": 0.0279}, {"outer_epoch": 32, "inner_epoch": 1, "train_loss": 0.08263953952216738, "grad_norm": 0.2409178763628006, "test_error": 0.0308}, {"outer_epoch": 33, "inner_epoch": 1, "train_loss": 0.08361973258421251, "grad_norm": 0.2772347629070282, "test_error": 0.0319}, {"outer_epoch": 34, "inner_epoch": 1, "train_loss": 0.08815258782998232, "grad_norm": 0.31434524059295654, "test_error": 0.0299}, {"outer_epoch": 35, "inner_epoch": 1, "train_loss": 0.09439838458551093, "grad_norm": 0.3448933959007263, "test_error": 0.0352}, {"outer_epoch": 36, "inner_epoch": 1, "train_loss": 0.09808471758416999, "grad_norm": 0.30980780720710754, "test_error": 0.0356}, {"outer_epoch": 37, "inner_epoch": 1, "train_loss": 0.10234604643415514, "grad_norm": 0.3109702467918396, "test_error": 0.0374}, {"outer_epoch": 38, "inner_epoch": 1, "train_loss": 0.10380693802068708, "grad_norm": 0.3790406882762909, "test_error": 0.0425}, {"outer_epoch": 39, "inner_epoch": 1, "train_loss": 0.09851873439209642, "grad_norm": 0.32645732164382935, "test_error": 0.0393}, {"outer_epoch": 40, "inner_epoch": 1, "train_loss": 0.09544004011567934, "grad_norm": 0.30998024344444275, "test_error": 0.0359}, {"outer_epoch": 41, "inner_epoch": 1, "train_loss": 0.08843293119253455, "grad_norm": 0.2934397757053375, "test_error": 0.0338}, {"outer_epoch": 42, "inner_epoch": 1, "train_loss": 0.09645084591650327, "grad_norm": 0.23801679909229279, "test_error": 0.0339}, {"outer_epoch": 43, "inner_epoch": 1, "train_loss": 0.09789927778799029, "grad_norm": 0.3991987407207489, "test_error": 0.0435}, {"outer_epoch": 44, "inner_epoch": 1, "train_loss": 0.10834473521876983, "grad_norm": 0.29005467891693115, "test_error": 0.0384}, {"outer_epoch": 45, "inner_epoch": 1, "train_loss": 0.10493788453473826, "grad_norm": 0.1550566405057907, "test_error": 0.0282}, {"outer_epoch": 46, "inner_epoch": 1, "train_loss": 0.0854340366798715, "grad_norm": 0.1535671502351761, "test_error": 0.0294}, {"outer_epoch": 47, "inner_epoch": 1, "train_loss": 0.08036286802570491, "grad_norm": 0.1235123947262764, "test_error": 0.0287}, {"outer_epoch": 48, "inner_epoch": 1, "train_loss": 0.0813698910115151, "grad_norm": 0.3703787326812744, "test_error": 0.0342}, {"outer_epoch": 49, "inner_epoch": 1, "train_loss": 0.09939071521216586, "grad_norm": 0.24609409272670746, "test_error": 0.0345}, {"outer_epoch": 50, "inner_epoch": 1, "train_loss": 0.09584718139943288, "grad_norm": 0.3242887556552887, "test_error": 0.0374}, {"outer_epoch": 51, "inner_epoch": 1, "train_loss": 0.10260281327662112, "grad_norm": 0.16886593401432037, "test_error": 0.0279}, {"outer_epoch": 52, "inner_epoch": 1, "train_loss": 0.08266576105208029, "grad_norm": 0.20776623487472534, "test_error": 0.0299}, {"outer_epoch": 53, "inner_epoch": 1, "train_loss": 0.08674875356251141, "grad_norm": 0.1619398146867752, "test_error": 0.0301}, {"outer_epoch": 54, "inner_epoch": 1, "train_loss": 0.08931303422267471, "grad_norm": 0.36771494150161743, "test_error": 0.0399}, {"outer_epoch": 55, "inner_epoch": 1, "train_loss": 0.11346711457510537, "grad_norm": 0.3449520468711853, "test_error": 0.0403}, {"outer_epoch": 56, "inner_epoch": 1, "train_loss": 0.09860212780909205, "grad_norm": 0.2489941269159317, "test_error": 0.0344}, {"outer_epoch": 57, "inner_epoch": 1, "train_loss": 0.09771166328204466, "grad_norm": 0.12628842890262604, "test_error": 0.0307}, {"outer_epoch": 58, "inner_epoch": 1, "train_loss": 0.0826963607108822, "grad_norm": 0.3858541250228882, "test_error": 0.0353}, {"outer_epoch": 59, "inner_epoch": 1, "train_loss": 0.10144074140685067, "grad_norm": 0.3683714270591736, "test_error": 0.0393}, {"outer_epoch": 60, "inner_epoch": 1, "train_loss": 0.10930037030153714, "grad_norm": 0.14685408771038055, "test_error": 0.0323}, {"outer_epoch": 61, "inner_epoch": 1, "train_loss": 0.0860217634227447, "grad_norm": 0.2670619785785675, "test_error": 0.0334}, {"outer_epoch": 62, "inner_epoch": 1, "train_loss": 0.09659417820813541, "grad_norm": 0.2068377137184143, "test_error": 0.035}, {"outer_epoch": 63, "inner_epoch": 1, "train_loss": 0.09726672207256949, "grad_norm": 0.265397310256958, "test_error": 0.0356}, {"outer_epoch": 64, "inner_epoch": 1, "train_loss": 0.0961041797622529, "grad_norm": 0.47401225566864014, "test_error": 0.0462}, {"outer_epoch": 65, "inner_epoch": 1, "train_loss": 0.12103812448897709, "grad_norm": 0.21499425172805786, "test_error": 0.037}, {"outer_epoch": 66, "inner_epoch": 1, "train_loss": 0.1005309179509762, "grad_norm": 0.20065127313137054, "test_error": 0.033}, {"outer_epoch": 67, "inner_epoch": 1, "train_loss": 0.09098893363291184, "grad_norm": 0.3630109131336212, "test_error": 0.035}, {"outer_epoch": 68, "inner_epoch": 1, "train_loss": 0.10618207608703233, "grad_norm": 0.18764688074588776, "test_error": 0.036}, {"outer_epoch": 69, "inner_epoch": 1, "train_loss": 0.09024479041623756, "grad_norm": 0.11972273141145706, "test_error": 0.027}, {"outer_epoch": 70, "inner_epoch": 1, "train_loss": 0.08233218992115386, "grad_norm": 0.3907216787338257, "test_error": 0.0406}, {"outer_epoch": 71, "inner_epoch": 1, "train_loss": 0.1116848679643105, "grad_norm": 0.2678752541542053, "test_error": 0.0399}, {"outer_epoch": 72, "inner_epoch": 1, "train_loss": 0.10915962314907422, "grad_norm": 0.3223980963230133, "test_error": 0.0378}, {"outer_epoch": 73, "inner_epoch": 1, "train_loss": 0.10259410629544678, "grad_norm": 0.1259356588125229, "test_error": 0.0271}, {"outer_epoch": 74, "inner_epoch": 1, "train_loss": 0.08725470175478162, "grad_norm": 0.24687695503234863, "test_error": 0.0342}, {"outer_epoch": 75, "inner_epoch": 1, "train_loss": 0.09746822230350517, "grad_norm": 0.14803606271743774, "test_error": 0.03}, {"outer_epoch": 76, "inner_epoch": 1, "train_loss": 0.08932493970123566, "grad_norm": 0.29225385189056396, "test_error": 0.0378}, {"outer_epoch": 77, "inner_epoch": 1, "train_loss": 0.11119761933067154, "grad_norm": 0.3876928687095642, "test_error": 0.0431}, {"outer_epoch": 78, "inner_epoch": 1, "train_loss": 0.10827184895691849, "grad_norm": 0.2181636393070221, "test_error": 0.0368}, {"outer_epoch": 79, "inner_epoch": 1, "train_loss": 0.0956056574073203, "grad_norm": 0.14264537394046783, "test_error": 0.0281}, {"outer_epoch": 80, "inner_epoch": 1, "train_loss": 0.08397390964731069, "grad_norm": 0.294480562210083, "test_error": 0.0306}, {"outer_epoch": 81, "inner_epoch": 1, "train_loss": 0.09957794088849914, "grad_norm": 0.15071897208690643, "test_error": 0.0312}, {"outer_epoch": 82, "inner_epoch": 1, "train_loss": 0.08933362107393623, "grad_norm": 0.21462351083755493, "test_error": 0.0342}, {"outer_epoch": 83, "inner_epoch": 1, "train_loss": 0.09460603326268029, "grad_norm": 0.3799707591533661, "test_error": 0.0401}, {"outer_epoch": 84, "inner_epoch": 1, "train_loss": 0.11325096819083168, "grad_norm": 0.6117831468582153, "test_error": 0.0582}, {"outer_epoch": 85, "inner_epoch": 1, "train_loss": 0.12955602444642378, "grad_norm": 0.21511654555797577, "test_error": 0.0372}, {"outer_epoch": 86, "inner_epoch": 1, "train_loss": 0.10881940995306165, "grad_norm": 0.17996063828468323, "test_error": 0.034}, {"outer_epoch": 87, "inner_epoch": 1, "train_loss": 0.0911533641039714, "grad_norm": 0.4373360276222229, "test_error": 0.0415}, {"outer_epoch": 88, "inner_epoch": 1, "train_loss": 0.11946063711427754, "grad_norm": 0.25145480036735535, "test_error": 0.0381}, {"outer_epoch": 89, "inner_epoch": 1, "train_loss": 0.09695474939296157, "grad_norm": 0.20001789927482605, "test_error": 0.0308}, {"outer_epoch": 90, "inner_epoch": 1, "train_loss": 0.09104268623062914, "grad_norm": 0.38788294792175293, "test_error": 0.0392}, {"outer_epoch": 91, "inner_epoch": 1, "train_loss": 0.12018773257176023, "grad_norm": 0.26479125022888184, "test_error": 0.0435}, {"outer_epoch": 92, "inner_epoch": 1, "train_loss": 0.10357385915220463, "grad_norm": 0.5706026554107666, "test_error": 0.0457}, {"outer_epoch": 93, "inner_epoch": 1, "train_loss": 0.11278955826099749, "grad_norm": 0.38293594121932983, "test_error": 0.0502}, {"outer_epoch": 94, "inner_epoch": 1, "train_loss": 0.1263290185223547, "grad_norm": 0.29357826709747314, "test_error": 0.0398}, {"outer_epoch": 95, "inner_epoch": 1, "train_loss": 0.10886529219276175, "grad_norm": 0.21193566918373108, "test_error": 0.0353}, {"outer_epoch": 96, "inner_epoch": 1, "train_loss": 0.09637170263643687, "grad_norm": 0.18840213119983673, "test_error": 0.0299}, {"outer_epoch": 97, "inner_epoch": 1, "train_loss": 0.0939626314951626, "grad_norm": 0.13225343823432922, "test_error": 0.0296}, {"outer_epoch": 98, "inner_epoch": 1, "train_loss": 0.0855762260210128, "grad_norm": 0.27095744013786316, "test_error": 0.0327}, {"outer_epoch": 99, "inner_epoch": 1, "train_loss": 0.09338548488882467, "grad_norm": 0.4435867965221405, "test_error": 0.0451}, {"outer_epoch": 100, "inner_epoch": 1, "train_loss": 0.11888074156782628, "grad_norm": 0.418573796749115, "test_error": 0.0449}, {"outer_epoch": 101, "inner_epoch": 1, "train_loss": 0.11864891024055639, "grad_norm": 0.23022310435771942, "test_error": 0.037}, {"outer_epoch": 102, "inner_epoch": 1, "train_loss": 0.10077040267712194, "grad_norm": 0.17938779294490814, "test_error": 0.0353}, {"outer_epoch": 103, "inner_epoch": 1, "train_loss": 0.10043623883245406, "grad_norm": 0.2449868619441986, "test_error": 0.0359}, {"outer_epoch": 104, "inner_epoch": 1, "train_loss": 0.1044114955487991, "grad_norm": 0.14478124678134918, "test_error": 0.0345}, {"outer_epoch": 105, "inner_epoch": 1, "train_loss": 0.09354405561831178, "grad_norm": 0.2873639166355133, "test_error": 0.0348}, {"outer_epoch": 106, "inner_epoch": 1, "train_loss": 0.10967392628788851, "grad_norm": 0.31682613492012024, "test_error": 0.037}, {"outer_epoch": 107, "inner_epoch": 1, "train_loss": 0.10385713261611333, "grad_norm": 0.212784081697464, "test_error": 0.0353}, {"outer_epoch": 108, "inner_epoch": 1, "train_loss": 0.10074506333766718, "grad_norm": 0.3381437659263611, "test_error": 0.0448}, {"outer_epoch": 109, "inner_epoch": 1, "train_loss": 0.11594898109219988, "grad_norm": 0.23533232510089874, "test_error": 0.0349}, {"outer_epoch": 110, "inner_epoch": 1, "train_loss": 0.09693864216659373, "grad_norm": 0.17922642827033997, "test_error": 0.0371}, {"outer_epoch": 111, "inner_epoch": 1, "train_loss": 0.09532218740521058, "grad_norm": 0.17391906678676605, "test_error": 0.0284}, {"outer_epoch": 112, "inner_epoch": 1, "train_loss": 0.0915411573587456, "grad_norm": 0.2035932093858719, "test_error": 0.0332}, {"outer_epoch": 113, "inner_epoch": 1, "train_loss": 0.095946461361018, "grad_norm": 0.18408948183059692, "test_error": 0.0357}, {"outer_epoch": 114, "inner_epoch": 1, "train_loss": 0.09543036874430254, "grad_norm": 0.2547163665294647, "test_error": 0.0375}, {"outer_epoch": 115, "inner_epoch": 1, "train_loss": 0.10561206365628216, "grad_norm": 0.27196088433265686, "test_error": 0.0367}, {"outer_epoch": 116, "inner_epoch": 1, "train_loss": 0.10374599084910975, "grad_norm": 0.11524240672588348, "test_error": 0.0316}, {"outer_epoch": 117, "inner_epoch": 1, "train_loss": 0.08258928481220694, "grad_norm": 0.20885910093784332, "test_error": 0.0328}, {"outer_epoch": 118, "inner_epoch": 1, "train_loss": 0.09460809535841205, "grad_norm": 0.1475147306919098, "test_error": 0.0299}, {"outer_epoch": 119, "inner_epoch": 1, "train_loss": 0.09514092793416543, "grad_norm": 0.1557493507862091, "test_error": 0.0294}, {"outer_epoch": 120, "inner_epoch": 1, "train_loss": 0.08918332131783488, "grad_norm": 0.16450785100460052, "test_error": 0.0337}, {"outer_epoch": 121, "inner_epoch": 1, "train_loss": 0.09089633697982451, "grad_norm": 0.15569309890270233, "test_error": 0.0343}, {"outer_epoch": 122, "inner_epoch": 1, "train_loss": 0.09370707744799438, "grad_norm": 0.2531430125236511, "test_error": 0.038}, {"outer_epoch": 123, "inner_epoch": 1, "train_loss": 0.10670860470917735, "grad_norm": 0.35800936818122864, "test_error": 0.0431}, {"outer_epoch": 124, "inner_epoch": 1, "train_loss": 0.12142038393005108, "grad_norm": 0.31272464990615845, "test_error": 0.0387}, {"outer_epoch": 125, "inner_epoch": 1, "train_loss": 0.10835995180588119, "grad_norm": 0.14595305919647217, "test_error": 0.0368}, {"outer_epoch": 126, "inner_epoch": 1, "train_loss": 0.09432965999705145, "grad_norm": 0.5480663776397705, "test_error": 0.0483}, {"outer_epoch": 127, "inner_epoch": 1, "train_loss": 0.12267399613063511, "grad_norm": 0.26582610607147217, "test_error": 0.0397}, {"outer_epoch": 128, "inner_epoch": 1, "train_loss": 0.1106630565552526, "grad_norm": 0.65144282579422, "test_error": 0.0543}, {"outer_epoch": 129, "inner_epoch": 1, "train_loss": 0.1397862033158987, "grad_norm": 0.30142584443092346, "test_error": 0.0508}, {"outer_epoch": 130, "inner_epoch": 1, "train_loss": 0.1234008023678034, "grad_norm": 0.20130832493305206, "test_error": 0.0387}, {"outer_epoch": 131, "inner_epoch": 1, "train_loss": 0.10365770445320958, "grad_norm": 0.2875009775161743, "test_error": 0.0428}, {"outer_epoch": 132, "inner_epoch": 1, "train_loss": 0.10838442864965085, "grad_norm": 0.19310861825942993, "test_error": 0.0386}, {"outer_epoch": 133, "inner_epoch": 1, "train_loss": 0.10255652225718707, "grad_norm": 0.1421353816986084, "test_error": 0.0334}, {"outer_epoch": 134, "inner_epoch": 1, "train_loss": 0.09468538328863117, "grad_norm": 0.19036436080932617, "test_error": 0.0307}, {"outer_epoch": 135, "inner_epoch": 1, "train_loss": 0.09744803922401236, "grad_norm": 0.22143784165382385, "test_error": 0.0357}, {"outer_epoch": 136, "inner_epoch": 1, "train_loss": 0.10454360177720082, "grad_norm": 0.2326858788728714, "test_error": 0.0346}, {"outer_epoch": 137, "inner_epoch": 1, "train_loss": 0.09704622907199033, "grad_norm": 0.1898649036884308, "test_error": 0.0337}, {"outer_epoch": 138, "inner_epoch": 1, "train_loss": 0.10233304122445891, "grad_norm": 0.18299375474452972, "test_error": 0.0388}, {"outer_epoch": 139, "inner_epoch": 1, "train_loss": 0.10518507198070196, "grad_norm": 0.31737416982650757, "test_error": 0.0445}, {"outer_epoch": 140, "inner_epoch": 1, "train_loss": 0.12953307377308373, "grad_norm": 0.14673912525177002, "test_error": 0.0317}, {"outer_epoch": 141, "inner_epoch": 1, "train_loss": 0.10232881000930502, "grad_norm": 0.20011845231056213, "test_error": 0.0354}, {"outer_epoch": 142, "inner_epoch": 1, "train_loss": 0.10055129614811449, "grad_norm": 0.3931259512901306, "test_error": 0.045}, {"outer_epoch": 143, "inner_epoch": 1, "train_loss": 0.12945776335962, "grad_norm": 0.1409204602241516, "test_error": 0.034}, {"outer_epoch": 144, "inner_epoch": 1, "train_loss": 0.09793372691924257, "grad_norm": 0.1989801675081253, "test_error": 0.0359}, {"outer_epoch": 145, "inner_epoch": 1, "train_loss": 0.10340180723152298, "grad_norm": 0.15725591778755188, "test_error": 0.0354}, {"outer_epoch": 146, "inner_epoch": 1, "train_loss": 0.09520476820828237, "grad_norm": 0.11394134163856506, "test_error": 0.0315}, {"outer_epoch": 147, "inner_epoch": 1, "train_loss": 0.09337783047781947, "grad_norm": 0.13846594095230103, "test_error": 0.0293}, {"outer_epoch": 148, "inner_epoch": 1, "train_loss": 0.09230956348553689, "grad_norm": 0.14258354902267456, "test_error": 0.0316}, {"outer_epoch": 149, "inner_epoch": 1, "train_loss": 0.08996450956285844, "grad_norm": 0.21164511144161224, "test_error": 0.0332}, {"outer_epoch": 150, "inner_epoch": 1, "train_loss": 0.10347169272904042, "grad_norm": 0.3657461404800415, "test_error": 0.0389}, {"outer_epoch": 151, "inner_epoch": 1, "train_loss": 0.11282607869121178, "grad_norm": 0.26429063081741333, "test_error": 0.0381}, {"outer_epoch": 152, "inner_epoch": 1, "train_loss": 0.11084111638192554, "grad_norm": 0.2873102128505707, "test_error": 0.0372}, {"outer_epoch": 153, "inner_epoch": 1, "train_loss": 0.10301116223250574, "grad_norm": 0.16443543136119843, "test_error": 0.0318}, {"outer_epoch": 154, "inner_epoch": 1, "train_loss": 0.09435903594379973, "grad_norm": 0.20580913126468658, "test_error": 0.0374}, {"outer_epoch": 155, "inner_epoch": 1, "train_loss": 0.10078225790682578, "grad_norm": 0.14245739579200745, "test_error": 0.0308}, {"outer_epoch": 156, "inner_epoch": 1, "train_loss": 0.09197171512902909, "grad_norm": 0.4815094470977783, "test_error": 0.0503}, {"outer_epoch": 157, "inner_epoch": 1, "train_loss": 0.13322654123200725, "grad_norm": 0.31226861476898193, "test_error": 0.0476}, {"outer_epoch": 158, "inner_epoch": 1, "train_loss": 0.1176060129396986, "grad_norm": 0.23235589265823364, "test_error": 0.0367}, {"outer_epoch": 159, "inner_epoch": 1, "train_loss": 0.10039931826372292, "grad_norm": 0.208103209733963, "test_error": 0.0353}, {"outer_epoch": 160, "inner_epoch": 1, "train_loss": 0.10005503027241988, "grad_norm": 0.3493387997150421, "test_error": 0.0384}, {"outer_epoch": 161, "inner_epoch": 1, "train_loss": 0.10684282578006969, "grad_norm": 0.42739927768707275, "test_error": 0.0507}, {"outer_epoch": 162, "inner_epoch": 1, "train_loss": 0.1155089562792103, "grad_norm": 0.1983930766582489, "test_error": 0.037}, {"outer_epoch": 163, "inner_epoch": 1, "train_loss": 0.11165337326841351, "grad_norm": 0.2757309079170227, "test_error": 0.0354}, {"outer_epoch": 164, "inner_epoch": 1, "train_loss": 0.10735543370663314, "grad_norm": 0.18628428876399994, "test_error": 0.0346}, {"outer_epoch": 165, "inner_epoch": 1, "train_loss": 0.10009706301992508, "grad_norm": 0.21552999317646027, "test_error": 0.0339}, {"outer_epoch": 166, "inner_epoch": 1, "train_loss": 0.10366231747437754, "grad_norm": 0.2419857680797577, "test_error": 0.035}, {"outer_epoch": 167, "inner_epoch": 1, "train_loss": 0.1031737977171797, "grad_norm": 0.22368471324443817, "test_error": 0.0356}, {"outer_epoch": 168, "inner_epoch": 1, "train_loss": 0.10294966519745018, "grad_norm": 0.24043844640254974, "test_error": 0.0387}, {"outer_epoch": 169, "inner_epoch": 1, "train_loss": 0.10227016064284787, "grad_norm": 0.43964576721191406, "test_error": 0.0491}, {"outer_epoch": 170, "inner_epoch": 1, "train_loss": 0.13084126349857736, "grad_norm": 0.15026509761810303, "test_error": 0.0358}, {"outer_epoch": 171, "inner_epoch": 1, "train_loss": 0.10147132723861917, "grad_norm": 0.2006443738937378, "test_error": 0.0359}, {"outer_epoch": 172, "inner_epoch": 1, "train_loss": 0.09766553484910401, "grad_norm": 0.47334855794906616, "test_error": 0.0473}, {"outer_epoch": 173, "inner_epoch": 1, "train_loss": 0.12719926531739476, "grad_norm": 0.23167794942855835, "test_error": 0.0455}, {"outer_epoch": 174, "inner_epoch": 1, "train_loss": 0.10880538341430657, "grad_norm": 0.33716660737991333, "test_error": 0.0442}, {"outer_epoch": 175, "inner_epoch": 1, "train_loss": 0.12077637034986886, "grad_norm": 0.202018141746521, "test_error": 0.0357}, {"outer_epoch": 176, "inner_epoch": 1, "train_loss": 0.10186742223962696, "grad_norm": 0.29248031973838806, "test_error": 0.0405}, {"outer_epoch": 177, "inner_epoch": 1, "train_loss": 0.11377421823527645, "grad_norm": 0.7900034785270691, "test_error": 0.057}, {"outer_epoch": 178, "inner_epoch": 1, "train_loss": 0.14577300224266945, "grad_norm": 0.18886710703372955, "test_error": 0.0424}, {"outer_epoch": 179, "inner_epoch": 1, "train_loss": 0.10363675683327407, "grad_norm": 0.8605364561080933, "test_error": 0.0598}, {"outer_epoch": 180, "inner_epoch": 1, "train_loss": 0.1683510762793109, "grad_norm": 0.16287459433078766, "test_error": 0.0379}, {"outer_epoch": 181, "inner_epoch": 1, "train_loss": 0.10533606351800456, "grad_norm": 0.13301636278629303, "test_error": 0.0326}, {"outer_epoch": 182, "inner_epoch": 1, "train_loss": 0.10029835273090187, "grad_norm": 0.19292107224464417, "test_error": 0.0328}, {"outer_epoch": 183, "inner_epoch": 1, "train_loss": 0.1029605190060635, "grad_norm": 0.5039761066436768, "test_error": 0.0492}, {"outer_epoch": 184, "inner_epoch": 1, "train_loss": 0.14712010719712512, "grad_norm": 0.3316027522087097, "test_error": 0.0492}, {"outer_epoch": 185, "inner_epoch": 1, "train_loss": 0.12702139945758, "grad_norm": 0.2696785628795624, "test_error": 0.0387}, {"outer_epoch": 186, "inner_epoch": 1, "train_loss": 0.11560656632334333, "grad_norm": 0.21604998409748077, "test_error": 0.0379}, {"outer_epoch": 187, "inner_epoch": 1, "train_loss": 0.10457688732062524, "grad_norm": 0.34849995374679565, "test_error": 0.0468}, {"outer_epoch": 188, "inner_epoch": 1, "train_loss": 0.11897204967213718, "grad_norm": 0.22674500942230225, "test_error": 0.0375}, {"outer_epoch": 189, "inner_epoch": 1, "train_loss": 0.1042090764552413, "grad_norm": 0.2054024487733841, "test_error": 0.0363}, {"outer_epoch": 190, "inner_epoch": 1, "train_loss": 0.1049298474972311, "grad_norm": 0.2662126421928406, "test_error": 0.0372}, {"outer_epoch": 191, "inner_epoch": 1, "train_loss": 0.11399626279507356, "grad_norm": 0.13109460473060608, "test_error": 0.0349}, {"outer_epoch": 192, "inner_epoch": 1, "train_loss": 0.09337987851028447, "grad_norm": 0.30377477407455444, "test_error": 0.041}, {"outer_epoch": 193, "inner_epoch": 1, "train_loss": 0.11074891002420433, "grad_norm": 0.221200093626976, "test_error": 0.0368}, {"outer_epoch": 194, "inner_epoch": 1, "train_loss": 0.10383191843877528, "grad_norm": 0.2076026052236557, "test_error": 0.0371}, {"outer_epoch": 195, "inner_epoch": 1, "train_loss": 0.10595845150336147, "grad_norm": 0.3793955445289612, "test_error": 0.0492}, {"outer_epoch": 196, "inner_epoch": 1, "train_loss": 0.12355799603589306, "grad_norm": 0.5189171433448792, "test_error": 0.0508}, {"outer_epoch": 197, "inner_epoch": 1, "train_loss": 0.13167413775891326, "grad_norm": 0.19904489815235138, "test_error": 0.0394}, {"outer_epoch": 198, "inner_epoch": 1, "train_loss": 0.10443126925968196, "grad_norm": 0.18797507882118225, "test_error": 0.0357}, {"outer_epoch": 199, "inner_epoch": 1, "train_loss": 0.09853371027074172, "grad_norm": 0.31421005725860596, "test_error": 0.0404}, {"outer_epoch": 200, "inner_epoch": 1, "train_loss": 0.11558019511205203, "grad_norm": 0.2629110813140869, "test_error": 0.0423}, {"outer_epoch": 201, "inner_epoch": 1, "train_loss": 0.1131375460675481, "grad_norm": 0.2957236170768738, "test_error": 0.0443}, {"outer_epoch": 202, "inner_epoch": 1, "train_loss": 0.11741775107447756, "grad_norm": 0.17655646800994873, "test_error": 0.0361}, {"outer_epoch": 203, "inner_epoch": 1, "train_loss": 0.1023183654971411, "grad_norm": 0.34656527638435364, "test_error": 0.0413}, {"outer_epoch": 204, "inner_epoch": 1, "train_loss": 0.11034419577095347, "grad_norm": 0.6992672085762024, "test_error": 0.0532}, {"outer_epoch": 205, "inner_epoch": 1, "train_loss": 0.14411793569250342, "grad_norm": 0.22712092101573944, "test_error": 0.0481}, {"outer_epoch": 206, "inner_epoch": 1, "train_loss": 0.11893992800257062, "grad_norm": 0.20519347488880157, "test_error": 0.0407}, {"outer_epoch": 207, "inner_epoch": 1, "train_loss": 0.11046054440542079, "grad_norm": 0.24767503142356873, "test_error": 0.0401}, {"outer_epoch": 208, "inner_epoch": 1, "train_loss": 0.11252616193396776, "grad_norm": 0.3839142620563507, "test_error": 0.0467}, {"outer_epoch": 209, "inner_epoch": 1, "train_loss": 0.12461125834723741, "grad_norm": 0.16795341670513153, "test_error": 0.0378}, {"outer_epoch": 210, "inner_epoch": 1, "train_loss": 0.10380133810839227, "grad_norm": 0.15317459404468536, "test_error": 0.0339}, {"outer_epoch": 211, "inner_epoch": 1, "train_loss": 0.09981263707817804, "grad_norm": 0.3949775695800781, "test_error": 0.0462}, {"outer_epoch": 212, "inner_epoch": 1, "train_loss": 0.12856330607529767, "grad_norm": 0.22043128311634064, "test_error": 0.0418}, {"outer_epoch": 213, "inner_epoch": 1, "train_loss": 0.10849064194771442, "grad_norm": 0.1757912039756775, "test_error": 0.0351}, {"outer_epoch": 214, "inner_epoch": 1, "train_loss": 0.1035085727297798, "grad_norm": 0.2055838704109192, "test_error": 0.0344}, {"outer_epoch": 215, "inner_epoch": 1, "train_loss": 0.10516955165899708, "grad_norm": 0.14042410254478455, "test_error": 0.033}, {"outer_epoch": 216, "inner_epoch": 1, "train_loss": 0.10041127836006004, "grad_norm": 0.255729079246521, "test_error": 0.0406}, {"outer_epoch": 217, "inner_epoch": 1, "train_loss": 0.11645003706727099, "grad_norm": 0.1475028395652771, "test_error": 0.0323}, {"outer_epoch": 218, "inner_epoch": 1, "train_loss": 0.09321796768055841, "grad_norm": 0.22549985349178314, "test_error": 0.0348}, {"outer_epoch": 219, "inner_epoch": 1, "train_loss": 0.10604576091636166, "grad_norm": 0.21923014521598816, "test_error": 0.0356}, {"outer_epoch": 220, "inner_epoch": 1, "train_loss": 0.10670393567949941, "grad_norm": 0.2058533877134323, "test_error": 0.0345}, {"outer_epoch": 221, "inner_epoch": 1, "train_loss": 0.09868263113348803, "grad_norm": 0.19672708213329315, "test_error": 0.0351}, {"outer_epoch": 222, "inner_epoch": 1, "train_loss": 0.09918339948260595, "grad_norm": 0.12860654294490814, "test_error": 0.0317}, {"outer_epoch": 223, "inner_epoch": 1, "train_loss": 0.09317467625801025, "grad_norm": 0.28134986758232117, "test_error": 0.04}, {"outer_epoch": 224, "inner_epoch": 1, "train_loss": 0.10732281312651563, "grad_norm": 0.40512585639953613, "test_error": 0.0462}, {"outer_epoch": 225, "inner_epoch": 1, "train_loss": 0.1259023218805766, "grad_norm": 0.21606186032295227, "test_error": 0.0421}, {"outer_epoch": 226, "inner_epoch": 1, "train_loss": 0.11382598342979326, "grad_norm": 0.2675149142742157, "test_error": 0.0385}, {"outer_epoch": 227, "inner_epoch": 1, "train_loss": 0.10692164470468318, "grad_norm": 0.9260056614875793, "test_error": 0.0667}, {"outer_epoch": 228, "inner_epoch": 1, "train_loss": 0.15538790919116582, "grad_norm": 0.23364195227622986, "test_error": 0.0419}, {"outer_epoch": 229, "inner_epoch": 1, "train_loss": 0.12225797172354214, "grad_norm": 0.2619238793849945, "test_error": 0.0382}, {"outer_epoch": 230, "inner_epoch": 1, "train_loss": 0.1103373316435415, "grad_norm": 0.31587663292884827, "test_error": 0.0391}, {"outer_epoch": 231, "inner_epoch": 1, "train_loss": 0.11847743450135022, "grad_norm": 0.29910707473754883, "test_error": 0.0451}, {"outer_epoch": 232, "inner_epoch": 1, "train_loss": 0.12020063701174513, "grad_norm": 0.5292430520057678, "test_error": 0.0512}, {"outer_epoch": 233, "inner_epoch": 1, "train_loss": 0.13638035537137572, "grad_norm": 0.2663368582725525, "test_error": 0.0447}, {"outer_epoch": 234, "inner_epoch": 1, "train_loss": 0.13243429948699487, "grad_norm": 0.22344551980495453, "test_error": 0.0397}, {"outer_epoch": 235, "inner_epoch": 1, "train_loss": 0.11235401742804, "grad_norm": 0.46590128540992737, "test_error": 0.0485}, {"outer_epoch": 236, "inner_epoch": 1, "train_loss": 0.14317513258049439, "grad_norm": 0.2199612557888031, "test_error": 0.044}, {"outer_epoch": 237, "inner_epoch": 1, "train_loss": 0.1148285330393337, "grad_norm": 0.1845095008611679, "test_error": 0.0408}, {"outer_epoch": 238, "inner_epoch": 1, "train_loss": 0.1108958739445164, "grad_norm": 0.41127458214759827, "test_error": 0.0485}, {"outer_epoch": 239, "inner_epoch": 1, "train_loss": 0.1356337036734573, "grad_norm": 0.19357529282569885, "test_error": 0.0426}, {"outer_epoch": 240, "inner_epoch": 1, "train_loss": 0.10898835426179479, "grad_norm": 0.17900998890399933, "test_error": 0.0371}, {"outer_epoch": 241, "inner_epoch": 1, "train_loss": 0.10384702691823865, "grad_norm": 0.187828928232193, "test_error": 0.0347}, {"outer_epoch": 242, "inner_epoch": 1, "train_loss": 0.0982307348685766, "grad_norm": 0.22950759530067444, "test_error": 0.0366}, {"outer_epoch": 243, "inner_epoch": 1, "train_loss": 0.11111934265203793, "grad_norm": 0.3049572706222534, "test_error": 0.0456}, {"outer_epoch": 244, "inner_epoch": 1, "train_loss": 0.11572637813994273, "grad_norm": 0.24835751950740814, "test_error": 0.0397}, {"outer_epoch": 245, "inner_epoch": 1, "train_loss": 0.11136057119469721, "grad_norm": 0.11612123996019363, "test_error": 0.0341}, {"outer_epoch": 246, "inner_epoch": 1, "train_loss": 0.09273334931233937, "grad_norm": 0.1236613541841507, "test_error": 0.0325}, {"outer_epoch": 247, "inner_epoch": 1, "train_loss": 0.09107581227884415, "grad_norm": 0.15940292179584503, "test_error": 0.0348}, {"outer_epoch": 248, "inner_epoch": 1, "train_loss": 0.1055369398563683, "grad_norm": 0.11832200735807419, "test_error": 0.0305}, {"outer_epoch": 249, "inner_epoch": 1, "train_loss": 0.09770736506995066, "grad_norm": 0.23670075833797455, "test_error": 0.0364}, {"outer_epoch": 250, "inner_epoch": 1, "train_loss": 0.10512832460520925, "grad_norm": 0.3821662962436676, "test_error": 0.0473}]}