{"argv": ["train.py", "--seed", "79", "--optimizer", "SVRG", "--run_name", "svrg_0.5.json", "--output_path", "experiments/nonconvex_mnist_deep/svrg-0.5.json", "--dataset", "MNIST", "--layer_sizes", "784", "600", "300", "10", "--batch_size", "10", "--learning_rate", "0.5", "--weight_decay", "0.001", "--warmup_learning_rate", "0.03", "--num_warmup_epochs", "10", "--num_outer_epochs", "250", "--num_inner_epochs", "1", "--device", "cuda"], "args": {"seed": 79, "optimizer": "SVRG", "run_name": "svrg_0.5.json", "output_path": "experiments/nonconvex_mnist_deep/svrg-0.5.json", "device": "cuda", "dataset": "MNIST", "dataset_root": "~/datasets/pytorch", "dataset_size": null, "download": false, "layer_sizes": [784, 600, 300, 10], "batch_size": 10, "test_batch_size": 256, "learning_rate": 0.5, "weight_decay": 0.001, "warmup_learning_rate": 0.03, "num_warmup_epochs": 10, "num_outer_epochs": 250, "num_inner_epochs": 1, "inner_epoch_fraction": null, "choose_random_iterate": false, "num_epochs": 10}, "metrics": [{"warmup_epoch": 1, "train_loss": 0.346464528527072, "grad_norm": 0.22106513381004333, "test_error": 0.0443}, {"warmup_epoch": 2, "train_loss": 0.130714146493158, "grad_norm": 0.18392831087112427, "test_error": 0.0326}, {"warmup_epoch": 3, "train_loss": 0.09383272913537803, "grad_norm": 0.17008905112743378, "test_error": 0.0267}, {"warmup_epoch": 4, "train_loss": 0.07594742359446051, "grad_norm": 0.2526373267173767, "test_error": 0.0264}, {"warmup_epoch": 5, "train_loss": 0.06704114026339085, "grad_norm": 0.17545419931411743, "test_error": 0.0226}, {"warmup_epoch": 6, "train_loss": 0.05969950944062536, "grad_norm": 0.16558437049388885, "test_error": 0.0221}, {"warmup_epoch": 7, "train_loss": 0.05605181773917381, "grad_norm": 0.13674423098564148, "test_error": 0.022}, {"warmup_epoch": 8, "train_loss": 0.051774662089310974, "grad_norm": 0.13241495192050934, "test_error": 0.0215}, {"warmup_epoch": 9, "train_loss": 0.04942933207847818, "grad_norm": 0.20911480486392975, "test_error": 0.0215}, {"warmup_epoch": 10, "train_loss": 0.048595676936541474, "grad_norm": 0.2713138461112976, "test_error": 0.0242}, {"outer_epoch": 1, "inner_epoch": 1, "train_loss": 0.692417029301893, "grad_norm": 0.517554521560669, "test_error": 0.1306}, {"outer_epoch": 2, "inner_epoch": 1, "train_loss": 0.603793436494326, "grad_norm": 0.5701313018798828, "test_error": 0.1201}, {"outer_epoch": 3, "inner_epoch": 1, "train_loss": NaN, "grad_norm": NaN, "test_error": 0.902}, {"outer_epoch": 4, "inner_epoch": 1, "train_loss": NaN, "grad_norm": NaN, "test_error": 0.902}, {"outer_epoch": 5, "inner_epoch": 1, "train_loss": NaN, "grad_norm": NaN, "test_error": 0.902}, {"outer_epoch": 6, "inner_epoch": 1, "train_loss": NaN, "grad_norm": NaN, "test_error": 0.902}, {"outer_epoch": 7, "inner_epoch": 1, "train_loss": NaN, "grad_norm": NaN, "test_error": 0.902}, {"outer_epoch": 8, "inner_epoch": 1, "train_loss": NaN, "grad_norm": NaN, "test_error": 0.902}, {"outer_epoch": 9, "inner_epoch": 1, "train_loss": NaN, "grad_norm": NaN, "test_error": 0.902}, {"outer_epoch": 10, "inner_epoch": 1, "train_loss": NaN, "grad_norm": NaN, "test_error": 0.902}, {"outer_epoch": 11, "inner_epoch": 1, "train_loss": NaN, "grad_norm": NaN, "test_error": 0.902}, {"outer_epoch": 12, "inner_epoch": 1, "train_loss": NaN, "grad_norm": NaN, "test_error": 0.902}, {"outer_epoch": 13, "inner_epoch": 1, "train_loss": NaN, "grad_norm": NaN, "test_error": 0.902}, {"outer_epoch": 14, "inner_epoch": 1, "train_loss": NaN, "grad_norm": NaN, "test_error": 0.902}, {"outer_epoch": 15, "inner_epoch": 1, "train_loss": NaN, "grad_norm": NaN, "test_error": 0.902}, {"outer_epoch": 16, "inner_epoch": 1, "train_loss": NaN, "grad_norm": NaN, "test_error": 0.902}, {"outer_epoch": 17, "inner_epoch": 1, "train_loss": NaN, "grad_norm": NaN, "test_error": 0.902}, {"outer_epoch": 18, "inner_epoch": 1, "train_loss": NaN, "grad_norm": NaN, "test_error": 0.902}, {"outer_epoch": 19, "inner_epoch": 1, "train_loss": NaN, "grad_norm": NaN, "test_error": 0.902}, {"outer_epoch": 20, "inner_epoch": 1, "train_loss": NaN, "grad_norm": NaN, "test_error": 0.902}, {"outer_epoch": 21, "inner_epoch": 1, "train_loss": NaN, "grad_norm": NaN, "test_error": 0.902}, {"outer_epoch": 22, "inner_epoch": 1, "train_loss": NaN, "grad_norm": NaN, "test_error": 0.902}, {"outer_epoch": 23, "inner_epoch": 1, "train_loss": NaN, "grad_norm": NaN, "test_error": 0.902}, {"outer_epoch": 24, "inner_epoch": 1, "train_loss": NaN, "grad_norm": NaN, "test_error": 0.902}, {"outer_epoch": 25, "inner_epoch": 1, "train_loss": NaN, "grad_norm": NaN, "test_error": 0.902}, {"outer_epoch": 26, "inner_epoch": 1, "train_loss": NaN, "grad_norm": NaN, "test_error": 0.902}, {"outer_epoch": 27, "inner_epoch": 1, "train_loss": NaN, "grad_norm": NaN, "test_error": 0.902}, {"outer_epoch": 28, "inner_epoch": 1, "train_loss": NaN, "grad_norm": NaN, "test_error": 0.902}, {"outer_epoch": 29, "inner_epoch": 1, "train_loss": NaN, "grad_norm": NaN, "test_error": 0.902}, {"outer_epoch": 30, "inner_epoch": 1, "train_loss": NaN, "grad_norm": NaN, "test_error": 0.902}, {"outer_epoch": 31, "inner_epoch": 1, "train_loss": NaN, "grad_norm": NaN, "test_error": 0.902}, {"outer_epoch": 32, "inner_epoch": 1, "train_loss": NaN, "grad_norm": NaN, "test_error": 0.902}, {"outer_epoch": 33, "inner_epoch": 1, "train_loss": NaN, "grad_norm": NaN, "test_error": 0.902}, {"outer_epoch": 34, "inner_epoch": 1, "train_loss": NaN, "grad_norm": NaN, "test_error": 0.902}, {"outer_epoch": 35, "inner_epoch": 1, "train_loss": NaN, "grad_norm": NaN, "test_error": 0.902}, {"outer_epoch": 36, "inner_epoch": 1, "train_loss": NaN, "grad_norm": NaN, "test_error": 0.902}, {"outer_epoch": 37, "inner_epoch": 1, "train_loss": NaN, "grad_norm": NaN, "test_error": 0.902}, {"outer_epoch": 38, "inner_epoch": 1, "train_loss": NaN, "grad_norm": NaN, "test_error": 0.902}, {"outer_epoch": 39, "inner_epoch": 1, "train_loss": NaN, "grad_norm": NaN, "test_error": 0.902}, {"outer_epoch": 40, "inner_epoch": 1, "train_loss": NaN, "grad_norm": NaN, "test_error": 0.902}, {"outer_epoch": 41, "inner_epoch": 1, "train_loss": NaN, "grad_norm": NaN, "test_error": 0.902}, {"outer_epoch": 42, "inner_epoch": 1, "train_loss": NaN, "grad_norm": NaN, "test_error": 0.902}, {"outer_epoch": 43, "inner_epoch": 1, "train_loss": NaN, "grad_norm": NaN, "test_error": 0.902}, {"outer_epoch": 44, "inner_epoch": 1, "train_loss": NaN, "grad_norm": NaN, "test_error": 0.902}, {"outer_epoch": 45, "inner_epoch": 1, "train_loss": NaN, "grad_norm": NaN, "test_error": 0.902}, {"outer_epoch": 46, "inner_epoch": 1, "train_loss": NaN, "grad_norm": NaN, "test_error": 0.902}, {"outer_epoch": 47, "inner_epoch": 1, "train_loss": NaN, "grad_norm": NaN, "test_error": 0.902}, {"outer_epoch": 48, "inner_epoch": 1, "train_loss": NaN, "grad_norm": NaN, "test_error": 0.902}, {"outer_epoch": 49, "inner_epoch": 1, "train_loss": NaN, "grad_norm": NaN, "test_error": 0.902}, {"outer_epoch": 50, "inner_epoch": 1, "train_loss": NaN, "grad_norm": NaN, "test_error": 0.902}, {"outer_epoch": 51, "inner_epoch": 1, "train_loss": NaN, "grad_norm": NaN, "test_error": 0.902}, {"outer_epoch": 52, "inner_epoch": 1, "train_loss": NaN, "grad_norm": NaN, "test_error": 0.902}, {"outer_epoch": 53, "inner_epoch": 1, "train_loss": NaN, "grad_norm": NaN, "test_error": 0.902}, {"outer_epoch": 54, "inner_epoch": 1, "train_loss": NaN, "grad_norm": NaN, "test_error": 0.902}, {"outer_epoch": 55, "inner_epoch": 1, "train_loss": NaN, "grad_norm": NaN, "test_error": 0.902}, {"outer_epoch": 56, "inner_epoch": 1, "train_loss": NaN, "grad_norm": NaN, "test_error": 0.902}, {"outer_epoch": 57, "inner_epoch": 1, "train_loss": NaN, "grad_norm": NaN, "test_error": 0.902}, {"outer_epoch": 58, "inner_epoch": 1, "train_loss": NaN, "grad_norm": NaN, "test_error": 0.902}, {"outer_epoch": 59, "inner_epoch": 1, "train_loss": NaN, "grad_norm": NaN, "test_error": 0.902}, {"outer_epoch": 60, "inner_epoch": 1, "train_loss": NaN, "grad_norm": NaN, "test_error": 0.902}, {"outer_epoch": 61, "inner_epoch": 1, "train_loss": NaN, "grad_norm": NaN, "test_error": 0.902}, {"outer_epoch": 62, "inner_epoch": 1, "train_loss": NaN, "grad_norm": NaN, "test_error": 0.902}, {"outer_epoch": 63, "inner_epoch": 1, "train_loss": NaN, "grad_norm": NaN, "test_error": 0.902}, {"outer_epoch": 64, "inner_epoch": 1, "train_loss": NaN, "grad_norm": NaN, "test_error": 0.902}, {"outer_epoch": 65, "inner_epoch": 1, "train_loss": NaN, "grad_norm": NaN, "test_error": 0.902}, {"outer_epoch": 66, "inner_epoch": 1, "train_loss": NaN, "grad_norm": NaN, "test_error": 0.902}, {"outer_epoch": 67, "inner_epoch": 1, "train_loss": NaN, "grad_norm": NaN, "test_error": 0.902}, {"outer_epoch": 68, "inner_epoch": 1, "train_loss": NaN, "grad_norm": NaN, "test_error": 0.902}, {"outer_epoch": 69, "inner_epoch": 1, "train_loss": NaN, "grad_norm": NaN, "test_error": 0.902}, {"outer_epoch": 70, "inner_epoch": 1, "train_loss": NaN, "grad_norm": NaN, "test_error": 0.902}, {"outer_epoch": 71, "inner_epoch": 1, "train_loss": NaN, "grad_norm": NaN, "test_error": 0.902}, {"outer_epoch": 72, "inner_epoch": 1, "train_loss": NaN, "grad_norm": NaN, "test_error": 0.902}, {"outer_epoch": 73, "inner_epoch": 1, "train_loss": NaN, "grad_norm": NaN, "test_error": 0.902}, {"outer_epoch": 74, "inner_epoch": 1, "train_loss": NaN, "grad_norm": NaN, "test_error": 0.902}, {"outer_epoch": 75, "inner_epoch": 1, "train_loss": NaN, "grad_norm": NaN, "test_error": 0.902}, {"outer_epoch": 76, "inner_epoch": 1, "train_loss": NaN, "grad_norm": NaN, "test_error": 0.902}, {"outer_epoch": 77, "inner_epoch": 1, "train_loss": NaN, "grad_norm": NaN, "test_error": 0.902}, {"outer_epoch": 78, "inner_epoch": 1, "train_loss": NaN, "grad_norm": NaN, "test_error": 0.902}, {"outer_epoch": 79, "inner_epoch": 1, "train_loss": NaN, "grad_norm": NaN, "test_error": 0.902}, {"outer_epoch": 80, "inner_epoch": 1, "train_loss": NaN, "grad_norm": NaN, "test_error": 0.902}, {"outer_epoch": 81, "inner_epoch": 1, "train_loss": NaN, "grad_norm": NaN, "test_error": 0.902}, {"outer_epoch": 82, "inner_epoch": 1, "train_loss": NaN, "grad_norm": NaN, "test_error": 0.902}, {"outer_epoch": 83, "inner_epoch": 1, "train_loss": NaN, "grad_norm": NaN, "test_error": 0.902}, {"outer_epoch": 84, "inner_epoch": 1, "train_loss": NaN, "grad_norm": NaN, "test_error": 0.902}, {"outer_epoch": 85, "inner_epoch": 1, "train_loss": NaN, "grad_norm": NaN, "test_error": 0.902}, {"outer_epoch": 86, "inner_epoch": 1, "train_loss": NaN, "grad_norm": NaN, "test_error": 0.902}, {"outer_epoch": 87, "inner_epoch": 1, "train_loss": NaN, "grad_norm": NaN, "test_error": 0.902}, {"outer_epoch": 88, "inner_epoch": 1, "train_loss": NaN, "grad_norm": NaN, "test_error": 0.902}, {"outer_epoch": 89, "inner_epoch": 1, "train_loss": NaN, "grad_norm": NaN, "test_error": 0.902}, {"outer_epoch": 90, "inner_epoch": 1, "train_loss": NaN, "grad_norm": NaN, "test_error": 0.902}, {"outer_epoch": 91, "inner_epoch": 1, "train_loss": NaN, "grad_norm": NaN, "test_error": 0.902}, {"outer_epoch": 92, "inner_epoch": 1, "train_loss": NaN, "grad_norm": NaN, "test_error": 0.902}, {"outer_epoch": 93, "inner_epoch": 1, "train_loss": NaN, "grad_norm": NaN, "test_error": 0.902}, {"outer_epoch": 94, "inner_epoch": 1, "train_loss": NaN, "grad_norm": NaN, "test_error": 0.902}, {"outer_epoch": 95, "inner_epoch": 1, "train_loss": NaN, "grad_norm": NaN, "test_error": 0.902}, {"outer_epoch": 96, "inner_epoch": 1, "train_loss": NaN, "grad_norm": NaN, "test_error": 0.902}, {"outer_epoch": 97, "inner_epoch": 1, "train_loss": NaN, "grad_norm": NaN, "test_error": 0.902}, {"outer_epoch": 98, "inner_epoch": 1, "train_loss": NaN, "grad_norm": NaN, "test_error": 0.902}, {"outer_epoch": 99, "inner_epoch": 1, "train_loss": NaN, "grad_norm": NaN, "test_error": 0.902}, {"outer_epoch": 100, "inner_epoch": 1, "train_loss": NaN, "grad_norm": NaN, "test_error": 0.902}, {"outer_epoch": 101, "inner_epoch": 1, "train_loss": NaN, "grad_norm": NaN, "test_error": 0.902}, {"outer_epoch": 102, "inner_epoch": 1, "train_loss": NaN, "grad_norm": NaN, "test_error": 0.902}, {"outer_epoch": 103, "inner_epoch": 1, "train_loss": NaN, "grad_norm": NaN, "test_error": 0.902}, {"outer_epoch": 104, "inner_epoch": 1, "train_loss": NaN, "grad_norm": NaN, "test_error": 0.902}, {"outer_epoch": 105, "inner_epoch": 1, "train_loss": NaN, "grad_norm": NaN, "test_error": 0.902}, {"outer_epoch": 106, "inner_epoch": 1, "train_loss": NaN, "grad_norm": NaN, "test_error": 0.902}, {"outer_epoch": 107, "inner_epoch": 1, "train_loss": NaN, "grad_norm": NaN, "test_error": 0.902}, {"outer_epoch": 108, "inner_epoch": 1, "train_loss": NaN, "grad_norm": NaN, "test_error": 0.902}, {"outer_epoch": 109, "inner_epoch": 1, "train_loss": NaN, "grad_norm": NaN, "test_error": 0.902}, {"outer_epoch": 110, "inner_epoch": 1, "train_loss": NaN, "grad_norm": NaN, "test_error": 0.902}, {"outer_epoch": 111, "inner_epoch": 1, "train_loss": NaN, "grad_norm": NaN, "test_error": 0.902}, {"outer_epoch": 112, "inner_epoch": 1, "train_loss": NaN, "grad_norm": NaN, "test_error": 0.902}, {"outer_epoch": 113, "inner_epoch": 1, "train_loss": NaN, "grad_norm": NaN, "test_error": 0.902}, {"outer_epoch": 114, "inner_epoch": 1, "train_loss": NaN, "grad_norm": NaN, "test_error": 0.902}, {"outer_epoch": 115, "inner_epoch": 1, "train_loss": NaN, "grad_norm": NaN, "test_error": 0.902}, {"outer_epoch": 116, "inner_epoch": 1, "train_loss": NaN, "grad_norm": NaN, "test_error": 0.902}, {"outer_epoch": 117, "inner_epoch": 1, "train_loss": NaN, "grad_norm": NaN, "test_error": 0.902}, {"outer_epoch": 118, "inner_epoch": 1, "train_loss": NaN, "grad_norm": NaN, "test_error": 0.902}, {"outer_epoch": 119, "inner_epoch": 1, "train_loss": NaN, "grad_norm": NaN, "test_error": 0.902}, {"outer_epoch": 120, "inner_epoch": 1, "train_loss": NaN, "grad_norm": NaN, "test_error": 0.902}, {"outer_epoch": 121, "inner_epoch": 1, "train_loss": NaN, "grad_norm": NaN, "test_error": 0.902}, {"outer_epoch": 122, "inner_epoch": 1, "train_loss": NaN, "grad_norm": NaN, "test_error": 0.902}, {"outer_epoch": 123, "inner_epoch": 1, "train_loss": NaN, "grad_norm": NaN, "test_error": 0.902}, {"outer_epoch": 124, "inner_epoch": 1, "train_loss": NaN, "grad_norm": NaN, "test_error": 0.902}, {"outer_epoch": 125, "inner_epoch": 1, "train_loss": NaN, "grad_norm": NaN, "test_error": 0.902}, {"outer_epoch": 126, "inner_epoch": 1, "train_loss": NaN, "grad_norm": NaN, "test_error": 0.902}, {"outer_epoch": 127, "inner_epoch": 1, "train_loss": NaN, "grad_norm": NaN, "test_error": 0.902}, {"outer_epoch": 128, "inner_epoch": 1, "train_loss": NaN, "grad_norm": NaN, "test_error": 0.902}, {"outer_epoch": 129, "inner_epoch": 1, "train_loss": NaN, "grad_norm": NaN, "test_error": 0.902}, {"outer_epoch": 130, "inner_epoch": 1, "train_loss": NaN, "grad_norm": NaN, "test_error": 0.902}, {"outer_epoch": 131, "inner_epoch": 1, "train_loss": NaN, "grad_norm": NaN, "test_error": 0.902}, {"outer_epoch": 132, "inner_epoch": 1, "train_loss": NaN, "grad_norm": NaN, "test_error": 0.902}, {"outer_epoch": 133, "inner_epoch": 1, "train_loss": NaN, "grad_norm": NaN, "test_error": 0.902}, {"outer_epoch": 134, "inner_epoch": 1, "train_loss": NaN, "grad_norm": NaN, "test_error": 0.902}, {"outer_epoch": 135, "inner_epoch": 1, "train_loss": NaN, "grad_norm": NaN, "test_error": 0.902}, {"outer_epoch": 136, "inner_epoch": 1, "train_loss": NaN, "grad_norm": NaN, "test_error": 0.902}, {"outer_epoch": 137, "inner_epoch": 1, "train_loss": NaN, "grad_norm": NaN, "test_error": 0.902}, {"outer_epoch": 138, "inner_epoch": 1, "train_loss": NaN, "grad_norm": NaN, "test_error": 0.902}, {"outer_epoch": 139, "inner_epoch": 1, "train_loss": NaN, "grad_norm": NaN, "test_error": 0.902}, {"outer_epoch": 140, "inner_epoch": 1, "train_loss": NaN, "grad_norm": NaN, "test_error": 0.902}, {"outer_epoch": 141, "inner_epoch": 1, "train_loss": NaN, "grad_norm": NaN, "test_error": 0.902}, {"outer_epoch": 142, "inner_epoch": 1, "train_loss": NaN, "grad_norm": NaN, "test_error": 0.902}, {"outer_epoch": 143, "inner_epoch": 1, "train_loss": NaN, "grad_norm": NaN, "test_error": 0.902}, {"outer_epoch": 144, "inner_epoch": 1, "train_loss": NaN, "grad_norm": NaN, "test_error": 0.902}, {"outer_epoch": 145, "inner_epoch": 1, "train_loss": NaN, "grad_norm": NaN, "test_error": 0.902}, {"outer_epoch": 146, "inner_epoch": 1, "train_loss": NaN, "grad_norm": NaN, "test_error": 0.902}, {"outer_epoch": 147, "inner_epoch": 1, "train_loss": NaN, "grad_norm": NaN, "test_error": 0.902}, {"outer_epoch": 148, "inner_epoch": 1, "train_loss": NaN, "grad_norm": NaN, "test_error": 0.902}, {"outer_epoch": 149, "inner_epoch": 1, "train_loss": NaN, "grad_norm": NaN, "test_error": 0.902}, {"outer_epoch": 150, "inner_epoch": 1, "train_loss": NaN, "grad_norm": NaN, "test_error": 0.902}, {"outer_epoch": 151, "inner_epoch": 1, "train_loss": NaN, "grad_norm": NaN, "test_error": 0.902}, {"outer_epoch": 152, "inner_epoch": 1, "train_loss": NaN, "grad_norm": NaN, "test_error": 0.902}, {"outer_epoch": 153, "inner_epoch": 1, "train_loss": NaN, "grad_norm": NaN, "test_error": 0.902}, {"outer_epoch": 154, "inner_epoch": 1, "train_loss": NaN, "grad_norm": NaN, "test_error": 0.902}, {"outer_epoch": 155, "inner_epoch": 1, "train_loss": NaN, "grad_norm": NaN, "test_error": 0.902}, {"outer_epoch": 156, "inner_epoch": 1, "train_loss": NaN, "grad_norm": NaN, "test_error": 0.902}, {"outer_epoch": 157, "inner_epoch": 1, "train_loss": NaN, "grad_norm": NaN, "test_error": 0.902}, {"outer_epoch": 158, "inner_epoch": 1, "train_loss": NaN, "grad_norm": NaN, "test_error": 0.902}, {"outer_epoch": 159, "inner_epoch": 1, "train_loss": NaN, "grad_norm": NaN, "test_error": 0.902}, {"outer_epoch": 160, "inner_epoch": 1, "train_loss": NaN, "grad_norm": NaN, "test_error": 0.902}, {"outer_epoch": 161, "inner_epoch": 1, "train_loss": NaN, "grad_norm": NaN, "test_error": 0.902}, {"outer_epoch": 162, "inner_epoch": 1, "train_loss": NaN, "grad_norm": NaN, "test_error": 0.902}, {"outer_epoch": 163, "inner_epoch": 1, "train_loss": NaN, "grad_norm": NaN, "test_error": 0.902}, {"outer_epoch": 164, "inner_epoch": 1, "train_loss": NaN, "grad_norm": NaN, "test_error": 0.902}, {"outer_epoch": 165, "inner_epoch": 1, "train_loss": NaN, "grad_norm": NaN, "test_error": 0.902}, {"outer_epoch": 166, "inner_epoch": 1, "train_loss": NaN, "grad_norm": NaN, "test_error": 0.902}, {"outer_epoch": 167, "inner_epoch": 1, "train_loss": NaN, "grad_norm": NaN, "test_error": 0.902}, {"outer_epoch": 168, "inner_epoch": 1, "train_loss": NaN, "grad_norm": NaN, "test_error": 0.902}, {"outer_epoch": 169, "inner_epoch": 1, "train_loss": NaN, "grad_norm": NaN, "test_error": 0.902}, {"outer_epoch": 170, "inner_epoch": 1, "train_loss": NaN, "grad_norm": NaN, "test_error": 0.902}, {"outer_epoch": 171, "inner_epoch": 1, "train_loss": NaN, "grad_norm": NaN, "test_error": 0.902}, {"outer_epoch": 172, "inner_epoch": 1, "train_loss": NaN, "grad_norm": NaN, "test_error": 0.902}, {"outer_epoch": 173, "inner_epoch": 1, "train_loss": NaN, "grad_norm": NaN, "test_error": 0.902}, {"outer_epoch": 174, "inner_epoch": 1, "train_loss": NaN, "grad_norm": NaN, "test_error": 0.902}, {"outer_epoch": 175, "inner_epoch": 1, "train_loss": NaN, "grad_norm": NaN, "test_error": 0.902}, {"outer_epoch": 176, "inner_epoch": 1, "train_loss": NaN, "grad_norm": NaN, "test_error": 0.902}, {"outer_epoch": 177, "inner_epoch": 1, "train_loss": NaN, "grad_norm": NaN, "test_error": 0.902}, {"outer_epoch": 178, "inner_epoch": 1, "train_loss": NaN, "grad_norm": NaN, "test_error": 0.902}, {"outer_epoch": 179, "inner_epoch": 1, "train_loss": NaN, "grad_norm": NaN, "test_error": 0.902}, {"outer_epoch": 180, "inner_epoch": 1, "train_loss": NaN, "grad_norm": NaN, "test_error": 0.902}, {"outer_epoch": 181, "inner_epoch": 1, "train_loss": NaN, "grad_norm": NaN, "test_error": 0.902}, {"outer_epoch": 182, "inner_epoch": 1, "train_loss": NaN, "grad_norm": NaN, "test_error": 0.902}, {"outer_epoch": 183, "inner_epoch": 1, "train_loss": NaN, "grad_norm": NaN, "test_error": 0.902}, {"outer_epoch": 184, "inner_epoch": 1, "train_loss": NaN, "grad_norm": NaN, "test_error": 0.902}, {"outer_epoch": 185, "inner_epoch": 1, "train_loss": NaN, "grad_norm": NaN, "test_error": 0.902}, {"outer_epoch": 186, "inner_epoch": 1, "train_loss": NaN, "grad_norm": NaN, "test_error": 0.902}, {"outer_epoch": 187, "inner_epoch": 1, "train_loss": NaN, "grad_norm": NaN, "test_error": 0.902}, {"outer_epoch": 188, "inner_epoch": 1, "train_loss": NaN, "grad_norm": NaN, "test_error": 0.902}, {"outer_epoch": 189, "inner_epoch": 1, "train_loss": NaN, "grad_norm": NaN, "test_error": 0.902}, {"outer_epoch": 190, "inner_epoch": 1, "train_loss": NaN, "grad_norm": NaN, "test_error": 0.902}, {"outer_epoch": 191, "inner_epoch": 1, "train_loss": NaN, "grad_norm": NaN, "test_error": 0.902}, {"outer_epoch": 192, "inner_epoch": 1, "train_loss": NaN, "grad_norm": NaN, "test_error": 0.902}, {"outer_epoch": 193, "inner_epoch": 1, "train_loss": NaN, "grad_norm": NaN, "test_error": 0.902}, {"outer_epoch": 194, "inner_epoch": 1, "train_loss": NaN, "grad_norm": NaN, "test_error": 0.902}, {"outer_epoch": 195, "inner_epoch": 1, "train_loss": NaN, "grad_norm": NaN, "test_error": 0.902}, {"outer_epoch": 196, "inner_epoch": 1, "train_loss": NaN, "grad_norm": NaN, "test_error": 0.902}, {"outer_epoch": 197, "inner_epoch": 1, "train_loss": NaN, "grad_norm": NaN, "test_error": 0.902}, {"outer_epoch": 198, "inner_epoch": 1, "train_loss": NaN, "grad_norm": NaN, "test_error": 0.902}, {"outer_epoch": 199, "inner_epoch": 1, "train_loss": NaN, "grad_norm": NaN, "test_error": 0.902}, {"outer_epoch": 200, "inner_epoch": 1, "train_loss": NaN, "grad_norm": NaN, "test_error": 0.902}, {"outer_epoch": 201, "inner_epoch": 1, "train_loss": NaN, "grad_norm": NaN, "test_error": 0.902}, {"outer_epoch": 202, "inner_epoch": 1, "train_loss": NaN, "grad_norm": NaN, "test_error": 0.902}, {"outer_epoch": 203, "inner_epoch": 1, "train_loss": NaN, "grad_norm": NaN, "test_error": 0.902}, {"outer_epoch": 204, "inner_epoch": 1, "train_loss": NaN, "grad_norm": NaN, "test_error": 0.902}, {"outer_epoch": 205, "inner_epoch": 1, "train_loss": NaN, "grad_norm": NaN, "test_error": 0.902}, {"outer_epoch": 206, "inner_epoch": 1, "train_loss": NaN, "grad_norm": NaN, "test_error": 0.902}, {"outer_epoch": 207, "inner_epoch": 1, "train_loss": NaN, "grad_norm": NaN, "test_error": 0.902}, {"outer_epoch": 208, "inner_epoch": 1, "train_loss": NaN, "grad_norm": NaN, "test_error": 0.902}, {"outer_epoch": 209, "inner_epoch": 1, "train_loss": NaN, "grad_norm": NaN, "test_error": 0.902}, {"outer_epoch": 210, "inner_epoch": 1, "train_loss": NaN, "grad_norm": NaN, "test_error": 0.902}, {"outer_epoch": 211, "inner_epoch": 1, "train_loss": NaN, "grad_norm": NaN, "test_error": 0.902}, {"outer_epoch": 212, "inner_epoch": 1, "train_loss": NaN, "grad_norm": NaN, "test_error": 0.902}, {"outer_epoch": 213, "inner_epoch": 1, "train_loss": NaN, "grad_norm": NaN, "test_error": 0.902}, {"outer_epoch": 214, "inner_epoch": 1, "train_loss": NaN, "grad_norm": NaN, "test_error": 0.902}, {"outer_epoch": 215, "inner_epoch": 1, "train_loss": NaN, "grad_norm": NaN, "test_error": 0.902}, {"outer_epoch": 216, "inner_epoch": 1, "train_loss": NaN, "grad_norm": NaN, "test_error": 0.902}, {"outer_epoch": 217, "inner_epoch": 1, "train_loss": NaN, "grad_norm": NaN, "test_error": 0.902}, {"outer_epoch": 218, "inner_epoch": 1, "train_loss": NaN, "grad_norm": NaN, "test_error": 0.902}, {"outer_epoch": 219, "inner_epoch": 1, "train_loss": NaN, "grad_norm": NaN, "test_error": 0.902}, {"outer_epoch": 220, "inner_epoch": 1, "train_loss": NaN, "grad_norm": NaN, "test_error": 0.902}, {"outer_epoch": 221, "inner_epoch": 1, "train_loss": NaN, "grad_norm": NaN, "test_error": 0.902}, {"outer_epoch": 222, "inner_epoch": 1, "train_loss": NaN, "grad_norm": NaN, "test_error": 0.902}, {"outer_epoch": 223, "inner_epoch": 1, "train_loss": NaN, "grad_norm": NaN, "test_error": 0.902}, {"outer_epoch": 224, "inner_epoch": 1, "train_loss": NaN, "grad_norm": NaN, "test_error": 0.902}, {"outer_epoch": 225, "inner_epoch": 1, "train_loss": NaN, "grad_norm": NaN, "test_error": 0.902}, {"outer_epoch": 226, "inner_epoch": 1, "train_loss": NaN, "grad_norm": NaN, "test_error": 0.902}, {"outer_epoch": 227, "inner_epoch": 1, "train_loss": NaN, "grad_norm": NaN, "test_error": 0.902}, {"outer_epoch": 228, "inner_epoch": 1, "train_loss": NaN, "grad_norm": NaN, "test_error": 0.902}, {"outer_epoch": 229, "inner_epoch": 1, "train_loss": NaN, "grad_norm": NaN, "test_error": 0.902}, {"outer_epoch": 230, "inner_epoch": 1, "train_loss": NaN, "grad_norm": NaN, "test_error": 0.902}, {"outer_epoch": 231, "inner_epoch": 1, "train_loss": NaN, "grad_norm": NaN, "test_error": 0.902}, {"outer_epoch": 232, "inner_epoch": 1, "train_loss": NaN, "grad_norm": NaN, "test_error": 0.902}, {"outer_epoch": 233, "inner_epoch": 1, "train_loss": NaN, "grad_norm": NaN, "test_error": 0.902}, {"outer_epoch": 234, "inner_epoch": 1, "train_loss": NaN, "grad_norm": NaN, "test_error": 0.902}, {"outer_epoch": 235, "inner_epoch": 1, "train_loss": NaN, "grad_norm": NaN, "test_error": 0.902}, {"outer_epoch": 236, "inner_epoch": 1, "train_loss": NaN, "grad_norm": NaN, "test_error": 0.902}, {"outer_epoch": 237, "inner_epoch": 1, "train_loss": NaN, "grad_norm": NaN, "test_error": 0.902}, {"outer_epoch": 238, "inner_epoch": 1, "train_loss": NaN, "grad_norm": NaN, "test_error": 0.902}, {"outer_epoch": 239, "inner_epoch": 1, "train_loss": NaN, "grad_norm": NaN, "test_error": 0.902}, {"outer_epoch": 240, "inner_epoch": 1, "train_loss": NaN, "grad_norm": NaN, "test_error": 0.902}, {"outer_epoch": 241, "inner_epoch": 1, "train_loss": NaN, "grad_norm": NaN, "test_error": 0.902}, {"outer_epoch": 242, "inner_epoch": 1, "train_loss": NaN, "grad_norm": NaN, "test_error": 0.902}, {"outer_epoch": 243, "inner_epoch": 1, "train_loss": NaN, "grad_norm": NaN, "test_error": 0.902}, {"outer_epoch": 244, "inner_epoch": 1, "train_loss": NaN, "grad_norm": NaN, "test_error": 0.902}, {"outer_epoch": 245, "inner_epoch": 1, "train_loss": NaN, "grad_norm": NaN, "test_error": 0.902}, {"outer_epoch": 246, "inner_epoch": 1, "train_loss": NaN, "grad_norm": NaN, "test_error": 0.902}, {"outer_epoch": 247, "inner_epoch": 1, "train_loss": NaN, "grad_norm": NaN, "test_error": 0.902}, {"outer_epoch": 248, "inner_epoch": 1, "train_loss": NaN, "grad_norm": NaN, "test_error": 0.902}, {"outer_epoch": 249, "inner_epoch": 1, "train_loss": NaN, "grad_norm": NaN, "test_error": 0.902}, {"outer_epoch": 250, "inner_epoch": 1, "train_loss": NaN, "grad_norm": NaN, "test_error": 0.902}]}