{"argv": ["train.py", "--seed", "79", "--optimizer", "SVRG", "--run_name", "svrg_0.01.json", "--output_path", "experiments/nonconvex_mnist_deep/svrg-0.01.json", "--dataset", "MNIST", "--layer_sizes", "784", "600", "300", "10", "--batch_size", "10", "--learning_rate", "0.01", "--weight_decay", "0.001", "--warmup_learning_rate", "0.03", "--num_warmup_epochs", "10", "--num_outer_epochs", "250", "--num_inner_epochs", "1", "--device", "cuda"], "args": {"seed": 79, "optimizer": "SVRG", "run_name": "svrg_0.01.json", "output_path": "experiments/nonconvex_mnist_deep/svrg-0.01.json", "device": "cuda", "dataset": "MNIST", "dataset_root": "~/datasets/pytorch", "dataset_size": null, "download": false, "layer_sizes": [784, 600, 300, 10], "batch_size": 10, "test_batch_size": 256, "learning_rate": 0.01, "weight_decay": 0.001, "warmup_learning_rate": 0.03, "num_warmup_epochs": 10, "num_outer_epochs": 250, "num_inner_epochs": 1, "inner_epoch_fraction": null, "choose_random_iterate": false, "num_epochs": 10}, "metrics": [{"warmup_epoch": 1, "train_loss": 0.346464528527072, "grad_norm": 0.22106513381004333, "test_error": 0.0443}, {"warmup_epoch": 2, "train_loss": 0.130714146493158, "grad_norm": 0.18392831087112427, "test_error": 0.0326}, {"warmup_epoch": 3, "train_loss": 0.09383272913537803, "grad_norm": 0.17008905112743378, "test_error": 0.0267}, {"warmup_epoch": 4, "train_loss": 0.07594742359446051, "grad_norm": 0.2526373267173767, "test_error": 0.0264}, {"warmup_epoch": 5, "train_loss": 0.06704114026339085, "grad_norm": 0.17545419931411743, "test_error": 0.0226}, {"warmup_epoch": 6, "train_loss": 0.05969950944062536, "grad_norm": 0.16558437049388885, "test_error": 0.0221}, {"warmup_epoch": 7, "train_loss": 0.05605181773917381, "grad_norm": 0.13674423098564148, "test_error": 0.022}, {"warmup_epoch": 8, "train_loss": 0.051774662089310974, "grad_norm": 0.13241495192050934, "test_error": 0.0215}, {"warmup_epoch": 9, "train_loss": 0.04942933207847818, "grad_norm": 0.20911480486392975, "test_error": 0.0215}, {"warmup_epoch": 10, "train_loss": 0.048595676936541474, "grad_norm": 0.2713138461112976, "test_error": 0.0242}, {"outer_epoch": 1, "inner_epoch": 1, "train_loss": 0.03076622636936372, "grad_norm": 0.07657067477703094, "test_error": 0.0188}, {"outer_epoch": 2, "inner_epoch": 1, "train_loss": 0.028215125167475586, "grad_norm": 0.02062511444091797, "test_error": 0.0168}, {"outer_epoch": 3, "inner_epoch": 1, "train_loss": 0.027738981066698518, "grad_norm": 0.01525648683309555, "test_error": 0.0165}, {"outer_epoch": 4, "inner_epoch": 1, "train_loss": 0.027572749263529355, "grad_norm": 0.013837636448442936, "test_error": 0.0165}, {"outer_epoch": 5, "inner_epoch": 1, "train_loss": 0.027411727011174662, "grad_norm": 0.01335932221263647, "test_error": 0.0167}, {"outer_epoch": 6, "inner_epoch": 1, "train_loss": 0.02724020212627268, "grad_norm": 0.013384638354182243, "test_error": 0.0164}, {"outer_epoch": 7, "inner_epoch": 1, "train_loss": 0.02706307168751664, "grad_norm": 0.014188172295689583, "test_error": 0.0166}, {"outer_epoch": 8, "inner_epoch": 1, "train_loss": 0.026905999231768268, "grad_norm": 0.0143262455239892, "test_error": 0.0159}, {"outer_epoch": 9, "inner_epoch": 1, "train_loss": 0.026738624332181642, "grad_norm": 0.013873795978724957, "test_error": 0.0164}, {"outer_epoch": 10, "inner_epoch": 1, "train_loss": 0.026572839513260987, "grad_norm": 0.013860647566616535, "test_error": 0.0162}, {"outer_epoch": 11, "inner_epoch": 1, "train_loss": 0.026433899042664657, "grad_norm": 0.014208899810910225, "test_error": 0.0162}, {"outer_epoch": 12, "inner_epoch": 1, "train_loss": 0.02628971006522867, "grad_norm": 0.014333109371364117, "test_error": 0.0167}, {"outer_epoch": 13, "inner_epoch": 1, "train_loss": 0.02614298807110754, "grad_norm": 0.01452526543289423, "test_error": 0.0167}, {"outer_epoch": 14, "inner_epoch": 1, "train_loss": 0.02602410830318695, "grad_norm": 0.014377770945429802, "test_error": 0.0163}, {"outer_epoch": 15, "inner_epoch": 1, "train_loss": 0.02590231103687741, "grad_norm": 0.014130184426903725, "test_error": 0.0164}, {"outer_epoch": 16, "inner_epoch": 1, "train_loss": 0.025774287206465185, "grad_norm": 0.0140133798122406, "test_error": 0.0167}, {"outer_epoch": 17, "inner_epoch": 1, "train_loss": 0.0256911036727494, "grad_norm": 0.015177011489868164, "test_error": 0.0168}, {"outer_epoch": 18, "inner_epoch": 1, "train_loss": 0.025582366156406352, "grad_norm": 0.014965777285397053, "test_error": 0.0166}, {"outer_epoch": 19, "inner_epoch": 1, "train_loss": 0.025484925369998867, "grad_norm": 0.014767075888812542, "test_error": 0.0166}, {"outer_epoch": 20, "inner_epoch": 1, "train_loss": 0.02539643637899523, "grad_norm": 0.01469715777784586, "test_error": 0.0165}, {"outer_epoch": 21, "inner_epoch": 1, "train_loss": 0.02532032981631831, "grad_norm": 0.014341861940920353, "test_error": 0.0168}, {"outer_epoch": 22, "inner_epoch": 1, "train_loss": 0.02524095160443782, "grad_norm": 0.013964245095849037, "test_error": 0.0169}, {"outer_epoch": 23, "inner_epoch": 1, "train_loss": 0.025167749208548532, "grad_norm": 0.014373076148331165, "test_error": 0.0167}, {"outer_epoch": 24, "inner_epoch": 1, "train_loss": 0.025107228775620268, "grad_norm": 0.01437042560428381, "test_error": 0.0168}, {"outer_epoch": 25, "inner_epoch": 1, "train_loss": 0.02502677739972326, "grad_norm": 0.014435096643865108, "test_error": 0.0171}, {"outer_epoch": 26, "inner_epoch": 1, "train_loss": 0.02498252363902187, "grad_norm": 0.014376653358340263, "test_error": 0.0169}, {"outer_epoch": 27, "inner_epoch": 1, "train_loss": 0.024921240774126392, "grad_norm": 0.014573748223483562, "test_error": 0.0169}, {"outer_epoch": 28, "inner_epoch": 1, "train_loss": 0.024858326006583713, "grad_norm": 0.014938785694539547, "test_error": 0.017}, {"outer_epoch": 29, "inner_epoch": 1, "train_loss": 0.024809797566806083, "grad_norm": 0.014625249430537224, "test_error": 0.0169}, {"outer_epoch": 30, "inner_epoch": 1, "train_loss": 0.024761339457521292, "grad_norm": 0.018396256491541862, "test_error": 0.0167}, {"outer_epoch": 31, "inner_epoch": 1, "train_loss": 0.024709682667409652, "grad_norm": 0.015229328535497189, "test_error": 0.017}, {"outer_epoch": 32, "inner_epoch": 1, "train_loss": 0.02464749780174073, "grad_norm": 0.014984062872827053, "test_error": 0.0168}, {"outer_epoch": 33, "inner_epoch": 1, "train_loss": 0.02462179954930616, "grad_norm": 0.01598765328526497, "test_error": 0.0168}, {"outer_epoch": 34, "inner_epoch": 1, "train_loss": 0.024595776960025736, "grad_norm": 0.015185857191681862, "test_error": 0.0168}, {"outer_epoch": 35, "inner_epoch": 1, "train_loss": 0.024532364457069585, "grad_norm": 0.01478047389537096, "test_error": 0.0168}, {"outer_epoch": 36, "inner_epoch": 1, "train_loss": 0.024488376420762507, "grad_norm": 0.014124847948551178, "test_error": 0.0167}, {"outer_epoch": 37, "inner_epoch": 1, "train_loss": 0.02444261118979193, "grad_norm": 0.01518937386572361, "test_error": 0.017}, {"outer_epoch": 38, "inner_epoch": 1, "train_loss": 0.02443459756740291, "grad_norm": 0.015153676271438599, "test_error": 0.0171}, {"outer_epoch": 39, "inner_epoch": 1, "train_loss": 0.024397649301764128, "grad_norm": 0.014308434911072254, "test_error": 0.0168}, {"outer_epoch": 40, "inner_epoch": 1, "train_loss": 0.024356542947770017, "grad_norm": 0.015284623019397259, "test_error": 0.017}, {"outer_epoch": 41, "inner_epoch": 1, "train_loss": 0.02433208713932254, "grad_norm": 0.016298765316605568, "test_error": 0.0169}, {"outer_epoch": 42, "inner_epoch": 1, "train_loss": 0.024295974152851462, "grad_norm": 0.014418578706681728, "test_error": 0.017}, {"outer_epoch": 43, "inner_epoch": 1, "train_loss": 0.024265338421377236, "grad_norm": 0.014914567582309246, "test_error": 0.0171}, {"outer_epoch": 44, "inner_epoch": 1, "train_loss": 0.024242050012127342, "grad_norm": 0.014433121308684349, "test_error": 0.0172}, {"outer_epoch": 45, "inner_epoch": 1, "train_loss": 0.024211109961237525, "grad_norm": 0.014704779721796513, "test_error": 0.0171}, {"outer_epoch": 46, "inner_epoch": 1, "train_loss": 0.024196963618296045, "grad_norm": 0.01467252615839243, "test_error": 0.017}, {"outer_epoch": 47, "inner_epoch": 1, "train_loss": 0.02417665229282769, "grad_norm": 0.014270005747675896, "test_error": 0.0171}, {"outer_epoch": 48, "inner_epoch": 1, "train_loss": 0.02413478531696213, "grad_norm": 0.014871405437588692, "test_error": 0.0172}, {"outer_epoch": 49, "inner_epoch": 1, "train_loss": 0.024136517303665946, "grad_norm": 0.01560222078114748, "test_error": 0.0173}, {"outer_epoch": 50, "inner_epoch": 1, "train_loss": 0.024099800097586315, "grad_norm": 0.014610708691179752, "test_error": 0.0172}, {"outer_epoch": 51, "inner_epoch": 1, "train_loss": 0.02408340691881555, "grad_norm": 0.014780164696276188, "test_error": 0.0171}, {"outer_epoch": 52, "inner_epoch": 1, "train_loss": 0.02406043626407821, "grad_norm": 0.01604030281305313, "test_error": 0.0171}, {"outer_epoch": 53, "inner_epoch": 1, "train_loss": 0.024040753055819854, "grad_norm": 0.014442446641623974, "test_error": 0.0171}, {"outer_epoch": 54, "inner_epoch": 1, "train_loss": 0.0240218419025623, "grad_norm": 0.01457030139863491, "test_error": 0.0172}, {"outer_epoch": 55, "inner_epoch": 1, "train_loss": 0.02399824416875102, "grad_norm": 0.014462901279330254, "test_error": 0.0172}, {"outer_epoch": 56, "inner_epoch": 1, "train_loss": 0.023978574088333215, "grad_norm": 0.015545825473964214, "test_error": 0.0172}, {"outer_epoch": 57, "inner_epoch": 1, "train_loss": 0.023976934694209678, "grad_norm": 0.014829065650701523, "test_error": 0.0174}, {"outer_epoch": 58, "inner_epoch": 1, "train_loss": 0.023950151904866896, "grad_norm": 0.014855402521789074, "test_error": 0.0171}, {"outer_epoch": 59, "inner_epoch": 1, "train_loss": 0.023924134250953407, "grad_norm": 0.014413400553166866, "test_error": 0.0173}, {"outer_epoch": 60, "inner_epoch": 1, "train_loss": 0.02390874778853807, "grad_norm": 0.015769027173519135, "test_error": 0.0172}, {"outer_epoch": 61, "inner_epoch": 1, "train_loss": 0.023894271578882277, "grad_norm": 0.014726398512721062, "test_error": 0.0172}, {"outer_epoch": 62, "inner_epoch": 1, "train_loss": 0.023872571929183323, "grad_norm": 0.015110169537365437, "test_error": 0.0172}, {"outer_epoch": 63, "inner_epoch": 1, "train_loss": 0.023866989476480135, "grad_norm": 0.014953524805605412, "test_error": 0.0173}, {"outer_epoch": 64, "inner_epoch": 1, "train_loss": 0.02382931535242339, "grad_norm": 0.016014423221349716, "test_error": 0.0171}, {"outer_epoch": 65, "inner_epoch": 1, "train_loss": 0.023837342121376424, "grad_norm": 0.01571032963693142, "test_error": 0.0172}, {"outer_epoch": 66, "inner_epoch": 1, "train_loss": 0.02381706805510233, "grad_norm": 0.01532531064003706, "test_error": 0.0173}, {"outer_epoch": 67, "inner_epoch": 1, "train_loss": 0.023821609926215993, "grad_norm": 0.015089839696884155, "test_error": 0.017}, {"outer_epoch": 68, "inner_epoch": 1, "train_loss": 0.02378584360309469, "grad_norm": 0.015177175402641296, "test_error": 0.017}, {"outer_epoch": 69, "inner_epoch": 1, "train_loss": 0.0237706101466271, "grad_norm": 0.014659211970865726, "test_error": 0.0168}, {"outer_epoch": 70, "inner_epoch": 1, "train_loss": 0.02377310106913986, "grad_norm": 0.01442820392549038, "test_error": 0.017}, {"outer_epoch": 71, "inner_epoch": 1, "train_loss": 0.023742743625890093, "grad_norm": 0.014740966260433197, "test_error": 0.0171}, {"outer_epoch": 72, "inner_epoch": 1, "train_loss": 0.023724967122339877, "grad_norm": 0.014403972774744034, "test_error": 0.0171}, {"outer_epoch": 73, "inner_epoch": 1, "train_loss": 0.023716696544526107, "grad_norm": 0.014791137538850307, "test_error": 0.0173}, {"outer_epoch": 74, "inner_epoch": 1, "train_loss": 0.02371209714819755, "grad_norm": 0.016586586833000183, "test_error": 0.017}, {"outer_epoch": 75, "inner_epoch": 1, "train_loss": 0.02372051569035102, "grad_norm": 0.014909083023667336, "test_error": 0.0171}, {"outer_epoch": 76, "inner_epoch": 1, "train_loss": 0.02366860422146177, "grad_norm": 0.014941358007490635, "test_error": 0.0172}, {"outer_epoch": 77, "inner_epoch": 1, "train_loss": 0.023653836413252673, "grad_norm": 0.014555944129824638, "test_error": 0.0172}, {"outer_epoch": 78, "inner_epoch": 1, "train_loss": 0.02365632897513812, "grad_norm": 0.014447432942688465, "test_error": 0.0171}, {"outer_epoch": 79, "inner_epoch": 1, "train_loss": 0.023655214695128962, "grad_norm": 0.015101395547389984, "test_error": 0.0172}, {"outer_epoch": 80, "inner_epoch": 1, "train_loss": 0.023647518678058987, "grad_norm": 0.014827501028776169, "test_error": 0.017}, {"outer_epoch": 81, "inner_epoch": 1, "train_loss": 0.023632448176373146, "grad_norm": 0.01586153544485569, "test_error": 0.017}, {"outer_epoch": 82, "inner_epoch": 1, "train_loss": 0.02362149630523345, "grad_norm": 0.015170675702393055, "test_error": 0.017}, {"outer_epoch": 83, "inner_epoch": 1, "train_loss": 0.02360891672958678, "grad_norm": 0.014567002654075623, "test_error": 0.0172}, {"outer_epoch": 84, "inner_epoch": 1, "train_loss": 0.023604208543336426, "grad_norm": 0.014733661897480488, "test_error": 0.0171}, {"outer_epoch": 85, "inner_epoch": 1, "train_loss": 0.02360364032687115, "grad_norm": 0.014818820171058178, "test_error": 0.0171}, {"outer_epoch": 86, "inner_epoch": 1, "train_loss": 0.023576701624779768, "grad_norm": 0.014320680871605873, "test_error": 0.017}, {"outer_epoch": 87, "inner_epoch": 1, "train_loss": 0.02356682360420382, "grad_norm": 0.015334149822592735, "test_error": 0.0171}, {"outer_epoch": 88, "inner_epoch": 1, "train_loss": 0.023575611345896808, "grad_norm": 0.016995761543512344, "test_error": 0.0171}, {"outer_epoch": 89, "inner_epoch": 1, "train_loss": 0.023540631317271618, "grad_norm": 0.014894150197505951, "test_error": 0.0171}, {"outer_epoch": 90, "inner_epoch": 1, "train_loss": 0.023536371246154885, "grad_norm": 0.015371021814644337, "test_error": 0.0172}, {"outer_epoch": 91, "inner_epoch": 1, "train_loss": 0.023535495922202245, "grad_norm": 0.014730527065694332, "test_error": 0.0172}, {"outer_epoch": 92, "inner_epoch": 1, "train_loss": 0.023524102905299514, "grad_norm": 0.014536488801240921, "test_error": 0.0171}, {"outer_epoch": 93, "inner_epoch": 1, "train_loss": 0.023506012895445263, "grad_norm": 0.015209976583719254, "test_error": 0.0172}, {"outer_epoch": 94, "inner_epoch": 1, "train_loss": 0.023502118147623454, "grad_norm": 0.01499646995216608, "test_error": 0.0171}, {"outer_epoch": 95, "inner_epoch": 1, "train_loss": 0.023505136500360096, "grad_norm": 0.015303831547498703, "test_error": 0.0169}, {"outer_epoch": 96, "inner_epoch": 1, "train_loss": 0.023478433143265042, "grad_norm": 0.014817103743553162, "test_error": 0.0174}, {"outer_epoch": 97, "inner_epoch": 1, "train_loss": 0.023500027173916655, "grad_norm": 0.015718381851911545, "test_error": 0.0172}, {"outer_epoch": 98, "inner_epoch": 1, "train_loss": 0.02346784370665167, "grad_norm": 0.014328583143651485, "test_error": 0.0172}, {"outer_epoch": 99, "inner_epoch": 1, "train_loss": 0.023446859926824496, "grad_norm": 0.014448108151555061, "test_error": 0.0171}, {"outer_epoch": 100, "inner_epoch": 1, "train_loss": 0.023442164852041363, "grad_norm": 0.015638666227459908, "test_error": 0.0171}, {"outer_epoch": 101, "inner_epoch": 1, "train_loss": 0.02345466098471176, "grad_norm": 0.01522747240960598, "test_error": 0.0169}, {"outer_epoch": 102, "inner_epoch": 1, "train_loss": 0.02344436562677341, "grad_norm": 0.01453717052936554, "test_error": 0.0171}, {"outer_epoch": 103, "inner_epoch": 1, "train_loss": 0.023433564661805576, "grad_norm": 0.015132415108382702, "test_error": 0.0173}, {"outer_epoch": 104, "inner_epoch": 1, "train_loss": 0.02342647172912257, "grad_norm": 0.01418792363256216, "test_error": 0.0173}, {"outer_epoch": 105, "inner_epoch": 1, "train_loss": 0.023409765514574247, "grad_norm": 0.015159886330366135, "test_error": 0.0171}, {"outer_epoch": 106, "inner_epoch": 1, "train_loss": 0.023406640621852905, "grad_norm": 0.014681139960885048, "test_error": 0.0169}, {"outer_epoch": 107, "inner_epoch": 1, "train_loss": 0.023391919999873303, "grad_norm": 0.015704767778515816, "test_error": 0.017}, {"outer_epoch": 108, "inner_epoch": 1, "train_loss": 0.023387464952858865, "grad_norm": 0.015335672535002232, "test_error": 0.017}, {"outer_epoch": 109, "inner_epoch": 1, "train_loss": 0.023382646730300622, "grad_norm": 0.014470403082668781, "test_error": 0.0169}, {"outer_epoch": 110, "inner_epoch": 1, "train_loss": 0.0233653482159231, "grad_norm": 0.015389096923172474, "test_error": 0.0172}, {"outer_epoch": 111, "inner_epoch": 1, "train_loss": 0.023381454722322816, "grad_norm": 0.015801846981048584, "test_error": 0.017}, {"outer_epoch": 112, "inner_epoch": 1, "train_loss": 0.02338041038563824, "grad_norm": 0.014921911060810089, "test_error": 0.017}, {"outer_epoch": 113, "inner_epoch": 1, "train_loss": 0.023368388298709762, "grad_norm": 0.015806233510375023, "test_error": 0.0173}, {"outer_epoch": 114, "inner_epoch": 1, "train_loss": 0.023360757249087327, "grad_norm": 0.014625578187406063, "test_error": 0.0171}, {"outer_epoch": 115, "inner_epoch": 1, "train_loss": 0.023360369822214126, "grad_norm": 0.014475516974925995, "test_error": 0.0172}, {"outer_epoch": 116, "inner_epoch": 1, "train_loss": 0.023338929384437507, "grad_norm": 0.015533721074461937, "test_error": 0.0168}, {"outer_epoch": 117, "inner_epoch": 1, "train_loss": 0.023332406317934026, "grad_norm": 0.015474743209779263, "test_error": 0.0175}, {"outer_epoch": 118, "inner_epoch": 1, "train_loss": 0.023335611156362575, "grad_norm": 0.015601245686411858, "test_error": 0.0173}, {"outer_epoch": 119, "inner_epoch": 1, "train_loss": 0.023318486973342562, "grad_norm": 0.014906739816069603, "test_error": 0.017}, {"outer_epoch": 120, "inner_epoch": 1, "train_loss": 0.023306654463803474, "grad_norm": 0.01509773824363947, "test_error": 0.017}, {"outer_epoch": 121, "inner_epoch": 1, "train_loss": 0.023315149535798507, "grad_norm": 0.014413737691938877, "test_error": 0.0169}, {"outer_epoch": 122, "inner_epoch": 1, "train_loss": 0.023289633312883477, "grad_norm": 0.014642204158008099, "test_error": 0.017}, {"outer_epoch": 123, "inner_epoch": 1, "train_loss": 0.023298686575862423, "grad_norm": 0.014159830287098885, "test_error": 0.017}, {"outer_epoch": 124, "inner_epoch": 1, "train_loss": 0.0232909424683797, "grad_norm": 0.015050869435071945, "test_error": 0.0172}, {"outer_epoch": 125, "inner_epoch": 1, "train_loss": 0.02328799605988024, "grad_norm": 0.014842217788100243, "test_error": 0.017}, {"outer_epoch": 126, "inner_epoch": 1, "train_loss": 0.023277401097332284, "grad_norm": 0.015038354322314262, "test_error": 0.0167}, {"outer_epoch": 127, "inner_epoch": 1, "train_loss": 0.02327864864280855, "grad_norm": 0.014435403048992157, "test_error": 0.0171}, {"outer_epoch": 128, "inner_epoch": 1, "train_loss": 0.023280951015180715, "grad_norm": 0.01498775091022253, "test_error": 0.017}, {"outer_epoch": 129, "inner_epoch": 1, "train_loss": 0.023256727733794832, "grad_norm": 0.01472560316324234, "test_error": 0.017}, {"outer_epoch": 130, "inner_epoch": 1, "train_loss": 0.023244737038194824, "grad_norm": 0.014819752424955368, "test_error": 0.0172}, {"outer_epoch": 131, "inner_epoch": 1, "train_loss": 0.023250451154575177, "grad_norm": 0.015008403919637203, "test_error": 0.0169}, {"outer_epoch": 132, "inner_epoch": 1, "train_loss": 0.023235472367960027, "grad_norm": 0.01607031747698784, "test_error": 0.0169}, {"outer_epoch": 133, "inner_epoch": 1, "train_loss": 0.02324747967104607, "grad_norm": 0.01464743260294199, "test_error": 0.0169}, {"outer_epoch": 134, "inner_epoch": 1, "train_loss": 0.023224094662601905, "grad_norm": 0.014637203887104988, "test_error": 0.0172}, {"outer_epoch": 135, "inner_epoch": 1, "train_loss": 0.02323313629475888, "grad_norm": 0.014816293492913246, "test_error": 0.0172}, {"outer_epoch": 136, "inner_epoch": 1, "train_loss": 0.023225732399674598, "grad_norm": 0.015309933573007584, "test_error": 0.0172}, {"outer_epoch": 137, "inner_epoch": 1, "train_loss": 0.02322428178098441, "grad_norm": 0.014826830476522446, "test_error": 0.017}, {"outer_epoch": 138, "inner_epoch": 1, "train_loss": 0.023207261434217797, "grad_norm": 0.01572604291141033, "test_error": 0.0169}, {"outer_epoch": 139, "inner_epoch": 1, "train_loss": 0.023183196885550084, "grad_norm": 0.015348702669143677, "test_error": 0.017}, {"outer_epoch": 140, "inner_epoch": 1, "train_loss": 0.02320076167548056, "grad_norm": 0.015891429036855698, "test_error": 0.0171}, {"outer_epoch": 141, "inner_epoch": 1, "train_loss": 0.02320779594069366, "grad_norm": 0.01645698770880699, "test_error": 0.0169}, {"outer_epoch": 142, "inner_epoch": 1, "train_loss": 0.02319766536190097, "grad_norm": 0.015398932620882988, "test_error": 0.0171}, {"outer_epoch": 143, "inner_epoch": 1, "train_loss": 0.02319812359903881, "grad_norm": 0.015888763591647148, "test_error": 0.0172}, {"outer_epoch": 144, "inner_epoch": 1, "train_loss": 0.023163853376550834, "grad_norm": 0.01517490390688181, "test_error": 0.0168}, {"outer_epoch": 145, "inner_epoch": 1, "train_loss": 0.02316204179995839, "grad_norm": 0.014972948469221592, "test_error": 0.0169}, {"outer_epoch": 146, "inner_epoch": 1, "train_loss": 0.023162520899890904, "grad_norm": 0.014797930605709553, "test_error": 0.0169}, {"outer_epoch": 147, "inner_epoch": 1, "train_loss": 0.023160049694883732, "grad_norm": 0.014860820956528187, "test_error": 0.017}, {"outer_epoch": 148, "inner_epoch": 1, "train_loss": 0.023148453374880775, "grad_norm": 0.015290610492229462, "test_error": 0.0169}, {"outer_epoch": 149, "inner_epoch": 1, "train_loss": 0.023160482068235677, "grad_norm": 0.014582507312297821, "test_error": 0.0171}, {"outer_epoch": 150, "inner_epoch": 1, "train_loss": 0.02314001722349591, "grad_norm": 0.014687479473650455, "test_error": 0.017}, {"outer_epoch": 151, "inner_epoch": 1, "train_loss": 0.02313634023797446, "grad_norm": 0.01530932355672121, "test_error": 0.0168}, {"outer_epoch": 152, "inner_epoch": 1, "train_loss": 0.023141570274878176, "grad_norm": 0.015572239644825459, "test_error": 0.0166}, {"outer_epoch": 153, "inner_epoch": 1, "train_loss": 0.023148793057005, "grad_norm": 0.01565534621477127, "test_error": 0.017}, {"outer_epoch": 154, "inner_epoch": 1, "train_loss": 0.023134275106247514, "grad_norm": 0.01513470895588398, "test_error": 0.0169}, {"outer_epoch": 155, "inner_epoch": 1, "train_loss": 0.023126513169462366, "grad_norm": 0.014736061915755272, "test_error": 0.0171}, {"outer_epoch": 156, "inner_epoch": 1, "train_loss": 0.023114524209663312, "grad_norm": 0.01472525019198656, "test_error": 0.0171}, {"outer_epoch": 157, "inner_epoch": 1, "train_loss": 0.023119492107395976, "grad_norm": 0.01492622122168541, "test_error": 0.0167}, {"outer_epoch": 158, "inner_epoch": 1, "train_loss": 0.02312893518547935, "grad_norm": 0.015353227034211159, "test_error": 0.0169}, {"outer_epoch": 159, "inner_epoch": 1, "train_loss": 0.02309790531094768, "grad_norm": 0.026763299480080605, "test_error": 0.0167}, {"outer_epoch": 160, "inner_epoch": 1, "train_loss": 0.02312209522209499, "grad_norm": 0.018026072531938553, "test_error": 0.0171}, {"outer_epoch": 161, "inner_epoch": 1, "train_loss": 0.023116579739444813, "grad_norm": 0.016148202121257782, "test_error": 0.0169}, {"outer_epoch": 162, "inner_epoch": 1, "train_loss": 0.023094840859247293, "grad_norm": 0.015798693522810936, "test_error": 0.0167}, {"outer_epoch": 163, "inner_epoch": 1, "train_loss": 0.0230834699488308, "grad_norm": 0.015204085037112236, "test_error": 0.017}, {"outer_epoch": 164, "inner_epoch": 1, "train_loss": 0.023090241004751686, "grad_norm": 0.014596187509596348, "test_error": 0.0172}, {"outer_epoch": 165, "inner_epoch": 1, "train_loss": 0.02308175992458564, "grad_norm": 0.014793045818805695, "test_error": 0.0168}, {"outer_epoch": 166, "inner_epoch": 1, "train_loss": 0.023106230968837432, "grad_norm": 0.014855869114398956, "test_error": 0.0166}, {"outer_epoch": 167, "inner_epoch": 1, "train_loss": 0.023081704323310987, "grad_norm": 0.014651117846369743, "test_error": 0.0167}, {"outer_epoch": 168, "inner_epoch": 1, "train_loss": 0.023073912890584324, "grad_norm": 0.015265696682035923, "test_error": 0.017}, {"outer_epoch": 169, "inner_epoch": 1, "train_loss": 0.023068624777869747, "grad_norm": 0.014553137123584747, "test_error": 0.017}, {"outer_epoch": 170, "inner_epoch": 1, "train_loss": 0.023065470410176203, "grad_norm": 0.014782355166971684, "test_error": 0.0168}, {"outer_epoch": 171, "inner_epoch": 1, "train_loss": 0.023069497504504398, "grad_norm": 0.014944704249501228, "test_error": 0.017}, {"outer_epoch": 172, "inner_epoch": 1, "train_loss": 0.023055098210902847, "grad_norm": 0.014891753904521465, "test_error": 0.017}, {"outer_epoch": 173, "inner_epoch": 1, "train_loss": 0.023060138250739933, "grad_norm": 0.0150656308978796, "test_error": 0.017}, {"outer_epoch": 174, "inner_epoch": 1, "train_loss": 0.0230366184857315, "grad_norm": 0.014747567474842072, "test_error": 0.0168}, {"outer_epoch": 175, "inner_epoch": 1, "train_loss": 0.02303667481939677, "grad_norm": 0.014600374735891819, "test_error": 0.0169}, {"outer_epoch": 176, "inner_epoch": 1, "train_loss": 0.023036161646559777, "grad_norm": 0.015331894159317017, "test_error": 0.0167}, {"outer_epoch": 177, "inner_epoch": 1, "train_loss": 0.023026311569701648, "grad_norm": 0.01467285305261612, "test_error": 0.0169}, {"outer_epoch": 178, "inner_epoch": 1, "train_loss": 0.023044310046262884, "grad_norm": 0.015648696571588516, "test_error": 0.017}, {"outer_epoch": 179, "inner_epoch": 1, "train_loss": 0.023024992016153798, "grad_norm": 0.016632849350571632, "test_error": 0.0169}, {"outer_epoch": 180, "inner_epoch": 1, "train_loss": 0.02303473731595538, "grad_norm": 0.014751573093235493, "test_error": 0.0168}, {"outer_epoch": 181, "inner_epoch": 1, "train_loss": 0.0230330728285262, "grad_norm": 0.0149970892816782, "test_error": 0.0167}, {"outer_epoch": 182, "inner_epoch": 1, "train_loss": 0.023013513513394476, "grad_norm": 0.01771070435643196, "test_error": 0.0165}, {"outer_epoch": 183, "inner_epoch": 1, "train_loss": 0.023010432762137496, "grad_norm": 0.016372866928577423, "test_error": 0.0166}, {"outer_epoch": 184, "inner_epoch": 1, "train_loss": 0.02302111321204575, "grad_norm": 0.014584310352802277, "test_error": 0.0167}, {"outer_epoch": 185, "inner_epoch": 1, "train_loss": 0.023010486399046688, "grad_norm": 0.014723864383995533, "test_error": 0.0166}, {"outer_epoch": 186, "inner_epoch": 1, "train_loss": 0.02300595187230404, "grad_norm": 0.014792341738939285, "test_error": 0.0165}, {"outer_epoch": 187, "inner_epoch": 1, "train_loss": 0.022987170333459896, "grad_norm": 0.01451687328517437, "test_error": 0.0165}, {"outer_epoch": 188, "inner_epoch": 1, "train_loss": 0.022991408569165893, "grad_norm": 0.014493058435618877, "test_error": 0.0166}, {"outer_epoch": 189, "inner_epoch": 1, "train_loss": 0.022999405970971564, "grad_norm": 0.016126813367009163, "test_error": 0.0165}, {"outer_epoch": 190, "inner_epoch": 1, "train_loss": 0.022997725608234758, "grad_norm": 0.015701815485954285, "test_error": 0.0168}, {"outer_epoch": 191, "inner_epoch": 1, "train_loss": 0.022993556416467376, "grad_norm": 0.016120897606015205, "test_error": 0.017}, {"outer_epoch": 192, "inner_epoch": 1, "train_loss": 0.02298557202325416, "grad_norm": 0.014686277136206627, "test_error": 0.0166}, {"outer_epoch": 193, "inner_epoch": 1, "train_loss": 0.022992644919014614, "grad_norm": 0.01574081927537918, "test_error": 0.0165}, {"outer_epoch": 194, "inner_epoch": 1, "train_loss": 0.022982101816645204, "grad_norm": 0.014840900897979736, "test_error": 0.0168}, {"outer_epoch": 195, "inner_epoch": 1, "train_loss": 0.022967978390011315, "grad_norm": 0.014964532107114792, "test_error": 0.0168}, {"outer_epoch": 196, "inner_epoch": 1, "train_loss": 0.022984941107657506, "grad_norm": 0.014543352648615837, "test_error": 0.0169}, {"outer_epoch": 197, "inner_epoch": 1, "train_loss": 0.02296946719683668, "grad_norm": 0.01501768734306097, "test_error": 0.0165}, {"outer_epoch": 198, "inner_epoch": 1, "train_loss": 0.02296270380958352, "grad_norm": 0.014811125583946705, "test_error": 0.0167}, {"outer_epoch": 199, "inner_epoch": 1, "train_loss": 0.022968345636996672, "grad_norm": 0.01546392496675253, "test_error": 0.0169}, {"outer_epoch": 200, "inner_epoch": 1, "train_loss": 0.02296687256266887, "grad_norm": 0.015012904070317745, "test_error": 0.0166}, {"outer_epoch": 201, "inner_epoch": 1, "train_loss": 0.02295215693905387, "grad_norm": 0.01474014949053526, "test_error": 0.0167}, {"outer_epoch": 202, "inner_epoch": 1, "train_loss": 0.02296602412693028, "grad_norm": 0.014186098240315914, "test_error": 0.0167}, {"outer_epoch": 203, "inner_epoch": 1, "train_loss": 0.022952702709941757, "grad_norm": 0.014960302971303463, "test_error": 0.0166}, {"outer_epoch": 204, "inner_epoch": 1, "train_loss": 0.02295152328259913, "grad_norm": 0.015321105718612671, "test_error": 0.0166}, {"outer_epoch": 205, "inner_epoch": 1, "train_loss": 0.02293440450755103, "grad_norm": 0.015443203039467335, "test_error": 0.0166}, {"outer_epoch": 206, "inner_epoch": 1, "train_loss": 0.022954707702684877, "grad_norm": 0.01524219661951065, "test_error": 0.0164}, {"outer_epoch": 207, "inner_epoch": 1, "train_loss": 0.02295559918197978, "grad_norm": 0.01506398618221283, "test_error": 0.0165}, {"outer_epoch": 208, "inner_epoch": 1, "train_loss": 0.02294416853003592, "grad_norm": 0.014463169500231743, "test_error": 0.0166}, {"outer_epoch": 209, "inner_epoch": 1, "train_loss": 0.022927214544120944, "grad_norm": 0.015374140813946724, "test_error": 0.0167}, {"outer_epoch": 210, "inner_epoch": 1, "train_loss": 0.022940229433244287, "grad_norm": 0.016771351918578148, "test_error": 0.0165}, {"outer_epoch": 211, "inner_epoch": 1, "train_loss": 0.022914141808840213, "grad_norm": 0.018675444647669792, "test_error": 0.0164}, {"outer_epoch": 212, "inner_epoch": 1, "train_loss": 0.02295077568495132, "grad_norm": 0.0159401074051857, "test_error": 0.0167}, {"outer_epoch": 213, "inner_epoch": 1, "train_loss": 0.022934243139456762, "grad_norm": 0.015555795282125473, "test_error": 0.0168}, {"outer_epoch": 214, "inner_epoch": 1, "train_loss": 0.022932500027047355, "grad_norm": 0.01860441453754902, "test_error": 0.0166}, {"outer_epoch": 215, "inner_epoch": 1, "train_loss": 0.02293702567240204, "grad_norm": 0.017254013568162918, "test_error": 0.0164}, {"outer_epoch": 216, "inner_epoch": 1, "train_loss": 0.02292442146721199, "grad_norm": 0.016334759071469307, "test_error": 0.0166}, {"outer_epoch": 217, "inner_epoch": 1, "train_loss": 0.02291007934316197, "grad_norm": 0.016088157892227173, "test_error": 0.0166}, {"outer_epoch": 218, "inner_epoch": 1, "train_loss": 0.02291642891425484, "grad_norm": 0.016644544899463654, "test_error": 0.0167}, {"outer_epoch": 219, "inner_epoch": 1, "train_loss": 0.02290073871910863, "grad_norm": 0.015388396568596363, "test_error": 0.0165}, {"outer_epoch": 220, "inner_epoch": 1, "train_loss": 0.02290793040412973, "grad_norm": 0.01478537730872631, "test_error": 0.0165}, {"outer_epoch": 221, "inner_epoch": 1, "train_loss": 0.022913349150432624, "grad_norm": 0.016619013622403145, "test_error": 0.0164}, {"outer_epoch": 222, "inner_epoch": 1, "train_loss": 0.022903655325838674, "grad_norm": 0.015194525942206383, "test_error": 0.0166}, {"outer_epoch": 223, "inner_epoch": 1, "train_loss": 0.022902678776585767, "grad_norm": 0.015801357105374336, "test_error": 0.0165}, {"outer_epoch": 224, "inner_epoch": 1, "train_loss": 0.022898429968893956, "grad_norm": 0.01749899424612522, "test_error": 0.0165}, {"outer_epoch": 225, "inner_epoch": 1, "train_loss": 0.022892801692491048, "grad_norm": 0.016856374219059944, "test_error": 0.0166}, {"outer_epoch": 226, "inner_epoch": 1, "train_loss": 0.022883760279548974, "grad_norm": 0.015625732019543648, "test_error": 0.0165}, {"outer_epoch": 227, "inner_epoch": 1, "train_loss": 0.02288786738179139, "grad_norm": 0.014815479516983032, "test_error": 0.0163}, {"outer_epoch": 228, "inner_epoch": 1, "train_loss": 0.02288443078790927, "grad_norm": 0.015096769668161869, "test_error": 0.0166}, {"outer_epoch": 229, "inner_epoch": 1, "train_loss": 0.022885414572015483, "grad_norm": 0.014749356545507908, "test_error": 0.0166}, {"outer_epoch": 230, "inner_epoch": 1, "train_loss": 0.02287495736965017, "grad_norm": 0.014426177367568016, "test_error": 0.0165}, {"outer_epoch": 231, "inner_epoch": 1, "train_loss": 0.02285980022828153, "grad_norm": 0.01570918783545494, "test_error": 0.0165}, {"outer_epoch": 232, "inner_epoch": 1, "train_loss": 0.022886469163798513, "grad_norm": 0.014470095746219158, "test_error": 0.0167}, {"outer_epoch": 233, "inner_epoch": 1, "train_loss": 0.022872780842459178, "grad_norm": 0.014873173087835312, "test_error": 0.0166}, {"outer_epoch": 234, "inner_epoch": 1, "train_loss": 0.022877327494565787, "grad_norm": 0.01633938029408455, "test_error": 0.0166}, {"outer_epoch": 235, "inner_epoch": 1, "train_loss": 0.022856070274487137, "grad_norm": 0.019016383215785027, "test_error": 0.0168}, {"outer_epoch": 236, "inner_epoch": 1, "train_loss": 0.022877506795091904, "grad_norm": 0.015684088692069054, "test_error": 0.0165}, {"outer_epoch": 237, "inner_epoch": 1, "train_loss": 0.022854426991388514, "grad_norm": 0.015161143615841866, "test_error": 0.0162}, {"outer_epoch": 238, "inner_epoch": 1, "train_loss": 0.022859831516664902, "grad_norm": 0.01623690314590931, "test_error": 0.0168}, {"outer_epoch": 239, "inner_epoch": 1, "train_loss": 0.022860735364292242, "grad_norm": 0.015507728792726994, "test_error": 0.0165}, {"outer_epoch": 240, "inner_epoch": 1, "train_loss": 0.022851347425035782, "grad_norm": 0.014520118944346905, "test_error": 0.0166}, {"outer_epoch": 241, "inner_epoch": 1, "train_loss": 0.02285274316643093, "grad_norm": 0.015207971446216106, "test_error": 0.0166}, {"outer_epoch": 242, "inner_epoch": 1, "train_loss": 0.022847496940443912, "grad_norm": 0.017043299973011017, "test_error": 0.0165}, {"outer_epoch": 243, "inner_epoch": 1, "train_loss": 0.022860883025602866, "grad_norm": 0.015042447485029697, "test_error": 0.0166}, {"outer_epoch": 244, "inner_epoch": 1, "train_loss": 0.022864201644270603, "grad_norm": 0.014992211945354939, "test_error": 0.0166}, {"outer_epoch": 245, "inner_epoch": 1, "train_loss": 0.022817937251689728, "grad_norm": 0.014063136652112007, "test_error": 0.0165}, {"outer_epoch": 246, "inner_epoch": 1, "train_loss": 0.022829733837706347, "grad_norm": 0.015138558112084866, "test_error": 0.0166}, {"outer_epoch": 247, "inner_epoch": 1, "train_loss": 0.02283000788965728, "grad_norm": 0.014719627797603607, "test_error": 0.0165}, {"outer_epoch": 248, "inner_epoch": 1, "train_loss": 0.022823748366194194, "grad_norm": 0.01484056655317545, "test_error": 0.0166}, {"outer_epoch": 249, "inner_epoch": 1, "train_loss": 0.02284157671793461, "grad_norm": 0.01468211691826582, "test_error": 0.0165}, {"outer_epoch": 250, "inner_epoch": 1, "train_loss": 0.022827400560903092, "grad_norm": 0.015449333004653454, "test_error": 0.0165}]}