{"argv": ["train.py", "--seed", "79", "--optimizer", "SVRG", "--run_name", "svrg_0.005.json", "--output_path", "experiments/nonconvex_mnist_deep/svrg-0.005.json", "--dataset", "MNIST", "--layer_sizes", "784", "600", "300", "10", "--batch_size", "10", "--learning_rate", "0.005", "--weight_decay", "0.001", "--warmup_learning_rate", "0.03", "--num_warmup_epochs", "10", "--num_outer_epochs", "250", "--num_inner_epochs", "1", "--device", "cuda"], "args": {"seed": 79, "optimizer": "SVRG", "run_name": "svrg_0.005.json", "output_path": "experiments/nonconvex_mnist_deep/svrg-0.005.json", "device": "cuda", "dataset": "MNIST", "dataset_root": "~/datasets/pytorch", "dataset_size": null, "download": false, "layer_sizes": [784, 600, 300, 10], "batch_size": 10, "test_batch_size": 256, "learning_rate": 0.005, "weight_decay": 0.001, "warmup_learning_rate": 0.03, "num_warmup_epochs": 10, "num_outer_epochs": 250, "num_inner_epochs": 1, "inner_epoch_fraction": null, "choose_random_iterate": false, "num_epochs": 10}, "metrics": [{"warmup_epoch": 1, "train_loss": 0.346464528527072, "grad_norm": 0.22106513381004333, "test_error": 0.0443}, {"warmup_epoch": 2, "train_loss": 0.130714146493158, "grad_norm": 0.18392831087112427, "test_error": 0.0326}, {"warmup_epoch": 3, "train_loss": 0.09383272913537803, "grad_norm": 0.17008905112743378, "test_error": 0.0267}, {"warmup_epoch": 4, "train_loss": 0.07594742359446051, "grad_norm": 0.2526373267173767, "test_error": 0.0264}, {"warmup_epoch": 5, "train_loss": 0.06704114026339085, "grad_norm": 0.17545419931411743, "test_error": 0.0226}, {"warmup_epoch": 6, "train_loss": 0.05969950944062536, "grad_norm": 0.16558437049388885, "test_error": 0.0221}, {"warmup_epoch": 7, "train_loss": 0.05605181773917381, "grad_norm": 0.13674423098564148, "test_error": 0.022}, {"warmup_epoch": 8, "train_loss": 0.051774662089310974, "grad_norm": 0.13241495192050934, "test_error": 0.0215}, {"warmup_epoch": 9, "train_loss": 0.04942933207847818, "grad_norm": 0.20911480486392975, "test_error": 0.0215}, {"warmup_epoch": 10, "train_loss": 0.048595676936541474, "grad_norm": 0.2713138461112976, "test_error": 0.0242}, {"outer_epoch": 1, "inner_epoch": 1, "train_loss": 0.030485691850209454, "grad_norm": 0.040214695036411285, "test_error": 0.0177}, {"outer_epoch": 2, "inner_epoch": 1, "train_loss": 0.028184095150999688, "grad_norm": 0.013306408189237118, "test_error": 0.0173}, {"outer_epoch": 3, "inner_epoch": 1, "train_loss": 0.027841622781260716, "grad_norm": 0.012857661582529545, "test_error": 0.0171}, {"outer_epoch": 4, "inner_epoch": 1, "train_loss": 0.02775642061564334, "grad_norm": 0.012707640416920185, "test_error": 0.0168}, {"outer_epoch": 5, "inner_epoch": 1, "train_loss": 0.027704905944730854, "grad_norm": 0.01276548020541668, "test_error": 0.0166}, {"outer_epoch": 6, "inner_epoch": 1, "train_loss": 0.02764422161860663, "grad_norm": 0.012822235003113747, "test_error": 0.0166}, {"outer_epoch": 7, "inner_epoch": 1, "train_loss": 0.027574510598249617, "grad_norm": 0.012911594472825527, "test_error": 0.0164}, {"outer_epoch": 8, "inner_epoch": 1, "train_loss": 0.027503111446838983, "grad_norm": 0.013100643642246723, "test_error": 0.0164}, {"outer_epoch": 9, "inner_epoch": 1, "train_loss": 0.02742854923027335, "grad_norm": 0.013062935322523117, "test_error": 0.0163}, {"outer_epoch": 10, "inner_epoch": 1, "train_loss": 0.02734554774737626, "grad_norm": 0.013063921593129635, "test_error": 0.0162}, {"outer_epoch": 11, "inner_epoch": 1, "train_loss": 0.027251210575872393, "grad_norm": 0.013203215785324574, "test_error": 0.016}, {"outer_epoch": 12, "inner_epoch": 1, "train_loss": 0.02717594252435083, "grad_norm": 0.013198576867580414, "test_error": 0.0161}, {"outer_epoch": 13, "inner_epoch": 1, "train_loss": 0.027078942228714976, "grad_norm": 0.01331663690507412, "test_error": 0.016}, {"outer_epoch": 14, "inner_epoch": 1, "train_loss": 0.027006086003423357, "grad_norm": 0.013237828388810158, "test_error": 0.0161}, {"outer_epoch": 15, "inner_epoch": 1, "train_loss": 0.02691980126784377, "grad_norm": 0.013237081468105316, "test_error": 0.016}, {"outer_epoch": 16, "inner_epoch": 1, "train_loss": 0.026825760016499164, "grad_norm": 0.013316158205270767, "test_error": 0.0161}, {"outer_epoch": 17, "inner_epoch": 1, "train_loss": 0.02674743928318397, "grad_norm": 0.013401363044977188, "test_error": 0.0161}, {"outer_epoch": 18, "inner_epoch": 1, "train_loss": 0.026666200237630014, "grad_norm": 0.0134963383898139, "test_error": 0.0161}, {"outer_epoch": 19, "inner_epoch": 1, "train_loss": 0.02658237750902966, "grad_norm": 0.01356066856533289, "test_error": 0.0162}, {"outer_epoch": 20, "inner_epoch": 1, "train_loss": 0.026501965764095074, "grad_norm": 0.01345269288867712, "test_error": 0.0162}, {"outer_epoch": 21, "inner_epoch": 1, "train_loss": 0.02642942979214422, "grad_norm": 0.013511971570551395, "test_error": 0.0163}, {"outer_epoch": 22, "inner_epoch": 1, "train_loss": 0.026355042667921224, "grad_norm": 0.013354101218283176, "test_error": 0.0163}, {"outer_epoch": 23, "inner_epoch": 1, "train_loss": 0.026288305935406243, "grad_norm": 0.013371922075748444, "test_error": 0.0163}, {"outer_epoch": 24, "inner_epoch": 1, "train_loss": 0.026215983327318098, "grad_norm": 0.01342680025845766, "test_error": 0.0164}, {"outer_epoch": 25, "inner_epoch": 1, "train_loss": 0.02614895508189511, "grad_norm": 0.013452240265905857, "test_error": 0.0164}, {"outer_epoch": 26, "inner_epoch": 1, "train_loss": 0.026082997594892125, "grad_norm": 0.013586812652647495, "test_error": 0.0166}, {"outer_epoch": 27, "inner_epoch": 1, "train_loss": 0.026026505752294423, "grad_norm": 0.013446765951812267, "test_error": 0.0162}, {"outer_epoch": 28, "inner_epoch": 1, "train_loss": 0.025958689007903255, "grad_norm": 0.013597432523965836, "test_error": 0.0163}, {"outer_epoch": 29, "inner_epoch": 1, "train_loss": 0.025905679164541652, "grad_norm": 0.013622344471514225, "test_error": 0.0164}, {"outer_epoch": 30, "inner_epoch": 1, "train_loss": 0.025846207109701935, "grad_norm": 0.013616648502647877, "test_error": 0.0164}, {"outer_epoch": 31, "inner_epoch": 1, "train_loss": 0.025787052585107936, "grad_norm": 0.013585327193140984, "test_error": 0.0164}, {"outer_epoch": 32, "inner_epoch": 1, "train_loss": 0.025739585852929545, "grad_norm": 0.013476480729877949, "test_error": 0.0167}, {"outer_epoch": 33, "inner_epoch": 1, "train_loss": 0.025685268008688582, "grad_norm": 0.014159558340907097, "test_error": 0.0165}, {"outer_epoch": 34, "inner_epoch": 1, "train_loss": 0.025633659839523412, "grad_norm": 0.013707395642995834, "test_error": 0.0166}, {"outer_epoch": 35, "inner_epoch": 1, "train_loss": 0.025583236171980387, "grad_norm": 0.013555257581174374, "test_error": 0.0166}, {"outer_epoch": 36, "inner_epoch": 1, "train_loss": 0.02553703092496532, "grad_norm": 0.01350479107350111, "test_error": 0.0165}, {"outer_epoch": 37, "inner_epoch": 1, "train_loss": 0.025489078869941294, "grad_norm": 0.013727612793445587, "test_error": 0.0165}, {"outer_epoch": 38, "inner_epoch": 1, "train_loss": 0.025444736299386327, "grad_norm": 0.01366293616592884, "test_error": 0.0166}, {"outer_epoch": 39, "inner_epoch": 1, "train_loss": 0.025402182653429917, "grad_norm": 0.013709057122468948, "test_error": 0.0167}, {"outer_epoch": 40, "inner_epoch": 1, "train_loss": 0.025351949064444247, "grad_norm": 0.01383022591471672, "test_error": 0.0166}, {"outer_epoch": 41, "inner_epoch": 1, "train_loss": 0.025321513697063588, "grad_norm": 0.013546237722039223, "test_error": 0.0166}, {"outer_epoch": 42, "inner_epoch": 1, "train_loss": 0.02528234276934139, "grad_norm": 0.013542387634515762, "test_error": 0.0168}, {"outer_epoch": 43, "inner_epoch": 1, "train_loss": 0.025243658991370467, "grad_norm": 0.013778610154986382, "test_error": 0.0168}, {"outer_epoch": 44, "inner_epoch": 1, "train_loss": 0.025206254789518424, "grad_norm": 0.013726264238357544, "test_error": 0.0167}, {"outer_epoch": 45, "inner_epoch": 1, "train_loss": 0.025173681011799395, "grad_norm": 0.013678746297955513, "test_error": 0.0168}, {"outer_epoch": 46, "inner_epoch": 1, "train_loss": 0.025140343680822602, "grad_norm": 0.01385436113923788, "test_error": 0.0169}, {"outer_epoch": 47, "inner_epoch": 1, "train_loss": 0.025094049856736092, "grad_norm": 0.013529391959309578, "test_error": 0.0168}, {"outer_epoch": 48, "inner_epoch": 1, "train_loss": 0.025067869825065522, "grad_norm": 0.013551117852330208, "test_error": 0.0168}, {"outer_epoch": 49, "inner_epoch": 1, "train_loss": 0.025031303030157385, "grad_norm": 0.013578888960182667, "test_error": 0.0168}, {"outer_epoch": 50, "inner_epoch": 1, "train_loss": 0.025002253656590864, "grad_norm": 0.013575945980846882, "test_error": 0.0168}, {"outer_epoch": 51, "inner_epoch": 1, "train_loss": 0.024974354024932838, "grad_norm": 0.013696677051484585, "test_error": 0.0167}, {"outer_epoch": 52, "inner_epoch": 1, "train_loss": 0.024939930012905582, "grad_norm": 0.013640019111335278, "test_error": 0.0168}, {"outer_epoch": 53, "inner_epoch": 1, "train_loss": 0.024917247523320838, "grad_norm": 0.01367942988872528, "test_error": 0.0168}, {"outer_epoch": 54, "inner_epoch": 1, "train_loss": 0.024883296828212526, "grad_norm": 0.013807034119963646, "test_error": 0.0169}, {"outer_epoch": 55, "inner_epoch": 1, "train_loss": 0.024856890364647066, "grad_norm": 0.01364012248814106, "test_error": 0.0167}, {"outer_epoch": 56, "inner_epoch": 1, "train_loss": 0.024830235200972918, "grad_norm": 0.013790910132229328, "test_error": 0.0168}, {"outer_epoch": 57, "inner_epoch": 1, "train_loss": 0.024808655381076582, "grad_norm": 0.013994929380714893, "test_error": 0.0168}, {"outer_epoch": 58, "inner_epoch": 1, "train_loss": 0.024788307099831097, "grad_norm": 0.013635554350912571, "test_error": 0.0167}, {"outer_epoch": 59, "inner_epoch": 1, "train_loss": 0.024756603445324193, "grad_norm": 0.013622463680803776, "test_error": 0.0168}, {"outer_epoch": 60, "inner_epoch": 1, "train_loss": 0.024735947657337724, "grad_norm": 0.013913863338530064, "test_error": 0.0169}, {"outer_epoch": 61, "inner_epoch": 1, "train_loss": 0.024711536027888847, "grad_norm": 0.01380134280771017, "test_error": 0.0168}, {"outer_epoch": 62, "inner_epoch": 1, "train_loss": 0.02469063187187324, "grad_norm": 0.013942040503025055, "test_error": 0.0168}, {"outer_epoch": 63, "inner_epoch": 1, "train_loss": 0.024669855526236156, "grad_norm": 0.013999564573168755, "test_error": 0.0169}, {"outer_epoch": 64, "inner_epoch": 1, "train_loss": 0.02465375046833651, "grad_norm": 0.013934553600847721, "test_error": 0.0169}, {"outer_epoch": 65, "inner_epoch": 1, "train_loss": 0.02462801957697472, "grad_norm": 0.01391599327325821, "test_error": 0.0167}, {"outer_epoch": 66, "inner_epoch": 1, "train_loss": 0.024602874585660173, "grad_norm": 0.013811550103127956, "test_error": 0.0169}, {"outer_epoch": 67, "inner_epoch": 1, "train_loss": 0.024572229949529477, "grad_norm": 0.013738423585891724, "test_error": 0.0168}, {"outer_epoch": 68, "inner_epoch": 1, "train_loss": 0.024564540970493303, "grad_norm": 0.013935577124357224, "test_error": 0.017}, {"outer_epoch": 69, "inner_epoch": 1, "train_loss": 0.02454110654425555, "grad_norm": 0.013841104693710804, "test_error": 0.0169}, {"outer_epoch": 70, "inner_epoch": 1, "train_loss": 0.024525457186910595, "grad_norm": 0.013792712241411209, "test_error": 0.0168}, {"outer_epoch": 71, "inner_epoch": 1, "train_loss": 0.024510884667072484, "grad_norm": 0.013800845481455326, "test_error": 0.0167}, {"outer_epoch": 72, "inner_epoch": 1, "train_loss": 0.024488064251932277, "grad_norm": 0.013720930553972721, "test_error": 0.0167}, {"outer_epoch": 73, "inner_epoch": 1, "train_loss": 0.024475617318229826, "grad_norm": 0.013913515023887157, "test_error": 0.0167}, {"outer_epoch": 74, "inner_epoch": 1, "train_loss": 0.024456958607721995, "grad_norm": 0.014929046854376793, "test_error": 0.0168}, {"outer_epoch": 75, "inner_epoch": 1, "train_loss": 0.024431712182757716, "grad_norm": 0.013667378574609756, "test_error": 0.0168}, {"outer_epoch": 76, "inner_epoch": 1, "train_loss": 0.024426897578217904, "grad_norm": 0.013799674808979034, "test_error": 0.0168}, {"outer_epoch": 77, "inner_epoch": 1, "train_loss": 0.0244108933123595, "grad_norm": 0.01365162618458271, "test_error": 0.0169}, {"outer_epoch": 78, "inner_epoch": 1, "train_loss": 0.024389661483437523, "grad_norm": 0.013805980794131756, "test_error": 0.0168}, {"outer_epoch": 79, "inner_epoch": 1, "train_loss": 0.024378891838098448, "grad_norm": 0.013986553065478802, "test_error": 0.0169}, {"outer_epoch": 80, "inner_epoch": 1, "train_loss": 0.024364802671002203, "grad_norm": 0.014058602042496204, "test_error": 0.0168}, {"outer_epoch": 81, "inner_epoch": 1, "train_loss": 0.024349805172455188, "grad_norm": 0.014255393296480179, "test_error": 0.0169}, {"outer_epoch": 82, "inner_epoch": 1, "train_loss": 0.02433193413655681, "grad_norm": 0.013760272413492203, "test_error": 0.0168}, {"outer_epoch": 83, "inner_epoch": 1, "train_loss": 0.02431417859289407, "grad_norm": 0.01397650595754385, "test_error": 0.0167}, {"outer_epoch": 84, "inner_epoch": 1, "train_loss": 0.02429915157573123, "grad_norm": 0.014068236574530602, "test_error": 0.0167}, {"outer_epoch": 85, "inner_epoch": 1, "train_loss": 0.024291291219677078, "grad_norm": 0.014017550274729729, "test_error": 0.0169}, {"outer_epoch": 86, "inner_epoch": 1, "train_loss": 0.024268489421568423, "grad_norm": 0.013644183054566383, "test_error": 0.0171}, {"outer_epoch": 87, "inner_epoch": 1, "train_loss": 0.024259144842867196, "grad_norm": 0.013745401985943317, "test_error": 0.0171}, {"outer_epoch": 88, "inner_epoch": 1, "train_loss": 0.02424468899074418, "grad_norm": 0.013822470791637897, "test_error": 0.0171}, {"outer_epoch": 89, "inner_epoch": 1, "train_loss": 0.02423372522223993, "grad_norm": 0.013891531154513359, "test_error": 0.017}, {"outer_epoch": 90, "inner_epoch": 1, "train_loss": 0.024221597004211313, "grad_norm": 0.014460055157542229, "test_error": 0.017}, {"outer_epoch": 91, "inner_epoch": 1, "train_loss": 0.024208612493273298, "grad_norm": 0.013701332733035088, "test_error": 0.017}, {"outer_epoch": 92, "inner_epoch": 1, "train_loss": 0.0241990334061508, "grad_norm": 0.013739531859755516, "test_error": 0.0171}, {"outer_epoch": 93, "inner_epoch": 1, "train_loss": 0.02418655487933332, "grad_norm": 0.013727270998060703, "test_error": 0.0172}, {"outer_epoch": 94, "inner_epoch": 1, "train_loss": 0.024166953767853556, "grad_norm": 0.014270629733800888, "test_error": 0.0169}, {"outer_epoch": 95, "inner_epoch": 1, "train_loss": 0.024167135192799227, "grad_norm": 0.013891490176320076, "test_error": 0.0169}, {"outer_epoch": 96, "inner_epoch": 1, "train_loss": 0.024150940300600873, "grad_norm": 0.014055972918868065, "test_error": 0.0171}, {"outer_epoch": 97, "inner_epoch": 1, "train_loss": 0.024140637733427867, "grad_norm": 0.013748292811214924, "test_error": 0.0171}, {"outer_epoch": 98, "inner_epoch": 1, "train_loss": 0.02412696483422284, "grad_norm": 0.013802706263959408, "test_error": 0.017}, {"outer_epoch": 99, "inner_epoch": 1, "train_loss": 0.02412040912694647, "grad_norm": 0.01372392289340496, "test_error": 0.0172}, {"outer_epoch": 100, "inner_epoch": 1, "train_loss": 0.02410865161215285, "grad_norm": 0.01379411667585373, "test_error": 0.0172}, {"outer_epoch": 101, "inner_epoch": 1, "train_loss": 0.024095668772579907, "grad_norm": 0.01369631476700306, "test_error": 0.0172}, {"outer_epoch": 102, "inner_epoch": 1, "train_loss": 0.02408219488124208, "grad_norm": 0.01382605079561472, "test_error": 0.0172}, {"outer_epoch": 103, "inner_epoch": 1, "train_loss": 0.024069636096183483, "grad_norm": 0.014193841256201267, "test_error": 0.0171}, {"outer_epoch": 104, "inner_epoch": 1, "train_loss": 0.024076996730747244, "grad_norm": 0.013712072744965553, "test_error": 0.0172}, {"outer_epoch": 105, "inner_epoch": 1, "train_loss": 0.024054028289116104, "grad_norm": 0.013820474967360497, "test_error": 0.0172}, {"outer_epoch": 106, "inner_epoch": 1, "train_loss": 0.024044841180172322, "grad_norm": 0.013749636709690094, "test_error": 0.0172}, {"outer_epoch": 107, "inner_epoch": 1, "train_loss": 0.02403642248326893, "grad_norm": 0.014184551313519478, "test_error": 0.0172}, {"outer_epoch": 108, "inner_epoch": 1, "train_loss": 0.024030859372316627, "grad_norm": 0.013890932314097881, "test_error": 0.0171}, {"outer_epoch": 109, "inner_epoch": 1, "train_loss": 0.024022286729028564, "grad_norm": 0.013807365670800209, "test_error": 0.0172}, {"outer_epoch": 110, "inner_epoch": 1, "train_loss": 0.02400541553835501, "grad_norm": 0.013779424130916595, "test_error": 0.0171}, {"outer_epoch": 111, "inner_epoch": 1, "train_loss": 0.023995991823491446, "grad_norm": 0.013884002342820168, "test_error": 0.0172}, {"outer_epoch": 112, "inner_epoch": 1, "train_loss": 0.02398853478599146, "grad_norm": 0.013869834132492542, "test_error": 0.0173}, {"outer_epoch": 113, "inner_epoch": 1, "train_loss": 0.023987538668424048, "grad_norm": 0.014041214250028133, "test_error": 0.0172}, {"outer_epoch": 114, "inner_epoch": 1, "train_loss": 0.023969791705235062, "grad_norm": 0.013953055255115032, "test_error": 0.0172}, {"outer_epoch": 115, "inner_epoch": 1, "train_loss": 0.0239682265684775, "grad_norm": 0.013926439918577671, "test_error": 0.0171}, {"outer_epoch": 116, "inner_epoch": 1, "train_loss": 0.023962797479282018, "grad_norm": 0.013988971710205078, "test_error": 0.0172}, {"outer_epoch": 117, "inner_epoch": 1, "train_loss": 0.02395308409300439, "grad_norm": 0.01420779898762703, "test_error": 0.0171}, {"outer_epoch": 118, "inner_epoch": 1, "train_loss": 0.023947637904144357, "grad_norm": 0.013833438977599144, "test_error": 0.0171}, {"outer_epoch": 119, "inner_epoch": 1, "train_loss": 0.023936800628420313, "grad_norm": 0.01373409852385521, "test_error": 0.0172}, {"outer_epoch": 120, "inner_epoch": 1, "train_loss": 0.02392420162408477, "grad_norm": 0.014021618291735649, "test_error": 0.0175}, {"outer_epoch": 121, "inner_epoch": 1, "train_loss": 0.023919159050303278, "grad_norm": 0.013717642985284328, "test_error": 0.0171}, {"outer_epoch": 122, "inner_epoch": 1, "train_loss": 0.023899939592578447, "grad_norm": 0.013909193687140942, "test_error": 0.017}, {"outer_epoch": 123, "inner_epoch": 1, "train_loss": 0.023904173496518827, "grad_norm": 0.013689489103853703, "test_error": 0.0172}, {"outer_epoch": 124, "inner_epoch": 1, "train_loss": 0.023896061045103126, "grad_norm": 0.014145302586257458, "test_error": 0.017}, {"outer_epoch": 125, "inner_epoch": 1, "train_loss": 0.02388461031658517, "grad_norm": 0.013957489281892776, "test_error": 0.0171}, {"outer_epoch": 126, "inner_epoch": 1, "train_loss": 0.023878367344645084, "grad_norm": 0.013908570632338524, "test_error": 0.0171}, {"outer_epoch": 127, "inner_epoch": 1, "train_loss": 0.023869158190956415, "grad_norm": 0.014036710374057293, "test_error": 0.0171}, {"outer_epoch": 128, "inner_epoch": 1, "train_loss": 0.02385756756249369, "grad_norm": 0.013830209150910378, "test_error": 0.0171}, {"outer_epoch": 129, "inner_epoch": 1, "train_loss": 0.023848652701863707, "grad_norm": 0.013957055285573006, "test_error": 0.017}, {"outer_epoch": 130, "inner_epoch": 1, "train_loss": 0.023838787228012127, "grad_norm": 0.014116057194769382, "test_error": 0.0171}, {"outer_epoch": 131, "inner_epoch": 1, "train_loss": 0.023845181381635484, "grad_norm": 0.013822340406477451, "test_error": 0.0171}, {"outer_epoch": 132, "inner_epoch": 1, "train_loss": 0.023832576113622054, "grad_norm": 0.013824662193655968, "test_error": 0.0171}, {"outer_epoch": 133, "inner_epoch": 1, "train_loss": 0.02382734819146511, "grad_norm": 0.013819132000207901, "test_error": 0.0171}, {"outer_epoch": 134, "inner_epoch": 1, "train_loss": 0.023819834009283416, "grad_norm": 0.013868330977857113, "test_error": 0.0171}, {"outer_epoch": 135, "inner_epoch": 1, "train_loss": 0.023820781730581074, "grad_norm": 0.013786771334707737, "test_error": 0.0171}, {"outer_epoch": 136, "inner_epoch": 1, "train_loss": 0.023806385536018448, "grad_norm": 0.013815479353070259, "test_error": 0.0172}, {"outer_epoch": 137, "inner_epoch": 1, "train_loss": 0.023795405439367943, "grad_norm": 0.013842469081282616, "test_error": 0.0173}, {"outer_epoch": 138, "inner_epoch": 1, "train_loss": 0.02378610132436491, "grad_norm": 0.014338568784296513, "test_error": 0.0172}, {"outer_epoch": 139, "inner_epoch": 1, "train_loss": 0.023785006023092137, "grad_norm": 0.013984112069010735, "test_error": 0.0172}, {"outer_epoch": 140, "inner_epoch": 1, "train_loss": 0.023777791676164877, "grad_norm": 0.014117615297436714, "test_error": 0.0172}, {"outer_epoch": 141, "inner_epoch": 1, "train_loss": 0.023766556041276393, "grad_norm": 0.014251342043280602, "test_error": 0.0172}, {"outer_epoch": 142, "inner_epoch": 1, "train_loss": 0.02376770274809678, "grad_norm": 0.014028118923306465, "test_error": 0.0172}, {"outer_epoch": 143, "inner_epoch": 1, "train_loss": 0.023751145622722104, "grad_norm": 0.014098676852881908, "test_error": 0.0172}, {"outer_epoch": 144, "inner_epoch": 1, "train_loss": 0.023754949592475896, "grad_norm": 0.014013167470693588, "test_error": 0.0172}, {"outer_epoch": 145, "inner_epoch": 1, "train_loss": 0.023747545390724555, "grad_norm": 0.013887499459087849, "test_error": 0.0172}, {"outer_epoch": 146, "inner_epoch": 1, "train_loss": 0.023737226239609298, "grad_norm": 0.014032294973731041, "test_error": 0.0172}, {"outer_epoch": 147, "inner_epoch": 1, "train_loss": 0.023731072965764422, "grad_norm": 0.013854448683559895, "test_error": 0.0171}, {"outer_epoch": 148, "inner_epoch": 1, "train_loss": 0.023729149330788155, "grad_norm": 0.014013045467436314, "test_error": 0.0171}, {"outer_epoch": 149, "inner_epoch": 1, "train_loss": 0.02371382148771469, "grad_norm": 0.014250429347157478, "test_error": 0.0173}, {"outer_epoch": 150, "inner_epoch": 1, "train_loss": 0.023715795780614522, "grad_norm": 0.013844103552401066, "test_error": 0.0173}, {"outer_epoch": 151, "inner_epoch": 1, "train_loss": 0.023703270227604663, "grad_norm": 0.013928545638918877, "test_error": 0.0174}, {"outer_epoch": 152, "inner_epoch": 1, "train_loss": 0.02370465544477338, "grad_norm": 0.01437007449567318, "test_error": 0.0172}, {"outer_epoch": 153, "inner_epoch": 1, "train_loss": 0.023699004342857127, "grad_norm": 0.014301733113825321, "test_error": 0.0171}, {"outer_epoch": 154, "inner_epoch": 1, "train_loss": 0.023694514700580233, "grad_norm": 0.013812082819640636, "test_error": 0.0171}, {"outer_epoch": 155, "inner_epoch": 1, "train_loss": 0.02368216063089009, "grad_norm": 0.013982633128762245, "test_error": 0.0171}, {"outer_epoch": 156, "inner_epoch": 1, "train_loss": 0.023679065910366868, "grad_norm": 0.01378647144883871, "test_error": 0.0171}, {"outer_epoch": 157, "inner_epoch": 1, "train_loss": 0.023668341025525782, "grad_norm": 0.014107203111052513, "test_error": 0.0171}, {"outer_epoch": 158, "inner_epoch": 1, "train_loss": 0.023674748429189398, "grad_norm": 0.013825715519487858, "test_error": 0.0172}, {"outer_epoch": 159, "inner_epoch": 1, "train_loss": 0.02366133801687344, "grad_norm": 0.014722146093845367, "test_error": 0.0173}, {"outer_epoch": 160, "inner_epoch": 1, "train_loss": 0.023667855446013467, "grad_norm": 0.013802872970700264, "test_error": 0.017}, {"outer_epoch": 161, "inner_epoch": 1, "train_loss": 0.023647240074230164, "grad_norm": 0.013966292142868042, "test_error": 0.0171}, {"outer_epoch": 162, "inner_epoch": 1, "train_loss": 0.023651048926471654, "grad_norm": 0.013832712545990944, "test_error": 0.0172}, {"outer_epoch": 163, "inner_epoch": 1, "train_loss": 0.023641942290324854, "grad_norm": 0.014228436164557934, "test_error": 0.0172}, {"outer_epoch": 164, "inner_epoch": 1, "train_loss": 0.023639697630128163, "grad_norm": 0.014021645300090313, "test_error": 0.0171}, {"outer_epoch": 165, "inner_epoch": 1, "train_loss": 0.023635203771482337, "grad_norm": 0.013705548830330372, "test_error": 0.0171}, {"outer_epoch": 166, "inner_epoch": 1, "train_loss": 0.02362404395700287, "grad_norm": 0.013781411573290825, "test_error": 0.0171}, {"outer_epoch": 167, "inner_epoch": 1, "train_loss": 0.023618808169335048, "grad_norm": 0.014173552393913269, "test_error": 0.0172}, {"outer_epoch": 168, "inner_epoch": 1, "train_loss": 0.023618517169476643, "grad_norm": 0.013840568251907825, "test_error": 0.017}, {"outer_epoch": 169, "inner_epoch": 1, "train_loss": 0.023614627677607736, "grad_norm": 0.013738112524151802, "test_error": 0.0171}, {"outer_epoch": 170, "inner_epoch": 1, "train_loss": 0.02360433289705058, "grad_norm": 0.0137046929448843, "test_error": 0.0171}, {"outer_epoch": 171, "inner_epoch": 1, "train_loss": 0.023594456495644407, "grad_norm": 0.014085422269999981, "test_error": 0.0171}, {"outer_epoch": 172, "inner_epoch": 1, "train_loss": 0.02359581941672271, "grad_norm": 0.014002833515405655, "test_error": 0.0171}, {"outer_epoch": 173, "inner_epoch": 1, "train_loss": 0.023601135285231674, "grad_norm": 0.013824316672980785, "test_error": 0.0171}, {"outer_epoch": 174, "inner_epoch": 1, "train_loss": 0.02358920326415197, "grad_norm": 0.013751794584095478, "test_error": 0.0171}, {"outer_epoch": 175, "inner_epoch": 1, "train_loss": 0.02358370880287354, "grad_norm": 0.013800172135233879, "test_error": 0.0171}, {"outer_epoch": 176, "inner_epoch": 1, "train_loss": 0.023574524257157465, "grad_norm": 0.014024796895682812, "test_error": 0.0171}, {"outer_epoch": 177, "inner_epoch": 1, "train_loss": 0.023575047510583924, "grad_norm": 0.01380940992385149, "test_error": 0.017}, {"outer_epoch": 178, "inner_epoch": 1, "train_loss": 0.02356717537092239, "grad_norm": 0.014210982248187065, "test_error": 0.0172}, {"outer_epoch": 179, "inner_epoch": 1, "train_loss": 0.023560524950905045, "grad_norm": 0.014558852650225163, "test_error": 0.0171}, {"outer_epoch": 180, "inner_epoch": 1, "train_loss": 0.023561007872316016, "grad_norm": 0.013809905387461185, "test_error": 0.017}, {"outer_epoch": 181, "inner_epoch": 1, "train_loss": 0.02356162955983988, "grad_norm": 0.013701842166483402, "test_error": 0.017}, {"outer_epoch": 182, "inner_epoch": 1, "train_loss": 0.023548302859928906, "grad_norm": 0.014135105535387993, "test_error": 0.017}, {"outer_epoch": 183, "inner_epoch": 1, "train_loss": 0.02354031887721309, "grad_norm": 0.01413147896528244, "test_error": 0.017}, {"outer_epoch": 184, "inner_epoch": 1, "train_loss": 0.023545463921594394, "grad_norm": 0.01434521283954382, "test_error": 0.017}, {"outer_epoch": 185, "inner_epoch": 1, "train_loss": 0.02354148068955207, "grad_norm": 0.013909752480685711, "test_error": 0.0171}, {"outer_epoch": 186, "inner_epoch": 1, "train_loss": 0.0235312816840451, "grad_norm": 0.014172429218888283, "test_error": 0.0171}, {"outer_epoch": 187, "inner_epoch": 1, "train_loss": 0.023535076670300137, "grad_norm": 0.013905078172683716, "test_error": 0.017}, {"outer_epoch": 188, "inner_epoch": 1, "train_loss": 0.023525000879191793, "grad_norm": 0.013775322586297989, "test_error": 0.0171}, {"outer_epoch": 189, "inner_epoch": 1, "train_loss": 0.02352013163974819, "grad_norm": 0.013779842294752598, "test_error": 0.0171}, {"outer_epoch": 190, "inner_epoch": 1, "train_loss": 0.02351287855912718, "grad_norm": 0.014250112697482109, "test_error": 0.0172}, {"outer_epoch": 191, "inner_epoch": 1, "train_loss": 0.02351607712619686, "grad_norm": 0.014194215647876263, "test_error": 0.017}, {"outer_epoch": 192, "inner_epoch": 1, "train_loss": 0.023510270337166732, "grad_norm": 0.013908392749726772, "test_error": 0.0171}, {"outer_epoch": 193, "inner_epoch": 1, "train_loss": 0.023506457113369832, "grad_norm": 0.01388451736420393, "test_error": 0.017}, {"outer_epoch": 194, "inner_epoch": 1, "train_loss": 0.023494348878385304, "grad_norm": 0.013907279819250107, "test_error": 0.0169}, {"outer_epoch": 195, "inner_epoch": 1, "train_loss": 0.023498632520786485, "grad_norm": 0.014017190784215927, "test_error": 0.0169}, {"outer_epoch": 196, "inner_epoch": 1, "train_loss": 0.02349158973695012, "grad_norm": 0.013824257999658585, "test_error": 0.0171}, {"outer_epoch": 197, "inner_epoch": 1, "train_loss": 0.023487512452644296, "grad_norm": 0.014121311716735363, "test_error": 0.0172}, {"outer_epoch": 198, "inner_epoch": 1, "train_loss": 0.0234833506517316, "grad_norm": 0.013897879049181938, "test_error": 0.0171}, {"outer_epoch": 199, "inner_epoch": 1, "train_loss": 0.02348564202788111, "grad_norm": 0.014023864641785622, "test_error": 0.0171}, {"outer_epoch": 200, "inner_epoch": 1, "train_loss": 0.02347536080776869, "grad_norm": 0.013926085084676743, "test_error": 0.0171}, {"outer_epoch": 201, "inner_epoch": 1, "train_loss": 0.02347424478158549, "grad_norm": 0.013949832879006863, "test_error": 0.0172}, {"outer_epoch": 202, "inner_epoch": 1, "train_loss": 0.023469661192245743, "grad_norm": 0.013999213464558125, "test_error": 0.0172}, {"outer_epoch": 203, "inner_epoch": 1, "train_loss": 0.023466360178087294, "grad_norm": 0.014103890396654606, "test_error": 0.0172}, {"outer_epoch": 204, "inner_epoch": 1, "train_loss": 0.023462685307810413, "grad_norm": 0.01412607729434967, "test_error": 0.0172}, {"outer_epoch": 205, "inner_epoch": 1, "train_loss": 0.02346639351405611, "grad_norm": 0.014320477843284607, "test_error": 0.017}, {"outer_epoch": 206, "inner_epoch": 1, "train_loss": 0.02345534438607865, "grad_norm": 0.014023512601852417, "test_error": 0.0172}, {"outer_epoch": 207, "inner_epoch": 1, "train_loss": 0.023450329039565985, "grad_norm": 0.013859151862561703, "test_error": 0.017}, {"outer_epoch": 208, "inner_epoch": 1, "train_loss": 0.023448254473939112, "grad_norm": 0.013823476620018482, "test_error": 0.0173}, {"outer_epoch": 209, "inner_epoch": 1, "train_loss": 0.023445168827068603, "grad_norm": 0.014007363468408585, "test_error": 0.0172}, {"outer_epoch": 210, "inner_epoch": 1, "train_loss": 0.023446825388976626, "grad_norm": 0.014558973722159863, "test_error": 0.0173}, {"outer_epoch": 211, "inner_epoch": 1, "train_loss": 0.02344878597733138, "grad_norm": 0.014144448563456535, "test_error": 0.0173}, {"outer_epoch": 212, "inner_epoch": 1, "train_loss": 0.023427104161688476, "grad_norm": 0.013919210061430931, "test_error": 0.0172}, {"outer_epoch": 213, "inner_epoch": 1, "train_loss": 0.023433953035933278, "grad_norm": 0.014361659064888954, "test_error": 0.0171}, {"outer_epoch": 214, "inner_epoch": 1, "train_loss": 0.023423479707494456, "grad_norm": 0.014824867248535156, "test_error": 0.0171}, {"outer_epoch": 215, "inner_epoch": 1, "train_loss": 0.02342934483779148, "grad_norm": 0.014907310716807842, "test_error": 0.017}, {"outer_epoch": 216, "inner_epoch": 1, "train_loss": 0.023415950923226774, "grad_norm": 0.013772614300251007, "test_error": 0.0171}, {"outer_epoch": 217, "inner_epoch": 1, "train_loss": 0.0234059084377562, "grad_norm": 0.013895460404455662, "test_error": 0.0171}, {"outer_epoch": 218, "inner_epoch": 1, "train_loss": 0.023420551818679088, "grad_norm": 0.014382151886820793, "test_error": 0.0172}, {"outer_epoch": 219, "inner_epoch": 1, "train_loss": 0.023419696739932987, "grad_norm": 0.01395361963659525, "test_error": 0.0172}, {"outer_epoch": 220, "inner_epoch": 1, "train_loss": 0.023407674568292958, "grad_norm": 0.014060290530323982, "test_error": 0.0173}, {"outer_epoch": 221, "inner_epoch": 1, "train_loss": 0.023397562455119137, "grad_norm": 0.014131147414445877, "test_error": 0.0173}, {"outer_epoch": 222, "inner_epoch": 1, "train_loss": 0.023397292546297344, "grad_norm": 0.013949532061815262, "test_error": 0.0172}, {"outer_epoch": 223, "inner_epoch": 1, "train_loss": 0.023394390279713358, "grad_norm": 0.014152294024825096, "test_error": 0.0172}, {"outer_epoch": 224, "inner_epoch": 1, "train_loss": 0.023390503890725084, "grad_norm": 0.014108240604400635, "test_error": 0.0172}, {"outer_epoch": 225, "inner_epoch": 1, "train_loss": 0.02339256627485156, "grad_norm": 0.013895150274038315, "test_error": 0.0172}, {"outer_epoch": 226, "inner_epoch": 1, "train_loss": 0.023378175844821575, "grad_norm": 0.014056921936571598, "test_error": 0.0172}, {"outer_epoch": 227, "inner_epoch": 1, "train_loss": 0.023373022237210536, "grad_norm": 0.013981226831674576, "test_error": 0.0172}, {"outer_epoch": 228, "inner_epoch": 1, "train_loss": 0.023381170698463394, "grad_norm": 0.014401305466890335, "test_error": 0.0172}, {"outer_epoch": 229, "inner_epoch": 1, "train_loss": 0.023375876066139122, "grad_norm": 0.01395399309694767, "test_error": 0.0173}, {"outer_epoch": 230, "inner_epoch": 1, "train_loss": 0.02336804369468397, "grad_norm": 0.013795707374811172, "test_error": 0.0171}, {"outer_epoch": 231, "inner_epoch": 1, "train_loss": 0.02336233804744552, "grad_norm": 0.014127739705145359, "test_error": 0.0171}, {"outer_epoch": 232, "inner_epoch": 1, "train_loss": 0.02336787006560674, "grad_norm": 0.013992223888635635, "test_error": 0.017}, {"outer_epoch": 233, "inner_epoch": 1, "train_loss": 0.023359374566488744, "grad_norm": 0.01411138754338026, "test_error": 0.017}, {"outer_epoch": 234, "inner_epoch": 1, "train_loss": 0.023353017703280785, "grad_norm": 0.014584247954189777, "test_error": 0.0172}, {"outer_epoch": 235, "inner_epoch": 1, "train_loss": 0.023361078924872953, "grad_norm": 0.017142102122306824, "test_error": 0.0173}, {"outer_epoch": 236, "inner_epoch": 1, "train_loss": 0.023348348883528765, "grad_norm": 0.01435932144522667, "test_error": 0.0171}, {"outer_epoch": 237, "inner_epoch": 1, "train_loss": 0.02334249872145301, "grad_norm": 0.014051436446607113, "test_error": 0.0171}, {"outer_epoch": 238, "inner_epoch": 1, "train_loss": 0.023345819486668914, "grad_norm": 0.014086691662669182, "test_error": 0.0171}, {"outer_epoch": 239, "inner_epoch": 1, "train_loss": 0.023337271325520607, "grad_norm": 0.013703668490052223, "test_error": 0.0172}, {"outer_epoch": 240, "inner_epoch": 1, "train_loss": 0.023337232763937208, "grad_norm": 0.013828163966536522, "test_error": 0.0172}, {"outer_epoch": 241, "inner_epoch": 1, "train_loss": 0.02332913241336549, "grad_norm": 0.014483966864645481, "test_error": 0.0172}, {"outer_epoch": 242, "inner_epoch": 1, "train_loss": 0.023331653867295243, "grad_norm": 0.014643518254160881, "test_error": 0.0172}, {"outer_epoch": 243, "inner_epoch": 1, "train_loss": 0.023337800881587708, "grad_norm": 0.013931997120380402, "test_error": 0.0171}, {"outer_epoch": 244, "inner_epoch": 1, "train_loss": 0.023326878160374084, "grad_norm": 0.013911694288253784, "test_error": 0.0172}, {"outer_epoch": 245, "inner_epoch": 1, "train_loss": 0.02331841506312776, "grad_norm": 0.013862419873476028, "test_error": 0.0172}, {"outer_epoch": 246, "inner_epoch": 1, "train_loss": 0.02331355610168733, "grad_norm": 0.014051678590476513, "test_error": 0.0171}, {"outer_epoch": 247, "inner_epoch": 1, "train_loss": 0.023316018159714683, "grad_norm": 0.013929754495620728, "test_error": 0.0171}, {"outer_epoch": 248, "inner_epoch": 1, "train_loss": 0.023312696860962507, "grad_norm": 0.014084966853260994, "test_error": 0.0171}, {"outer_epoch": 249, "inner_epoch": 1, "train_loss": 0.023308586036898, "grad_norm": 0.014145164750516415, "test_error": 0.017}, {"outer_epoch": 250, "inner_epoch": 1, "train_loss": 0.02331044479091361, "grad_norm": 0.014152302406728268, "test_error": 0.0172}]}