{"argv": ["train.py", "--seed", "79", "--optimizer", "SVRG", "--run_name", "svrg_0.05.json", "--output_path", "experiments/nonconvex_mnist_deep/svrg-0.05.json", "--dataset", "MNIST", "--layer_sizes", "784", "600", "300", "10", "--batch_size", "10", "--learning_rate", "0.05", "--weight_decay", "0.001", "--warmup_learning_rate", "0.03", "--num_warmup_epochs", "10", "--num_outer_epochs", "250", "--num_inner_epochs", "1", "--device", "cuda"], "args": {"seed": 79, "optimizer": "SVRG", "run_name": "svrg_0.05.json", "output_path": "experiments/nonconvex_mnist_deep/svrg-0.05.json", "device": "cuda", "dataset": "MNIST", "dataset_root": "~/datasets/pytorch", "dataset_size": null, "download": false, "layer_sizes": [784, 600, 300, 10], "batch_size": 10, "test_batch_size": 256, "learning_rate": 0.05, "weight_decay": 0.001, "warmup_learning_rate": 0.03, "num_warmup_epochs": 10, "num_outer_epochs": 250, "num_inner_epochs": 1, "inner_epoch_fraction": null, "choose_random_iterate": false, "num_epochs": 10}, "metrics": [{"warmup_epoch": 1, "train_loss": 0.346464528527072, "grad_norm": 0.22106513381004333, "test_error": 0.0443}, {"warmup_epoch": 2, "train_loss": 0.130714146493158, "grad_norm": 0.18392831087112427, "test_error": 0.0326}, {"warmup_epoch": 3, "train_loss": 0.09383272913537803, "grad_norm": 0.17008905112743378, "test_error": 0.0267}, {"warmup_epoch": 4, "train_loss": 0.07594742359446051, "grad_norm": 0.2526373267173767, "test_error": 0.0264}, {"warmup_epoch": 5, "train_loss": 0.06704114026339085, "grad_norm": 0.17545419931411743, "test_error": 0.0226}, {"warmup_epoch": 6, "train_loss": 0.05969950944062536, "grad_norm": 0.16558437049388885, "test_error": 0.0221}, {"warmup_epoch": 7, "train_loss": 0.05605181773917381, "grad_norm": 0.13674423098564148, "test_error": 0.022}, {"warmup_epoch": 8, "train_loss": 0.051774662089310974, "grad_norm": 0.13241495192050934, "test_error": 0.0215}, {"warmup_epoch": 9, "train_loss": 0.04942933207847818, "grad_norm": 0.20911480486392975, "test_error": 0.0215}, {"warmup_epoch": 10, "train_loss": 0.048595676936541474, "grad_norm": 0.2713138461112976, "test_error": 0.0242}, {"outer_epoch": 1, "inner_epoch": 1, "train_loss": 0.04683652524475474, "grad_norm": 0.2231644093990326, "test_error": 0.0241}, {"outer_epoch": 2, "inner_epoch": 1, "train_loss": 0.0458007135518031, "grad_norm": 0.17684820294380188, "test_error": 0.0211}, {"outer_epoch": 3, "inner_epoch": 1, "train_loss": 0.044001349138508276, "grad_norm": 0.18094514310359955, "test_error": 0.0197}, {"outer_epoch": 4, "inner_epoch": 1, "train_loss": 0.04239969134235192, "grad_norm": 0.1991259753704071, "test_error": 0.0219}, {"outer_epoch": 5, "inner_epoch": 1, "train_loss": 0.04236423923395341, "grad_norm": 0.12955377995967865, "test_error": 0.0204}, {"outer_epoch": 6, "inner_epoch": 1, "train_loss": 0.04153942903303444, "grad_norm": 0.11491402983665466, "test_error": 0.0187}, {"outer_epoch": 7, "inner_epoch": 1, "train_loss": 0.03765861108310734, "grad_norm": 0.25279998779296875, "test_error": 0.0243}, {"outer_epoch": 8, "inner_epoch": 1, "train_loss": 0.046308268925829905, "grad_norm": 0.2347094565629959, "test_error": 0.0225}, {"outer_epoch": 9, "inner_epoch": 1, "train_loss": 0.04575038316999174, "grad_norm": 0.2514684796333313, "test_error": 0.0259}, {"outer_epoch": 10, "inner_epoch": 1, "train_loss": 0.04430890427451717, "grad_norm": 0.09804064780473709, "test_error": 0.0191}, {"outer_epoch": 11, "inner_epoch": 1, "train_loss": 0.036015428443725496, "grad_norm": 0.09756418317556381, "test_error": 0.0194}, {"outer_epoch": 12, "inner_epoch": 1, "train_loss": 0.03426866911563654, "grad_norm": 0.17850390076637268, "test_error": 0.0207}, {"outer_epoch": 13, "inner_epoch": 1, "train_loss": 0.03844603170408906, "grad_norm": 0.43217089772224426, "test_error": 0.0301}, {"outer_epoch": 14, "inner_epoch": 1, "train_loss": 0.056654868791311555, "grad_norm": 0.17959831655025482, "test_error": 0.0238}, {"outer_epoch": 15, "inner_epoch": 1, "train_loss": 0.04272494396447534, "grad_norm": 0.07711474597454071, "test_error": 0.0181}, {"outer_epoch": 16, "inner_epoch": 1, "train_loss": 0.03420639990516065, "grad_norm": 0.24503353238105774, "test_error": 0.0226}, {"outer_epoch": 17, "inner_epoch": 1, "train_loss": 0.04381736870010597, "grad_norm": 0.19210165739059448, "test_error": 0.0217}, {"outer_epoch": 18, "inner_epoch": 1, "train_loss": 0.04213546058088832, "grad_norm": 0.12587480247020721, "test_error": 0.0211}, {"outer_epoch": 19, "inner_epoch": 1, "train_loss": 0.038314801658959674, "grad_norm": 0.10984991490840912, "test_error": 0.0188}, {"outer_epoch": 20, "inner_epoch": 1, "train_loss": 0.03651074176366819, "grad_norm": 0.2557005286216736, "test_error": 0.0236}, {"outer_epoch": 21, "inner_epoch": 1, "train_loss": 0.045199814021601926, "grad_norm": 0.1393750160932541, "test_error": 0.0192}, {"outer_epoch": 22, "inner_epoch": 1, "train_loss": 0.03770819585423305, "grad_norm": 0.2319718450307846, "test_error": 0.0238}, {"outer_epoch": 23, "inner_epoch": 1, "train_loss": 0.0430810530197341, "grad_norm": 0.10220222175121307, "test_error": 0.0202}, {"outer_epoch": 24, "inner_epoch": 1, "train_loss": 0.03546862996377361, "grad_norm": 0.15629591047763824, "test_error": 0.0186}, {"outer_epoch": 25, "inner_epoch": 1, "train_loss": 0.03717076284697396, "grad_norm": 0.18609210848808289, "test_error": 0.0238}, {"outer_epoch": 26, "inner_epoch": 1, "train_loss": 0.03969960656779586, "grad_norm": 0.20518797636032104, "test_error": 0.0225}, {"outer_epoch": 27, "inner_epoch": 1, "train_loss": 0.041733030076087134, "grad_norm": 0.10480247437953949, "test_error": 0.0193}, {"outer_epoch": 28, "inner_epoch": 1, "train_loss": 0.03516795532424294, "grad_norm": 0.15963727235794067, "test_error": 0.0193}, {"outer_epoch": 29, "inner_epoch": 1, "train_loss": 0.03538512719241165, "grad_norm": 0.1371266394853592, "test_error": 0.019}, {"outer_epoch": 30, "inner_epoch": 1, "train_loss": 0.0348370773413238, "grad_norm": 0.19924621284008026, "test_error": 0.0213}, {"outer_epoch": 31, "inner_epoch": 1, "train_loss": 0.04180886916256228, "grad_norm": 0.132433220744133, "test_error": 0.0188}, {"outer_epoch": 32, "inner_epoch": 1, "train_loss": 0.036106621929400715, "grad_norm": 0.15607495605945587, "test_error": 0.02}, {"outer_epoch": 33, "inner_epoch": 1, "train_loss": 0.03750062095123091, "grad_norm": 0.09884969890117645, "test_error": 0.0213}, {"outer_epoch": 34, "inner_epoch": 1, "train_loss": 0.0355309119195396, "grad_norm": 0.12121257185935974, "test_error": 0.0187}, {"outer_epoch": 35, "inner_epoch": 1, "train_loss": 0.033582633134928375, "grad_norm": 0.2282188981771469, "test_error": 0.0211}, {"outer_epoch": 36, "inner_epoch": 1, "train_loss": 0.042942194374253936, "grad_norm": 0.18228299915790558, "test_error": 0.0227}, {"outer_epoch": 37, "inner_epoch": 1, "train_loss": 0.043383969019021605, "grad_norm": 0.11323817074298859, "test_error": 0.0201}, {"outer_epoch": 38, "inner_epoch": 1, "train_loss": 0.036291108148851586, "grad_norm": 0.08640684932470322, "test_error": 0.0194}, {"outer_epoch": 39, "inner_epoch": 1, "train_loss": 0.03393544830133032, "grad_norm": 0.1418585479259491, "test_error": 0.0207}, {"outer_epoch": 40, "inner_epoch": 1, "train_loss": 0.03731272208126029, "grad_norm": 0.14347942173480988, "test_error": 0.0195}, {"outer_epoch": 41, "inner_epoch": 1, "train_loss": 0.03615621568949912, "grad_norm": 0.21075183153152466, "test_error": 0.0212}, {"outer_epoch": 42, "inner_epoch": 1, "train_loss": 0.03950088957364399, "grad_norm": 0.08160816878080368, "test_error": 0.0185}, {"outer_epoch": 43, "inner_epoch": 1, "train_loss": 0.03531283023836052, "grad_norm": 0.06970624625682831, "test_error": 0.0183}, {"outer_epoch": 44, "inner_epoch": 1, "train_loss": 0.03141771535366327, "grad_norm": 0.16648277640342712, "test_error": 0.0192}, {"outer_epoch": 45, "inner_epoch": 1, "train_loss": 0.03718409445857105, "grad_norm": 0.10914101451635361, "test_error": 0.0194}, {"outer_epoch": 46, "inner_epoch": 1, "train_loss": 0.033725635097864144, "grad_norm": 0.11640267819166183, "test_error": 0.0193}, {"outer_epoch": 47, "inner_epoch": 1, "train_loss": 0.034503012677162284, "grad_norm": 0.10881274193525314, "test_error": 0.0185}, {"outer_epoch": 48, "inner_epoch": 1, "train_loss": 0.03306907841667028, "grad_norm": 0.10863334685564041, "test_error": 0.0183}, {"outer_epoch": 49, "inner_epoch": 1, "train_loss": 0.035073510025356275, "grad_norm": 0.15130116045475006, "test_error": 0.0186}, {"outer_epoch": 50, "inner_epoch": 1, "train_loss": 0.036582121363161905, "grad_norm": 0.08201658725738525, "test_error": 0.0182}, {"outer_epoch": 51, "inner_epoch": 1, "train_loss": 0.03376249284807515, "grad_norm": 0.45665666460990906, "test_error": 0.0265}, {"outer_epoch": 52, "inner_epoch": 1, "train_loss": 0.05294086798696177, "grad_norm": 0.1466921865940094, "test_error": 0.024}, {"outer_epoch": 53, "inner_epoch": 1, "train_loss": 0.03941275701410632, "grad_norm": 0.18297208845615387, "test_error": 0.0215}, {"outer_epoch": 54, "inner_epoch": 1, "train_loss": 0.038730420127831164, "grad_norm": 0.13008098304271698, "test_error": 0.0214}, {"outer_epoch": 55, "inner_epoch": 1, "train_loss": 0.035074299741080416, "grad_norm": 0.1452549546957016, "test_error": 0.0175}, {"outer_epoch": 56, "inner_epoch": 1, "train_loss": 0.034726357867351905, "grad_norm": 0.23650649189949036, "test_error": 0.0232}, {"outer_epoch": 57, "inner_epoch": 1, "train_loss": 0.04067760609079657, "grad_norm": 0.16343675553798676, "test_error": 0.0208}, {"outer_epoch": 58, "inner_epoch": 1, "train_loss": 0.036336001228512035, "grad_norm": 0.11106853187084198, "test_error": 0.019}, {"outer_epoch": 59, "inner_epoch": 1, "train_loss": 0.0342335957405691, "grad_norm": 0.17554061114788055, "test_error": 0.0217}, {"outer_epoch": 60, "inner_epoch": 1, "train_loss": 0.0401003343025659, "grad_norm": 0.3612045645713806, "test_error": 0.0238}, {"outer_epoch": 61, "inner_epoch": 1, "train_loss": 0.051158584128813044, "grad_norm": 0.215998575091362, "test_error": 0.0247}, {"outer_epoch": 62, "inner_epoch": 1, "train_loss": 0.04394035954642216, "grad_norm": 0.23167741298675537, "test_error": 0.0232}, {"outer_epoch": 63, "inner_epoch": 1, "train_loss": 0.04350999204297356, "grad_norm": 0.16579493880271912, "test_error": 0.0196}, {"outer_epoch": 64, "inner_epoch": 1, "train_loss": 0.038389609588482324, "grad_norm": 0.22037950158119202, "test_error": 0.0192}, {"outer_epoch": 65, "inner_epoch": 1, "train_loss": 0.03988002269263961, "grad_norm": 0.13928759098052979, "test_error": 0.0205}, {"outer_epoch": 66, "inner_epoch": 1, "train_loss": 0.03792982326030809, "grad_norm": 0.09911760687828064, "test_error": 0.0177}, {"outer_epoch": 67, "inner_epoch": 1, "train_loss": 0.033594738092423845, "grad_norm": 0.08183909207582474, "test_error": 0.0185}, {"outer_epoch": 68, "inner_epoch": 1, "train_loss": 0.03329890947821453, "grad_norm": 0.06991053372621536, "test_error": 0.0174}, {"outer_epoch": 69, "inner_epoch": 1, "train_loss": 0.030256338188856414, "grad_norm": 0.13239121437072754, "test_error": 0.0175}, {"outer_epoch": 70, "inner_epoch": 1, "train_loss": 0.03489748089979063, "grad_norm": 0.07419069856405258, "test_error": 0.0168}, {"outer_epoch": 71, "inner_epoch": 1, "train_loss": 0.03227737186897624, "grad_norm": 0.08558216691017151, "test_error": 0.0174}, {"outer_epoch": 72, "inner_epoch": 1, "train_loss": 0.030783452861670717, "grad_norm": 0.11090192943811417, "test_error": 0.0174}, {"outer_epoch": 73, "inner_epoch": 1, "train_loss": 0.03399307103724277, "grad_norm": 0.10651713609695435, "test_error": 0.0194}, {"outer_epoch": 74, "inner_epoch": 1, "train_loss": 0.03680787186674085, "grad_norm": 0.28972670435905457, "test_error": 0.0263}, {"outer_epoch": 75, "inner_epoch": 1, "train_loss": 0.051007709316785624, "grad_norm": 0.16206727921962738, "test_error": 0.0221}, {"outer_epoch": 76, "inner_epoch": 1, "train_loss": 0.04324157296760434, "grad_norm": 0.13192734122276306, "test_error": 0.0195}, {"outer_epoch": 77, "inner_epoch": 1, "train_loss": 0.03504342304728925, "grad_norm": 0.13253512978553772, "test_error": 0.0187}, {"outer_epoch": 78, "inner_epoch": 1, "train_loss": 0.034981070917228255, "grad_norm": 0.147804394364357, "test_error": 0.0187}, {"outer_epoch": 79, "inner_epoch": 1, "train_loss": 0.03544120590514164, "grad_norm": 0.17576099932193756, "test_error": 0.022}, {"outer_epoch": 80, "inner_epoch": 1, "train_loss": 0.03811507605114942, "grad_norm": 0.12134094536304474, "test_error": 0.0213}, {"outer_epoch": 81, "inner_epoch": 1, "train_loss": 0.03464577010394714, "grad_norm": 0.15105892717838287, "test_error": 0.0202}, {"outer_epoch": 82, "inner_epoch": 1, "train_loss": 0.03709359960523337, "grad_norm": 0.17723023891448975, "test_error": 0.0199}, {"outer_epoch": 83, "inner_epoch": 1, "train_loss": 0.03904795901242566, "grad_norm": 0.14951521158218384, "test_error": 0.0203}, {"outer_epoch": 84, "inner_epoch": 1, "train_loss": 0.0378679702191439, "grad_norm": 0.10015890002250671, "test_error": 0.02}, {"outer_epoch": 85, "inner_epoch": 1, "train_loss": 0.03266271005315745, "grad_norm": 0.07408113032579422, "test_error": 0.0177}, {"outer_epoch": 86, "inner_epoch": 1, "train_loss": 0.030217286986798476, "grad_norm": 0.16401135921478271, "test_error": 0.0205}, {"outer_epoch": 87, "inner_epoch": 1, "train_loss": 0.03672103906258174, "grad_norm": 0.16624106466770172, "test_error": 0.0212}, {"outer_epoch": 88, "inner_epoch": 1, "train_loss": 0.04072904652277066, "grad_norm": 0.13476011157035828, "test_error": 0.0202}, {"outer_epoch": 89, "inner_epoch": 1, "train_loss": 0.03684302361367008, "grad_norm": 0.10616150498390198, "test_error": 0.0195}, {"outer_epoch": 90, "inner_epoch": 1, "train_loss": 0.031586665506494076, "grad_norm": 0.18656101822853088, "test_error": 0.0186}, {"outer_epoch": 91, "inner_epoch": 1, "train_loss": 0.0371541937299844, "grad_norm": 0.1270221769809723, "test_error": 0.019}, {"outer_epoch": 92, "inner_epoch": 1, "train_loss": 0.035786693560490676, "grad_norm": 0.1519651561975479, "test_error": 0.0203}, {"outer_epoch": 93, "inner_epoch": 1, "train_loss": 0.038901936453199594, "grad_norm": 0.08194471150636673, "test_error": 0.019}, {"outer_epoch": 94, "inner_epoch": 1, "train_loss": 0.03463781760603888, "grad_norm": 0.07105688005685806, "test_error": 0.0166}, {"outer_epoch": 95, "inner_epoch": 1, "train_loss": 0.030645059417512433, "grad_norm": 0.062078025192022324, "test_error": 0.017}, {"outer_epoch": 96, "inner_epoch": 1, "train_loss": 0.030985096074116883, "grad_norm": 0.09450607746839523, "test_error": 0.0176}, {"outer_epoch": 97, "inner_epoch": 1, "train_loss": 0.03168460819637039, "grad_norm": 0.13591933250427246, "test_error": 0.0189}, {"outer_epoch": 98, "inner_epoch": 1, "train_loss": 0.03466750898899045, "grad_norm": 0.12012505531311035, "test_error": 0.0192}, {"outer_epoch": 99, "inner_epoch": 1, "train_loss": 0.03605232388905036, "grad_norm": 0.46819519996643066, "test_error": 0.0273}, {"outer_epoch": 100, "inner_epoch": 1, "train_loss": 0.05508513713387462, "grad_norm": 0.1881006360054016, "test_error": 0.0238}, {"outer_epoch": 101, "inner_epoch": 1, "train_loss": 0.04404990414681864, "grad_norm": 0.11105062812566757, "test_error": 0.0191}, {"outer_epoch": 102, "inner_epoch": 1, "train_loss": 0.035877413443871776, "grad_norm": 0.1292860060930252, "test_error": 0.0182}, {"outer_epoch": 103, "inner_epoch": 1, "train_loss": 0.03363438652108743, "grad_norm": 0.12075139582157135, "test_error": 0.0203}, {"outer_epoch": 104, "inner_epoch": 1, "train_loss": 0.03676684760653492, "grad_norm": 0.0990259125828743, "test_error": 0.0185}, {"outer_epoch": 105, "inner_epoch": 1, "train_loss": 0.03258463715790519, "grad_norm": 0.12857383489608765, "test_error": 0.0207}, {"outer_epoch": 106, "inner_epoch": 1, "train_loss": 0.037061117477166894, "grad_norm": 0.12162866443395615, "test_error": 0.0193}, {"outer_epoch": 107, "inner_epoch": 1, "train_loss": 0.036562931860312044, "grad_norm": 0.10776586085557938, "test_error": 0.0202}, {"outer_epoch": 108, "inner_epoch": 1, "train_loss": 0.03481888817406919, "grad_norm": 0.12911663949489594, "test_error": 0.0179}, {"outer_epoch": 109, "inner_epoch": 1, "train_loss": 0.03486975160702423, "grad_norm": 0.12426012754440308, "test_error": 0.0192}, {"outer_epoch": 110, "inner_epoch": 1, "train_loss": 0.03282018539499889, "grad_norm": 0.09163076430559158, "test_error": 0.0175}, {"outer_epoch": 111, "inner_epoch": 1, "train_loss": 0.034650975322801966, "grad_norm": 0.34582239389419556, "test_error": 0.0281}, {"outer_epoch": 112, "inner_epoch": 1, "train_loss": 0.05323776587496832, "grad_norm": 0.28674736618995667, "test_error": 0.0245}, {"outer_epoch": 113, "inner_epoch": 1, "train_loss": 0.0489997867011892, "grad_norm": 0.20970498025417328, "test_error": 0.0232}, {"outer_epoch": 114, "inner_epoch": 1, "train_loss": 0.04143511498135922, "grad_norm": 0.1620463728904724, "test_error": 0.0221}, {"outer_epoch": 115, "inner_epoch": 1, "train_loss": 0.03860953877462695, "grad_norm": 0.14416548609733582, "test_error": 0.0198}, {"outer_epoch": 116, "inner_epoch": 1, "train_loss": 0.03770676244508164, "grad_norm": 0.10822342336177826, "test_error": 0.0189}, {"outer_epoch": 117, "inner_epoch": 1, "train_loss": 0.03332305637909788, "grad_norm": 0.12708038091659546, "test_error": 0.0185}, {"outer_epoch": 118, "inner_epoch": 1, "train_loss": 0.03450156785757281, "grad_norm": 0.12639327347278595, "test_error": 0.0192}, {"outer_epoch": 119, "inner_epoch": 1, "train_loss": 0.03449129418823577, "grad_norm": 0.14796796441078186, "test_error": 0.0189}, {"outer_epoch": 120, "inner_epoch": 1, "train_loss": 0.035005065124321846, "grad_norm": 0.2528819143772125, "test_error": 0.0221}, {"outer_epoch": 121, "inner_epoch": 1, "train_loss": 0.042114459632779475, "grad_norm": 0.10902122408151627, "test_error": 0.0206}, {"outer_epoch": 122, "inner_epoch": 1, "train_loss": 0.034008405896029825, "grad_norm": 0.09159468114376068, "test_error": 0.018}, {"outer_epoch": 123, "inner_epoch": 1, "train_loss": 0.03340849739161786, "grad_norm": 0.16718633472919464, "test_error": 0.0192}, {"outer_epoch": 124, "inner_epoch": 1, "train_loss": 0.03855135855627789, "grad_norm": 0.07876332104206085, "test_error": 0.0184}, {"outer_epoch": 125, "inner_epoch": 1, "train_loss": 0.03261571363979116, "grad_norm": 0.1237289234995842, "test_error": 0.0192}, {"outer_epoch": 126, "inner_epoch": 1, "train_loss": 0.03606682421674486, "grad_norm": 0.09137791395187378, "test_error": 0.0175}, {"outer_epoch": 127, "inner_epoch": 1, "train_loss": 0.032281778630339736, "grad_norm": 0.30024123191833496, "test_error": 0.0204}, {"outer_epoch": 128, "inner_epoch": 1, "train_loss": 0.04665026072197603, "grad_norm": 0.25695884227752686, "test_error": 0.0244}, {"outer_epoch": 129, "inner_epoch": 1, "train_loss": 0.04604036701694713, "grad_norm": 0.24151678383350372, "test_error": 0.0224}, {"outer_epoch": 130, "inner_epoch": 1, "train_loss": 0.040432158037472014, "grad_norm": 0.11122970283031464, "test_error": 0.0198}, {"outer_epoch": 131, "inner_epoch": 1, "train_loss": 0.034322630283553736, "grad_norm": 0.23842671513557434, "test_error": 0.0199}, {"outer_epoch": 132, "inner_epoch": 1, "train_loss": 0.039033880264983355, "grad_norm": 0.11729861795902252, "test_error": 0.021}, {"outer_epoch": 133, "inner_epoch": 1, "train_loss": 0.035170265083346745, "grad_norm": 0.1989772915840149, "test_error": 0.0216}, {"outer_epoch": 134, "inner_epoch": 1, "train_loss": 0.03925193682865696, "grad_norm": 0.23987653851509094, "test_error": 0.022}, {"outer_epoch": 135, "inner_epoch": 1, "train_loss": 0.040593739238810184, "grad_norm": 0.1638839840888977, "test_error": 0.0209}, {"outer_epoch": 136, "inner_epoch": 1, "train_loss": 0.03802399076292932, "grad_norm": 0.16009321808815002, "test_error": 0.0205}, {"outer_epoch": 137, "inner_epoch": 1, "train_loss": 0.0411529204942223, "grad_norm": 0.32587334513664246, "test_error": 0.0258}, {"outer_epoch": 138, "inner_epoch": 1, "train_loss": 0.04653654282127294, "grad_norm": 0.22664733231067657, "test_error": 0.024}, {"outer_epoch": 139, "inner_epoch": 1, "train_loss": 0.04216819131946734, "grad_norm": 0.1984752118587494, "test_error": 0.0226}, {"outer_epoch": 140, "inner_epoch": 1, "train_loss": 0.04305158489537037, "grad_norm": 0.162465438246727, "test_error": 0.0194}, {"outer_epoch": 141, "inner_epoch": 1, "train_loss": 0.037011195523116235, "grad_norm": 0.09767913818359375, "test_error": 0.0192}, {"outer_epoch": 142, "inner_epoch": 1, "train_loss": 0.03476187268011078, "grad_norm": 0.15567274391651154, "test_error": 0.0214}, {"outer_epoch": 143, "inner_epoch": 1, "train_loss": 0.03773917188641402, "grad_norm": 0.14287519454956055, "test_error": 0.0193}, {"outer_epoch": 144, "inner_epoch": 1, "train_loss": 0.033612074641867364, "grad_norm": 0.07001925259828568, "test_error": 0.0179}, {"outer_epoch": 145, "inner_epoch": 1, "train_loss": 0.03028576339976765, "grad_norm": 0.08451191335916519, "test_error": 0.0166}, {"outer_epoch": 146, "inner_epoch": 1, "train_loss": 0.031375951624504524, "grad_norm": 0.11692112684249878, "test_error": 0.0183}, {"outer_epoch": 147, "inner_epoch": 1, "train_loss": 0.03494733493827031, "grad_norm": 0.10461163520812988, "test_error": 0.0186}, {"outer_epoch": 148, "inner_epoch": 1, "train_loss": 0.0337544118600393, "grad_norm": 0.14803087711334229, "test_error": 0.0191}, {"outer_epoch": 149, "inner_epoch": 1, "train_loss": 0.036633568020270714, "grad_norm": 0.2108525186777115, "test_error": 0.0208}, {"outer_epoch": 150, "inner_epoch": 1, "train_loss": 0.04180764325391162, "grad_norm": 0.12204306572675705, "test_error": 0.0189}, {"outer_epoch": 151, "inner_epoch": 1, "train_loss": 0.03445680220085584, "grad_norm": 0.19076861441135406, "test_error": 0.022}, {"outer_epoch": 152, "inner_epoch": 1, "train_loss": 0.04164872893396144, "grad_norm": 0.11967874318361282, "test_error": 0.0212}, {"outer_epoch": 153, "inner_epoch": 1, "train_loss": 0.03644461405915839, "grad_norm": 0.07932396233081818, "test_error": 0.0179}, {"outer_epoch": 154, "inner_epoch": 1, "train_loss": 0.032238234461619865, "grad_norm": 0.07314757257699966, "test_error": 0.017}, {"outer_epoch": 155, "inner_epoch": 1, "train_loss": 0.030706053840081342, "grad_norm": 0.06641693413257599, "test_error": 0.0173}, {"outer_epoch": 156, "inner_epoch": 1, "train_loss": 0.03005595739763521, "grad_norm": 0.09719909727573395, "test_error": 0.018}, {"outer_epoch": 157, "inner_epoch": 1, "train_loss": 0.03179908878672965, "grad_norm": 0.07163054496049881, "test_error": 0.0182}, {"outer_epoch": 158, "inner_epoch": 1, "train_loss": 0.03517721793104041, "grad_norm": 0.09104878455400467, "test_error": 0.0188}, {"outer_epoch": 159, "inner_epoch": 1, "train_loss": 0.03297401795108453, "grad_norm": 0.11351277679204941, "test_error": 0.0183}, {"outer_epoch": 160, "inner_epoch": 1, "train_loss": 0.035632868265890766, "grad_norm": 0.08989729732275009, "test_error": 0.0169}, {"outer_epoch": 161, "inner_epoch": 1, "train_loss": 0.032321123808632064, "grad_norm": 0.11885610967874527, "test_error": 0.0195}, {"outer_epoch": 162, "inner_epoch": 1, "train_loss": 0.03490773085490218, "grad_norm": 0.11042443662881851, "test_error": 0.0188}, {"outer_epoch": 163, "inner_epoch": 1, "train_loss": 0.0332033399464611, "grad_norm": 0.2261103391647339, "test_error": 0.0214}, {"outer_epoch": 164, "inner_epoch": 1, "train_loss": 0.040757427575343175, "grad_norm": 0.1533963978290558, "test_error": 0.0218}, {"outer_epoch": 165, "inner_epoch": 1, "train_loss": 0.041306563931483346, "grad_norm": 0.19444343447685242, "test_error": 0.0229}, {"outer_epoch": 166, "inner_epoch": 1, "train_loss": 0.04123874461491262, "grad_norm": 0.18649008870124817, "test_error": 0.025}, {"outer_epoch": 167, "inner_epoch": 1, "train_loss": 0.041510856642581834, "grad_norm": 0.1778840720653534, "test_error": 0.0199}, {"outer_epoch": 168, "inner_epoch": 1, "train_loss": 0.038738008298823845, "grad_norm": 0.27103206515312195, "test_error": 0.0221}, {"outer_epoch": 169, "inner_epoch": 1, "train_loss": 0.04045448717475422, "grad_norm": 0.18763373792171478, "test_error": 0.02}, {"outer_epoch": 170, "inner_epoch": 1, "train_loss": 0.036594894947100935, "grad_norm": 0.17455820739269257, "test_error": 0.0194}, {"outer_epoch": 171, "inner_epoch": 1, "train_loss": 0.03912194311610559, "grad_norm": 0.13370923697948456, "test_error": 0.02}, {"outer_epoch": 172, "inner_epoch": 1, "train_loss": 0.03652718684183492, "grad_norm": 0.1730707734823227, "test_error": 0.0202}, {"outer_epoch": 173, "inner_epoch": 1, "train_loss": 0.03894061726186677, "grad_norm": 0.24572063982486725, "test_error": 0.0217}, {"outer_epoch": 174, "inner_epoch": 1, "train_loss": 0.04240062692282906, "grad_norm": 0.15711918473243713, "test_error": 0.0214}, {"outer_epoch": 175, "inner_epoch": 1, "train_loss": 0.04032543785663438, "grad_norm": 0.16626989841461182, "test_error": 0.0208}, {"outer_epoch": 176, "inner_epoch": 1, "train_loss": 0.03721523837617133, "grad_norm": 0.0840698853135109, "test_error": 0.0176}, {"outer_epoch": 177, "inner_epoch": 1, "train_loss": 0.03164941188144439, "grad_norm": 0.086751788854599, "test_error": 0.0185}, {"outer_epoch": 178, "inner_epoch": 1, "train_loss": 0.03182330718456069, "grad_norm": 0.24216888844966888, "test_error": 0.0207}, {"outer_epoch": 179, "inner_epoch": 1, "train_loss": 0.04267116309147968, "grad_norm": 0.38102081418037415, "test_error": 0.0277}, {"outer_epoch": 180, "inner_epoch": 1, "train_loss": 0.0532031286532947, "grad_norm": 0.12252835929393768, "test_error": 0.0209}, {"outer_epoch": 181, "inner_epoch": 1, "train_loss": 0.03923200953758593, "grad_norm": 0.2710999548435211, "test_error": 0.0209}, {"outer_epoch": 182, "inner_epoch": 1, "train_loss": 0.041382371524896974, "grad_norm": 0.13911037147045135, "test_error": 0.02}, {"outer_epoch": 183, "inner_epoch": 1, "train_loss": 0.036251109254221474, "grad_norm": 0.14662429690361023, "test_error": 0.0187}, {"outer_epoch": 184, "inner_epoch": 1, "train_loss": 0.034206724436027194, "grad_norm": 0.1305786818265915, "test_error": 0.0202}, {"outer_epoch": 185, "inner_epoch": 1, "train_loss": 0.03591902454126102, "grad_norm": 0.180367574095726, "test_error": 0.0197}, {"outer_epoch": 186, "inner_epoch": 1, "train_loss": 0.03677983493700837, "grad_norm": 0.14663338661193848, "test_error": 0.0182}, {"outer_epoch": 187, "inner_epoch": 1, "train_loss": 0.037425497167622473, "grad_norm": 0.13209545612335205, "test_error": 0.0212}, {"outer_epoch": 188, "inner_epoch": 1, "train_loss": 0.03702882792580446, "grad_norm": 0.1317451149225235, "test_error": 0.0198}, {"outer_epoch": 189, "inner_epoch": 1, "train_loss": 0.034845831603920185, "grad_norm": 0.10354352742433548, "test_error": 0.0187}, {"outer_epoch": 190, "inner_epoch": 1, "train_loss": 0.033944961094884395, "grad_norm": 0.08860082179307938, "test_error": 0.0187}, {"outer_epoch": 191, "inner_epoch": 1, "train_loss": 0.0318371290313468, "grad_norm": 0.11083278805017471, "test_error": 0.0186}, {"outer_epoch": 192, "inner_epoch": 1, "train_loss": 0.03418323236235544, "grad_norm": 0.05395343899726868, "test_error": 0.017}, {"outer_epoch": 193, "inner_epoch": 1, "train_loss": 0.02944279494251047, "grad_norm": 0.09245198220014572, "test_error": 0.0176}, {"outer_epoch": 194, "inner_epoch": 1, "train_loss": 0.031220832340496902, "grad_norm": 0.17190033197402954, "test_error": 0.0183}, {"outer_epoch": 195, "inner_epoch": 1, "train_loss": 0.038388877839500006, "grad_norm": 0.3079317808151245, "test_error": 0.0249}, {"outer_epoch": 196, "inner_epoch": 1, "train_loss": 0.046774805230620886, "grad_norm": 0.15220846235752106, "test_error": 0.0212}, {"outer_epoch": 197, "inner_epoch": 1, "train_loss": 0.03901557605512547, "grad_norm": 0.16365352272987366, "test_error": 0.021}, {"outer_epoch": 198, "inner_epoch": 1, "train_loss": 0.04097501161972468, "grad_norm": 0.3056905269622803, "test_error": 0.0252}, {"outer_epoch": 199, "inner_epoch": 1, "train_loss": 0.04355424287138158, "grad_norm": 0.15533167123794556, "test_error": 0.0189}, {"outer_epoch": 200, "inner_epoch": 1, "train_loss": 0.03867020103271837, "grad_norm": 0.11300256848335266, "test_error": 0.0176}, {"outer_epoch": 201, "inner_epoch": 1, "train_loss": 0.034116745974456235, "grad_norm": 0.3401051163673401, "test_error": 0.0239}, {"outer_epoch": 202, "inner_epoch": 1, "train_loss": 0.049590026987580735, "grad_norm": 0.22360394895076752, "test_error": 0.0233}, {"outer_epoch": 203, "inner_epoch": 1, "train_loss": 0.04225025374739198, "grad_norm": 0.09907959401607513, "test_error": 0.0188}, {"outer_epoch": 204, "inner_epoch": 1, "train_loss": 0.03660827290863866, "grad_norm": 0.0930681899189949, "test_error": 0.0185}, {"outer_epoch": 205, "inner_epoch": 1, "train_loss": 0.03081692140667777, "grad_norm": 0.12219104170799255, "test_error": 0.0182}, {"outer_epoch": 206, "inner_epoch": 1, "train_loss": 0.036234609394445824, "grad_norm": 0.14201568067073822, "test_error": 0.0193}, {"outer_epoch": 207, "inner_epoch": 1, "train_loss": 0.03708169961234186, "grad_norm": 0.13554826378822327, "test_error": 0.0168}, {"outer_epoch": 208, "inner_epoch": 1, "train_loss": 0.035754808883124496, "grad_norm": 0.10273861885070801, "test_error": 0.0173}, {"outer_epoch": 209, "inner_epoch": 1, "train_loss": 0.03373346612249831, "grad_norm": 0.13782913982868195, "test_error": 0.02}, {"outer_epoch": 210, "inner_epoch": 1, "train_loss": 0.034452802014246116, "grad_norm": 0.13873274624347687, "test_error": 0.0197}, {"outer_epoch": 211, "inner_epoch": 1, "train_loss": 0.03655831734281673, "grad_norm": 0.08823533356189728, "test_error": 0.0181}, {"outer_epoch": 212, "inner_epoch": 1, "train_loss": 0.03158323779869049, "grad_norm": 0.1806858479976654, "test_error": 0.0195}, {"outer_epoch": 213, "inner_epoch": 1, "train_loss": 0.039550526924353714, "grad_norm": 0.2593050003051758, "test_error": 0.0223}, {"outer_epoch": 214, "inner_epoch": 1, "train_loss": 0.045586393932186185, "grad_norm": 0.18468384444713593, "test_error": 0.0202}, {"outer_epoch": 215, "inner_epoch": 1, "train_loss": 0.04076051328691634, "grad_norm": 0.22280347347259521, "test_error": 0.0232}, {"outer_epoch": 216, "inner_epoch": 1, "train_loss": 0.04104871722581447, "grad_norm": 0.12430203706026077, "test_error": 0.0191}, {"outer_epoch": 217, "inner_epoch": 1, "train_loss": 0.03485166865577533, "grad_norm": 0.15826919674873352, "test_error": 0.021}, {"outer_epoch": 218, "inner_epoch": 1, "train_loss": 0.0376368972678174, "grad_norm": 0.24234020709991455, "test_error": 0.0215}, {"outer_epoch": 219, "inner_epoch": 1, "train_loss": 0.042579732388638755, "grad_norm": 0.25973156094551086, "test_error": 0.0221}, {"outer_epoch": 220, "inner_epoch": 1, "train_loss": 0.044762221391509226, "grad_norm": 0.15751147270202637, "test_error": 0.0212}, {"outer_epoch": 221, "inner_epoch": 1, "train_loss": 0.0394395103693217, "grad_norm": 0.12421073764562607, "test_error": 0.0207}, {"outer_epoch": 222, "inner_epoch": 1, "train_loss": 0.0369766330121153, "grad_norm": 0.06586674600839615, "test_error": 0.0182}, {"outer_epoch": 223, "inner_epoch": 1, "train_loss": 0.031417553486836065, "grad_norm": 0.1929272711277008, "test_error": 0.019}, {"outer_epoch": 224, "inner_epoch": 1, "train_loss": 0.03786293529275039, "grad_norm": 0.09250670671463013, "test_error": 0.0186}, {"outer_epoch": 225, "inner_epoch": 1, "train_loss": 0.034518361256339024, "grad_norm": 0.16288438439369202, "test_error": 0.0211}, {"outer_epoch": 226, "inner_epoch": 1, "train_loss": 0.03987433581614459, "grad_norm": 0.14579762518405914, "test_error": 0.0201}, {"outer_epoch": 227, "inner_epoch": 1, "train_loss": 0.036161256138865915, "grad_norm": 0.16788388788700104, "test_error": 0.0215}, {"outer_epoch": 228, "inner_epoch": 1, "train_loss": 0.03653599247229673, "grad_norm": 0.16459207236766815, "test_error": 0.0202}, {"outer_epoch": 229, "inner_epoch": 1, "train_loss": 0.040895054949517846, "grad_norm": 0.12426375597715378, "test_error": 0.018}, {"outer_epoch": 230, "inner_epoch": 1, "train_loss": 0.03514696741413112, "grad_norm": 0.28147709369659424, "test_error": 0.0236}, {"outer_epoch": 231, "inner_epoch": 1, "train_loss": 0.04608476310497402, "grad_norm": 0.12172462046146393, "test_error": 0.0208}, {"outer_epoch": 232, "inner_epoch": 1, "train_loss": 0.036425325382076455, "grad_norm": 0.11552370339632034, "test_error": 0.0205}, {"outer_epoch": 233, "inner_epoch": 1, "train_loss": 0.03438645513864806, "grad_norm": 0.08127439767122269, "test_error": 0.0177}, {"outer_epoch": 234, "inner_epoch": 1, "train_loss": 0.034300085442339576, "grad_norm": 0.18940319120883942, "test_error": 0.0211}, {"outer_epoch": 235, "inner_epoch": 1, "train_loss": 0.04347062146988173, "grad_norm": 0.2064274102449417, "test_error": 0.0216}, {"outer_epoch": 236, "inner_epoch": 1, "train_loss": 0.041785123985115205, "grad_norm": 0.21223872900009155, "test_error": 0.026}, {"outer_epoch": 237, "inner_epoch": 1, "train_loss": 0.044597580186241735, "grad_norm": 0.11690703779459, "test_error": 0.0211}, {"outer_epoch": 238, "inner_epoch": 1, "train_loss": 0.0379939889186935, "grad_norm": 0.13627023994922638, "test_error": 0.0224}, {"outer_epoch": 239, "inner_epoch": 1, "train_loss": 0.038327733762964875, "grad_norm": 0.2076920121908188, "test_error": 0.0217}, {"outer_epoch": 240, "inner_epoch": 1, "train_loss": 0.03767068322437505, "grad_norm": 0.12425995618104935, "test_error": 0.02}, {"outer_epoch": 241, "inner_epoch": 1, "train_loss": 0.03587506151877945, "grad_norm": 0.08641123026609421, "test_error": 0.0183}, {"outer_epoch": 242, "inner_epoch": 1, "train_loss": 0.0344448989224984, "grad_norm": 0.1660444289445877, "test_error": 0.0217}, {"outer_epoch": 243, "inner_epoch": 1, "train_loss": 0.03994831013824539, "grad_norm": 0.21279270946979523, "test_error": 0.0229}, {"outer_epoch": 244, "inner_epoch": 1, "train_loss": 0.04123785937892777, "grad_norm": 0.21933941543102264, "test_error": 0.0209}, {"outer_epoch": 245, "inner_epoch": 1, "train_loss": 0.04297391029626791, "grad_norm": 0.1548732966184616, "test_error": 0.0209}, {"outer_epoch": 246, "inner_epoch": 1, "train_loss": 0.03634874461844932, "grad_norm": 0.2218295782804489, "test_error": 0.0224}, {"outer_epoch": 247, "inner_epoch": 1, "train_loss": 0.040945386461229645, "grad_norm": 0.3078574240207672, "test_error": 0.0256}, {"outer_epoch": 248, "inner_epoch": 1, "train_loss": 0.04677613278008357, "grad_norm": 0.1693142205476761, "test_error": 0.0215}, {"outer_epoch": 249, "inner_epoch": 1, "train_loss": 0.03747459996725956, "grad_norm": 0.18422120809555054, "test_error": 0.0216}, {"outer_epoch": 250, "inner_epoch": 1, "train_loss": 0.03734919941299692, "grad_norm": 0.11860007047653198, "test_error": 0.0212}]}