{"argv": ["train.py", "--seed", "79", "--optimizer", "SVRG", "--run_name", "svrg_0.025.json", "--output_path", "experiments/nonconvex_mnist_deep/svrg-0.025.json", "--dataset", "MNIST", "--layer_sizes", "784", "600", "300", "10", "--batch_size", "10", "--learning_rate", "0.025", "--weight_decay", "0.001", "--warmup_learning_rate", "0.03", "--num_warmup_epochs", "10", "--num_outer_epochs", "250", "--num_inner_epochs", "1", "--device", "cuda"], "args": {"seed": 79, "optimizer": "SVRG", "run_name": "svrg_0.025.json", "output_path": "experiments/nonconvex_mnist_deep/svrg-0.025.json", "device": "cuda", "dataset": "MNIST", "dataset_root": "~/datasets/pytorch", "dataset_size": null, "download": false, "layer_sizes": [784, 600, 300, 10], "batch_size": 10, "test_batch_size": 256, "learning_rate": 0.025, "weight_decay": 0.001, "warmup_learning_rate": 0.03, "num_warmup_epochs": 10, "num_outer_epochs": 250, "num_inner_epochs": 1, "inner_epoch_fraction": null, "choose_random_iterate": false, "num_epochs": 10}, "metrics": [{"warmup_epoch": 1, "train_loss": 0.346464528527072, "grad_norm": 0.22106513381004333, "test_error": 0.0443}, {"warmup_epoch": 2, "train_loss": 0.130714146493158, "grad_norm": 0.18392831087112427, "test_error": 0.0326}, {"warmup_epoch": 3, "train_loss": 0.09383272913537803, "grad_norm": 0.17008905112743378, "test_error": 0.0267}, {"warmup_epoch": 4, "train_loss": 0.07594742359446051, "grad_norm": 0.2526373267173767, "test_error": 0.0264}, {"warmup_epoch": 5, "train_loss": 0.06704114026339085, "grad_norm": 0.17545419931411743, "test_error": 0.0226}, {"warmup_epoch": 6, "train_loss": 0.05969950944062536, "grad_norm": 0.16558437049388885, "test_error": 0.0221}, {"warmup_epoch": 7, "train_loss": 0.05605181773917381, "grad_norm": 0.13674423098564148, "test_error": 0.022}, {"warmup_epoch": 8, "train_loss": 0.051774662089310974, "grad_norm": 0.13241495192050934, "test_error": 0.0215}, {"warmup_epoch": 9, "train_loss": 0.04942933207847818, "grad_norm": 0.20911480486392975, "test_error": 0.0215}, {"warmup_epoch": 10, "train_loss": 0.048595676936541474, "grad_norm": 0.2713138461112976, "test_error": 0.0242}, {"outer_epoch": 1, "inner_epoch": 1, "train_loss": 0.034433061667359044, "grad_norm": 0.18066200613975525, "test_error": 0.0207}, {"outer_epoch": 2, "inner_epoch": 1, "train_loss": 0.031102590982676096, "grad_norm": 0.0675957053899765, "test_error": 0.0176}, {"outer_epoch": 3, "inner_epoch": 1, "train_loss": 0.028802560200958397, "grad_norm": 0.04445160552859306, "test_error": 0.0172}, {"outer_epoch": 4, "inner_epoch": 1, "train_loss": 0.02749948016644824, "grad_norm": 0.040323980152606964, "test_error": 0.0171}, {"outer_epoch": 5, "inner_epoch": 1, "train_loss": 0.026739899129863867, "grad_norm": 0.031430769711732864, "test_error": 0.0167}, {"outer_epoch": 6, "inner_epoch": 1, "train_loss": 0.026359779479981322, "grad_norm": 0.02759638987481594, "test_error": 0.0165}, {"outer_epoch": 7, "inner_epoch": 1, "train_loss": 0.026090792748092402, "grad_norm": 0.041737139225006104, "test_error": 0.0166}, {"outer_epoch": 8, "inner_epoch": 1, "train_loss": 0.025856673540280706, "grad_norm": 0.020593920722603798, "test_error": 0.0172}, {"outer_epoch": 9, "inner_epoch": 1, "train_loss": 0.02553884915019929, "grad_norm": 0.024173470214009285, "test_error": 0.0166}, {"outer_epoch": 10, "inner_epoch": 1, "train_loss": 0.02531544990192924, "grad_norm": 0.01830914616584778, "test_error": 0.0167}, {"outer_epoch": 11, "inner_epoch": 1, "train_loss": 0.02508227094327837, "grad_norm": 0.018729092553257942, "test_error": 0.017}, {"outer_epoch": 12, "inner_epoch": 1, "train_loss": 0.024870734369619944, "grad_norm": 0.01867634616792202, "test_error": 0.017}, {"outer_epoch": 13, "inner_epoch": 1, "train_loss": 0.02482191444375106, "grad_norm": 0.019625365734100342, "test_error": 0.0172}, {"outer_epoch": 14, "inner_epoch": 1, "train_loss": 0.02467303908123237, "grad_norm": 0.05751447379589081, "test_error": 0.0172}, {"outer_epoch": 15, "inner_epoch": 1, "train_loss": 0.024944202561610535, "grad_norm": 0.022509271278977394, "test_error": 0.0176}, {"outer_epoch": 16, "inner_epoch": 1, "train_loss": 0.024742967040641814, "grad_norm": 0.03169183060526848, "test_error": 0.0169}, {"outer_epoch": 17, "inner_epoch": 1, "train_loss": 0.02469076815220857, "grad_norm": 0.05123269185423851, "test_error": 0.0179}, {"outer_epoch": 18, "inner_epoch": 1, "train_loss": 0.024627802396270757, "grad_norm": 0.040536582469940186, "test_error": 0.0172}, {"outer_epoch": 19, "inner_epoch": 1, "train_loss": 0.024660771967784968, "grad_norm": 0.05152161046862602, "test_error": 0.0171}, {"outer_epoch": 20, "inner_epoch": 1, "train_loss": 0.024704913447586782, "grad_norm": 0.04721437022089958, "test_error": 0.0173}, {"outer_epoch": 21, "inner_epoch": 1, "train_loss": 0.024612714458882693, "grad_norm": 0.08184702694416046, "test_error": 0.018}, {"outer_epoch": 22, "inner_epoch": 1, "train_loss": 0.02588531555105874, "grad_norm": 0.06984157115221024, "test_error": 0.0168}, {"outer_epoch": 23, "inner_epoch": 1, "train_loss": 0.024564681023298666, "grad_norm": 0.04389265552163124, "test_error": 0.0181}, {"outer_epoch": 24, "inner_epoch": 1, "train_loss": 0.02445258956645072, "grad_norm": 0.039946507662534714, "test_error": 0.0169}, {"outer_epoch": 25, "inner_epoch": 1, "train_loss": 0.02427270143001806, "grad_norm": 0.048924028873443604, "test_error": 0.0172}, {"outer_epoch": 26, "inner_epoch": 1, "train_loss": 0.02419162045022919, "grad_norm": 0.048564612865448, "test_error": 0.0168}, {"outer_epoch": 27, "inner_epoch": 1, "train_loss": 0.02407186571522349, "grad_norm": 0.030156929045915604, "test_error": 0.0169}, {"outer_epoch": 28, "inner_epoch": 1, "train_loss": 0.02424513835996671, "grad_norm": 0.04146474972367287, "test_error": 0.0165}, {"outer_epoch": 29, "inner_epoch": 1, "train_loss": 0.023977918172997305, "grad_norm": 0.027803396806120872, "test_error": 0.0162}, {"outer_epoch": 30, "inner_epoch": 1, "train_loss": 0.023787948010110995, "grad_norm": 0.03424225002527237, "test_error": 0.0171}, {"outer_epoch": 31, "inner_epoch": 1, "train_loss": 0.023843762839009287, "grad_norm": 0.02707383967936039, "test_error": 0.0168}, {"outer_epoch": 32, "inner_epoch": 1, "train_loss": 0.023723725767219244, "grad_norm": 0.02597285434603691, "test_error": 0.0169}, {"outer_epoch": 33, "inner_epoch": 1, "train_loss": 0.02366934304323998, "grad_norm": 0.025134922936558723, "test_error": 0.0172}, {"outer_epoch": 34, "inner_epoch": 1, "train_loss": 0.023620617274699423, "grad_norm": 0.03203532472252846, "test_error": 0.0169}, {"outer_epoch": 35, "inner_epoch": 1, "train_loss": 0.023668289409727247, "grad_norm": 0.026198191568255424, "test_error": 0.0168}, {"outer_epoch": 36, "inner_epoch": 1, "train_loss": 0.023722270489282285, "grad_norm": 0.026571867987513542, "test_error": 0.0166}, {"outer_epoch": 37, "inner_epoch": 1, "train_loss": 0.02357099033057845, "grad_norm": 0.02998390793800354, "test_error": 0.0167}, {"outer_epoch": 38, "inner_epoch": 1, "train_loss": 0.023618436190037756, "grad_norm": 0.03764418885111809, "test_error": 0.0168}, {"outer_epoch": 39, "inner_epoch": 1, "train_loss": 0.0236658960365603, "grad_norm": 0.044524673372507095, "test_error": 0.0168}, {"outer_epoch": 40, "inner_epoch": 1, "train_loss": 0.024038887784146937, "grad_norm": 0.03626326844096184, "test_error": 0.0169}, {"outer_epoch": 41, "inner_epoch": 1, "train_loss": 0.02407649931834749, "grad_norm": 0.06753448396921158, "test_error": 0.0173}, {"outer_epoch": 42, "inner_epoch": 1, "train_loss": 0.023917707742235506, "grad_norm": 0.04773261025547981, "test_error": 0.0177}, {"outer_epoch": 43, "inner_epoch": 1, "train_loss": 0.023734552292177493, "grad_norm": 0.03233911469578743, "test_error": 0.0169}, {"outer_epoch": 44, "inner_epoch": 1, "train_loss": 0.023572464238779504, "grad_norm": 0.03318135067820549, "test_error": 0.0172}, {"outer_epoch": 45, "inner_epoch": 1, "train_loss": 0.023527205480776806, "grad_norm": 0.025334451347589493, "test_error": 0.0167}, {"outer_epoch": 46, "inner_epoch": 1, "train_loss": 0.023626504709218957, "grad_norm": 0.032262180000543594, "test_error": 0.0172}, {"outer_epoch": 47, "inner_epoch": 1, "train_loss": 0.023543013038268935, "grad_norm": 0.02947016805410385, "test_error": 0.0176}, {"outer_epoch": 48, "inner_epoch": 1, "train_loss": 0.023375900422179255, "grad_norm": 0.03164803981781006, "test_error": 0.0174}, {"outer_epoch": 49, "inner_epoch": 1, "train_loss": 0.02339155299423631, "grad_norm": 0.03831100836396217, "test_error": 0.017}, {"outer_epoch": 50, "inner_epoch": 1, "train_loss": 0.02342355902363003, "grad_norm": 0.02741742692887783, "test_error": 0.0171}, {"outer_epoch": 51, "inner_epoch": 1, "train_loss": 0.023295394968488835, "grad_norm": 0.024796443060040474, "test_error": 0.0166}, {"outer_epoch": 52, "inner_epoch": 1, "train_loss": 0.02337383626307322, "grad_norm": 0.047528233379125595, "test_error": 0.0169}, {"outer_epoch": 53, "inner_epoch": 1, "train_loss": 0.023472572683972733, "grad_norm": 0.03756733611226082, "test_error": 0.017}, {"outer_epoch": 54, "inner_epoch": 1, "train_loss": 0.023489888787031912, "grad_norm": 0.05701383575797081, "test_error": 0.0173}, {"outer_epoch": 55, "inner_epoch": 1, "train_loss": 0.023672554931409347, "grad_norm": 0.02807464264333248, "test_error": 0.0167}, {"outer_epoch": 56, "inner_epoch": 1, "train_loss": 0.023544698139521644, "grad_norm": 0.045191649347543716, "test_error": 0.0164}, {"outer_epoch": 57, "inner_epoch": 1, "train_loss": 0.023416161166115973, "grad_norm": 0.034559935331344604, "test_error": 0.0163}, {"outer_epoch": 58, "inner_epoch": 1, "train_loss": 0.02346066568901733, "grad_norm": 0.06628532707691193, "test_error": 0.017}, {"outer_epoch": 59, "inner_epoch": 1, "train_loss": 0.023697138498236504, "grad_norm": 0.052983444184064865, "test_error": 0.0164}, {"outer_epoch": 60, "inner_epoch": 1, "train_loss": 0.023347244017151145, "grad_norm": 0.0449962317943573, "test_error": 0.0169}, {"outer_epoch": 61, "inner_epoch": 1, "train_loss": 0.023592790285256342, "grad_norm": 0.047457899898290634, "test_error": 0.0171}, {"outer_epoch": 62, "inner_epoch": 1, "train_loss": 0.023551119906488262, "grad_norm": 0.04543960839509964, "test_error": 0.0175}, {"outer_epoch": 63, "inner_epoch": 1, "train_loss": 0.023484125013429245, "grad_norm": 0.036254413425922394, "test_error": 0.0172}, {"outer_epoch": 64, "inner_epoch": 1, "train_loss": 0.023517311047374582, "grad_norm": 0.026506250724196434, "test_error": 0.0167}, {"outer_epoch": 65, "inner_epoch": 1, "train_loss": 0.023494748311321017, "grad_norm": 0.060833629220724106, "test_error": 0.017}, {"outer_epoch": 66, "inner_epoch": 1, "train_loss": 0.023983961068224743, "grad_norm": 0.04511237516999245, "test_error": 0.0172}, {"outer_epoch": 67, "inner_epoch": 1, "train_loss": 0.023540519248199415, "grad_norm": 0.04068049043416977, "test_error": 0.0165}, {"outer_epoch": 68, "inner_epoch": 1, "train_loss": 0.023271945515773648, "grad_norm": 0.05278681963682175, "test_error": 0.0161}, {"outer_epoch": 69, "inner_epoch": 1, "train_loss": 0.023522731856569105, "grad_norm": 0.03992929309606552, "test_error": 0.0165}, {"outer_epoch": 70, "inner_epoch": 1, "train_loss": 0.023347760472791076, "grad_norm": 0.029893504455685616, "test_error": 0.0166}, {"outer_epoch": 71, "inner_epoch": 1, "train_loss": 0.023244682972503747, "grad_norm": 0.050575971603393555, "test_error": 0.0169}, {"outer_epoch": 72, "inner_epoch": 1, "train_loss": 0.023742754888434622, "grad_norm": 0.03596693277359009, "test_error": 0.0166}, {"outer_epoch": 73, "inner_epoch": 1, "train_loss": 0.023379648521532848, "grad_norm": 0.03546274080872536, "test_error": 0.017}, {"outer_epoch": 74, "inner_epoch": 1, "train_loss": 0.023260221571094006, "grad_norm": 0.1316109597682953, "test_error": 0.0171}, {"outer_epoch": 75, "inner_epoch": 1, "train_loss": 0.025642566709623983, "grad_norm": 0.08578535914421082, "test_error": 0.0176}, {"outer_epoch": 76, "inner_epoch": 1, "train_loss": 0.02478815249398273, "grad_norm": 0.04969517141580582, "test_error": 0.0168}, {"outer_epoch": 77, "inner_epoch": 1, "train_loss": 0.024101006437029962, "grad_norm": 0.05459623783826828, "test_error": 0.0169}, {"outer_epoch": 78, "inner_epoch": 1, "train_loss": 0.023762484077221112, "grad_norm": 0.11918819695711136, "test_error": 0.0167}, {"outer_epoch": 79, "inner_epoch": 1, "train_loss": 0.02475000168663731, "grad_norm": 0.06215839460492134, "test_error": 0.0167}, {"outer_epoch": 80, "inner_epoch": 1, "train_loss": 0.024739552133326168, "grad_norm": 0.03711346536874771, "test_error": 0.0166}, {"outer_epoch": 81, "inner_epoch": 1, "train_loss": 0.023389747530260744, "grad_norm": 0.038721319288015366, "test_error": 0.017}, {"outer_epoch": 82, "inner_epoch": 1, "train_loss": 0.023334572022116237, "grad_norm": 0.025351285934448242, "test_error": 0.0173}, {"outer_epoch": 83, "inner_epoch": 1, "train_loss": 0.023071394577607863, "grad_norm": 0.03234013542532921, "test_error": 0.0166}, {"outer_epoch": 84, "inner_epoch": 1, "train_loss": 0.02308135426786854, "grad_norm": 0.02958519570529461, "test_error": 0.0164}, {"outer_epoch": 85, "inner_epoch": 1, "train_loss": 0.023088650635593996, "grad_norm": 0.03986923396587372, "test_error": 0.017}, {"outer_epoch": 86, "inner_epoch": 1, "train_loss": 0.023037391745611483, "grad_norm": 0.041961099952459335, "test_error": 0.0164}, {"outer_epoch": 87, "inner_epoch": 1, "train_loss": 0.023195761888513515, "grad_norm": 0.03675349801778793, "test_error": 0.0169}, {"outer_epoch": 88, "inner_epoch": 1, "train_loss": 0.023072056420911393, "grad_norm": 0.0668850690126419, "test_error": 0.0171}, {"outer_epoch": 89, "inner_epoch": 1, "train_loss": 0.023420308885019038, "grad_norm": 0.029910411685705185, "test_error": 0.0166}, {"outer_epoch": 90, "inner_epoch": 1, "train_loss": 0.023289090659110417, "grad_norm": 0.03973053768277168, "test_error": 0.0162}, {"outer_epoch": 91, "inner_epoch": 1, "train_loss": 0.023127512192440917, "grad_norm": 0.02868890017271042, "test_error": 0.0162}, {"outer_epoch": 92, "inner_epoch": 1, "train_loss": 0.022983433409472735, "grad_norm": 0.04191140830516815, "test_error": 0.0167}, {"outer_epoch": 93, "inner_epoch": 1, "train_loss": 0.023028025952788692, "grad_norm": 0.0981513187289238, "test_error": 0.0169}, {"outer_epoch": 94, "inner_epoch": 1, "train_loss": 0.023912153648241657, "grad_norm": 0.0322238951921463, "test_error": 0.0166}, {"outer_epoch": 95, "inner_epoch": 1, "train_loss": 0.023201246068269635, "grad_norm": 0.027937639504671097, "test_error": 0.0167}, {"outer_epoch": 96, "inner_epoch": 1, "train_loss": 0.022961617881281805, "grad_norm": 0.03250991180539131, "test_error": 0.0167}, {"outer_epoch": 97, "inner_epoch": 1, "train_loss": 0.022936498901023394, "grad_norm": 0.0599687285721302, "test_error": 0.017}, {"outer_epoch": 98, "inner_epoch": 1, "train_loss": 0.023143446761008817, "grad_norm": 0.04098637402057648, "test_error": 0.0168}, {"outer_epoch": 99, "inner_epoch": 1, "train_loss": 0.02316430498137682, "grad_norm": 0.09704069793224335, "test_error": 0.0172}, {"outer_epoch": 100, "inner_epoch": 1, "train_loss": 0.023998400800633438, "grad_norm": 0.10301380604505539, "test_error": 0.0172}, {"outer_epoch": 101, "inner_epoch": 1, "train_loss": 0.02432093591571902, "grad_norm": 0.08391149342060089, "test_error": 0.0167}, {"outer_epoch": 102, "inner_epoch": 1, "train_loss": 0.025450575993891108, "grad_norm": 0.09660586714744568, "test_error": 0.0166}, {"outer_epoch": 103, "inner_epoch": 1, "train_loss": 0.023929726337228202, "grad_norm": 0.08358985930681229, "test_error": 0.0177}, {"outer_epoch": 104, "inner_epoch": 1, "train_loss": 0.02465115948433231, "grad_norm": 0.049063827842473984, "test_error": 0.0173}, {"outer_epoch": 105, "inner_epoch": 1, "train_loss": 0.023629854952455693, "grad_norm": 0.055985137820243835, "test_error": 0.0171}, {"outer_epoch": 106, "inner_epoch": 1, "train_loss": 0.023450252388298395, "grad_norm": 0.06018240377306938, "test_error": 0.0165}, {"outer_epoch": 107, "inner_epoch": 1, "train_loss": 0.02329418932747406, "grad_norm": 0.14963193237781525, "test_error": 0.0174}, {"outer_epoch": 108, "inner_epoch": 1, "train_loss": 0.025042843100158887, "grad_norm": 0.13322320580482483, "test_error": 0.0184}, {"outer_epoch": 109, "inner_epoch": 1, "train_loss": 0.024701489384223046, "grad_norm": 0.10348495095968246, "test_error": 0.017}, {"outer_epoch": 110, "inner_epoch": 1, "train_loss": 0.02414931334889358, "grad_norm": 0.08762498199939728, "test_error": 0.0164}, {"outer_epoch": 111, "inner_epoch": 1, "train_loss": 0.023824980354816942, "grad_norm": 0.08109226822853088, "test_error": 0.0163}, {"outer_epoch": 112, "inner_epoch": 1, "train_loss": 0.024067365792919494, "grad_norm": 0.052794549614191055, "test_error": 0.0168}, {"outer_epoch": 113, "inner_epoch": 1, "train_loss": 0.023334634380381126, "grad_norm": 0.04419589787721634, "test_error": 0.0168}, {"outer_epoch": 114, "inner_epoch": 1, "train_loss": 0.02320469422627745, "grad_norm": 0.03087925724685192, "test_error": 0.0169}, {"outer_epoch": 115, "inner_epoch": 1, "train_loss": 0.022852490553790024, "grad_norm": 0.04005962982773781, "test_error": 0.0169}, {"outer_epoch": 116, "inner_epoch": 1, "train_loss": 0.023013986852936794, "grad_norm": 0.04650072380900383, "test_error": 0.0168}, {"outer_epoch": 117, "inner_epoch": 1, "train_loss": 0.023338834765085872, "grad_norm": 0.06730686128139496, "test_error": 0.0173}, {"outer_epoch": 118, "inner_epoch": 1, "train_loss": 0.023704778094320016, "grad_norm": 0.04162764921784401, "test_error": 0.0171}, {"outer_epoch": 119, "inner_epoch": 1, "train_loss": 0.023301515326253137, "grad_norm": 0.07033492624759674, "test_error": 0.0169}, {"outer_epoch": 120, "inner_epoch": 1, "train_loss": 0.023170697558894365, "grad_norm": 0.06215476617217064, "test_error": 0.0172}, {"outer_epoch": 121, "inner_epoch": 1, "train_loss": 0.023434950847210225, "grad_norm": 0.04127606749534607, "test_error": 0.0163}, {"outer_epoch": 122, "inner_epoch": 1, "train_loss": 0.023177787646006132, "grad_norm": 0.03160165250301361, "test_error": 0.0166}, {"outer_epoch": 123, "inner_epoch": 1, "train_loss": 0.022936876205611044, "grad_norm": 0.03857745975255966, "test_error": 0.0158}, {"outer_epoch": 124, "inner_epoch": 1, "train_loss": 0.02277317173159099, "grad_norm": 0.03162487596273422, "test_error": 0.0169}, {"outer_epoch": 125, "inner_epoch": 1, "train_loss": 0.022780923849990357, "grad_norm": 0.02349061332643032, "test_error": 0.0167}, {"outer_epoch": 126, "inner_epoch": 1, "train_loss": 0.02264026109558957, "grad_norm": 0.020977726206183434, "test_error": 0.0164}, {"outer_epoch": 127, "inner_epoch": 1, "train_loss": 0.022665312545825145, "grad_norm": 0.0344088152050972, "test_error": 0.0164}, {"outer_epoch": 128, "inner_epoch": 1, "train_loss": 0.02280655360996995, "grad_norm": 0.05083543434739113, "test_error": 0.0166}, {"outer_epoch": 129, "inner_epoch": 1, "train_loss": 0.022883500006670752, "grad_norm": 0.025017786771059036, "test_error": 0.0164}, {"outer_epoch": 130, "inner_epoch": 1, "train_loss": 0.02273507824740712, "grad_norm": 0.02524583227932453, "test_error": 0.0168}, {"outer_epoch": 131, "inner_epoch": 1, "train_loss": 0.02276141099424664, "grad_norm": 0.03598936274647713, "test_error": 0.0171}, {"outer_epoch": 132, "inner_epoch": 1, "train_loss": 0.022841361769462915, "grad_norm": 0.0432596355676651, "test_error": 0.0165}, {"outer_epoch": 133, "inner_epoch": 1, "train_loss": 0.023094949786870225, "grad_norm": 0.04285407438874245, "test_error": 0.0167}, {"outer_epoch": 134, "inner_epoch": 1, "train_loss": 0.02284456864495102, "grad_norm": 0.044641461223363876, "test_error": 0.0163}, {"outer_epoch": 135, "inner_epoch": 1, "train_loss": 0.022905339302999587, "grad_norm": 0.04104532301425934, "test_error": 0.0163}, {"outer_epoch": 136, "inner_epoch": 1, "train_loss": 0.022913230444656315, "grad_norm": 0.09302430599927902, "test_error": 0.0164}, {"outer_epoch": 137, "inner_epoch": 1, "train_loss": 0.024084496975405878, "grad_norm": 0.09612858295440674, "test_error": 0.0171}, {"outer_epoch": 138, "inner_epoch": 1, "train_loss": 0.02391010591617669, "grad_norm": 0.04261953756213188, "test_error": 0.0171}, {"outer_epoch": 139, "inner_epoch": 1, "train_loss": 0.023169568751817374, "grad_norm": 0.04326788708567619, "test_error": 0.0165}, {"outer_epoch": 140, "inner_epoch": 1, "train_loss": 0.022914242473498842, "grad_norm": 0.04198656976222992, "test_error": 0.0155}, {"outer_epoch": 141, "inner_epoch": 1, "train_loss": 0.023044311325468393, "grad_norm": 0.04129590839147568, "test_error": 0.0165}, {"outer_epoch": 142, "inner_epoch": 1, "train_loss": 0.023084180854105702, "grad_norm": 0.030229797586798668, "test_error": 0.0166}, {"outer_epoch": 143, "inner_epoch": 1, "train_loss": 0.022832615608393097, "grad_norm": 0.034610163420438766, "test_error": 0.0166}, {"outer_epoch": 144, "inner_epoch": 1, "train_loss": 0.022916597481108813, "grad_norm": 0.020517319440841675, "test_error": 0.0164}, {"outer_epoch": 145, "inner_epoch": 1, "train_loss": 0.022577345310962605, "grad_norm": 0.049798689782619476, "test_error": 0.0162}, {"outer_epoch": 146, "inner_epoch": 1, "train_loss": 0.022982358188091894, "grad_norm": 0.0473482683300972, "test_error": 0.0165}, {"outer_epoch": 147, "inner_epoch": 1, "train_loss": 0.02292554336984176, "grad_norm": 0.03602274879813194, "test_error": 0.0158}, {"outer_epoch": 148, "inner_epoch": 1, "train_loss": 0.022750821958494878, "grad_norm": 0.03276405110955238, "test_error": 0.0168}, {"outer_epoch": 149, "inner_epoch": 1, "train_loss": 0.022726403651948203, "grad_norm": 0.03936879709362984, "test_error": 0.0164}, {"outer_epoch": 150, "inner_epoch": 1, "train_loss": 0.022873740411552716, "grad_norm": 0.06174430996179581, "test_error": 0.0165}, {"outer_epoch": 151, "inner_epoch": 1, "train_loss": 0.023065268105254895, "grad_norm": 0.03972820192575455, "test_error": 0.0177}, {"outer_epoch": 152, "inner_epoch": 1, "train_loss": 0.023164843445643783, "grad_norm": 0.05209217593073845, "test_error": 0.0171}, {"outer_epoch": 153, "inner_epoch": 1, "train_loss": 0.022902084651728122, "grad_norm": 0.0316166877746582, "test_error": 0.0164}, {"outer_epoch": 154, "inner_epoch": 1, "train_loss": 0.022997143935848726, "grad_norm": 0.056757647544145584, "test_error": 0.0162}, {"outer_epoch": 155, "inner_epoch": 1, "train_loss": 0.02306952947489238, "grad_norm": 0.08802031725645065, "test_error": 0.0167}, {"outer_epoch": 156, "inner_epoch": 1, "train_loss": 0.023654313678018905, "grad_norm": 0.04414701834321022, "test_error": 0.0168}, {"outer_epoch": 157, "inner_epoch": 1, "train_loss": 0.023000103031061977, "grad_norm": 0.03262821584939957, "test_error": 0.0168}, {"outer_epoch": 158, "inner_epoch": 1, "train_loss": 0.022920092751577612, "grad_norm": 0.04490160942077637, "test_error": 0.0165}, {"outer_epoch": 159, "inner_epoch": 1, "train_loss": 0.022909366373263764, "grad_norm": 0.05218786001205444, "test_error": 0.0169}, {"outer_epoch": 160, "inner_epoch": 1, "train_loss": 0.023248612197339147, "grad_norm": 0.04796585440635681, "test_error": 0.017}, {"outer_epoch": 161, "inner_epoch": 1, "train_loss": 0.022876586228943778, "grad_norm": 0.02546403743326664, "test_error": 0.0158}, {"outer_epoch": 162, "inner_epoch": 1, "train_loss": 0.02281224568177034, "grad_norm": 0.03171306103467941, "test_error": 0.0166}, {"outer_epoch": 163, "inner_epoch": 1, "train_loss": 0.0226282421486297, "grad_norm": 0.08601561933755875, "test_error": 0.0166}, {"outer_epoch": 164, "inner_epoch": 1, "train_loss": 0.02312568444189674, "grad_norm": 0.07301639765501022, "test_error": 0.0165}, {"outer_epoch": 165, "inner_epoch": 1, "train_loss": 0.023151895529052127, "grad_norm": 0.035074420273303986, "test_error": 0.0174}, {"outer_epoch": 166, "inner_epoch": 1, "train_loss": 0.022776365506040747, "grad_norm": 0.03469816967844963, "test_error": 0.0168}, {"outer_epoch": 167, "inner_epoch": 1, "train_loss": 0.02271606226102449, "grad_norm": 0.028012432157993317, "test_error": 0.0172}, {"outer_epoch": 168, "inner_epoch": 1, "train_loss": 0.022715138646410196, "grad_norm": 0.041879426687955856, "test_error": 0.0156}, {"outer_epoch": 169, "inner_epoch": 1, "train_loss": 0.02284364105485535, "grad_norm": 0.041962459683418274, "test_error": 0.0172}, {"outer_epoch": 170, "inner_epoch": 1, "train_loss": 0.022870905257960355, "grad_norm": 0.03721560165286064, "test_error": 0.0176}, {"outer_epoch": 171, "inner_epoch": 1, "train_loss": 0.022682500692171745, "grad_norm": 0.027628077194094658, "test_error": 0.0173}, {"outer_epoch": 172, "inner_epoch": 1, "train_loss": 0.02277867815680899, "grad_norm": 0.039187975227832794, "test_error": 0.0161}, {"outer_epoch": 173, "inner_epoch": 1, "train_loss": 0.023164149040157404, "grad_norm": 0.04726540297269821, "test_error": 0.0161}, {"outer_epoch": 174, "inner_epoch": 1, "train_loss": 0.02275641862861327, "grad_norm": 0.07338609546422958, "test_error": 0.0173}, {"outer_epoch": 175, "inner_epoch": 1, "train_loss": 0.023564852238986835, "grad_norm": 0.10398872941732407, "test_error": 0.0177}, {"outer_epoch": 176, "inner_epoch": 1, "train_loss": 0.024314596312991245, "grad_norm": 0.04359050095081329, "test_error": 0.0169}, {"outer_epoch": 177, "inner_epoch": 1, "train_loss": 0.023060164750000695, "grad_norm": 0.04376831650733948, "test_error": 0.0164}, {"outer_epoch": 178, "inner_epoch": 1, "train_loss": 0.022895974427592593, "grad_norm": 0.028983224183321, "test_error": 0.0169}, {"outer_epoch": 179, "inner_epoch": 1, "train_loss": 0.022659297686002295, "grad_norm": 0.05399263650178909, "test_error": 0.0169}, {"outer_epoch": 180, "inner_epoch": 1, "train_loss": 0.02290119687182111, "grad_norm": 0.03332711383700371, "test_error": 0.0165}, {"outer_epoch": 181, "inner_epoch": 1, "train_loss": 0.022673123018078816, "grad_norm": 0.049459394067525864, "test_error": 0.0168}, {"outer_epoch": 182, "inner_epoch": 1, "train_loss": 0.022895581451477482, "grad_norm": 0.03203108161687851, "test_error": 0.0169}, {"outer_epoch": 183, "inner_epoch": 1, "train_loss": 0.02257532518239168, "grad_norm": 0.035671718418598175, "test_error": 0.0159}, {"outer_epoch": 184, "inner_epoch": 1, "train_loss": 0.022608951589878416, "grad_norm": 0.03727535530924797, "test_error": 0.0163}, {"outer_epoch": 185, "inner_epoch": 1, "train_loss": 0.022715056402463234, "grad_norm": 0.061723094433546066, "test_error": 0.0165}, {"outer_epoch": 186, "inner_epoch": 1, "train_loss": 0.022766198343114715, "grad_norm": 0.05702764168381691, "test_error": 0.0161}, {"outer_epoch": 187, "inner_epoch": 1, "train_loss": 0.022840465071358874, "grad_norm": 0.055943235754966736, "test_error": 0.0163}, {"outer_epoch": 188, "inner_epoch": 1, "train_loss": 0.02290679067163728, "grad_norm": 0.04351760447025299, "test_error": 0.0166}, {"outer_epoch": 189, "inner_epoch": 1, "train_loss": 0.022982044704408813, "grad_norm": 0.053586799651384354, "test_error": 0.0167}, {"outer_epoch": 190, "inner_epoch": 1, "train_loss": 0.023108180656054175, "grad_norm": 0.048603951930999756, "test_error": 0.017}, {"outer_epoch": 191, "inner_epoch": 1, "train_loss": 0.022795519710537823, "grad_norm": 0.06469536572694778, "test_error": 0.0172}, {"outer_epoch": 192, "inner_epoch": 1, "train_loss": 0.022777817935527613, "grad_norm": 0.044376641511917114, "test_error": 0.0167}, {"outer_epoch": 193, "inner_epoch": 1, "train_loss": 0.022722811470758945, "grad_norm": 0.048572033643722534, "test_error": 0.017}, {"outer_epoch": 194, "inner_epoch": 1, "train_loss": 0.022811404924398326, "grad_norm": 0.032953210175037384, "test_error": 0.0164}, {"outer_epoch": 195, "inner_epoch": 1, "train_loss": 0.022811565911930908, "grad_norm": 0.04765351861715317, "test_error": 0.0166}, {"outer_epoch": 196, "inner_epoch": 1, "train_loss": 0.023004581637467103, "grad_norm": 0.0476703979074955, "test_error": 0.0162}, {"outer_epoch": 197, "inner_epoch": 1, "train_loss": 0.02273480129217205, "grad_norm": 0.05975739657878876, "test_error": 0.0165}, {"outer_epoch": 198, "inner_epoch": 1, "train_loss": 0.02300935859741488, "grad_norm": 0.11469914019107819, "test_error": 0.0168}, {"outer_epoch": 199, "inner_epoch": 1, "train_loss": 0.023943039317886966, "grad_norm": 0.04276750236749649, "test_error": 0.0175}, {"outer_epoch": 200, "inner_epoch": 1, "train_loss": 0.022926642590789317, "grad_norm": 0.04810492321848869, "test_error": 0.0181}, {"outer_epoch": 201, "inner_epoch": 1, "train_loss": 0.023034747114298322, "grad_norm": 0.06956662237644196, "test_error": 0.0169}, {"outer_epoch": 202, "inner_epoch": 1, "train_loss": 0.023084768466447712, "grad_norm": 0.047840677201747894, "test_error": 0.0171}, {"outer_epoch": 203, "inner_epoch": 1, "train_loss": 0.02281250246651325, "grad_norm": 0.08394545316696167, "test_error": 0.0167}, {"outer_epoch": 204, "inner_epoch": 1, "train_loss": 0.023247457670693014, "grad_norm": 0.061850350350141525, "test_error": 0.0171}, {"outer_epoch": 205, "inner_epoch": 1, "train_loss": 0.022941007729799213, "grad_norm": 0.05910632386803627, "test_error": 0.0168}, {"outer_epoch": 206, "inner_epoch": 1, "train_loss": 0.023024009500227597, "grad_norm": 0.038143426179885864, "test_error": 0.0165}, {"outer_epoch": 207, "inner_epoch": 1, "train_loss": 0.02284646618851305, "grad_norm": 0.05847005546092987, "test_error": 0.0159}, {"outer_epoch": 208, "inner_epoch": 1, "train_loss": 0.02316931956899983, "grad_norm": 0.042228467762470245, "test_error": 0.0166}, {"outer_epoch": 209, "inner_epoch": 1, "train_loss": 0.022945066279016223, "grad_norm": 0.06383585184812546, "test_error": 0.0171}, {"outer_epoch": 210, "inner_epoch": 1, "train_loss": 0.022925000491188258, "grad_norm": 0.03099147416651249, "test_error": 0.0163}, {"outer_epoch": 211, "inner_epoch": 1, "train_loss": 0.022810932813881662, "grad_norm": 0.037051886320114136, "test_error": 0.0162}, {"outer_epoch": 212, "inner_epoch": 1, "train_loss": 0.023089203291868518, "grad_norm": 0.07301343232393265, "test_error": 0.0166}, {"outer_epoch": 213, "inner_epoch": 1, "train_loss": 0.023339647439473386, "grad_norm": 0.11282438039779663, "test_error": 0.0173}, {"outer_epoch": 214, "inner_epoch": 1, "train_loss": 0.023932466555406186, "grad_norm": 0.0802287831902504, "test_error": 0.0172}, {"outer_epoch": 215, "inner_epoch": 1, "train_loss": 0.024364526111681092, "grad_norm": 0.07237663120031357, "test_error": 0.0152}, {"outer_epoch": 216, "inner_epoch": 1, "train_loss": 0.02351688657350314, "grad_norm": 0.10614831745624542, "test_error": 0.0174}, {"outer_epoch": 217, "inner_epoch": 1, "train_loss": 0.02374974701241687, "grad_norm": 0.06603241711854935, "test_error": 0.0175}, {"outer_epoch": 218, "inner_epoch": 1, "train_loss": 0.023192792303166548, "grad_norm": 0.08154719322919846, "test_error": 0.0169}, {"outer_epoch": 219, "inner_epoch": 1, "train_loss": 0.02298607844938912, "grad_norm": 0.23379698395729065, "test_error": 0.0183}, {"outer_epoch": 220, "inner_epoch": 1, "train_loss": 0.028062225207084946, "grad_norm": 0.09137962758541107, "test_error": 0.0175}, {"outer_epoch": 221, "inner_epoch": 1, "train_loss": 0.024898341445036446, "grad_norm": 0.07033348828554153, "test_error": 0.017}, {"outer_epoch": 222, "inner_epoch": 1, "train_loss": 0.023796738373843253, "grad_norm": 0.0448698028922081, "test_error": 0.0178}, {"outer_epoch": 223, "inner_epoch": 1, "train_loss": 0.023157812168385136, "grad_norm": 0.0818064883351326, "test_error": 0.0171}, {"outer_epoch": 224, "inner_epoch": 1, "train_loss": 0.023558393447397977, "grad_norm": 0.13072924315929413, "test_error": 0.0179}, {"outer_epoch": 225, "inner_epoch": 1, "train_loss": 0.025287682379236988, "grad_norm": 0.13793817162513733, "test_error": 0.0181}, {"outer_epoch": 226, "inner_epoch": 1, "train_loss": 0.025284659041683578, "grad_norm": 0.051033783704042435, "test_error": 0.0167}, {"outer_epoch": 227, "inner_epoch": 1, "train_loss": 0.02342919863842447, "grad_norm": 0.043506279587745667, "test_error": 0.0169}, {"outer_epoch": 228, "inner_epoch": 1, "train_loss": 0.023099490027954743, "grad_norm": 0.0864124670624733, "test_error": 0.0168}, {"outer_epoch": 229, "inner_epoch": 1, "train_loss": 0.023854278718196533, "grad_norm": 0.038146547973155975, "test_error": 0.0173}, {"outer_epoch": 230, "inner_epoch": 1, "train_loss": 0.02282350065258894, "grad_norm": 0.10165567696094513, "test_error": 0.0173}, {"outer_epoch": 231, "inner_epoch": 1, "train_loss": 0.023454157291935795, "grad_norm": 0.11010599881410599, "test_error": 0.017}, {"outer_epoch": 232, "inner_epoch": 1, "train_loss": 0.02371031235589908, "grad_norm": 0.06393270939588547, "test_error": 0.0158}, {"outer_epoch": 233, "inner_epoch": 1, "train_loss": 0.02300200492888689, "grad_norm": 0.03801071271300316, "test_error": 0.0171}, {"outer_epoch": 234, "inner_epoch": 1, "train_loss": 0.022806492559121882, "grad_norm": 0.06576292961835861, "test_error": 0.0161}, {"outer_epoch": 235, "inner_epoch": 1, "train_loss": 0.02296585434754282, "grad_norm": 0.07867871224880219, "test_error": 0.0164}, {"outer_epoch": 236, "inner_epoch": 1, "train_loss": 0.023686896878508074, "grad_norm": 0.10218802094459534, "test_error": 0.0167}, {"outer_epoch": 237, "inner_epoch": 1, "train_loss": 0.02353037313950578, "grad_norm": 0.0738973319530487, "test_error": 0.0162}, {"outer_epoch": 238, "inner_epoch": 1, "train_loss": 0.023174191559155587, "grad_norm": 0.13667263090610504, "test_error": 0.017}, {"outer_epoch": 239, "inner_epoch": 1, "train_loss": 0.024833666814537234, "grad_norm": 0.05959346517920494, "test_error": 0.0181}, {"outer_epoch": 240, "inner_epoch": 1, "train_loss": 0.023816048236883942, "grad_norm": 0.10926282405853271, "test_error": 0.0167}, {"outer_epoch": 241, "inner_epoch": 1, "train_loss": 0.024141803927406728, "grad_norm": 0.06927990913391113, "test_error": 0.018}, {"outer_epoch": 242, "inner_epoch": 1, "train_loss": 0.023503615110807004, "grad_norm": 0.09014540910720825, "test_error": 0.0166}, {"outer_epoch": 243, "inner_epoch": 1, "train_loss": 0.023649511061734907, "grad_norm": 0.09148163348436356, "test_error": 0.0169}, {"outer_epoch": 244, "inner_epoch": 1, "train_loss": 0.023896719121524558, "grad_norm": 0.09581779688596725, "test_error": 0.0165}, {"outer_epoch": 245, "inner_epoch": 1, "train_loss": 0.023827727269900303, "grad_norm": 0.09330281615257263, "test_error": 0.0181}, {"outer_epoch": 246, "inner_epoch": 1, "train_loss": 0.023810390446439365, "grad_norm": 0.078932024538517, "test_error": 0.0179}, {"outer_epoch": 247, "inner_epoch": 1, "train_loss": 0.023305661792333315, "grad_norm": 0.07448387891054153, "test_error": 0.0169}, {"outer_epoch": 248, "inner_epoch": 1, "train_loss": 0.023489605296839727, "grad_norm": 0.04201667755842209, "test_error": 0.0166}, {"outer_epoch": 249, "inner_epoch": 1, "train_loss": 0.022582811129429805, "grad_norm": 0.033596087247133255, "test_error": 0.0164}, {"outer_epoch": 250, "inner_epoch": 1, "train_loss": 0.022584187179566166, "grad_norm": 0.04739734157919884, "test_error": 0.0165}]}