{"argv": ["train.py", "--seed", "79", "--optimizer", "SVRG", "--run_name", "svrg_0.25.json", "--output_path", "experiments/nonconvex_mnist_deep/svrg-0.25.json", "--dataset", "MNIST", "--layer_sizes", "784", "600", "300", "10", "--batch_size", "10", "--learning_rate", "0.25", "--weight_decay", "0.001", "--warmup_learning_rate", "0.03", "--num_warmup_epochs", "10", "--num_outer_epochs", "250", "--num_inner_epochs", "1", "--device", "cuda"], "args": {"seed": 79, "optimizer": "SVRG", "run_name": "svrg_0.25.json", "output_path": "experiments/nonconvex_mnist_deep/svrg-0.25.json", "device": "cuda", "dataset": "MNIST", "dataset_root": "~/datasets/pytorch", "dataset_size": null, "download": false, "layer_sizes": [784, 600, 300, 10], "batch_size": 10, "test_batch_size": 256, "learning_rate": 0.25, "weight_decay": 0.001, "warmup_learning_rate": 0.03, "num_warmup_epochs": 10, "num_outer_epochs": 250, "num_inner_epochs": 1, "inner_epoch_fraction": null, "choose_random_iterate": false, "num_epochs": 10}, "metrics": [{"warmup_epoch": 1, "train_loss": 0.346464528527072, "grad_norm": 0.22106513381004333, "test_error": 0.0443}, {"warmup_epoch": 2, "train_loss": 0.130714146493158, "grad_norm": 0.18392831087112427, "test_error": 0.0326}, {"warmup_epoch": 3, "train_loss": 0.09383272913537803, "grad_norm": 0.17008905112743378, "test_error": 0.0267}, {"warmup_epoch": 4, "train_loss": 0.07594742359446051, "grad_norm": 0.2526373267173767, "test_error": 0.0264}, {"warmup_epoch": 5, "train_loss": 0.06704114026339085, "grad_norm": 0.17545419931411743, "test_error": 0.0226}, {"warmup_epoch": 6, "train_loss": 0.05969950944062536, "grad_norm": 0.16558437049388885, "test_error": 0.0221}, {"warmup_epoch": 7, "train_loss": 0.05605181773917381, "grad_norm": 0.13674423098564148, "test_error": 0.022}, {"warmup_epoch": 8, "train_loss": 0.051774662089310974, "grad_norm": 0.13241495192050934, "test_error": 0.0215}, {"warmup_epoch": 9, "train_loss": 0.04942933207847818, "grad_norm": 0.20911480486392975, "test_error": 0.0215}, {"warmup_epoch": 10, "train_loss": 0.048595676936541474, "grad_norm": 0.2713138461112976, "test_error": 0.0242}, {"outer_epoch": 1, "inner_epoch": 1, "train_loss": 0.2451685005707841, "grad_norm": 0.8144730925559998, "test_error": 0.0903}, {"outer_epoch": 2, "inner_epoch": 1, "train_loss": 0.24377365962852976, "grad_norm": 0.23129671812057495, "test_error": 0.0557}, {"outer_epoch": 3, "inner_epoch": 1, "train_loss": 0.21593304178919062, "grad_norm": 0.2518807351589203, "test_error": 0.054}, {"outer_epoch": 4, "inner_epoch": 1, "train_loss": 0.21082399629998447, "grad_norm": 0.21661362051963806, "test_error": 0.0539}, {"outer_epoch": 5, "inner_epoch": 1, "train_loss": 0.20526595723459468, "grad_norm": 0.26084956526756287, "test_error": 0.0565}, {"outer_epoch": 6, "inner_epoch": 1, "train_loss": 0.22581027745722773, "grad_norm": 0.46382904052734375, "test_error": 0.0691}, {"outer_epoch": 7, "inner_epoch": 1, "train_loss": 0.25194087658430603, "grad_norm": 0.30207914113998413, "test_error": 0.0618}, {"outer_epoch": 8, "inner_epoch": 1, "train_loss": 0.22272453165374706, "grad_norm": 0.2833907902240753, "test_error": 0.0574}, {"outer_epoch": 9, "inner_epoch": 1, "train_loss": 0.234413428580597, "grad_norm": 0.3459007143974304, "test_error": 0.0612}, {"outer_epoch": 10, "inner_epoch": 1, "train_loss": 0.2420040136657141, "grad_norm": 0.7648766040802002, "test_error": 0.1005}, {"outer_epoch": 11, "inner_epoch": 1, "train_loss": 0.28723508992708713, "grad_norm": 0.23520001769065857, "test_error": 0.058}, {"outer_epoch": 12, "inner_epoch": 1, "train_loss": 0.24931752474264068, "grad_norm": 0.1941152960062027, "test_error": 0.0613}, {"outer_epoch": 13, "inner_epoch": 1, "train_loss": 0.24581982021772517, "grad_norm": 0.4045971632003784, "test_error": 0.0828}, {"outer_epoch": 14, "inner_epoch": 1, "train_loss": 0.27683739115067874, "grad_norm": 0.2827684283256531, "test_error": 0.0698}, {"outer_epoch": 15, "inner_epoch": 1, "train_loss": 0.2707077545984454, "grad_norm": 0.33417755365371704, "test_error": 0.0746}, {"outer_epoch": 16, "inner_epoch": 1, "train_loss": 0.2758660050845065, "grad_norm": 0.8113993406295776, "test_error": 0.1247}, {"outer_epoch": 17, "inner_epoch": 1, "train_loss": 0.32296363360968583, "grad_norm": 0.2830720841884613, "test_error": 0.0788}, {"outer_epoch": 18, "inner_epoch": 1, "train_loss": 0.29526423162207843, "grad_norm": 0.45165300369262695, "test_error": 0.0915}, {"outer_epoch": 19, "inner_epoch": 1, "train_loss": 0.29992044046341715, "grad_norm": 0.5218207836151123, "test_error": 0.0838}, {"outer_epoch": 20, "inner_epoch": 1, "train_loss": 0.31385703668443604, "grad_norm": 0.4288890063762665, "test_error": 0.0904}, {"outer_epoch": 21, "inner_epoch": 1, "train_loss": 0.3226752893986147, "grad_norm": 0.22239390015602112, "test_error": 0.0721}, {"outer_epoch": 22, "inner_epoch": 1, "train_loss": 0.273753624663208, "grad_norm": 0.2279117852449417, "test_error": 0.07}, {"outer_epoch": 23, "inner_epoch": 1, "train_loss": 0.2727844605676073, "grad_norm": 0.18442107737064362, "test_error": 0.065}, {"outer_epoch": 24, "inner_epoch": 1, "train_loss": 0.2607184850782845, "grad_norm": 0.5765842199325562, "test_error": 0.0893}, {"outer_epoch": 25, "inner_epoch": 1, "train_loss": 0.30845773256310105, "grad_norm": 0.25336888432502747, "test_error": 0.0639}, {"outer_epoch": 26, "inner_epoch": 1, "train_loss": 0.2849769617911952, "grad_norm": 0.22626559436321259, "test_error": 0.0667}, {"outer_epoch": 27, "inner_epoch": 1, "train_loss": 0.2734952456043878, "grad_norm": 0.199824720621109, "test_error": 0.0658}, {"outer_epoch": 28, "inner_epoch": 1, "train_loss": 0.2731488100068188, "grad_norm": 0.3611932098865509, "test_error": 0.0738}, {"outer_epoch": 29, "inner_epoch": 1, "train_loss": 0.2980589977867494, "grad_norm": 0.40933758020401, "test_error": 0.0927}, {"outer_epoch": 30, "inner_epoch": 1, "train_loss": 0.3111985076448764, "grad_norm": 0.23358067870140076, "test_error": 0.0701}, {"outer_epoch": 31, "inner_epoch": 1, "train_loss": 0.2784788046815083, "grad_norm": 0.19344444572925568, "test_error": 0.0701}, {"outer_epoch": 32, "inner_epoch": 1, "train_loss": 0.30182023943431946, "grad_norm": 0.868581235408783, "test_error": 0.1182}, {"outer_epoch": 33, "inner_epoch": 1, "train_loss": 0.41075740179709586, "grad_norm": 0.3409367799758911, "test_error": 0.0899}, {"outer_epoch": 34, "inner_epoch": 1, "train_loss": 0.34599662643215073, "grad_norm": 0.37808746099472046, "test_error": 0.0924}, {"outer_epoch": 35, "inner_epoch": 1, "train_loss": 0.3394369813123873, "grad_norm": 0.33742663264274597, "test_error": 0.09}, {"outer_epoch": 36, "inner_epoch": 1, "train_loss": 0.36861522914793265, "grad_norm": 0.3149627149105072, "test_error": 0.0862}, {"outer_epoch": 37, "inner_epoch": 1, "train_loss": 0.35308776554652527, "grad_norm": 0.44733160734176636, "test_error": 0.0968}, {"outer_epoch": 38, "inner_epoch": 1, "train_loss": 0.34471484941923214, "grad_norm": 0.7226184606552124, "test_error": 0.1132}, {"outer_epoch": 39, "inner_epoch": 1, "train_loss": 0.45496767260386456, "grad_norm": 0.4968434274196625, "test_error": 0.1209}, {"outer_epoch": 40, "inner_epoch": 1, "train_loss": 0.35433611343890276, "grad_norm": 0.22606317698955536, "test_error": 0.0764}, {"outer_epoch": 41, "inner_epoch": 1, "train_loss": 0.3166967063639604, "grad_norm": 2.008057117462158, "test_error": 0.1794}, {"outer_epoch": 42, "inner_epoch": 1, "train_loss": 0.5307680012905815, "grad_norm": 1.5428200960159302, "test_error": 0.1634}, {"outer_epoch": 43, "inner_epoch": 1, "train_loss": 0.6019056705003216, "grad_norm": 0.5650071501731873, "test_error": 0.1586}, {"outer_epoch": 44, "inner_epoch": 1, "train_loss": 0.4914239103263244, "grad_norm": 0.4438351094722748, "test_error": 0.1264}, {"outer_epoch": 45, "inner_epoch": 1, "train_loss": 0.47229961297800765, "grad_norm": 0.39278653264045715, "test_error": 0.1132}, {"outer_epoch": 46, "inner_epoch": 1, "train_loss": 0.4467858499987827, "grad_norm": 0.9783672094345093, "test_error": 0.133}, {"outer_epoch": 47, "inner_epoch": 1, "train_loss": 0.43486147397510166, "grad_norm": 0.39087867736816406, "test_error": 0.1001}, {"outer_epoch": 48, "inner_epoch": 1, "train_loss": 0.4118039782200552, "grad_norm": 0.5597290992736816, "test_error": 0.1176}, {"outer_epoch": 49, "inner_epoch": 1, "train_loss": 0.4509262514153961, "grad_norm": 0.27255240082740784, "test_error": 0.1013}, {"outer_epoch": 50, "inner_epoch": 1, "train_loss": 0.4199205656433672, "grad_norm": 0.25519776344299316, "test_error": 0.0908}, {"outer_epoch": 51, "inner_epoch": 1, "train_loss": 0.37116737870546057, "grad_norm": 0.29752880334854126, "test_error": 0.0996}, {"outer_epoch": 52, "inner_epoch": 1, "train_loss": 0.3680090471558894, "grad_norm": 0.2948107421398163, "test_error": 0.0972}, {"outer_epoch": 53, "inner_epoch": 1, "train_loss": 0.39415405317104885, "grad_norm": 0.22036486864089966, "test_error": 0.0861}, {"outer_epoch": 54, "inner_epoch": 1, "train_loss": 0.3530574652396608, "grad_norm": 0.3254238963127136, "test_error": 0.0852}, {"outer_epoch": 55, "inner_epoch": 1, "train_loss": 0.4038988841434669, "grad_norm": 0.355753093957901, "test_error": 0.1008}, {"outer_epoch": 56, "inner_epoch": 1, "train_loss": 0.4131183193268468, "grad_norm": 0.24941234290599823, "test_error": 0.0937}, {"outer_epoch": 57, "inner_epoch": 1, "train_loss": 0.3656622619207871, "grad_norm": 0.26786190271377563, "test_error": 0.0829}, {"outer_epoch": 58, "inner_epoch": 1, "train_loss": 0.3536243405261775, "grad_norm": 0.607632577419281, "test_error": 0.1072}, {"outer_epoch": 59, "inner_epoch": 1, "train_loss": 0.4353145160394876, "grad_norm": 0.5526345372200012, "test_error": 0.1328}, {"outer_epoch": 60, "inner_epoch": 1, "train_loss": 0.4369059488682542, "grad_norm": 0.31267139315605164, "test_error": 0.1003}, {"outer_epoch": 61, "inner_epoch": 1, "train_loss": 0.4149275340469321, "grad_norm": 0.5143648982048035, "test_error": 0.121}, {"outer_epoch": 62, "inner_epoch": 1, "train_loss": 0.5256809310319368, "grad_norm": 0.2677774429321289, "test_error": 0.1001}, {"outer_epoch": 63, "inner_epoch": 1, "train_loss": 0.44388584477013987, "grad_norm": 0.7194965481758118, "test_error": 0.139}, {"outer_epoch": 64, "inner_epoch": 1, "train_loss": 0.535401391464596, "grad_norm": 0.2017224282026291, "test_error": 0.0944}, {"outer_epoch": 65, "inner_epoch": 1, "train_loss": 0.42090322823407283, "grad_norm": 0.3309313654899597, "test_error": 0.1112}, {"outer_epoch": 66, "inner_epoch": 1, "train_loss": 0.41528141854381345, "grad_norm": 0.28423231840133667, "test_error": 0.1037}, {"outer_epoch": 67, "inner_epoch": 1, "train_loss": 0.41312773231905886, "grad_norm": 0.23255479335784912, "test_error": 0.0845}, {"outer_epoch": 68, "inner_epoch": 1, "train_loss": 0.42298856004327534, "grad_norm": 0.2512701749801636, "test_error": 0.0918}, {"outer_epoch": 69, "inner_epoch": 1, "train_loss": 0.37827256037046514, "grad_norm": 0.35476604104042053, "test_error": 0.1045}, {"outer_epoch": 70, "inner_epoch": 1, "train_loss": 0.38508132973082443, "grad_norm": 0.4942680597305298, "test_error": 0.1163}, {"outer_epoch": 71, "inner_epoch": 1, "train_loss": 0.48103127504718335, "grad_norm": 0.8373581171035767, "test_error": 0.153}, {"outer_epoch": 72, "inner_epoch": 1, "train_loss": 0.5580248643544425, "grad_norm": 0.36742910742759705, "test_error": 0.1471}, {"outer_epoch": 73, "inner_epoch": 1, "train_loss": 0.5324657950677211, "grad_norm": 0.3027900159358978, "test_error": 0.1075}, {"outer_epoch": 74, "inner_epoch": 1, "train_loss": 0.40718881789556083, "grad_norm": 0.6317269802093506, "test_error": 0.1342}, {"outer_epoch": 75, "inner_epoch": 1, "train_loss": 0.4428639075622389, "grad_norm": 0.5472885966300964, "test_error": 0.1275}, {"outer_epoch": 76, "inner_epoch": 1, "train_loss": 0.5087793001222501, "grad_norm": 0.5828999876976013, "test_error": 0.1433}, {"outer_epoch": 77, "inner_epoch": 1, "train_loss": 0.49121595242576827, "grad_norm": 0.6503663063049316, "test_error": 0.12}, {"outer_epoch": 78, "inner_epoch": 1, "train_loss": 0.5329040356672291, "grad_norm": 0.33901116251945496, "test_error": 0.1126}, {"outer_epoch": 79, "inner_epoch": 1, "train_loss": 0.45821623201466477, "grad_norm": 0.46275320649147034, "test_error": 0.1205}, {"outer_epoch": 80, "inner_epoch": 1, "train_loss": 0.4715498106916202, "grad_norm": 0.5511525273323059, "test_error": 0.1414}, {"outer_epoch": 81, "inner_epoch": 1, "train_loss": 0.4784907063735106, "grad_norm": 0.3141651749610901, "test_error": 0.0992}, {"outer_epoch": 82, "inner_epoch": 1, "train_loss": 0.45645143289796153, "grad_norm": 0.545853853225708, "test_error": 0.1188}, {"outer_epoch": 83, "inner_epoch": 1, "train_loss": 0.6197505323434016, "grad_norm": 0.36188116669654846, "test_error": 0.1529}, {"outer_epoch": 84, "inner_epoch": 1, "train_loss": 0.7381982018907244, "grad_norm": 0.5043954849243164, "test_error": 0.1651}, {"outer_epoch": 85, "inner_epoch": 1, "train_loss": 0.6922149207332404, "grad_norm": 0.2955985963344574, "test_error": 0.1649}, {"outer_epoch": 86, "inner_epoch": 1, "train_loss": 0.6285208420351458, "grad_norm": 0.41978681087493896, "test_error": 0.1572}, {"outer_epoch": 87, "inner_epoch": 1, "train_loss": 0.5875372831210649, "grad_norm": 0.43602851033210754, "test_error": 0.1215}, {"outer_epoch": 88, "inner_epoch": 1, "train_loss": 0.5384532929343017, "grad_norm": 0.6597380638122559, "test_error": 0.1744}, {"outer_epoch": 89, "inner_epoch": 1, "train_loss": 0.6916206361005703, "grad_norm": 1.198763370513916, "test_error": 0.2212}, {"outer_epoch": 90, "inner_epoch": 1, "train_loss": 1.1797695033966253, "grad_norm": 0.2798883318901062, "test_error": 0.5256}, {"outer_epoch": 91, "inner_epoch": 1, "train_loss": 1.2934967871357996, "grad_norm": 0.2841366231441498, "test_error": 0.438}, {"outer_epoch": 92, "inner_epoch": 1, "train_loss": 1.3615057114412388, "grad_norm": 0.4665464758872986, "test_error": 0.5904}, {"outer_epoch": 93, "inner_epoch": 1, "train_loss": 1.4443379027744134, "grad_norm": 0.6676806807518005, "test_error": 0.6158}, {"outer_epoch": 94, "inner_epoch": 1, "train_loss": 1.313151855652531, "grad_norm": 0.26434680819511414, "test_error": 0.4046}, {"outer_epoch": 95, "inner_epoch": 1, "train_loss": 1.0199704528612394, "grad_norm": 1.0418802499771118, "test_error": 0.4394}, {"outer_epoch": 96, "inner_epoch": 1, "train_loss": 1.2374237494617701, "grad_norm": 0.21137458086013794, "test_error": 0.5165}, {"outer_epoch": 97, "inner_epoch": 1, "train_loss": 1.1530059565852087, "grad_norm": 0.5184438228607178, "test_error": 0.5071}, {"outer_epoch": 98, "inner_epoch": 1, "train_loss": 1.3612261826395988, "grad_norm": 0.17648760974407196, "test_error": 0.608}, {"outer_epoch": 99, "inner_epoch": 1, "train_loss": 1.5406682469447455, "grad_norm": 0.253929078578949, "test_error": 0.626}, {"outer_epoch": 100, "inner_epoch": 1, "train_loss": 1.5986293966869514, "grad_norm": 0.24349530041217804, "test_error": 0.621}, {"outer_epoch": 101, "inner_epoch": 1, "train_loss": 1.3502971084664266, "grad_norm": 0.33152320981025696, "test_error": 0.4984}, {"outer_epoch": 102, "inner_epoch": 1, "train_loss": 1.1349320885390044, "grad_norm": 0.712975263595581, "test_error": 0.5145}, {"outer_epoch": 103, "inner_epoch": 1, "train_loss": 1.336006879761815, "grad_norm": 0.7800301909446716, "test_error": 0.5798}, {"outer_epoch": 104, "inner_epoch": 1, "train_loss": 1.4173232756207386, "grad_norm": 0.11614669114351273, "test_error": 0.6162}, {"outer_epoch": 105, "inner_epoch": 1, "train_loss": 1.4339866841882467, "grad_norm": 0.3120567202568054, "test_error": 0.6415}, {"outer_epoch": 106, "inner_epoch": 1, "train_loss": 1.391420206675927, "grad_norm": 0.24737074971199036, "test_error": 0.6074}, {"outer_epoch": 107, "inner_epoch": 1, "train_loss": 1.517759045218428, "grad_norm": 0.3551667630672455, "test_error": 0.7129}, {"outer_epoch": 108, "inner_epoch": 1, "train_loss": 1.796645676513513, "grad_norm": 0.2113475799560547, "test_error": 0.7037}, {"outer_epoch": 109, "inner_epoch": 1, "train_loss": 1.6231574960748354, "grad_norm": 0.2532038986682892, "test_error": 0.6701}, {"outer_epoch": 110, "inner_epoch": 1, "train_loss": 1.6711581955850123, "grad_norm": 0.6130622029304504, "test_error": 0.6961}, {"outer_epoch": 111, "inner_epoch": 1, "train_loss": 1.7428290419975916, "grad_norm": 0.5935481190681458, "test_error": 0.6985}, {"outer_epoch": 112, "inner_epoch": 1, "train_loss": 1.7141166030665238, "grad_norm": 0.3479398787021637, "test_error": 0.7079}, {"outer_epoch": 113, "inner_epoch": 1, "train_loss": 1.7748043060302734, "grad_norm": 0.31474944949150085, "test_error": 0.7157}, {"outer_epoch": 114, "inner_epoch": 1, "train_loss": 1.711011968155702, "grad_norm": 0.6409158110618591, "test_error": 0.7174}, {"outer_epoch": 115, "inner_epoch": 1, "train_loss": 1.9499596346020698, "grad_norm": 0.07558804005384445, "test_error": 0.8054}, {"outer_epoch": 116, "inner_epoch": 1, "train_loss": 1.8330817601482075, "grad_norm": 0.10206762701272964, "test_error": 0.7876}, {"outer_epoch": 117, "inner_epoch": 1, "train_loss": 1.7395225673715273, "grad_norm": 0.2516953945159912, "test_error": 0.6744}, {"outer_epoch": 118, "inner_epoch": 1, "train_loss": 1.668596031208833, "grad_norm": 0.45351892709732056, "test_error": 0.7003}, {"outer_epoch": 119, "inner_epoch": 1, "train_loss": 1.650883342643579, "grad_norm": 0.06934640556573868, "test_error": 0.693}, {"outer_epoch": 120, "inner_epoch": 1, "train_loss": 1.5608716244002183, "grad_norm": 0.871370255947113, "test_error": 0.6298}, {"outer_epoch": 121, "inner_epoch": 1, "train_loss": 1.6355835182964802, "grad_norm": 0.4103390872478485, "test_error": 0.7179}, {"outer_epoch": 122, "inner_epoch": 1, "train_loss": 1.5709592748781045, "grad_norm": 0.28020837903022766, "test_error": 0.6984}, {"outer_epoch": 123, "inner_epoch": 1, "train_loss": 1.6015291211108367, "grad_norm": 0.11333159357309341, "test_error": 0.8042}, {"outer_epoch": 124, "inner_epoch": 1, "train_loss": 1.719674406538407, "grad_norm": 0.17576028406620026, "test_error": 0.7004}, {"outer_epoch": 125, "inner_epoch": 1, "train_loss": 1.8545448223551115, "grad_norm": 0.2038629949092865, "test_error": 0.7927}, {"outer_epoch": 126, "inner_epoch": 1, "train_loss": 2.0191146376729012, "grad_norm": 0.1070195659995079, "test_error": 0.7883}, {"outer_epoch": 127, "inner_epoch": 1, "train_loss": 2.0176253631711005, "grad_norm": 0.04613126814365387, "test_error": 0.79}, {"outer_epoch": 128, "inner_epoch": 1, "train_loss": 1.9900174890359243, "grad_norm": 0.6290729641914368, "test_error": 0.6906}, {"outer_epoch": 129, "inner_epoch": 1, "train_loss": 1.9850445896486442, "grad_norm": 0.08231742680072784, "test_error": 0.7943}, {"outer_epoch": 130, "inner_epoch": 1, "train_loss": 1.9738429802854855, "grad_norm": 0.06291866302490234, "test_error": 0.7959}, {"outer_epoch": 131, "inner_epoch": 1, "train_loss": 2.066099206487338, "grad_norm": 0.002403151011094451, "test_error": 0.8865}, {"outer_epoch": 132, "inner_epoch": 1, "train_loss": 2.30115773665905, "grad_norm": 0.00016576536290813237, "test_error": 0.8865}, {"outer_epoch": 133, "inner_epoch": 1, "train_loss": 2.3011593064069746, "grad_norm": 0.00016583033720962703, "test_error": 0.8865}, {"outer_epoch": 134, "inner_epoch": 1, "train_loss": 2.301159275650978, "grad_norm": 0.00016578541544731706, "test_error": 0.8865}, {"outer_epoch": 135, "inner_epoch": 1, "train_loss": 2.30115926639239, "grad_norm": 0.0005516072269529104, "test_error": 0.8865}, {"outer_epoch": 136, "inner_epoch": 1, "train_loss": 1.9137961483399073, "grad_norm": 0.1351056843996048, "test_error": 0.8045}, {"outer_epoch": 137, "inner_epoch": 1, "train_loss": 1.8736163427035013, "grad_norm": 0.10527734458446503, "test_error": 0.802}, {"outer_epoch": 138, "inner_epoch": 1, "train_loss": 2.023027864476045, "grad_norm": 0.14106084406375885, "test_error": 0.8063}, {"outer_epoch": 139, "inner_epoch": 1, "train_loss": 1.937913394590219, "grad_norm": 0.07275807112455368, "test_error": 0.7949}, {"outer_epoch": 140, "inner_epoch": 1, "train_loss": 1.8954183795054753, "grad_norm": 0.08305024355649948, "test_error": 0.7909}, {"outer_epoch": 141, "inner_epoch": 1, "train_loss": 1.9232480098207791, "grad_norm": 0.07514885812997818, "test_error": 0.7912}, {"outer_epoch": 142, "inner_epoch": 1, "train_loss": 1.934336146612962, "grad_norm": 0.11188758909702301, "test_error": 0.8067}, {"outer_epoch": 143, "inner_epoch": 1, "train_loss": 1.8951922379930815, "grad_norm": 0.048648424446582794, "test_error": 0.7943}, {"outer_epoch": 144, "inner_epoch": 1, "train_loss": 1.868322179834048, "grad_norm": 0.09823399782180786, "test_error": 0.7952}, {"outer_epoch": 145, "inner_epoch": 1, "train_loss": 1.8677761383255322, "grad_norm": 0.26141077280044556, "test_error": 0.8007}, {"outer_epoch": 146, "inner_epoch": 1, "train_loss": 2.0777200224200882, "grad_norm": 0.09460709989070892, "test_error": 0.8001}, {"outer_epoch": 147, "inner_epoch": 1, "train_loss": 2.037519824743271, "grad_norm": 0.07563931494951248, "test_error": 0.7968}, {"outer_epoch": 148, "inner_epoch": 1, "train_loss": 1.8954699429472288, "grad_norm": 0.06134450435638428, "test_error": 0.7905}, {"outer_epoch": 149, "inner_epoch": 1, "train_loss": 2.0705637263059615, "grad_norm": 0.07694141566753387, "test_error": 0.8029}, {"outer_epoch": 150, "inner_epoch": 1, "train_loss": 2.0144795785943668, "grad_norm": 0.0962231308221817, "test_error": 0.796}, {"outer_epoch": 151, "inner_epoch": 1, "train_loss": 1.9433559889793397, "grad_norm": 0.0871540904045105, "test_error": 0.7931}, {"outer_epoch": 152, "inner_epoch": 1, "train_loss": 1.9462606631716093, "grad_norm": 0.05411272123456001, "test_error": 0.79}, {"outer_epoch": 153, "inner_epoch": 1, "train_loss": 1.9151774456103643, "grad_norm": 0.08587215095758438, "test_error": 0.7984}, {"outer_epoch": 154, "inner_epoch": 1, "train_loss": 1.889817116479079, "grad_norm": 0.11638010293245316, "test_error": 0.7889}, {"outer_epoch": 155, "inner_epoch": 1, "train_loss": 1.9636185131072998, "grad_norm": 0.08307280391454697, "test_error": 0.8164}, {"outer_epoch": 156, "inner_epoch": 1, "train_loss": 2.092853625178337, "grad_norm": 0.11364692449569702, "test_error": 0.7899}, {"outer_epoch": 157, "inner_epoch": 1, "train_loss": 1.9425622883836429, "grad_norm": 0.347968190908432, "test_error": 0.8071}, {"outer_epoch": 158, "inner_epoch": 1, "train_loss": 1.9471027512947718, "grad_norm": 0.1353132575750351, "test_error": 0.7963}, {"outer_epoch": 159, "inner_epoch": 1, "train_loss": 1.8833611107667287, "grad_norm": 0.09865906834602356, "test_error": 0.7998}, {"outer_epoch": 160, "inner_epoch": 1, "train_loss": 2.094999240398407, "grad_norm": 0.0036718391347676516, "test_error": 0.8865}, {"outer_epoch": 161, "inner_epoch": 1, "train_loss": 2.3011612351735433, "grad_norm": 0.00016580690862610936, "test_error": 0.8865}, {"outer_epoch": 162, "inner_epoch": 1, "train_loss": 2.3011594023704527, "grad_norm": 0.00016577867791056633, "test_error": 0.8865}, {"outer_epoch": 163, "inner_epoch": 1, "train_loss": 2.3011594316562016, "grad_norm": 0.00016576719644945115, "test_error": 0.8865}, {"outer_epoch": 164, "inner_epoch": 1, "train_loss": 2.301159428358078, "grad_norm": 0.00016580898954998702, "test_error": 0.8865}, {"outer_epoch": 165, "inner_epoch": 1, "train_loss": 2.301159402211507, "grad_norm": 0.00016583167598582804, "test_error": 0.8865}, {"outer_epoch": 166, "inner_epoch": 1, "train_loss": 2.3011593774557113, "grad_norm": 0.0001658210385357961, "test_error": 0.8865}, {"outer_epoch": 167, "inner_epoch": 1, "train_loss": 2.301159379839897, "grad_norm": 0.0001657690154388547, "test_error": 0.8865}, {"outer_epoch": 168, "inner_epoch": 1, "train_loss": 2.3011593949397406, "grad_norm": 0.00016581427189521492, "test_error": 0.8865}, {"outer_epoch": 169, "inner_epoch": 1, "train_loss": 2.301159398317337, "grad_norm": 0.00016579084331169724, "test_error": 0.8865}, {"outer_epoch": 170, "inner_epoch": 1, "train_loss": 2.3011593669255577, "grad_norm": 0.0001657903048908338, "test_error": 0.8865}, {"outer_epoch": 171, "inner_epoch": 1, "train_loss": 2.301159374753634, "grad_norm": 0.00016581574163865298, "test_error": 0.8865}, {"outer_epoch": 172, "inner_epoch": 1, "train_loss": 2.30115932393074, "grad_norm": 0.00016578662325628102, "test_error": 0.8865}, {"outer_epoch": 173, "inner_epoch": 1, "train_loss": 2.3011593973239264, "grad_norm": 0.00016578409122303128, "test_error": 0.8865}, {"outer_epoch": 174, "inner_epoch": 1, "train_loss": 2.301159268736839, "grad_norm": 0.00016580273222643882, "test_error": 0.8865}, {"outer_epoch": 175, "inner_epoch": 1, "train_loss": 2.3011593578656515, "grad_norm": 0.00016577397764194757, "test_error": 0.8865}, {"outer_epoch": 176, "inner_epoch": 1, "train_loss": 2.301159365574519, "grad_norm": 0.00016585229604970664, "test_error": 0.8865}, {"outer_epoch": 177, "inner_epoch": 1, "train_loss": 2.301159382581711, "grad_norm": 0.00016576841881033033, "test_error": 0.8865}, {"outer_epoch": 178, "inner_epoch": 1, "train_loss": 2.3011594070593517, "grad_norm": 0.00016581034287810326, "test_error": 0.8865}, {"outer_epoch": 179, "inner_epoch": 1, "train_loss": 2.301159353256226, "grad_norm": 0.00016580683586653322, "test_error": 0.8865}, {"outer_epoch": 180, "inner_epoch": 1, "train_loss": 2.3011593707005185, "grad_norm": 0.0001657908724155277, "test_error": 0.8865}, {"outer_epoch": 181, "inner_epoch": 1, "train_loss": 2.3011593807935715, "grad_norm": 0.0001658209366723895, "test_error": 0.8865}, {"outer_epoch": 182, "inner_epoch": 1, "train_loss": 2.301159251570702, "grad_norm": 0.00016577605856582522, "test_error": 0.8865}, {"outer_epoch": 183, "inner_epoch": 1, "train_loss": 2.301159272432327, "grad_norm": 0.00016581642557866871, "test_error": 0.8865}, {"outer_epoch": 184, "inner_epoch": 1, "train_loss": 2.301159347375234, "grad_norm": 0.0001657730754232034, "test_error": 0.8865}, {"outer_epoch": 185, "inner_epoch": 1, "train_loss": 2.3011593307256697, "grad_norm": 0.00016585517732892185, "test_error": 0.8865}, {"outer_epoch": 186, "inner_epoch": 1, "train_loss": 2.301159301877022, "grad_norm": 0.0001657636312302202, "test_error": 0.8865}, {"outer_epoch": 187, "inner_epoch": 1, "train_loss": 2.3011593166192372, "grad_norm": 0.00016580530791543424, "test_error": 0.8865}, {"outer_epoch": 188, "inner_epoch": 1, "train_loss": 2.3011592427094776, "grad_norm": 0.0001658142573432997, "test_error": 0.8865}, {"outer_epoch": 189, "inner_epoch": 1, "train_loss": 2.3011592804193497, "grad_norm": 0.00016578174836467952, "test_error": 0.8865}, {"outer_epoch": 190, "inner_epoch": 1, "train_loss": 2.301159300128619, "grad_norm": 0.0001657833345234394, "test_error": 0.8865}, {"outer_epoch": 191, "inner_epoch": 1, "train_loss": 2.3011592704455057, "grad_norm": 0.00016580871306359768, "test_error": 0.8865}, {"outer_epoch": 192, "inner_epoch": 1, "train_loss": 2.301159264564514, "grad_norm": 0.00016576703637838364, "test_error": 0.8865}, {"outer_epoch": 193, "inner_epoch": 1, "train_loss": 2.30115928097566, "grad_norm": 0.00016579707153141499, "test_error": 0.8865}, {"outer_epoch": 194, "inner_epoch": 1, "train_loss": 2.3011592992544174, "grad_norm": 0.00016576384950894862, "test_error": 0.8865}, {"outer_epoch": 195, "inner_epoch": 1, "train_loss": 2.301159339149793, "grad_norm": 0.00016582754324190319, "test_error": 0.8865}, {"outer_epoch": 196, "inner_epoch": 1, "train_loss": 2.3011592518488566, "grad_norm": 0.00016578305803705007, "test_error": 0.8865}, {"outer_epoch": 197, "inner_epoch": 1, "train_loss": 2.3011593054533006, "grad_norm": 0.0001657825632719323, "test_error": 0.8865}, {"outer_epoch": 198, "inner_epoch": 1, "train_loss": 2.301159305771192, "grad_norm": 0.00016576118650846183, "test_error": 0.8865}, {"outer_epoch": 199, "inner_epoch": 1, "train_loss": 2.3011593106190364, "grad_norm": 0.00016583823889959604, "test_error": 0.8865}, {"outer_epoch": 200, "inner_epoch": 1, "train_loss": 2.3011593092282614, "grad_norm": 0.00016577531641814858, "test_error": 0.8865}, {"outer_epoch": 201, "inner_epoch": 1, "train_loss": 2.3011593492031097, "grad_norm": 0.00016586706624366343, "test_error": 0.8865}, {"outer_epoch": 202, "inner_epoch": 1, "train_loss": 2.3011592667102816, "grad_norm": 0.0001657682441873476, "test_error": 0.8865}, {"outer_epoch": 203, "inner_epoch": 1, "train_loss": 2.3011593443155287, "grad_norm": 0.00016582915850449353, "test_error": 0.8865}, {"outer_epoch": 204, "inner_epoch": 1, "train_loss": 2.3011593140761057, "grad_norm": 0.00016576325288042426, "test_error": 0.8865}, {"outer_epoch": 205, "inner_epoch": 1, "train_loss": 2.301159311612447, "grad_norm": 0.00016579912335146219, "test_error": 0.8865}, {"outer_epoch": 206, "inner_epoch": 1, "train_loss": 2.301159268180529, "grad_norm": 0.00016576967027503997, "test_error": 0.8865}, {"outer_epoch": 207, "inner_epoch": 1, "train_loss": 2.3011592946449917, "grad_norm": 0.00016579176008235663, "test_error": 0.8865}, {"outer_epoch": 208, "inner_epoch": 1, "train_loss": 2.3011593290170036, "grad_norm": 0.00016583905380684882, "test_error": 0.8865}, {"outer_epoch": 209, "inner_epoch": 1, "train_loss": 2.301159381111463, "grad_norm": 0.0001657932880334556, "test_error": 0.8865}, {"outer_epoch": 210, "inner_epoch": 1, "train_loss": 2.3011592493454613, "grad_norm": 0.00016578655049670488, "test_error": 0.8865}, {"outer_epoch": 211, "inner_epoch": 1, "train_loss": 2.301159282366435, "grad_norm": 0.0001658115506870672, "test_error": 0.8865}, {"outer_epoch": 212, "inner_epoch": 1, "train_loss": 2.301159237384796, "grad_norm": 0.00016581444651819766, "test_error": 0.8865}, {"outer_epoch": 213, "inner_epoch": 1, "train_loss": 2.301159328897794, "grad_norm": 0.00016576130292378366, "test_error": 0.8865}, {"outer_epoch": 214, "inner_epoch": 1, "train_loss": 2.3011592099666593, "grad_norm": 0.0001658140099607408, "test_error": 0.8865}, {"outer_epoch": 215, "inner_epoch": 1, "train_loss": 2.3011593205928804, "grad_norm": 0.0001657748216530308, "test_error": 0.8865}, {"outer_epoch": 216, "inner_epoch": 1, "train_loss": 2.3011592922210693, "grad_norm": 0.00016582090756855905, "test_error": 0.8865}, {"outer_epoch": 217, "inner_epoch": 1, "train_loss": 2.3011592642466225, "grad_norm": 0.00016578655049670488, "test_error": 0.8865}, {"outer_epoch": 218, "inner_epoch": 1, "train_loss": 2.3011592954794566, "grad_norm": 0.00016579977818764746, "test_error": 0.8865}, {"outer_epoch": 219, "inner_epoch": 1, "train_loss": 2.3011593171755473, "grad_norm": 0.00016579795919824392, "test_error": 0.8865}, {"outer_epoch": 220, "inner_epoch": 1, "train_loss": 2.301159303069115, "grad_norm": 0.00016578401846345514, "test_error": 0.8865}, {"outer_epoch": 221, "inner_epoch": 1, "train_loss": 2.3011592533985774, "grad_norm": 0.00016581194358877838, "test_error": 0.8865}, {"outer_epoch": 222, "inner_epoch": 1, "train_loss": 2.3011593136787414, "grad_norm": 0.00016576882626395673, "test_error": 0.8865}, {"outer_epoch": 223, "inner_epoch": 1, "train_loss": 2.3011592943271, "grad_norm": 0.00016580845112912357, "test_error": 0.8865}, {"outer_epoch": 224, "inner_epoch": 1, "train_loss": 2.3011592952013014, "grad_norm": 0.00016577524365857244, "test_error": 0.8865}, {"outer_epoch": 225, "inner_epoch": 1, "train_loss": 2.301159317334493, "grad_norm": 0.0001658135006437078, "test_error": 0.8865}, {"outer_epoch": 226, "inner_epoch": 1, "train_loss": 2.3011592884461085, "grad_norm": 0.00016580699593760073, "test_error": 0.8865}, {"outer_epoch": 227, "inner_epoch": 1, "train_loss": 2.301159209251404, "grad_norm": 0.00016577160567976534, "test_error": 0.8865}, {"outer_epoch": 228, "inner_epoch": 1, "train_loss": 2.301159173965454, "grad_norm": 0.00016582754324190319, "test_error": 0.8865}, {"outer_epoch": 229, "inner_epoch": 1, "train_loss": 2.301159270366033, "grad_norm": 0.00016581408272031695, "test_error": 0.8865}, {"outer_epoch": 230, "inner_epoch": 1, "train_loss": 2.3011593092282614, "grad_norm": 0.00016582116950303316, "test_error": 0.8865}, {"outer_epoch": 231, "inner_epoch": 1, "train_loss": 2.30115918580691, "grad_norm": 0.000165790508617647, "test_error": 0.8865}, {"outer_epoch": 232, "inner_epoch": 1, "train_loss": 2.3011592689355216, "grad_norm": 0.00016583911201450974, "test_error": 0.8865}, {"outer_epoch": 233, "inner_epoch": 1, "train_loss": 2.301159247159958, "grad_norm": 0.0001657431566854939, "test_error": 0.8865}, {"outer_epoch": 234, "inner_epoch": 1, "train_loss": 2.3011592727899552, "grad_norm": 0.00016575567133259028, "test_error": 0.8865}, {"outer_epoch": 235, "inner_epoch": 1, "train_loss": 2.3011592641671497, "grad_norm": 0.0001658340188441798, "test_error": 0.8865}, {"outer_epoch": 236, "inner_epoch": 1, "train_loss": 2.301159209171931, "grad_norm": 0.0001657465036259964, "test_error": 0.8865}, {"outer_epoch": 237, "inner_epoch": 1, "train_loss": 2.3011592412789663, "grad_norm": 0.00016579973453190178, "test_error": 0.8865}, {"outer_epoch": 238, "inner_epoch": 1, "train_loss": 2.30115927084287, "grad_norm": 0.0001657870743656531, "test_error": 0.8865}, {"outer_epoch": 239, "inner_epoch": 1, "train_loss": 2.3011592836380004, "grad_norm": 0.00016575868357904255, "test_error": 0.8865}, {"outer_epoch": 240, "inner_epoch": 1, "train_loss": 2.301159259359042, "grad_norm": 0.00016581684758421034, "test_error": 0.8865}, {"outer_epoch": 241, "inner_epoch": 1, "train_loss": 2.3011593350172044, "grad_norm": 0.00016580073861405253, "test_error": 0.8865}, {"outer_epoch": 242, "inner_epoch": 1, "train_loss": 2.3011593507925667, "grad_norm": 0.00016580830560997128, "test_error": 0.8865}, {"outer_epoch": 243, "inner_epoch": 1, "train_loss": 2.301159302910169, "grad_norm": 0.0001657658431213349, "test_error": 0.8865}, {"outer_epoch": 244, "inner_epoch": 1, "train_loss": 2.301159298936526, "grad_norm": 0.0001658272958593443, "test_error": 0.8865}, {"outer_epoch": 245, "inner_epoch": 1, "train_loss": 2.3011592719157536, "grad_norm": 0.00016586424317210913, "test_error": 0.8865}, {"outer_epoch": 246, "inner_epoch": 1, "train_loss": 2.3011592989762626, "grad_norm": 0.00016575133486185223, "test_error": 0.8865}, {"outer_epoch": 247, "inner_epoch": 1, "train_loss": 2.301159311771393, "grad_norm": 0.00016574717301409692, "test_error": 0.8865}, {"outer_epoch": 248, "inner_epoch": 1, "train_loss": 2.301159239411354, "grad_norm": 0.0001658293476793915, "test_error": 0.8865}, {"outer_epoch": 249, "inner_epoch": 1, "train_loss": 2.3011593743960064, "grad_norm": 0.00016579894872847944, "test_error": 0.8865}, {"outer_epoch": 250, "inner_epoch": 1, "train_loss": 2.301159291108449, "grad_norm": 0.00016576597408857197, "test_error": 0.8865}]}