{"argv": ["train.py", "--seed", "12", "--optimizer", "SGD", "--run_name", "sgd_0.01.json", "--output_path", "experiments/nonconvex_mnist_deep/warmup-0.01.json", "--dataset", "MNIST", "--layer_sizes", "784", "600", "300", "10", "--batch_size", "10", "--learning_rate", "0.01", "--weight_decay", "0.001", "--num_epochs", "10", "--device", "cuda"], "args": {"seed": 12, "optimizer": "SGD", "run_name": "sgd_0.01.json", "output_path": "experiments/nonconvex_mnist_deep/warmup-0.01.json", "device": "cuda", "dataset": "MNIST", "dataset_root": "~/datasets/pytorch", "dataset_size": null, "download": false, "layer_sizes": [784, 600, 300, 10], "batch_size": 10, "test_batch_size": 256, "learning_rate": 0.01, "weight_decay": 0.001, "warmup_learning_rate": 0.01, "num_warmup_epochs": 10, "num_outer_epochs": 100, "num_inner_epochs": 5, "inner_epoch_fraction": null, "choose_random_iterate": false, "num_epochs": 10}, "metrics": [{"epoch": 1, "train_loss": 0.571536503718545, "grad_norm": 0.4878016710281372, "test_error": 0.0763}, {"epoch": 2, "train_loss": 0.23396723081582846, "grad_norm": 0.38588929176330566, "test_error": 0.0557}, {"epoch": 3, "train_loss": 0.17026348411284076, "grad_norm": 0.28365689516067505, "test_error": 0.045}, {"epoch": 4, "train_loss": 0.13419210170345225, "grad_norm": 0.2706556022167206, "test_error": 0.0387}, {"epoch": 5, "train_loss": 0.11112777735632456, "grad_norm": 0.1801883429288864, "test_error": 0.0312}, {"epoch": 6, "train_loss": 0.09556892887297241, "grad_norm": 0.20419341325759888, "test_error": 0.0294}, {"epoch": 7, "train_loss": 0.08367450788556986, "grad_norm": 0.16663391888141632, "test_error": 0.0273}, {"epoch": 8, "train_loss": 0.07477453368386099, "grad_norm": 0.18560513854026794, "test_error": 0.0241}, {"epoch": 9, "train_loss": 0.06797898050301591, "grad_norm": 0.10629048198461533, "test_error": 0.0223}, {"epoch": 10, "train_loss": 0.06247672511029911, "grad_norm": 0.3039754033088684, "test_error": 0.0258}]}