{"argv": ["train.py", "--seed", "12", "--optimizer", "SGD", "--run_name", "sgd_0.001.json", "--output_path", "experiments/nonconvex_mnist_deep/warmup-0.001.json", "--dataset", "MNIST", "--layer_sizes", "784", "600", "300", "10", "--batch_size", "10", "--learning_rate", "0.001", "--weight_decay", "0.001", "--num_epochs", "10", "--device", "cuda"], "args": {"seed": 12, "optimizer": "SGD", "run_name": "sgd_0.001.json", "output_path": "experiments/nonconvex_mnist_deep/warmup-0.001.json", "device": "cuda", "dataset": "MNIST", "dataset_root": "~/datasets/pytorch", "dataset_size": null, "download": false, "layer_sizes": [784, 600, 300, 10], "batch_size": 10, "test_batch_size": 256, "learning_rate": 0.001, "weight_decay": 0.001, "warmup_learning_rate": 0.01, "num_warmup_epochs": 10, "num_outer_epochs": 100, "num_inner_epochs": 5, "inner_epoch_fraction": null, "choose_random_iterate": false, "num_epochs": 10}, "metrics": [{"epoch": 1, "train_loss": 1.979754624605179, "grad_norm": 0.5615510940551758, "test_error": 0.2458}, {"epoch": 2, "train_loss": 0.8029876131042838, "grad_norm": 0.3178423047065735, "test_error": 0.1453}, {"epoch": 3, "train_loss": 0.48509800189981855, "grad_norm": 0.18514521420001984, "test_error": 0.1124}, {"epoch": 4, "train_loss": 0.3993109436330075, "grad_norm": 0.19941699504852295, "test_error": 0.0996}, {"epoch": 5, "train_loss": 0.35855500839619586, "grad_norm": 0.20716823637485504, "test_error": 0.0934}, {"epoch": 6, "train_loss": 0.33294253346789626, "grad_norm": 0.1575378030538559, "test_error": 0.0878}, {"epoch": 7, "train_loss": 0.3136884916688626, "grad_norm": 0.15317869186401367, "test_error": 0.0826}, {"epoch": 8, "train_loss": 0.298271270213183, "grad_norm": 0.14300991594791412, "test_error": 0.0793}, {"epoch": 9, "train_loss": 0.28493560480194474, "grad_norm": 0.09607811272144318, "test_error": 0.0771}, {"epoch": 10, "train_loss": 0.2726505564716645, "grad_norm": 0.18146365880966187, "test_error": 0.0727}]}