{"argv": ["train.py", "--seed", "12", "--optimizer", "SGD", "--run_name", "sgd_0.25.json", "--output_path", "experiments/nonconvex_mnist_deep/warmup-0.25.json", "--dataset", "MNIST", "--layer_sizes", "784", "600", "300", "10", "--batch_size", "10", "--learning_rate", "0.25", "--weight_decay", "0.001", "--num_epochs", "10", "--device", "cuda"], "args": {"seed": 12, "optimizer": "SGD", "run_name": "sgd_0.25.json", "output_path": "experiments/nonconvex_mnist_deep/warmup-0.25.json", "device": "cuda", "dataset": "MNIST", "dataset_root": "~/datasets/pytorch", "dataset_size": null, "download": false, "layer_sizes": [784, 600, 300, 10], "batch_size": 10, "test_batch_size": 256, "learning_rate": 0.25, "weight_decay": 0.001, "warmup_learning_rate": 0.01, "num_warmup_epochs": 10, "num_outer_epochs": 100, "num_inner_epochs": 5, "inner_epoch_fraction": null, "choose_random_iterate": false, "num_epochs": 10}, "metrics": [{"epoch": 1, "train_loss": 0.27942866169753205, "grad_norm": 0.21872951090335846, "test_error": 0.0522}, {"epoch": 2, "train_loss": 0.18397128683122962, "grad_norm": 0.1663563847541809, "test_error": 0.0402}, {"epoch": 3, "train_loss": 0.1741376357802971, "grad_norm": 0.4783015549182892, "test_error": 0.0649}, {"epoch": 4, "train_loss": 0.17045047267292587, "grad_norm": 0.3634262681007385, "test_error": 0.0551}, {"epoch": 5, "train_loss": 0.17301956930724555, "grad_norm": 0.24913261830806732, "test_error": 0.0449}, {"epoch": 6, "train_loss": 0.16993864853787574, "grad_norm": 0.19653865694999695, "test_error": 0.0398}, {"epoch": 7, "train_loss": 0.167665890546307, "grad_norm": 0.2627999186515808, "test_error": 0.0488}, {"epoch": 8, "train_loss": 0.17096984548446198, "grad_norm": 0.6413562893867493, "test_error": 0.0664}, {"epoch": 9, "train_loss": 0.17135897179733, "grad_norm": 0.6134708523750305, "test_error": 0.0682}, {"epoch": 10, "train_loss": 0.16987172316229165, "grad_norm": 0.41983678936958313, "test_error": 0.0553}]}