{"argv": ["train.py", "--seed", "12", "--optimizer", "SGD", "--run_name", "sgd_0.1.json", "--output_path", "experiments/nonconvex_mnist_deep/warmup-0.1.json", "--dataset", "MNIST", "--layer_sizes", "784", "600", "300", "10", "--batch_size", "10", "--learning_rate", "0.1", "--weight_decay", "0.001", "--num_epochs", "10", "--device", "cuda"], "args": {"seed": 12, "optimizer": "SGD", "run_name": "sgd_0.1.json", "output_path": "experiments/nonconvex_mnist_deep/warmup-0.1.json", "device": "cuda", "dataset": "MNIST", "dataset_root": "~/datasets/pytorch", "dataset_size": null, "download": false, "layer_sizes": [784, 600, 300, 10], "batch_size": 10, "test_batch_size": 256, "learning_rate": 0.1, "weight_decay": 0.001, "warmup_learning_rate": 0.01, "num_warmup_epochs": 10, "num_outer_epochs": 100, "num_inner_epochs": 5, "inner_epoch_fraction": null, "choose_random_iterate": false, "num_epochs": 10}, "metrics": [{"epoch": 1, "train_loss": 0.24529438397746708, "grad_norm": 0.3775705099105835, "test_error": 0.047}, {"epoch": 2, "train_loss": 0.11350772227315853, "grad_norm": 0.2056940495967865, "test_error": 0.0292}, {"epoch": 3, "train_loss": 0.0988954246531066, "grad_norm": 0.19866879284381866, "test_error": 0.0297}, {"epoch": 4, "train_loss": 0.09041080081225664, "grad_norm": 0.1389821469783783, "test_error": 0.0261}, {"epoch": 5, "train_loss": 0.08777413477282486, "grad_norm": 0.17156384885311127, "test_error": 0.0282}, {"epoch": 6, "train_loss": 0.08543617111934873, "grad_norm": 0.10847146809101105, "test_error": 0.026}, {"epoch": 7, "train_loss": 0.0826413353208142, "grad_norm": 0.1753803789615631, "test_error": 0.0292}, {"epoch": 8, "train_loss": 0.08198442475479532, "grad_norm": 0.12155033648014069, "test_error": 0.0256}, {"epoch": 9, "train_loss": 0.08183333680183569, "grad_norm": 0.2585963010787964, "test_error": 0.0263}, {"epoch": 10, "train_loss": 0.08141864386115534, "grad_norm": 0.2183799147605896, "test_error": 0.0255}]}