{"argv": ["train.py", "--seed", "12", "--optimizer", "SGD", "--run_name", "sgd_0.5.json", "--output_path", "experiments/nonconvex_mnist_deep/warmup-0.5.json", "--dataset", "MNIST", "--layer_sizes", "784", "600", "300", "10", "--batch_size", "10", "--learning_rate", "0.5", "--weight_decay", "0.001", "--num_epochs", "10", "--device", "cuda"], "args": {"seed": 12, "optimizer": "SGD", "run_name": "sgd_0.5.json", "output_path": "experiments/nonconvex_mnist_deep/warmup-0.5.json", "device": "cuda", "dataset": "MNIST", "dataset_root": "~/datasets/pytorch", "dataset_size": null, "download": false, "layer_sizes": [784, 600, 300, 10], "batch_size": 10, "test_batch_size": 256, "learning_rate": 0.5, "weight_decay": 0.001, "warmup_learning_rate": 0.01, "num_warmup_epochs": 10, "num_outer_epochs": 100, "num_inner_epochs": 5, "inner_epoch_fraction": null, "choose_random_iterate": false, "num_epochs": 10}, "metrics": [{"epoch": 1, "train_loss": 0.5479917625344436, "grad_norm": 1.1046452522277832, "test_error": 0.2393}, {"epoch": 2, "train_loss": 0.43907293731488123, "grad_norm": 0.19466036558151245, "test_error": 0.0756}, {"epoch": 3, "train_loss": 0.43863163725603954, "grad_norm": 2.1277501583099365, "test_error": 0.1992}, {"epoch": 4, "train_loss": 0.4394921513760455, "grad_norm": 0.29064127802848816, "test_error": 0.1058}, {"epoch": 5, "train_loss": 0.44488320023814354, "grad_norm": 1.8690929412841797, "test_error": 0.2194}, {"epoch": 6, "train_loss": 0.4431104971598834, "grad_norm": 0.6682054996490479, "test_error": 0.1389}, {"epoch": 7, "train_loss": 0.4666337401611357, "grad_norm": 0.37047839164733887, "test_error": 0.1062}, {"epoch": 8, "train_loss": 0.47287131614859873, "grad_norm": 0.19726437330245972, "test_error": 0.0833}, {"epoch": 9, "train_loss": 0.47899241793430214, "grad_norm": 1.10015869140625, "test_error": 0.1591}, {"epoch": 10, "train_loss": 0.5077755311439832, "grad_norm": 0.4062258005142212, "test_error": 0.1113}]}