{"argv": ["train.py", "--seed", "12", "--optimizer", "SGD", "--run_name", "sgd_0.03.json", "--output_path", "experiments/nonconvex_mnist_deep/warmup-0.03.json", "--dataset", "MNIST", "--layer_sizes", "784", "600", "300", "10", "--batch_size", "10", "--learning_rate", "0.03", "--weight_decay", "0.001", "--num_epochs", "10", "--device", "cuda"], "args": {"seed": 12, "optimizer": "SGD", "run_name": "sgd_0.03.json", "output_path": "experiments/nonconvex_mnist_deep/warmup-0.03.json", "device": "cuda", "dataset": "MNIST", "dataset_root": "~/datasets/pytorch", "dataset_size": null, "download": false, "layer_sizes": [784, 600, 300, 10], "batch_size": 10, "test_batch_size": 256, "learning_rate": 0.03, "weight_decay": 0.001, "warmup_learning_rate": 0.01, "num_warmup_epochs": 10, "num_outer_epochs": 100, "num_inner_epochs": 5, "inner_epoch_fraction": null, "choose_random_iterate": false, "num_epochs": 10}, "metrics": [{"epoch": 1, "train_loss": 0.34933313525281845, "grad_norm": 0.3432244658470154, "test_error": 0.0466}, {"epoch": 2, "train_loss": 0.1321047033231977, "grad_norm": 0.258813738822937, "test_error": 0.0332}, {"epoch": 3, "train_loss": 0.09469141794395303, "grad_norm": 0.21175572276115417, "test_error": 0.0277}, {"epoch": 4, "train_loss": 0.0777445229772323, "grad_norm": 0.1365376114845276, "test_error": 0.0242}, {"epoch": 5, "train_loss": 0.06685238561601728, "grad_norm": 0.12373974174261093, "test_error": 0.0226}, {"epoch": 6, "train_loss": 0.06082784320200153, "grad_norm": 0.19236202538013458, "test_error": 0.0245}, {"epoch": 7, "train_loss": 0.05603111801612734, "grad_norm": 0.14616869390010834, "test_error": 0.0224}, {"epoch": 8, "train_loss": 0.05238489796930905, "grad_norm": 0.1438467651605606, "test_error": 0.0215}, {"epoch": 9, "train_loss": 0.05093708770238057, "grad_norm": 0.09659966826438904, "test_error": 0.019}, {"epoch": 10, "train_loss": 0.04814839639693431, "grad_norm": 0.3992414176464081, "test_error": 0.0247}]}